ticker,company_name,status,sector,industry,last_date,last_close,pe_ratio,data_points,rising_7day,declining_7day,pct_1d,pct_3d,pct_5d,pct_21d,pct_63d,pct_252d,avg_1y,avg_2y,avg_5y,avg_max,cum_return_from_start_pct,ann_vol_pct,rsi,pct_from_52w_high,pct_from_52w_low,avg_volume_20d,volume_vs_avg,high_52w,low_52w
AA,Alcoa,ok,Materials,Aluminum,2026-10-09,42.119998931884766,8.754678,754,False,False,-1.6577232519638163,-2.4322429501882015,0.4052399662779038,-12.795031889842912,-13.379029081458826,14.551029470045451,54.000352556743316,43.60088362826769,39.6310426600732,39.6310426600732,59.89697608548226,52.56908226625605,31.8965559765484,-49.63391952250706,21.223906926782394,3999371.9,-30.98071224634048,83.6277084350586,34.74562072753906
AAL,American Airlines Group,ok,Industrials,Passenger Airlines,2026-10-09,12.680500030517578,9.014808,754,False,False,-0.9335949877858907,-2.4576920729417084,-2.0054061690938263,-1.3190688398466932,-22.25321615125567,7.370868585702661,13.71333534755404,13.413307776964043,13.154337523786712,13.154337523786712,3.5988583957234255,48.232310102637335,32.41746061069911,-30.13498458935834,24.56286493498902,70203786.75,-17.659377540628174,18.149999618530273,10.180000305175781
AAON,AAON,ok,Industrials,Building Products,2026-10-09,86.81999969482422,45.694736,754,False,False,1.0122196363845593,-1.419325541423233,4.26324389920989,13.460537772633474,-22.514055798301936,-14.890953686401486,96.88163757324219,97.43259876752755,91.13919442275474,91.13919442275474,52.33009198634211,53.466420849720876,68.40988877260578,-41.32071702587883,18.521695929943114,1120279.5,-76.04258580113267,147.95681762695312,73.25241088867188
ACI,Albertsons,ok,Consumer Staples,Food Retail,2026-10-09,12.28499984741211,72.29411,754,False,False,-0.44570749186131353,7.01219805988742,4.553190190741363,5.000000407553129,-15.68417319016171,-26.176950359162078,15.462760777700515,17.293409478616905,17.92310464160828,17.92310464160828,-41.388138266917885,28.77220912826351,53.53318681749547,-35.11499651693605,11.378061149806157,7877643.85,-60.819795121862484,18.933496475219727,11.029999732971191
ACM,AECOM,ok,Industrials,Construction & Engineering,2026-10-09,59.040000915527344,20.788733,754,False,False,-0.7063541463373291,-1.8617003569240231,-1.0392204717909692,-6.121797601344536,-14.036108542244662,-54.98631351992023,86.55650060139006,97.1332929998755,94.16331992920894,94.16331992920894,-26.313377377452106,28.736505096650184,35.70904035562731,-55.559249464137594,1.3040531093841556,1572962.45,-73.40375162801884,132.85104370117188,58.279998779296875
ADC,Agree Realty,ok,Real Estate,Retail REITs,2026-10-09,66.0250015258789,35.49731,754,False,False,0.3114582680115108,0.35719806517908737,0.22010364071989308,-7.278466026253794,-15.089532460238697,-2.2873534809195073,72.98564075288319,71.07669014189823,65.97285671891838,65.97285671891838,36.76653482347354,17.693358451295442,39.9270680355008,-17.70635034972782,1.5300673001070437,1695641.2,-75.35893796399851,80.2309799194336,65.02999877929688
AEIS,Advanced Energy,ok,Information Technology,Semiconductor Materials & Equipment,2026-10-09,287.2799987792969,53.199997,754,False,False,1.069521759557901,-5.116091685584967,-5.586959401932489,4.946302706202688,-3.7315611698790385,64.47686910774759,286.038936191135,205.05702434403014,170.31133847021613,170.31133847021613,191.39079838016326,50.36820017526315,64.4319156275474,-26.10992015458721,69.61616234417053,515674.15,-73.0482902817603,388.7937316894531,169.3706512451172
AFG,American Financial Group,ok,Financials,Multi-line Insurance,2026-10-09,141.64500427246094,12.3815565,754,False,False,-0.2359427138742709,1.1244355435753972,1.8296175825120997,-0.0035225021097318177,-0.5694935151668079,1.2822016536449432,133.413637252081,127.94036160047311,121.44597668230375,121.44597668230375,50.33980465382486,20.727978558132627,51.59510662490295,-3.465543244832077,15.558691226146099,445887.35,-79.06489161444028,146.72999572753906,122.57408142089844
AGCO,AGCO,ok,Industrials,Agricultural & Farm Machinery,2026-10-09,103.30000305175781,14.285616,754,False,False,-4.4668402148761555,-11.09389716739938,-9.868246661166346,-15.279256300163524,-9.175528596577799,-4.325611822700203,113.83285280257937,106.37961315443792,105.72466266945756,105.72466266945756,-9.425163099739608,35.173120179240854,24.49293483854828,-26.060118546381517,4.926364909960743,980536.4,-22.804701589864486,139.70809936523438,98.44999694824219
AGNC,AGNC Investment,ok,Financials,Mortgage REITs,2026-10-09,8.640000343322754,4.413265,754,False,False,-0.4608290374042534,-0.6896490489400442,-1.7064803092291747,-14.120453599463922,-18.5909161856466,-2.5781521941456553,9.870300107532078,8.8138938149608,8.102251290642615,8.102251290642615,47.609549581930025,22.706606921054682,19.616555753373262,-21.724778746305237,2.1276631721529804,44815983.55,-49.91347010167313,11.037976264953613,8.460000038146973
AHR,American Healthcare REIT,ok,Real Estate,Health Care REITs,2026-10-09,51.029998779296875,76.149254,671,False,False,1.1697069164380958,1.0695129389555635,0.5517217326046708,-5.1495741085691105,-5.655670202120255,29.59801311325103,49.62109591468932,40.63661266798042,34.267507014438046,34.267507014438046,324.2594148834657,26.54157686280012,41.63603228978137,-11.164001772043745,28.447173956460954,3490511.0,-74.89708526917693,57.442928314208984,39.7283935546875
AIT,Applied Industrial Technologies,ok,Industrials,Trading Companies & Distributors,2026-10-09,337.1300048828125,30.788128,754,False,False,1.5084938694694516,-2.278322726471771,-1.8401534720019375,5.822719283196109,2.5084185863084807,32.998625838805374,294.12240636916385,269.62567862096535,240.74785614013672,240.74785614013672,117.70421478529963,29.164400077700876,64.6226198816192,-6.857302524422071,40.78748691158194,275171.8,-81.05329107125077,361.95001220703125,239.460205078125
ALGM,Allegro MicroSystems,ok,Information Technology,Semiconductors,2026-10-09,35.53499984741211,592.6667,754,False,False,-2.026469812724341,-8.320429860105127,-10.106246028970467,0.7513450133514343,-30.124864482794035,25.654168969637215,37.85505952532329,31.983426284030138,30.495192312751588,30.495192312751588,16.814594866172406,58.89455799991066,50.16501590807311,-48.95863480965363,55.85526770391858,2738192.3,-56.40021338165329,69.62000274658203,22.799999237060547
ALK,Alaska Air Group,ok,Industrials,Passenger Airlines,2026-10-09,39.040000915527344,11.837863,754,False,False,-1.2145737264080192,-2.1308560720150638,-1.2395595216313504,-2.6676631227676273,-16.581193265037754,-20.553517703642264,45.17075396340991,50.381992051325945,46.42107425001635,46.42107425001635,13.323657622457041,47.03740002394481,33.89637414319566,-35.16026987352134,14.185441601713233,3100531.5,-20.5384625184424,60.209999084472656,34.189998626708984
ALLY,Ally Financial,ok,Financials,Consumer Finance,2026-10-09,37.599998474121094,8.848235,754,False,False,-0.6079919265158051,-0.05316442937673971,-0.8177298194111615,-10.837087724110084,-16.087699917795582,-1.0047850397979952,41.63694374145023,38.60703343699178,36.90209629807612,36.90209629807612,62.70589324774638,33.59640485262977,22.802882855454925,-19.870412123007515,6.003482109316379,4008274.15,-54.78395608244511,46.923988342285156,35.47053146362305
ALSN,Allison Transmission,ok,Industrials,Construction Machinery & Heavy Transportation Equipment,2026-10-09,110.5999984741211,17.575518,754,False,False,1.3655923888136856,-3.616559063946756,-6.247353285004998,-13.282109392978603,-4.424071909126226,34.811380666570635,110.8985303545755,104.59582043833942,93.19273342061739,93.19273342061739,91.3708763082063,30.909374213011944,32.350423936734714,-18.29086757795265,41.00178774296964,848230.05,-47.97390165557091,135.35818481445312,78.438720703125
ALV,Autoliv,ok,Consumer Discretionary,Automotive Parts & Equipment,2026-10-09,110.2300033569336,12.998822,754,False,False,-0.7205218690072179,-2.4944711355143756,-1.4483640047275648,-9.02863330637198,-8.913889539816166,-8.375765679970993,117.1278250255282,108.3477128169451,105.8193554258473,105.8193554258473,25.442924862571694,28.833803898852,33.318552933407304,-15.699185889434814,11.478919023687464,759928.45,-66.80358525858585,130.7579345703125,98.87968444824219
AM,Antero Midstream,ok,Energy,Oil & Gas Storage & Transportation,2026-10-09,21.094999313354492,25.40976,754,False,False,-0.44833043090506397,-0.21286697063945814,3.6100131678249436,-5.276161294372839,-5.095706571298897,14.060632374462045,20.288886713603187,18.1149536129013,16.08777503815507,16.08777503815507,105.6123806303162,22.17905815278855,50.84224257637725,-8.7407611186318,27.1056896516454,2655174.7,-58.98220934388988,23.115467071533203,16.596424102783203
AMG,Affiliated Managers Group,ok,Financials,Asset Management & Custody Banks,2026-10-09,390.385009765625,13.707078,754,False,False,0.8772887198436052,2.808650719118444,5.10325430461116,10.113392691671397,8.509526546549683,61.250886164538684,311.78131721133275,251.37057306662024,219.42531787052712,219.42531787052712,200.7342897860982,28.89224396313016,70.14011834296906,0.0,69.18137228678027,302751.4,-43.475736198082,390.385009765625,230.74940490722656
AMH,American Homes 4 Rent,ok,Real Estate,Single-Family Residential REITs,2026-10-09,30.885000228881836,24.511906,754,False,False,1.295508234597742,1.3619984406939345,2.065432899116315,-1.1070180788360862,-7.660875738835138,-1.2534562526729354,30.99619026032705,32.49342612156355,32.728256339419744,32.728256339419744,-0.4184634344935101,20.405967694861037,44.93581957649845,-10.340062068467562,15.131890951508709,3437006.45,-68.07602732313755,34.44682312011719,26.825756072998047
AMKR,Amkor Technology,ok,Information Technology,Semiconductors,2026-10-09,48.98500061035156,21.949507,754,False,False,-3.9509791953890927,-8.250606536157667,-12.558014619646695,-1.100339556586294,-25.711249629890432,61.14486163241393,52.89480919308133,37.90027998548105,35.30676107760766,35.30676107760766,126.42668949073617,60.9511977259117,41.58572412040141,-47.54126515144459,74.54508581354712,3687029.95,-25.105056442516837,93.37815856933594,28.064382553100586
AN,AutoNation,ok,Consumer Discretionary,Automotive Retail,2026-10-09,157.5,7.295044,754,False,False,0.2737586144588855,-0.40470430765053855,-3.053063221031993,-23.993823437800298,-18.575192077893266,-27.17436681529881,199.25011910332574,192.64575699886004,180.3305836786326,180.3305836786326,14.562121686515784,31.643718623952317,35.96010339449154,-31.51578270894798,0.8258070742521109,680556.25,-68.19880796040005,229.97999572753906,156.2100067138672
ANF,Abercrombie & Fitch,ok,Consumer Discretionary,Apparel Retail,2026-10-09,142.39999389648438,12.297064,754,False,False,0.7000850072393261,0.714332351082736,4.775211580826677,-0.37081005139285583,55.47548814299248,86.9993316390033,98.17369043259393,101.3487450497084,108.40789126085033,108.40789126085033,150.3516020085105,61.893000003918786,61.88870726716342,-6.365076155985197,117.0400740310576,1167613.15,-45.45599285174203,152.0800018310547,65.61000061035156
APG,APi Group,ok,Industrials,Construction & Engineering,2026-10-09,40.42499923706055,20.29486,754,False,False,1.1130557776872996,-2.355077905513825,-0.13587032064660276,8.146062284472922,-2.355077905513825,14.32409089163369,40.899861214652894,34.703276919178755,30.744162266071026,30.744162266071026,130.2981353258426,29.93090911834686,73.43870528441923,-18.168020266389416,20.169441053854364,3159209.3,-65.55828067485115,49.400001525878906,33.63999938964844
APPF,AppFolio,ok,Information Technology,Application Software,2026-10-09,200.97000122070312,45.779045,754,False,False,1.7827319963867216,-1.150949961138159,-0.9853672897332522,-2.327951698100228,11.712066725440007,-14.353289389233549,195.6300399416969,217.05671327142602,217.50686364211833,217.50686364211833,2.971769793601764,44.55368371124597,39.86285565210355,-23.36994061721235,40.20511117285311,318193.3,-26.43905449926193,262.260009765625,143.33999633789062
AR,Antero Resources,ok,Energy,Oil & Gas Exploration & Production,2026-10-09,35.91999816894531,10.321838,754,False,False,-0.38825069055432593,0.5599018516445842,5.3990499971568795,-8.297166586483684,4.784129078321042,5.183006043865324,35.830793645646835,35.40958168592111,32.858435018625435,32.858435018625435,31.19064744317399,40.13110193255761,62.34254784940709,-20.4429746290112,19.61371078129584,4383140.45,-59.55618990032592,45.150001525878906,30.030000686645508
ARMK,Aramark,ok,Consumer Discretionary,Distributors,2026-10-09,55.349998474121094,38.69231,754,False,False,-0.34210017694316086,-0.18034677627127849,-0.36003738197357693,-2.4841435678429113,-4.625969184219292,44.76823535081253,46.426951135907856,42.12451525228432,38.316596843203435,38.316596843203435,128.8111845324537,26.694825667225754,42.57556321835624,-11.107545529777996,55.21208914660933,2122215.15,-72.40133734791215,62.26625061035156,35.66088104248047
ARW,Arrow Electronics,ok,Information Technology,Technology Distributors,2026-10-09,228.65499877929688,14.6198845,754,False,False,0.8401317659523233,-4.885605414052074,-5.518365369477262,7.12846521919781,13.318961325495572,89.78668028576034,168.69045681423611,143.70648442606526,136.79020576578236,136.79020576578236,90.68884312906587,31.616421495561266,59.18131796593947,-5.518365369477263,124.45763484282301,527898.15,-67.21659282192975,242.00999450683594,101.87000274658203
ARWR,Arrowhead Pharmaceuticals,ok,Health Care,Biotechnology,2026-10-09,62.599998474121094,,754,False,False,3.06222710611761,1.7224529457657178,-2.477027429211487,-24.35959780296305,-15.53097023537573,69.4639978379939,67.37928575182718,43.405527895665266,37.81226792955272,37.81226792955272,150.70084179233945,66.22493257666852,32.44468688103119,-30.1261289954474,76.78621503494902,2348497.6,-60.28729175622747,89.58999633789062,35.40999984741211
ASB,Associated Bank,ok,Financials,Regional Banks,2026-10-09,28.709999084472656,10.001742,754,False,False,-0.17385655080408569,-0.6574413029950099,-1.0000031569908363,-5.3724491098138705,-5.957488681485623,13.899796411685017,27.397133259546187,25.225033475108354,23.045257400138308,23.045257400138308,95.69308510427379,30.587477562154596,40.6339973681925,-10.495267620333594,23.30089365105955,2143711.1,-72.33199940047892,32.076515197753906,23.284502029418945
ASH,Ashland Global,ok,Materials,Diversified Chemicals,2026-10-09,70.80000305175781,45.38462,754,False,False,0.15560985507496738,-0.23953524872664111,1.8412060852984302,0.14145135478411675,8.021612475422767,49.75382733758733,59.99665058983697,59.174589081114505,67.30814811342275,67.30814811342275,-0.7455821405113583,34.918943853871944,60.58395380048895,-6.856968269393486,53.18955971961711,663739.5,-73.83160110254099,76.01213073730469,46.21725082397461
ATI,ATI Inc.,ok,Industrials,Aerospace & Defense,2026-10-09,193.9467010498047,56.637825,754,False,False,3.0918492616929694,-0.3817871396993078,0.7934221470675462,-2.539346206128301,5.54922506111819,131.08149689574637,154.19189156426324,110.70804119490057,91.03600354789107,91.03600354789107,385.23066081205616,42.79947820522672,56.14518496810665,-16.322934648695643,142.31221743049736,1514896.4,-70.1809311844691,231.77999877929688,80.04000091552734
ATR,AptarGroup,ok,Materials,"Metal, Glass & Plastic Containers",2026-10-09,121.30000305175781,21.895308,754,False,False,-0.41868033581612396,0.8731834110252024,1.159202190974229,-1.4221860679385023,-2.5310963085609095,-6.438295543485295,125.08773561507937,137.3305154625638,136.56397441590812,136.56397441590812,-0.656934995258418,21.851866345936532,41.83513953332467,-16.133940651926796,8.744781215803588,475367.25,-51.249270958401105,144.63539123535156,111.54558563232422
AVAV,AeroVironment,ok,Industrials,Aerospace & Defense,2026-10-09,136.5449981689453,30.681843,754,False,False,-0.7667208486725197,-4.8732029011898215,-3.0357967141919073,-7.156461978050254,-3.705927200082215,-66.49284805360298,222.55831364222936,210.9877591228105,192.73373347315294,192.73373347315294,25.351140903703296,61.59294790979738,18.835575649821408,-66.68252625656316,0.0,1552630.2,-40.50714716227986,409.8299865722656,136.5449981689453
AVNT,Avient,ok,Materials,Specialty Chemicals,2026-10-09,38.29999923706055,20.699999,754,False,False,-6.539776317990487,-7.688605235853374,-6.97109317349841,-7.588371289471696,8.389464362459709,23.059717353207,35.86061567730374,36.708930471503876,37.280612829193196,37.280612829193196,25.916063357127108,35.55942593276838,35.61828839101864,-16.801613897617436,43.748792413014186,751976.15,155.05104117996297,46.0345458984375,26.643701553344727
AVT,Avnet,ok,Information Technology,Technology Distributors,2026-10-09,99.63999938964844,24.84788,754,False,False,0.0803553967622328,-6.326974883104297,-6.826260412475282,7.174355255854281,17.487384738117218,96.58188718108349,71.28115514724973,60.836446556912,56.162186478430144,56.162186478430144,122.50453803992963,31.4781471863228,57.39685876431562,-6.826260412475279,129.23479453975943,1393427.5,-54.59038952510984,106.94000244140625,43.46635055541992
AVTR,Avantor,ok,Health Care,Life Sciences Tools & Services,2026-10-09,15.664999961853027,17.868305,754,False,False,1.7868720753446032,1.5230048738133828,2.118642803339932,5.275536568378603,48.34279677444962,13.9272724498402,11.132123035097878,13.916165353767425,17.060762601442615,17.060762601442615,-24.61501711152344,44.05309030571049,59.59252047484875,-1.229506299151284,111.40351261038039,8926863.05,-69.95516806993022,15.859999656677246,7.409999847412109
AXTA,Axalta,ok,Materials,Specialty Chemicals,2026-10-09,32.89500045776367,20.17178,754,False,False,0.25906455627839886,-1.5119791767792323,2.1583840942765775,-3.3068782623818738,2.5725000648272545,20.274223030910132,31.559384936378116,32.47690235761058,32.70742037947677,32.70742037947677,22.0593674453603,29.634805288971457,58.77861829759147,-13.864881799817985,29.30424436794224,2181015.3,-58.99588599859891,38.189998626708984,25.440000534057617
AYI,Acuity Brands,ok,Industrials,Electrical Components & Equipment,2026-10-09,299.9849853515625,17.594429,754,False,False,-0.1481234680516752,-0.988522518371937,-2.842021031390529,-5.14308763586957,-7.744824112406334,-16.620165504158813,322.41321830144005,310.5309950687971,284.6987145623731,284.6987145623731,67.17678455659812,33.39515289547477,45.28026387616612,-20.309716792837374,16.518618676035025,437764.4,-70.74042567189109,376.4385986328125,257.4566955566406
BAH,Booz Allen Hamilton,ok,Industrials,Research & Consulting Services,2026-10-09,73.52999877929688,11.556603,754,False,False,0.9057170410849302,7.910184088535921,9.175947208893277,-2.8409110956780337,14.3326308836488,-26.445775330513143,78.45907235524011,97.97883539085844,110.55985769985209,110.55985769985209,-36.29091309079426,36.0093352395094,40.00000792664053,-26.425813598987673,24.078959632886733,1749970.05,-64.0336130324059,99.93994140625,59.260650634765625
BBWI,"Bath & Body Works, Inc.",ok,Consumer Discretionary,Other Specialty Retail,2026-10-09,17.399999618530273,4.577632,754,False,False,-1.750420564471833,-2.9559435450344895,8.343712311009476,-0.2865394969802648,-13.912772358130965,-30.17218422806892,19.841602351930405,24.928622608640755,28.730838053422517,28.730838053422517,-38.72175231422068,52.012546154421216,55.15789025642385,-32.88268470114637,20.71185052422511,7064934.7,-43.98965923917174,25.924755096435547,14.414491653442383
BC,Brunswick,ok,Consumer Discretionary,Leisure Products,2026-10-09,61.994998931884766,11.440245,754,False,False,-0.5693657593009771,-4.593727717513751,-5.249887448066071,-11.283627119987516,-18.997978590081033,-0.31006924540391,75.3068584865994,68.09211155712842,71.05669667676526,71.05669667676526,-10.99087585683981,38.626221858738134,29.904645895149145,-29.390547686269404,7.919650956833315,781281.95,-65.5516168010793,87.79985809326172,57.44551467895508
BCO,Brink's,ok,Industrials,Security & Alarm Services,2026-10-09,103.83499908447266,24.091648,754,False,False,1.4409910759339395,0.32367061301705746,1.999013724665799,-4.991309164020397,-3.1349025734280223,-8.690903340652223,111.52495974586124,103.06067318555368,98.4126604166208,98.4126604166208,46.27697123397976,30.183241744677066,40.9000741560698,-23.06475063340799,12.90416536837994,440587.05,-69.39515131005325,134.96414184570312,91.96737670898438
BDC,Belden Inc.,ok,Information Technology,Electronic Components,2026-10-09,109.5,17.804878,754,False,False,1.4452450651375237,-3.277094880730813,-2.6320461573624,-4.872181047150836,7.128105349969682,-4.885898936416611,118.37812378292992,116.78635470325729,106.8287658741999,106.8287658741999,15.122941306036108,40.67960594370545,48.08463319861496,-27.346498019748957,10.077573007848263,401684.2,-77.49874154870916,150.7153778076172,99.47530364990234
BHF,Brighthouse Financial,ok,Financials,Life & Health Insurance,2026-10-09,48.96500015258789,3.8676937,754,False,False,-0.051033935542599274,-2.12872007334467,-2.1091569282703504,-3.688040901598144,-26.49001695853691,0.6785274852339818,60.12896843562051,56.333306924280414,53.3842176240066,53.3842176240066,2.867650676940481,43.82326761008711,45.048099341980276,-26.490016958536916,8.473639376735585,1008752.85,-56.25717439113059,66.61000061035156,45.13999938964844
BILL,Bill Holdings,ok,Information Technology,Application Software,2026-10-09,44.709999084472656,10.32588,754,False,False,-0.6002678090517577,1.706096486851183,2.498854147818741,-6.130593991519562,4.316375286458296,-14.233650166143851,44.6072618393671,51.320995923532436,55.497970778366614,55.497970778366614,-60.275435031385925,60.08095668619989,38.79885508272504,-20.600252185965097,39.89361816407066,1682629.25,-73.01930891787363,56.310001373291016,31.959999084472656
BIO,Bio-Rad Laboratories,ok,Health Care,Life Sciences Tools & Services,2026-10-09,366.3900146484375,46.437263,754,False,False,1.662047961541746,-0.6615438040990296,-0.7449747767440118,-0.6399960275423777,23.123204241244146,20.988683715112955,310.41583276173424,298.477430001673,303.13476109188497,303.13476109188497,2.081243993435633,38.27540800516089,44.35735083334619,-6.135671956281227,51.58247671647484,271548.2,-70.77351276863556,390.3399963378906,241.7100067138672
BJ,BJ's Wholesale Club,ok,Consumer Staples,Consumer Staples Merchandise Retail,2026-10-09,99.29000091552734,21.728664,754,False,False,0.2524232609945498,3.838107157005388,4.559816631003644,10.752927189706396,10.175319451255893,11.374087735382643,93.26380971878294,97.8068925621975,90.58309025853002,90.58309025853002,42.945583392216015,29.302008111218917,64.80069887645902,-3.3956002191279713,18.45621722384518,1920120.85,-59.402711553285826,102.77999877929688,83.81999969482422
BKH,Black Hills Corporation,ok,Utilities,Multi-Utilities,2026-10-09,75.87999725341797,19.108313,754,False,False,-0.8363818841155557,7.266044027237606,6.933481161814026,4.980628852960423,1.0618680040588302,27.611492131372927,70.49470058320061,63.24093740394866,58.48599634246421,58.48599634246421,75.4291276496837,21.719430611044658,66.25210979272788,-0.8363818841155539,31.30974757801454,1320913.3,-20.1184513775431,76.5199966430664,57.787025451660156
BMRN,BioMarin Pharmaceutical,ok,Health Care,Biotechnology,2026-10-09,54.970001220703125,148.56757,754,False,False,0.14574937501232732,-2.223407991566684,-3.864986136197368,-16.08914756804468,-7.1452694049362275,0.5119813512984628,57.6629762800913,59.92288847843489,68.55525200436539,68.55525200436539,-36.83786970961137,33.224837674617234,8.868806210670655,-21.739745312467925,10.670431341129948,2160992.55,-53.58378260026857,70.23999786376953,49.66999816894531
BRKR,Bruker,ok,Health Care,Health Care Equipment,2026-10-09,58.72999954223633,24.35324,754,False,False,1.3984830782078905,-2.925620591344913,-7.131565491033376,9.742099899080458,-0.32581162216184234,70.31186028860847,48.062487405443946,46.65562810555872,54.565345298706376,54.565345298706376,-5.948793198083879,49.340090185666476,42.96990607044519,-9.29729800426822,79.84617005658086,2445596.65,-68.52575832568301,64.75,32.65568542480469
BROS,Dutch Bros Inc.,ok,Consumer Discretionary,Restaurants,2026-10-09,38.064998626708984,52.868053,754,False,False,-4.311212180027635,-2.5473699733723154,-1.564519190285829,-12.373388973118416,-42.724948614087054,-20.582102265084924,55.34382927606976,57.60951193775314,48.97821615608681,48.97821615608681,53.98462655354979,56.21347123711878,43.18892707048696,-48.07666089978362,0.8611471483521954,4423546.3,-37.33475786158268,73.30999755859375,37.7400016784668
BRX,Brixmor Property Group,ok,Real Estate,Retail REITs,2026-10-09,27.375,19.553572,754,False,False,1.0893651297085194,-0.3095378270450144,-0.05476228544242234,-3.840649889033121,-11.749198818902363,6.283818188442569,28.065753149607826,26.524377632901015,24.591974071229483,24.591974071229483,54.85795572251302,21.255565942447046,44.095956185128614,-15.312697374197404,15.934238805702499,3688151.3,-75.00845477787205,32.324798583984375,23.612524032592773
BSY,Bentley Systems,ok,Information Technology,Application Software,2026-10-09,35.1150016784668,38.587914,754,False,False,0.8472199489606203,-2.3769794640546738,8.951294375445995,13.52284253943159,10.841198975176237,-30.501440980500938,36.52859127710736,42.395850618522005,44.89196567383622,44.89196567383622,-32.48966812213687,33.53690700848787,66.41221774165368,-32.28379641178354,23.828572543169287,2843781.15,-71.93092724452443,51.85612869262695,28.35775375366211
BTSG,BrightSpring Health Services,ok,Health Care,Health Care Services,2026-10-09,64.48500061035156,57.066372,679,False,False,1.2959484211701344,1.1529421338847934,7.029046656185156,11.411540118085583,-7.402353280409613,123.2087295697803,48.961865114787265,34.83799800074908,28.72907215927416,28.72907215927416,486.2272782759233,44.60759580250199,85.2184486132823,-11.555345807966548,127.38011009355962,2639923.25,-67.05718622691019,72.91000366210938,28.360000610351562
BURL,Burlington Stores,ok,Consumer Discretionary,Apparel Retail,2026-10-09,275.7300109863281,24.773136,754,False,False,-0.4009483334220687,-0.2532220482580283,0.14164838150099168,15.83348124820796,-15.830759770231762,2.3686670645036267,302.6663498045906,281.37249026355516,256.6799073560801,256.6799073560801,127.21880053845229,40.69024438300846,73.0318108881865,-25.91686794979502,21.31732333124449,1509519.3,-41.326619672898524,372.19000244140625,227.27999877929688
BWA,BorgWarner,ok,Consumer Discretionary,Automotive Parts & Equipment,2026-10-09,61.7599983215332,30.895,754,False,False,0.06480411542288955,-2.525256113329255,2.048905906130849,-5.982651809730877,-2.69630193956345,45.92945042328069,56.22748844207279,44.85588592362119,40.834729412190164,40.834729412190164,62.743532080654795,35.21095860972538,44.56066472562245,-19.610443146207384,52.591772473126106,2679233.15,-60.38183537703689,76.82589721679688,40.474002838134766
BWXT,BWX Technologies,ok,Industrials,Aerospace & Defense,2026-10-09,144.26499938964844,37.35881,754,False,False,1.437911792569735,-0.9848988254292923,6.973897921349237,-5.393800122778758,-18.430381057349486,-26.353095373337045,188.3080195472354,158.31423001840295,135.11978155485198,135.11978155485198,90.79911088033401,38.1903832684676,45.744252776914415,-39.31470175177347,7.379972337696351,1311391.25,-67.86428154069199,237.7264404296875,134.35000610351562
BYD,Boyd Gaming,ok,Consumer Discretionary,Casinos & Gaming,2026-10-09,69.13999938964844,3.0171542,754,False,False,-1.2285723005022287,-1.8037270365097058,2.81040801434711,-9.32675023147782,-19.16070309701231,-16.51097397190585,82.27956269279359,78.2618195583146,71.6111310862736,71.6111310862736,18.927769007384953,28.598297691246394,36.370841469533836,-24.041535802447196,4.646586512796239,1176363.9,-45.55443260372066,91.02342987060547,66.06999969482422
CACI,CACI International,ok,Industrials,Diversified Support Services,2026-10-09,608.2999877929688,25.17798,754,False,False,1.4848119813819283,1.444195339366816,-1.0958621350099174,-2.5175913409717365,27.267398840808333,15.492685341701273,565.4173410809229,508.2373705252233,469.63176356955614,469.63176356955614,82.48086895311846,33.11938541651684,41.45748317725476,-10.554644673141794,38.011610471747076,261233.5,-53.46308953484144,680.0800170898438,440.760009765625
CAR,Avis Budget Group,ok,Industrials,Passenger Ground Transportation,2026-10-09,106.8550033569336,20.03078,754,False,False,-2.859087857333098,-5.144250413182672,-3.924651875437135,-15.689596687708606,-31.437279966508015,-26.971707211466867,152.0998611752949,133.16216146613496,131.05198063837756,131.05198063837756,-37.48749589147532,76.48399083822034,37.94741063629497,-85.03368380441803,21.85540013906744,444450.45,-70.68087117472825,713.969970703125,87.69000244140625
CART,Maplebear Inc.,ok,Consumer Staples,Food Retail,2026-10-09,47.65999984741211,26.038252,754,False,False,2.937366377455475,4.816359287256522,7.706214344434148,0.8890731456869583,-1.2841734622218492,20.201760437020933,42.2144839877174,43.237011898086365,39.260623286826544,39.260623286826544,93.26845150979872,44.434495100051016,61.538445415491516,-7.9567381788584735,44.731246297380494,3950815.05,-63.23287773240612,51.779998779296875,32.93000030517578
CAVA,Cava Group,ok,Consumer Discretionary,Restaurants,2026-10-09,53.529998779296875,97.27273,754,False,False,-1.4362043348754794,1.6907283434039133,-1.6173517195058218,-0.870372630931715,-26.20623365909186,-15.246993494902316,68.58853161524213,83.82850596819266,78.93489388635368,78.93489388635368,70.42342896957143,57.55860119700134,56.57781229848193,-45.03542549052879,22.803392043848977,3814737.85,-75.53024515170813,97.38999938964844,43.59000015258789
CBSH,Commerce Bancshares,ok,Financials,Regional Banks,2026-10-09,54.404998779296875,13.3345585,754,False,False,-0.37539247164158907,-0.6845564227024536,-1.5828509756185105,-6.664954666685519,-6.543800966740088,-0.8298078592581581,53.1990319357978,55.58837314620911,52.69299189924245,52.69299189924245,38.93615906158203,23.131699815235937,33.04345623406647,-9.394117315956315,15.709918266061162,999015.0,-71.76218575296667,60.04576873779297,47.01844024658203
CBT,Cabot Corp,ok,Materials,Diversified Chemicals,2026-10-09,75.41999816894531,21.12605,754,False,False,-0.2512927388870212,-2.1916773804037226,-1.9883025860624515,-4.2771959733762355,-13.656477779630439,5.786159241533317,75.54170230078319,79.3679422629307,81.07862179095929,81.07862179095929,17.327629701659575,32.173196247062506,43.91260096443163,-18.796421422212852,31.588536784110577,429546.85,-66.63064808879405,92.87767791748047,57.31502151489258
CCK,Crown Holdings,ok,Materials,Paper & Plastic Packaging Products & Materials,2026-10-09,108.54499816894531,15.617986,754,False,False,-0.30767734471277564,0.7939415991788712,2.352659165855764,-3.806272871619276,-0.804685447006448,19.549163374078482,104.77277437845866,98.38964158320331,92.63263196464558,92.63263196464558,34.34002036552184,25.45022568567308,49.39560540901879,-10.875279289774099,21.81530291680284,1014896.75,-70.66351823473669,121.79000091552734,89.10620880126953
CDE,Coeur Mining,ok,Materials,Gold,2026-10-09,17.21500015258789,14.7136755,754,False,False,2.0450462133478453,0.2620854752125146,-2.5198170932568154,-15.363815027318973,10.423348198173388,-17.97081415095154,18.784071256243994,13.598656728448146,10.512467588290612,10.512467588290612,659.2216933269824,70.66417456793722,32.73407813758172,-36.52179576229536,24.70573361846734,37054945.25,-45.222142785381656,27.119544982910156,13.804497718811035
CDP,COPT Defense Properties,ok,Real Estate,Office REITs,2026-10-09,33.459999084472656,23.236109,754,False,False,-0.02988388367396455,-0.6532102693280417,-0.32767533914670466,-4.751025996397162,-7.388851635393268,22.76648247271924,31.639893910241504,29.37277671160451,27.20265633357931,27.20265633357931,59.19687716803461,19.990604016665962,38.43104864692504,-11.928848561511428,27.394952051541043,1008124.6,-70.37151955224581,37.992008209228516,26.2647762298584
CELH,Celsius Holdings,ok,Consumer Staples,Soft Drinks & Non-alcoholic Beverages,2026-10-09,28.594999313354492,124.32608,754,False,False,4.36131281555221,4.781965386760523,6.897193694783144,7.378896787510536,-4.140129445223706,-54.54617805959066,38.90172618532937,38.34724104831893,45.302212634200444,45.302212634200444,-45.904277368179336,61.57936791528185,53.99582371374545,-55.91273659533273,20.298690629662552,6488284.1,-49.26575425388663,64.86000061035156,23.770000457763672
CFR,Frost Bank,ok,Financials,Regional Banks,2026-10-09,150.85000610351562,14.258035,754,False,False,-0.9910701632888763,-1.3794459451735075,-2.702520229657379,-7.260541800507047,-3.85236097984345,21.823558101919115,140.61339357164172,132.4341683102794,120.69671938463611,120.69671938463611,82.89552931047035,27.077142658449134,32.79547174130472,-10.737828001783058,29.56903881013752,492432.65,-65.30429085073868,168.99656677246094,116.42442321777344
CG,Carlyle Group (The),ok,Financials,Asset Management & Custody Banks,2026-10-09,38.59000015258789,39.773197,754,False,False,0.5209709979661525,-0.7458871079228602,-3.0888989243166742,-10.401670708102406,-11.94826534513097,-34.48471625420855,49.75034448835585,49.847359060766216,45.85459199950929,45.85459199950929,42.04009840454175,38.58982630411404,33.43065912934715,-40.404282774431735,2.0899495541597712,3508928.45,-74.62846527976367,64.75297546386719,37.79999923706055
CGNX,Cognex,ok,Information Technology,Electronic Equipment & Instruments,2026-10-09,63.36000061035156,60.894234,754,False,False,4.022329287599802,-4.506402309769064,-2.4780676929378354,2.707087081891335,-0.7214225775410421,36.40711025948031,52.96632884797596,44.3786049763045,42.98068124735703,42.98068124735703,56.618119710602265,48.1558660678584,53.10939456428893,-12.387549268488032,82.84008706605812,1726135.0,-47.420103294354156,72.31848907470703,34.65323257446289
CHDN,Churchill Downs Inc.,ok,Consumer Discretionary,Casinos & Gaming,2026-10-09,80.86000061035156,13.791808,754,False,False,6.171214183620766,3.3883155055617786,6.324782860718869,-2.283987177822888,-3.45074553987873,-12.301326814457891,92.9527946956574,103.04345788233783,111.04586247613639,111.04586247613639,-26.307791223433195,30.701182323441,47.89682998618837,-31.23564662932444,9.344156791440717,1315658.1,-5.829485639164167,117.58999633789062,73.94999694824219
CHE,Chemed Corp.,ok,Health Care,Health Care Services,2026-10-09,502.0174865722656,25.220827,754,False,False,0.75614381781548,-1.5343068064124,-1.0802982123614524,-2.4071806481544056,2.1142538573326153,16.032847023731357,451.34623149084666,490.72345116603896,517.7770675537757,517.7770675537757,-1.6856114349454665,27.15651180954669,51.92794259044846,-9.053797556532226,36.5650668043654,164519.5,-51.25805755548733,551.993896484375,367.6031494140625
CHH,Choice Hotels,ok,Consumer Discretionary,"Hotels, Resorts & Cruise Lines",2026-10-09,105.0,14.830508,754,False,False,0.1717232452774553,1.882401016265578,2.4390243902439046,7.193436869474601,-3.1670788219004598,4.412456880972826,103.17763334607321,116.60502741536297,116.56455036436532,116.56455036436532,-10.833542872244283,30.374730475115637,68.21814789854457,-13.522415080795632,25.814522639613287,572197.95,-69.05633793340225,121.41874694824219,83.45618438720703
CHRD,Chord Energy,ok,Energy,Oil & Gas Exploration & Production,2026-10-09,142.0449981689453,9.558883,754,False,False,-0.20724896482716693,3.282919675505802,3.6749170600529846,-6.438551365893719,17.117690744642957,50.629459217248105,117.60060355776832,109.72670800562399,121.09078885389576,121.09078885389576,2.5034393317731274,35.70520244173699,54.619338596599995,-9.52547887328324,74.34308073760367,709977.7,-50.004908604875894,157.0,81.47441101074219
CHWY,Chewy,ok,Consumer Discretionary,Other Specialty Retail,2026-10-09,18.864999771118164,29.023077,754,False,False,-0.23796973377608888,3.996694629898645,3.824984545437471,-10.507590894708475,-7.160432802942729,-50.67973916047539,26.285178600795685,31.395527892853636,27.96621352734553,27.96621352734553,2.750539999883639,51.96177475996423,33.093526308072185,-51.77658413548104,7.738432464445813,9639055.05,-57.60890482724238,39.119998931884766,17.510000228881836
CLF,Cleveland-Cliffs,ok,Materials,Steel,2026-10-09,12.984999656677246,15.125022,754,False,False,6.5217399808060295,5.999997197365281,14.708480624909438,9.763311415215604,33.728111283872494,-6.582733719166645,11.593313499102516,10.829033873470657,12.893945628831494,12.893945628831494,-17.187503801316563,62.78300146761503,58.60771433764668,-19.746604377235357,66.04858531503783,16109911.15,19.587394496586043,16.18000030517578,7.820000171661377
CLH,Clean Harbors,ok,Industrials,Environmental & Facilities Services,2026-10-09,317.5,38.481213,754,False,False,0.050420263425920986,-0.17606664242352243,-0.31710456018892996,-1.0718521889568122,4.564610948135406,34.81953290870487,279.28996077037993,255.07328696079938,236.42343507964034,236.42343507964034,93.70385754764985,26.823877313820617,59.529061188509665,-2.7088301884816297,57.38859204102816,384701.65,-70.72198676558834,326.3399963378906,201.72999572753906
CMC,Commercial Metals,ok,Materials,Steel,2026-10-09,64.34500122070312,12.156899,754,False,False,1.973063037541345,-0.8704397004002384,1.2032075615241444,-3.4148925729301727,1.0601587422175207,9.779068698119818,67.83951751769536,59.44225358393088,56.446716096103984,56.446716096103984,39.30829559497493,35.396018653242834,51.293872015080275,-22.168280518841954,17.633181602403315,1105026.75,-46.966442215086644,82.67195129394531,54.699703216552734
CNH,CNH Industrial,ok,Industrials,Agricultural & Farm Machinery,2026-10-09,11.385000228881836,45.94,754,False,False,-6.141796195633587,-14.204974859507324,-15.478841847171532,-15.666664971245659,9.261037864897116,7.630090854185134,10.876958165849958,11.364700617543255,11.105925718100064,11.105925718100064,2.8273822469580656,37.233103051161706,25.148288997472264,-20.93749631610172,24.673466838717868,15754567.95,-18.191606136682402,14.399999618530273,9.131855010986328
CNM,Core & Main,ok,Industrials,Trading Companies & Distributors,2026-10-09,40.505001068115234,16.67078,754,False,False,0.33441203815303133,-3.78859255062991,-2.0435246364874704,-0.8445469250737414,-9.465803423046925,-21.759705022291698,49.306726289173916,51.38799802620572,49.59963525574783,49.59963525574783,32.75975340626769,38.32616002306956,29.929315788338116,-31.452020708208973,0.33441203815302123,2430960.8,-72.66035717235752,59.09000015258789,40.369998931884766
CNO,CNO Financial Group,ok,Financials,Life & Health Insurance,2026-10-09,53.02000045776367,18.34602,754,False,False,-0.9897269595665614,-1.887491562700172,-1.559599225898356,-3.6525501837543106,1.9056057752161681,34.70631501014401,45.849231265840075,41.69415132742954,36.77908041369694,36.77908041369694,133.16477007841178,25.555941134345584,38.103437503083,-6.2647969453608345,39.88596458827272,1098749.2,-86.05832887068314,56.563594818115234,37.90230178833008
CNX,CNX Resources,ok,Energy,Oil & Gas Exploration & Production,2026-10-09,34.029998779296875,5.5088997,754,False,False,0.5911821975090659,2.3766457910314953,8.031742156498023,-7.199344209087444,5.225722383225628,0.6209316569118606,36.33321432840256,34.32727092575742,30.76525198686028,30.76525198686028,49.91188385709238,30.244384436044914,60.61121340494694,-20.136122290902488,9.17548506898489,2172533.7,-66.57939069023418,42.61000061035156,31.170000076293945
COKE,Coca-Cola Consolidated,ok,Consumer Staples,Soft Drinks & Non-alcoholic Beverages,2026-10-09,198.83999633789062,26.406374,754,False,False,3.6380671871854897,2.1735757228675823,3.540930686050414,5.317792968139123,11.858303191690723,66.84935211198358,175.45071834988065,149.08253605147283,130.4022080651645,130.4022080651645,221.66598537897372,33.64933432674036,60.65300793849936,-8.082772198701862,62.420805981830085,543180.7,-41.54541941567511,216.32505798339844,122.42273712158203
COLB,Columbia Banking System,ok,Financials,Regional Banks,2026-10-09,28.415000915527344,11.1470585,754,False,False,-0.4030836605341981,-1.6441622850684068,-1.7461934973525661,-5.40945389638805,-10.06330431742073,16.504557651778807,28.529463722592308,26.285044643508485,23.782593341341702,23.782593341341702,70.71658215814385,36.25862254866108,32.91138962673433,-14.42500940324924,24.103731473026873,2762742.05,-68.18229917628393,33.204795837402344,22.896169662475586
COLM,Columbia Sportswear,ok,Consumer Discretionary,"Apparel, Accessories & Luxury Goods",2026-10-09,57.060001373291016,14.898173,754,False,False,0.5285466184448362,-0.6788501035147498,-0.36668252626875786,1.1343552377106825,-10.00438608629941,9.565533254136405,57.57699830191476,63.230377402438585,67.45221670236765,67.45221670236765,-14.67652638564524,33.67465924426938,51.72775772565825,-15.407575685598529,19.03166639225659,701955.0,-53.08816092199642,67.45285034179688,47.936824798583984
CORT,Corcept Therapeutics,ok,Health Care,Pharmaceuticals,2026-10-09,121.30000305175781,269.55557,754,False,False,2.328329774686999,1.4468540280580866,4.362040392664035,5.551692468210079,41.21071117235549,37.170646424455754,72.37841288248698,68.97241048318931,55.61988069144737,55.61988069144737,355.3303522179945,89.5993132241268,61.20023527358487,-1.83701274473782,277.29392626659217,1716395.0,-81.79323524013995,123.56999969482422,32.150001525878906
CR,Crane,ok,Industrials,Industrial Machinery & Supplies & Components,2026-10-09,206.19000244140625,36.015705,754,False,False,2.0136589266484872,-1.306718242133731,-0.9654152431787133,4.384146061675076,-4.357505553129803,14.873144397624616,194.62310524592323,182.08774055997688,164.34574532951538,164.34574532951538,129.7580469236044,32.80412812285713,61.68012349020554,-8.830456659769794,28.51848589992066,385059.05,-66.94506985357181,226.1610565185547,160.43606567382812
CRBG,Corebridge Financial,ok,Financials,Asset Management & Custody Banks,2026-10-09,34.095001220703125,21.44025,754,False,False,-1.030477603409019,-3.05657379644505,0.19101511530408288,0.4685414469547178,11.421640678610135,10.007320856860268,29.19180461338588,29.905665481233026,27.826868001598893,27.826868001598893,96.54838534461281,33.79376327063314,44.93898942454148,-3.0565737964450532,55.30967492495428,5005107.6,-46.9171851570184,35.16999816894531,21.95291519165039
CROX,Crocs,ok,Consumer Discretionary,Footwear,2026-10-09,116.9800033569336,10.245399,754,False,False,0.1198279899274235,-2.695057254093236,-0.9399551320003474,7.488745188602297,-10.33267105872434,44.24168379517512,102.21619061061314,102.08840626264474,108.74265242761263,108.74265242761263,37.30047834156298,50.59479552674373,37.18977376042778,-17.14710579066658,59.39501884426159,1153452.55,-59.64714803396117,141.19000244140625,73.38999938964844
CRS,Carpenter Technology,ok,Industrials,Industrial Machinery & Supplies & Components,2026-10-09,389.6400146484375,36.99577,754,False,False,0.6561633957305135,-1.5339458031677466,0.30118501404428066,-13.075289537437252,-31.233407842857186,50.24528355173972,413.9688883584643,312.9631989315686,239.33232384841068,239.33232384841068,483.929116570879,46.023152759793966,40.08970070418519,-37.052334956262555,64.00660562186926,764227.2,-53.529002893380394,618.9904174804688,237.5758056640625
CRUS,Cirrus Logic,ok,Information Technology,Semiconductors,2026-10-09,107.62000274658203,13.16972,754,False,False,-4.9293236325893774,-9.464120249062146,-11.182632357120903,-7.606456348736157,-26.544258561445343,-15.059190734988304,136.2359127468533,121.09601605175976,114.34055710850723,114.34055710850723,52.82590960651521,38.132219997545704,21.754992935479237,-39.84348439449728,0.0,786654.15,-1.7124615690389478,178.89999389648438,107.62000274658203
CSL,Carlisle Companies,ok,Industrials,Industrial Conglomerates,2026-10-09,322.45001220703125,18.331154,754,False,False,0.37354465588521624,-1.0100012666472313,-2.092058118501494,-2.2108261791850325,-2.8856433823529426,-1.0458418346848353,343.85838293650795,360.5137781393955,357.8876640663855,357.8876640663855,26.207718014425808,33.26183272673514,53.41449613116043,-22.25723878175532,10.199378105016272,533383.05,-61.817121860171596,414.76531982421875,292.60601806640625
CTRE,CareTrust REIT,ok,Real Estate,Health Care REITs,2026-10-09,36.13999938964844,22.5875,754,False,False,0.9779225067559238,-1.1217506319299297,-0.4407709387738934,-5.9173114862327125,-9.43987581047715,10.668315614387813,37.48629405763414,32.71386420109358,29.191242706238118,29.191242706238118,94.10801011652362,22.293808926124747,35.01238868410303,-15.84585764060838,14.334822415595877,2716429.1,-77.86498458582997,42.945003509521484,31.608917236328125
CTVA,Corteva,ok,Materials,Fertilizers & Agricultural Chemicals,2026-10-09,13.300100326538086,8.191359,754,False,False,-3.2719976251775584,-4.384611988241627,11.578022159486668,4.917941770106959,3.2114772520053014,41.78112836956185,11.405972844078427,10.527196521303093,9.57196854533188,9.57196854533188,80.9093603134912,29.49555218385107,62.12267357460029,-7.957781992424327,46.685340969939745,44401998.75,-50.49801446156745,14.449999809265137,9.067095756530762
CUBE,CubeSmart,ok,Real Estate,Industrial REITs,2026-10-09,37.79499816894531,25.886984,754,False,False,0.7597970145695854,0.09269027798697316,0.7329363214992668,-1.9046730796686728,-5.600460386469286,0.22994431361773593,37.80343703618125,38.47451785266162,38.646748874168495,38.646748874168495,15.482524986243252,23.616933312423665,38.541212944220966,-9.798457646644746,13.155518582196551,2880653.65,-69.19890039540158,41.900611877441406,33.40093231201172
CUZ,Cousins Properties,ok,Real Estate,Office REITs,2026-10-09,27.579999923706055,689.5,754,False,False,-0.5050483157154728,-0.2892260453629003,-0.3972575234018727,-0.14771510809767907,-8.528761651148676,4.52587596550007,25.86076678170098,26.50789077728393,24.656395365768148,24.656395365768148,68.3584130753552,27.361339612903034,40.273240478244794,-13.626225237939305,34.00288766911538,1515664.05,-56.86504539050061,31.930988311767578,20.581645965576172
CVLT,CommVault Systems,ok,Information Technology,Systems Software,2026-10-09,156.50999450683594,99.68789,754,False,False,3.649002984659555,0.9872233975194211,4.145592080213234,18.973767294598787,5.287588922354769,-11.92459358768484,120.69388886103555,145.14994035394068,131.62037142644826,131.62037142644826,127.28723949983261,49.85093638263988,64.63249143011805,-11.33583122666329,108.180358967172,609983.3,-57.11915391782038,176.52000427246094,75.18000030517578
CW,Curtiss-Wright,ok,Industrials,Aerospace & Defense,2026-10-09,512.8300170898438,35.31887,754,False,False,1.0920791759357673,-7.322663826484765,-6.013121596247595,-8.336883436996356,-30.671141604128938,-7.781888576441853,651.3614363897415,526.7288450567846,435.38216827149733,435.38216827149733,157.2755839100164,30.6795156928097,26.665855829315447,-35.28071049892475,1.092079175935769,452414.5,-68.68137515486352,792.3912963867188,507.2900085449219
CXT,Crane NXT,ok,Information Technology,Electronic Equipment & Instruments,2026-10-09,50.15999984741211,20.813276,754,False,False,4.109588064954051,0.7836033475213666,2.8290305507365776,-0.4169130214924932,-0.25608170340643,-26.126409715139477,49.406435497223384,52.57405781840898,53.70805952340285,53.70805952340285,-5.352461971703648,34.70948666366325,68.90611179526675,-25.236744890238118,39.33228465268767,550372.75,-58.70889320010847,67.09178161621094,36.00027084350586
CYTK,Cytokinetics,ok,Health Care,Biotechnology,2026-10-09,62.790000915527344,,754,False,False,1.2578658524544428,2.3471923019096286,-4.28353296334646,-14.710678384968535,-23.650288732328384,3.2390681200065385,68.57412697020031,56.13231080651758,56.67785145686223,56.67785145686223,98.07570790009343,73.78732365244957,29.632818496091488,-28.042631929461237,14.663993499131486,2316704.2,-78.21111560120625,87.26000213623047,54.7599983215332
DAR,Darling Ingredients,ok,Consumer Staples,Agricultural Products & Services,2026-10-09,60.5099983215332,16.2938,754,False,False,-2.795183419223768,-1.0789600574929836,-3.860820397515219,-8.829296643882712,-2.4504279988330158,91.8516061036122,52.135317378573944,43.430657325987795,42.90497340447707,42.90497340447707,27.982233256802715,39.65068120241653,39.591218052269156,-11.457416499766675,102.3069161826448,2291607.3,-29.841993434040816,68.33999633789062,29.90999984741211
DBX,Dropbox,ok,Information Technology,Application Software,2026-10-09,34.5,19.06083,754,False,False,1.0544833532150522,2.282835660283622,1.7699069236414733,-1.5691847333308862,16.632860341392195,16.711774774384725,28.51599213433644,28.502320775947723,27.49122683375837,27.49122683375837,23.611609418188273,34.478906278261064,42.63414904647384,-8.585059709510917,56.391662897649994,4607539.5,-78.62221257137351,37.7400016784668,22.059999465942383
DCI,Donaldson Company,ok,Industrials,Industrial Machinery & Supplies & Components,2026-10-09,87.50499725341797,22.707794,754,False,False,0.39581640295245357,-2.8909148144366292,-1.291600961931949,-0.765483158790814,-1.660161667401605,6.738556841028864,89.6383469293988,79.94891579312632,75.45507052090187,75.45507052090187,51.78992916618637,23.066414940485817,58.40655833835405,-20.08325254181475,10.974442542211477,684431.05,-68.11643773320921,109.49519348144531,78.85148620605469
DINO,HF Sinclair,ok,Energy,Oil & Gas Refining & Marketing,2026-10-09,121.19000244140625,11.543333,754,False,False,0.38933168981987176,5.750439838595023,6.907199884347648,12.504642655085929,49.254863373765765,139.0511404226514,67.81114964258103,52.73627972697832,51.26163137117178,51.26163137117178,158.05685234672927,36.14587005102867,76.32742100627601,0.0,170.3332582531284,2793303.35,-21.34878583810097,121.19000244140625,44.82985305786133
DKS,Dick's Sporting Goods,ok,Consumer Discretionary,Specialty Stores,2026-10-09,136.2949981689453,14.803474,754,False,False,1.23671783833188,1.049075648656883,0.15799260361382128,3.3399035557525325,-36.3319081084568,-38.34285271719368,198.52401318625797,199.88226438423553,190.0044987220663,190.0044987220663,41.00389929245705,44.02126791541321,67.60740288031212,-42.47323950374459,12.501028850446424,2990363.95,-71.95060487536978,236.9245147705078,121.1500015258789
DLB,Dolby,ok,Information Technology,Application Software,2026-10-09,58.68000030517578,24.970215,754,False,False,0.39349792854435073,0.3763277867747439,-0.3565954943948735,-6.291917428798966,19.57487074618305,-15.451018664346162,60.33707299308171,67.15268381278354,70.30945328628985,70.30945328628985,-23.361690675098835,26.517251336850407,60.15035049275496,-14.341213606900455,21.670083871672972,924982.5,-69.63726340768609,68.50435638427734,48.228782653808594
DOCN,DigitalOcean,ok,Information Technology,Internet Services & Infrastructure,2026-10-09,134.22999572753906,61.88479,754,False,False,8.337364063310805,2.45782868156299,-4.169351960667688,2.42654910471487,8.84689917265118,254.73043125333876,94.45484102339972,64.69960143556632,54.564204140114214,54.564204140114214,476.094421127857,69.36243941719123,37.21876526450631,-25.95840879331835,259.9624361276067,2454919.55,-62.964529733774775,181.2899932861328,37.290000915527344
DOCS,Doximity,ok,Health Care,Health Care Technology,2026-10-09,30.030000686645508,35.341175,754,False,False,2.2123946373249215,8.060452311344068,7.51879827613382,21.529752324093977,34.724089067786615,-59.15952511194551,32.4472222328186,45.62396410831892,39.89490714945907,39.89490714945907,37.18593661015082,63.15406344615215,69.61871070196804,-58.61926303854279,66.7407013048658,3089229.2,-8.641158771903367,72.56999969482422,18.010000228881836
DOCU,Docusign,ok,Information Technology,Application Software,2026-10-09,70.37999725341797,42.905426,754,False,False,-1.469974866683199,3.1662210408453406,1.9852123964335444,6.960477187299774,41.12692753321874,-1.6214756042274514,56.845456426105805,69.08115530583963,64.09073601477343,64.09073601477343,66.06888975840222,47.327008580623335,55.133296059020346,-3.7735878578925637,68.5748437207616,3049485.7,-67.26615245318251,73.13999938964844,41.75
DT,Dynatrace,ok,Information Technology,Application Software,2026-10-09,63.654998779296875,127.31,754,False,False,4.147578356860326,4.266993570501065,7.3078204766931165,23.794245519325585,42.75622014233722,31.437122399716323,43.74414675576346,48.04134453245368,48.422393829183804,48.422393829183804,31.51858837289767,35.42247634730017,80.14125319899001,0.0,96.70889239394647,7007687.95,-21.583851347147952,63.654998779296875,32.36000061035156
DTM,DT Midstream,ok,Energy,Oil & Gas Storage & Transportation,2026-10-09,124.3499984741211,27.2035,754,False,False,0.47672618592975446,-0.20064205703174132,2.7685937802653715,-3.3081884520616,-14.287777990934657,11.268944843756357,128.48678161984398,112.66731190776444,94.60295852236153,94.60295852236153,155.77713113895487,23.755079970410087,47.81521621622909,-16.926127632246242,20.898705331972543,897815.55,-63.610454285404174,149.68605041503906,102.85469818115234
DUOL,Duolingo,ok,Consumer Discretionary,Education Services,2026-10-09,149.8000030517578,17.790974,754,False,False,-0.9390280105029514,1.1273868317674518,3.8330897730155966,3.196472356427482,13.193295448859077,-56.863533334042216,148.32698446606832,253.19868548267866,236.98921110522525,236.98921110522525,-14.02663089468572,61.36960170361685,50.44145539889458,-56.08068225954992,66.38898709638273,984619.1,-65.94805036790369,341.0799865722656,90.02999877929688
DY,Dycom Industries,ok,Industrials,Construction & Engineering,2026-10-09,269.0450134277344,24.541553,754,False,False,-2.945412603811892,-7.363213093463039,-1.7187165560787698,-9.084911943177676,-34.39686351525961,-8.516094808400476,371.96886867947046,289.8508865234861,240.17850807048282,240.17850807048282,216.07730820772068,44.43077007067291,33.87547978255252,-49.73000611149841,0.8452358823748094,613148.85,-24.475598380393272,535.2000122070312,266.7900085449219
EAT,Brinker International,ok,Consumer Discretionary,Restaurants,2026-10-09,195.69000244140625,18.01104,754,False,False,2.886438265642055,2.7567737516781987,-3.1237611676206645,-8.849969623147924,3.3919786675248753,60.559572408357894,162.46254030863443,154.0956178186424,120.44997364519762,120.44997364519762,555.5778892481577,46.80593997723953,46.41468261644233,-22.93848918641344,91.30902403941718,1561981.65,-57.571012437950216,253.94000244140625,102.29000091552734
EEFT,Euronet Worldwide,ok,Financials,Transaction & Payment Processing Services,2026-10-09,64.08999633789062,10.185215,754,False,False,0.6754578880131756,0.8655892578510738,0.9291280911663424,-9.387822287431092,-17.473611491522,-25.933205544867334,72.44857144734216,86.34111555639016,91.07798411422446,91.07798411422446,-14.55806624096253,32.55503455614503,40.65114621975652,-28.085733435024345,2.5111898090717184,621208.25,-48.58970401632625,89.12000274658203,62.52000045776367
EGP,EastGroup Properties,ok,Real Estate,Industrial REITs,2026-10-09,196.63499450683594,34.496494,754,False,False,0.776444971074608,1.957375238275172,0.436712500188996,0.8377485697920406,-6.009643173972079,17.920309201221627,189.43078788878427,175.0749554273142,170.440220739228,170.440220739228,28.20704628475108,20.52529311453047,40.62391050820391,-11.206088715423098,22.371070045385853,572907.55,-81.38425650002344,221.45098876953125,160.68748474121094
EHC,Encompass Health,ok,Health Care,Health Care Facilities,2026-10-09,124.05999755859375,20.735786,754,False,False,1.2404085455444136,-0.5052569335769697,3.5559218683788085,2.672512358617496,12.936032701792822,0.4643190176180312,109.6139590248229,108.26520355954113,97.90630063327617,97.90630063327617,93.48204309941708,25.41596874648545,57.478761950679306,-1.7317039962246508,32.95735326691622,944919.15,-66.1682166140881,126.24620819091797,93.30811309814453
ELAN,Elanco,ok,Health Care,Pharmaceuticals,2026-10-09,22.94499969482422,17.866732,754,False,False,1.7968001900917407,2.0685060589713533,3.6359545048233244,0.3718245065757575,-8.731104805547552,12.80727395621426,23.398869045197017,18.41785857971921,17.038985429455177,17.038985429455177,142.29143661917934,48.17179232733243,56.89423434391303,-14.511924126751985,16.118418163209775,5571236.5,-78.08870616065214,26.84000015258789,19.760000228881836
ELF,e.l.f. Beauty,ok,Consumer Staples,Personal Care Products,2026-10-09,109.30999755859375,111.54081,754,False,False,3.1615689911911327,6.3430261552624545,4.42300080236917,14.149953132923642,45.55259624440762,-24.65017437112588,82.48587323748876,93.77344649721427,114.77234758938656,114.77234758938656,9.026526261256617,64.97574916817705,75.9693338245315,-24.598195048519305,120.51643782843759,1271173.1,-59.135227137830405,144.97000122070312,49.56999969482422
ELS,Equity Lifestyle Properties,ok,Real Estate,Single-Family Residential REITs,2026-10-09,59.34000015258789,28.664251,754,False,False,1.4358976967314474,1.021447832782485,1.8712448971465845,-0.6864585186143302,-7.839238988283171,-2.311129722153371,61.93910461001926,61.722511367493894,61.733025361119275,61.733025361119275,1.8811795526171515,19.304658600160927,45.39130668740499,-11.476624394161368,2.9850768007413833,1848130.65,-45.793172143971525,67.03314208984375,57.619998931884766
ENS,EnerSys,ok,Industrials,Electrical Components & Equipment,2026-10-09,180.625,19.341541,754,False,False,0.733368166477466,-6.163959247009021,-7.985228124334176,1.0622194682123887,-10.029536303370612,58.61907244054183,178.36013385227747,136.52852826669397,122.43290844014216,122.43290844014216,97.3820710140521,35.37989525628753,52.37211271504523,-25.564712810385714,66.22071779910999,573573.25,-67.38603133950197,242.6604461669922,108.66575622558594
ENSG,Ensign Group,ok,Health Care,Health Care Facilities,2026-10-09,173.4199981689453,27.16301,754,False,False,1.1254257472504303,0.7904223117801923,0.9547091636410432,0.40179258043293586,3.0252675968497567,-1.5164482933869294,181.2317976573157,163.17071592475313,149.3914007697877,149.3914007697877,84.85023032574146,25.47435241882055,48.08747862521404,-19.56082817733141,17.960678089102387,367598.9,-76.77414159835625,215.5914764404297,147.0150909423828
ENTG,Entegris,ok,Information Technology,Semiconductor Materials & Equipment,2026-10-09,165.86000061035156,82.9325,754,False,False,2.2627770600540886,-0.6171722590112005,-0.36643275417703736,20.713251803568955,21.817334980157522,76.00976928777324,124.04895225403801,107.57571125410468,111.41587015045732,111.41587015045732,75.56924564896879,56.506081936300234,77.65336982369185,-9.782338228969149,141.64730896230034,2082660.3,-61.76495994089867,183.84426879882812,68.63722229003906
EPR,EPR Properties,ok,Real Estate,Other Specialized REITs,2026-10-09,55.1150016784668,17.652245,754,False,False,1.2957210678768538,-0.2804392582108295,-2.364923058334323,-6.598046804065428,-6.40953115525329,8.333245855342785,54.207953892056906,50.312649867449146,45.8356335890388,45.8356335890388,62.89430770014779,21.711466280132097,36.75699089126804,-12.971918695861817,20.212945995616174,863391.1,-67.69459402581286,63.330135345458984,45.847808837890625
EQH,Equitable Holdings,ok,Financials,Diversified Financial Services,2026-10-09,52.90999984741211,5.915648,754,False,False,-1.0658184362437373,-2.917431472638332,0.5129188086897329,0.5893562400834274,11.391691921804048,8.034588418584487,45.161252733260866,47.112880995549055,42.79520048450095,42.79520048450095,107.6822138652119,32.22737730335436,45.714288633697684,-2.9174314726383312,51.76669836579349,3102789.5,-51.924228182414566,54.5,34.86272048950195
ESAB,ESAB,ok,Industrials,Industrial Machinery & Supplies & Components,2026-10-09,67.2300033569336,20.942368,754,False,False,3.6220810773721634,-6.404007179256888,-3.819739786352949,-2.7711311841548625,-22.335760569140085,-43.59383716475524,100.17723041110568,110.0741246895961,104.31723155520007,104.31723155520007,-3.3106553720149035,38.61085694164926,50.582023331111046,-49.930549147543765,3.7117805765979694,1139591.4,-38.1946897809162,134.27349853515625,64.82388305664062
ESNT,Essent Group Ltd.,ok,Financials,Commercial & Residential Mortgage Finance,2026-10-09,62.76499938964844,8.753836,754,False,False,-1.2973749975779492,1.4137986890113696,4.226167581129769,-8.157736679817717,-2.840808368880987,7.123974650629705,61.975030883910165,59.44367378356447,57.31815955366949,57.31815955366949,38.78024465890915,23.151183750752296,37.70328167730173,-9.859253388714654,12.97539742821944,928422.65,-72.75454234124943,69.62999725341797,55.55634307861328
EVR,Evercore,ok,Financials,Investment Banking & Brokerage,2026-10-09,272.92999267578125,15.36768,754,False,False,2.3167732617736636,1.80916381171492,4.299144112992481,-3.76912863177693,-18.071499561151462,-13.2372395236094,320.0870907495892,292.3677333512629,257.0645078967674,257.0645078967674,111.42571227931151,37.30387951051793,54.71605286385018,-28.17519868457552,6.227377284126702,538046.35,-46.8582957583487,379.99407958984375,256.92999267578125
EWBC,East West Bancorp,ok,Financials,Regional Banks,2026-10-09,125.73500061035156,12.07829,754,False,False,-0.4079203086324257,-1.0895233687113093,-0.37635565927163217,-2.8097662858711847,-3.730641522809819,21.525518065636582,117.31298764546712,105.72527456093594,93.20974262955967,93.20974262955967,165.52316819355468,29.693774432371995,43.58248614512241,-7.953883607392045,36.756462149691146,899705.3,-64.4543607779125,136.60000610351562,91.94081115722656
EXEL,Exelixis,ok,Health Care,Biotechnology,2026-10-09,60.27000045776367,19.012617,754,False,False,2.117926110309898,3.325901878638615,3.219731268653736,4.9451508575596215,7.548178931353822,55.97826451806276,47.7291269453745,42.58167326877791,35.99087529220379,35.99087529220379,180.4560311757868,37.324639590734314,68.26346347919483,0.0,74.49333775399379,2144847.1,-36.53431053430336,60.27000045776367,34.540000915527344
EXLS,EXL Service,ok,Industrials,Data Processing & Outsourced Services,2026-10-09,37.11000061035156,23.474684,754,False,False,0.6509402913468687,4.8009058747954025,3.8041975114728954,7.19237942024753,30.25623344501376,-12.600090884310811,34.42587296168009,39.76205184070238,36.94945628067543,36.94945628067543,27.002058461346646,32.87465930668756,63.7854217062681,-14.453665982899638,47.145129344635144,2012432.85,-59.180898880675706,43.380001068115234,25.219999313354492
EXP,Eagle Materials,ok,Materials,Construction Materials,2026-10-09,166.0399932861328,13.077227,754,False,False,-0.7531438987692041,-3.2062493967956907,-3.104579426511378,-9.5257558915822,-18.950701178371745,-30.070695348725717,208.31072628687298,223.7078993595929,224.70504963113396,224.70504963113396,-0.4905971471146686,33.11438329020941,28.733768968199314,-31.00177441449521,0.0,468181.25,-56.69946201391021,240.64385986328125,166.0399932861328
EXPO,"Exponent, Inc.",ok,Industrials,Research & Consulting Services,2026-10-09,70.26249694824219,31.507847,754,False,False,0.6914562587932549,1.564753741386471,4.401922380606793,4.35540626383133,10.984144521376793,7.403521694600657,66.57818738241045,73.71894435958558,78.22148720718505,78.22148720718505,-18.35352867843025,32.01127142562718,60.70149366187486,-10.713458860375372,32.18664211665219,633136.25,-79.98456098509602,78.69326782226562,53.15400695800781
FAF,First American Financial Corporation,ok,Financials,Property & Casualty Insurance,2026-10-09,61.65999984741211,8.540167,754,False,False,-1.8309210328531056,-1.0431736664309077,-1.3282154084830133,-12.569766829258056,-11.172084738620446,4.97871855397225,65.09075254107279,62.27908224128632,59.351180235966446,59.351180235966446,26.281642972418084,27.130016669517115,27.555056225096166,-21.383485949385005,10.374280260471243,1007753.35,-59.08056271904232,78.43135833740234,55.864463806152344
FBIN,Fortune Brands Innovations,ok,Industrials,Building Products,2026-10-09,39.1349983215332,31.556452,754,False,False,-0.44518709143753776,-0.5463790620710895,1.491174605197143,-1.522403954153373,-21.71335119805452,-22.970588729969656,46.21074606880309,53.65726879013487,59.3779753070295,59.3779753070295,-31.882975021401506,39.658793240687196,47.31679227498911,-38.178349018633746,18.737398118697758,2258179.45,-71.18966785389887,63.303062438964844,32.959285736083984
FCFS,FirstCash,ok,Financials,Consumer Finance,2026-10-09,213.9499969482422,24.340158,754,False,False,1.1631714933014292,0.44600795692122386,1.7065964667590805,-5.906415536182208,-0.1131840384005045,38.43815006609699,193.44581046937003,157.64049268623748,142.065014462256,142.065014462256,118.04097680191478,28.636666525472403,46.635663345377914,-9.508098136417955,45.76816840768434,352768.65,-72.05732425486222,236.42999267578125,146.77415466308594
FCN,FTI Consulting,ok,Industrials,Research & Consulting Services,2026-10-09,136.89999389648438,16.496386,754,False,False,-2.562281924210408,-0.5159557522840252,0.36656893135893487,-8.921564686262396,-15.295137957886418,-16.192232151047335,162.01622984144421,169.66535873717046,183.80832900798606,183.80832900798606,-28.407074039040225,29.852788359611726,45.175868897208375,-26.80318944019669,4.94442092689455,527114.8,-77.40606031171957,187.02999877929688,130.4499969482422
FFIN,First Financial Bankshares,ok,Financials,Regional Banks,2026-10-09,30.920000076293945,16.54278,754,False,False,-1.6226542282210876,-3.1328320727125325,-3.8258208124652193,-5.848431806637322,-10.349918235908618,-4.981453459801333,31.855314413706463,33.48996912435707,32.03111541555794,32.03111541555794,35.31015777825039,29.375001650275195,26.052665789622935,-14.72189875910805,9.596070736213013,904724.75,-42.90031305101358,36.257843017578125,28.212690353393555
FHI,Federated Hermes,ok,Financials,Asset Management & Custody Banks,2026-10-09,56.90999984741211,10.597766,754,False,False,1.7158160346416818,0.6188091683575703,1.4981276211161187,-6.68962406750544,-1.4900615242434245,11.533933574180288,55.11940438406808,48.39104718516072,42.57830369377642,42.57830369377642,88.2721911427883,22.30177929942299,40.27566256163822,-12.968343204448407,23.536214583445986,745063.0,-33.99752772584331,65.38999938964844,46.06746292114258
FHN,First Horizon,ok,Financials,Regional Banks,2026-10-09,23.165000915527344,11.139423,754,False,False,-0.6220444175766393,-0.7497825017843573,-1.088809393406942,-5.79503549498993,-9.662470077180663,3.2761614509016157,23.542471408843994,21.522072926935447,18.796020332002513,18.796020332002513,146.5026634988019,30.741217940147504,37.601287477757865,-11.040614993093545,19.43571099763285,5415454.15,-64.78443086809257,26.039974212646484,19.39537239074707
FIVE,Five Below,ok,Consumer Discretionary,Specialty Stores,2026-10-09,215.8800048828125,19.350807,754,False,False,2.9323460070360907,2.839180052331436,-2.4006498937493292,-10.52718585253235,12.713416310086512,40.40063254113526,204.1632536630782,156.0087448287295,153.17903180210914,153.17903180210914,30.77296007286654,49.97726901386998,32.54050011085113,-17.82886575831802,55.881288410713836,1084248.7,-42.211228844452386,262.7200012207031,138.49000549316406
FLG,Flagstar Bank,ok,Financials,Regional Banks,2026-10-09,11.395000457763672,379.83334,754,False,False,0.39647642979301345,-1.4273352583364263,-2.6068321066119893,-14.129615187036581,-23.36384363625822,-4.435874869272927,13.208927211307344,12.279174610913037,13.656491838652512,13.656491838652512,-63.898038366834356,59.401412826448265,13.23077862079326,-25.758723076212835,6.6181748354308025,5789365.1,-21.105303930477625,15.348605155944824,10.687671661376953
FLR,Fluor,ok,Industrials,Construction & Engineering,2026-10-09,50.51499938964844,15.0041,754,False,False,-0.9703958991816086,-2.85577040452224,1.232460611149655,-5.667600169285658,1.783192227456487,14.702539372196476,48.16708331637912,46.78642431008388,44.97560344260947,44.97560344260947,37.86845041247455,46.438278319905194,34.56338376017891,-12.1478271484375,27.466560757402682,2276356.05,-64.03370202126332,57.5,39.630001068115234
FLS,Flowserve,ok,Industrials,Industrial Machinery & Supplies & Components,2026-10-09,72.79000091552734,25.344948,754,False,False,4.5082545884536085,-0.7499256201614068,-2.124514955900414,0.23508263770368742,6.789357565720522,40.50862581752745,73.53144215780591,63.17594155847314,56.39065456137417,56.39065456137417,98.10267888427735,38.9825078821792,44.835441395370204,-20.211083219652597,50.03998007483339,1589946.15,-47.13512781549236,91.22821044921875,48.513736724853516
FN,Fabrinet,ok,Information Technology,Electronic Manufacturing Services,2026-10-09,488.625,37.390804,754,False,False,0.2657364544388363,-0.10937191473220365,5.377514595377675,20.961749036801947,2.9464404432738567,27.435257891567446,512.9728773813399,385.4233170771504,325.2810809795673,325.2810809795673,178.3394995760482,63.13247218448718,78.29859140845663,-34.541908023473766,35.00165682269468,836284.0,-43.143716727810165,746.469970703125,361.94000244140625
FNB,FNB Corporation,ok,Financials,Regional Banks,2026-10-09,17.125,10.193453,754,False,False,-0.8969946787403593,-0.8969946787403593,-1.862468474097112,-6.215773355175569,-8.885379201962406,9.151495545464371,17.279043038686115,15.785026056358063,14.629261410204737,14.629261410204737,73.86474620366931,28.51979561263282,33.403847270521894,-11.50335049857055,20.32741204781558,4946145.25,-25.27301942861464,19.351015090942383,14.232002258300781
FND,Floor & Decor,ok,Consumer Discretionary,Home Improvement Retail,2026-10-09,45.790000915527344,21.34112,754,False,False,-1.5268797515541,-2.491478261830238,0.6594838997391328,-2.30424160650603,-16.669699217893353,-35.049644091450574,57.819523720514205,73.1018923497295,84.33202915039872,84.33202915039872,-47.62067962180125,44.54789335828352,44.1971392789673,-40.26092628312926,5.2885701271410746,2519229.6,-58.15022179796554,76.6500015258789,43.4900016784668
FNF,Fidelity National Financial,ok,Financials,Property & Casualty Insurance,2026-10-09,39.0099983215332,13.545137,754,False,False,-1.9109935315127835,-0.1791287263089525,-0.6367804653289566,-10.169166355627512,-21.10181926840877,-25.46306075428818,49.041598849826386,51.31567988452684,48.977899961193295,48.977899961193295,15.165669848646136,25.804365721635254,28.081292403412192,-29.958979076808685,0.9314276363307608,2928979.7,-67.28232701646925,55.69593048095703,38.650001525878906
FORM,"FormFactor, Inc.",ok,Information Technology,Semiconductor Materials & Equipment,2026-10-09,140.75999450683594,96.85517,754,False,False,2.647115507015063,-0.3821716442030554,-5.625209341591663,25.544051960993187,27.615585323950455,268.57816069255483,98.32567440517364,67.01715131204917,59.77350129752323,59.77350129752323,309.9009722812367,67.51378175517941,70.75673541444013,-11.986493495193095,269.06134441375883,1961400.7,-75.85327669149908,159.92999267578125,38.13999938964844
FOUR,Shift4,ok,Financials,Transaction & Payment Processing Services,2026-10-09,39.185001373291016,62.222225,754,False,False,-0.8476697383409171,1.7792243462104285,8.335646549560272,-8.935620532380339,-20.404221536356747,-50.71069009648929,52.84025802309551,73.97387448345047,72.65056368273828,72.65056368273828,-25.926275533051644,54.164368306920096,48.942267006914,-50.62996092062191,10.132094875525942,2128728.5,-51.41841714431878,79.37000274658203,35.58000183105469
FR,First Industrial Realty Trust,ok,Real Estate,Industrial REITs,2026-10-09,59.63999938964844,21.672728,754,False,False,0.5733560825670336,0.6412438050595659,0.3027250385928548,-1.0666758295806877,-7.631840083525754,19.20179624588636,59.20158516414582,54.00573396872714,51.48768994662743,51.48768994662743,40.15844428048781,22.264517212133413,36.34819979225778,-12.675468527681359,22.593335456240677,1236672.65,-60.89886842730774,68.29695892333984,48.64864730834961
FTI,TechnipFMC,ok,Energy,Oil & Gas Equipment & Services,2026-10-09,69.80500030517578,24.327526,754,False,False,0.2513328431148487,-0.12161837918865936,1.4312708728849932,-7.640912127506782,-4.369165992248137,84.68663158296322,62.310271974593874,46.91793023067642,39.03506239529314,39.03506239529314,254.13721040746378,35.29817849145228,42.44099382214112,-12.830920692979186,96.88832097672476,2953470.8,-69.7807745382145,80.08000183105469,35.45410919189453
G,Genpact,ok,Industrials,Data Processing & Outsourced Services,2026-10-09,34.4900016784668,10.258929,754,False,False,-0.5191707527684386,3.109120752785155,3.6046882845826023,0.23249587738869426,13.769558229035471,-13.797438906839787,37.1758337020874,40.64292750415574,38.141436189808324,38.141436189808324,-1.7674445185545506,33.17848540114879,52.766533589705965,-27.732039311430505,26.09804363764877,1869105.0,-66.06397179398697,47.725162506103516,27.351734161376953
GAP,Gap Inc.,ok,Consumer Discretionary,Apparel Retail,2026-10-09,23.264999389648438,7.00753,754,False,False,-0.4066832971786227,-1.4821104588694012,4.119972250744763,12.087066066213147,18.3707375583966,15.84952353526463,23.15013881713625,22.200871087640405,21.243196355885473,21.243196355885473,144.06359128378617,54.96455522770071,70.58700343853656,-18.21812331110947,27.724278174203643,6185093.95,-74.07025644291143,28.447622299194336,18.215017318725586
GATX,GATX,ok,Industrials,Construction Machinery & Heavy Transportation Equipment,2026-10-09,165.4199981689453,16.378218,754,False,False,1.6218204997211272,-3.1952285567943384,-3.280126673912276,-6.1165267315455685,-7.882218015733578,-3.500656074818431,174.6595657590836,163.61088142546998,149.72811833996354,149.72811833996354,60.315660647280446,24.347283963967932,30.46426301485006,-16.979255851139598,10.367435871436232,274330.45,-76.74009574948752,199.25140380859375,149.88116455078125
GBCI,Glacier Bancorp,ok,Financials,Regional Banks,2026-10-09,42.91999816894531,17.666666,754,False,False,-0.13960301053994595,-1.5144645121126676,-1.4663458233310611,-5.79985586010393,-16.410104469353104,-7.934837370409831,46.005230797661675,45.57303424850403,42.303302124893634,42.303302124893634,55.541118296792405,33.9528916119382,34.46181082953862,-20.627170655583047,9.983266760756516,1121829.65,-58.8624707860057,54.073917388916016,39.02411651611328
GEF,"Greif, Inc.",ok,Materials,"Metal, Glass & Plastic Containers",2026-10-09,82.23999786376953,37.21267,754,False,False,0.4396685667164446,-0.36346383381414826,0.07300749375875881,-0.9329307430507416,16.11504084841824,40.03536687218963,70.05622694227431,64.19965373947326,62.16660257233232,62.16660257233232,37.130988593663794,27.236174365424006,44.85713413783483,-8.056266759082135,49.891447407301314,392415.05,-57.723079173441484,89.44600677490234,54.866371154785156
GGG,Graco Inc.,ok,Industrials,Industrial Machinery & Supplies & Components,2026-10-09,78.66000366210938,24.742138,754,False,False,0.3700407111954407,-0.2915397760406613,0.8461585411658756,3.5408745533535457,6.834873094442662,-4.508488130066213,81.2881323193747,82.28899368346924,81.79796374697901,81.79796374697901,8.700649602451405,20.660974448654965,60.117326985206596,-16.432029377962685,7.900435573435254,1498127.25,-68.93821936687955,94.1269760131836,72.90054321289062
GHC,Graham Holdings,ok,Consumer Discretionary,Education Services,2026-10-09,1178.6199951171875,9.530363,754,False,False,-0.5064915352375521,1.8096651357132787,2.5234653608852797,3.6787424782548817,-0.3216979324447755,8.93412215124485,1112.807617914109,1028.9683724817526,918.6229828447499,918.6229828447499,103.22011714472646,27.018008574305846,64.51466279495631,-4.484745662109491,24.848340104016415,33028.05,-64.99641970991324,1233.9599609375,944.0413818359375
GLPI,Gaming and Leisure Properties,ok,Real Estate,Other Specialized REITs,2026-10-09,38.29999923706055,11.191521,754,False,False,0.10455022812907444,0.577724252698042,1.645432396134039,-4.631475640982652,-11.25790217674625,-9.046070898681569,43.014567178393165,43.17887250740689,41.910503999624076,41.910503999624076,0.2423660921101023,18.295185534607896,34.46715862626151,-18.87795109382215,1.8887977695945186,3379838.25,-61.93412510199268,47.21281051635742,37.59000015258789
GME,GameStop,ok,Consumer Discretionary,Computer & Electronics Retail,2026-10-09,26.39299964904785,17.398026,754,False,False,4.402685649412574,6.5953126214480795,6.854246290747579,29.440904556608306,19.80480629329793,8.123719025119014,22.31663893896436,23.989089646662375,22.037802386347117,22.037802386347117,71.38311884949718,97.2383789661458,68.74033092204091,-0.5164004298975345,47.69445108867762,10428079.05,22.705063306937625,26.530000686645508,17.8700008392334
GMED,Globus Medical,ok,Health Care,Health Care Equipment,2026-10-09,75.12999725341797,19.264101,754,False,False,2.454650726056573,-1.7009067729517935,-0.6216947489278257,2.1343117821253976,-5.793106892265865,24.346242188456912,82.69662695082407,76.63758955723736,70.64785139756746,70.64785139756746,41.16872516002805,40.89736224035202,53.403551811889,-22.40239879133748,32.80890517715853,1638037.75,-68.562690328718,96.81999969482422,56.56999969482422
GNTX,Gentex,ok,Consumer Discretionary,Automotive Parts & Equipment,2026-10-09,21.145000457763672,11.185132,754,False,False,-0.023636694358242227,-1.329901826275326,-3.698347532800428,-6.246009391577145,-11.068992730742256,-18.839997645598782,23.12233304977417,24.116063741098838,26.442084851252304,26.442084851252304,-28.80846309577584,26.391975572068944,36.05584144555199,-19.834170732903114,3.8203415598369337,2250857.35,-58.56925362240304,26.376575469970703,20.366914749145508
GPK,Graphic Packaging,ok,Materials,Paper & Plastic Packaging Products & Materials,2026-10-09,8.404999732971191,12.734848,754,False,False,-2.0396292807806193,-2.3809515897840083,-4.271070744931538,-9.443546124111101,-18.080429013233868,-53.42901683984341,11.92033454728505,17.754420118977823,20.05687775219783,20.05687775219783,-57.94651853319386,34.9292117958289,27.345822980548604,-51.733650315887246,0.0,7259389.85,-55.55415721336414,17.413787841796875,8.404999732971191
GWRE,Guidewire Software,ok,Information Technology,Application Software,2026-10-09,167.44000244140625,102.69939,754,False,False,1.6142758112725364,1.774859040308252,10.0492994796467,19.523168547701776,19.3357603555534,-27.420890916192075,165.1538886721172,186.06221104048163,164.89999990690924,164.89999990690924,83.03453902170783,46.13503205060188,69.53698091431183,-34.13837656636967,63.05384989833418,1277794.1,-62.94536028926727,254.22999572753906,102.69000244140625
GXO,GXO Logistics,ok,Industrials,Air Freight & Logistics,2026-10-09,46.709999084472656,41.296463,754,False,False,0.7549578721164796,0.6680981646538298,0.32216002310447855,2.8175187556647385,-4.654016158150698,-14.403519615736881,52.28650795467316,49.78739043535939,50.74737398820467,50.74737398820467,-16.01941750902184,39.206970747738296,58.2183021201481,-28.78487316290823,5.7505117066388,1240280.4,-76.94811592604383,65.58999633789062,44.16999816894531
H,Hyatt,ok,Consumer Discretionary,"Hotels, Resorts & Cruise Lines",2026-10-09,161.83990478515625,199.6605,754,False,False,1.51158014180921,1.709344992102091,1.8501642552529507,0.27876906698636184,-12.312295131843154,11.946691187335713,165.59914937095036,153.32840985605915,148.0916180294452,148.0916180294452,56.81618061640563,32.36986820132078,59.32124609439308,-19.849207079704335,19.93227198672759,773719.05,-58.73424597727044,201.91928100585938,134.9427490234375
HAE,Haemonetics,ok,Health Care,Health Care Supplies,2026-10-09,120.08499908447266,58.062805,754,False,False,0.514771789977142,16.00174167172923,14.716276972092434,18.82545219224685,56.17765644128681,135.5531584204579,74.09533721681625,71.29425302634677,75.28515251625122,75.28515251625122,32.32506786167786,42.88408674507005,71.01609473270994,0.0,147.19019052755266,681258.35,-3.6096952059376575,120.08499908447266,48.58000183105469
HALO,Halozyme,ok,Health Care,Biotechnology,2026-10-09,111.2031021118164,32.514618,754,False,False,1.2409921880665253,1.3517142495560241,1.2225573402539158,3.928132814781682,46.108397346001205,70.55691306257718,76.84997283087836,67.69729715324493,59.98724559004806,59.98724559004806,200.22435033256042,41.1148110275665,49.537530736249465,-3.4862862925963487,80.43663830041406,2680809.1,-60.758787337748146,115.22000122070312,61.630001068115234
HGV,Hilton Grand Vacations,ok,Consumer Discretionary,"Hotels, Resorts & Cruise Lines",2026-10-09,34.38999938964844,19.539772,754,False,False,-0.49190386830817445,-0.9789811605796506,-1.3482536215548957,-12.270411427742866,-30.763034714284,-18.929748057310025,44.700833396306116,42.84085659011902,42.05936341829578,42.05936341829578,-8.317779449469299,38.81239586617559,37.6320931916812,-37.11830270031608,0.9985320417212498,1184186.75,-77.94815724800164,54.689998626708984,34.04999923706055
HIMS,Hims & Hers Health,ok,Health Care,Health Care Services,2026-10-09,31.05500030517578,42.077965,754,False,False,10.673559858290659,5.378354356130033,7.086207948881995,13.174197160205402,-9.671322453864406,-46.613372386601114,30.472956331949387,35.461065721701814,28.154900523016245,28.154900523016245,392.1553183326357,95.0320454461248,57.0078051517043,-50.51784395201189,113.87740582729143,10046307.0,9.261443035734418,62.7599983215332,14.520000457763672
HL,Hecla Mining,ok,Materials,Silver,2026-10-09,17.145000457763672,22.25117,754,False,False,2.480579359728252,0.26315833502967845,-0.3197692019542786,-14.360639032278776,12.447736469839432,28.64123194458974,18.281842428540426,12.369605080539962,9.882772845678051,9.882772845678051,356.40131339066323,62.97296542336159,38.91445081552704,-46.06849609468512,43.364586534770254,39193727.15,-41.51017352275465,31.790325164794922,11.959020614624023
HLI,Houlihan Lokey,ok,Financials,Investment Banking & Brokerage,2026-10-09,130.53500366210938,21.894297,754,False,False,3.987098646923548,2.0282954284697396,3.2958778388884724,-3.9972034344338936,-0.9778543690455388,-30.572370362410982,153.75803523593478,164.25615061421794,151.011870983741,151.011870983741,26.54883882206476,27.463622700085118,45.68158968258555,-34.33123693589752,6.3491023579133765,853785.35,-42.443730148332946,198.77792358398438,122.74198913574219
HLNE,Hamilton Lane,ok,Financials,Asset Management & Custody Banks,2026-10-09,86.9000015258789,13.246951,754,False,False,1.447580913795865,0.46242950968660157,-0.16084488531233898,-8.656069419788782,7.942701126985874,-25.725152813989983,104.97544052487328,128.46092889793366,123.63158499720242,123.63158499720242,4.1062732167956195,38.19397073381841,44.99306829257164,-42.39345084772508,18.57750802026804,657768.9,-71.36106617384921,150.8509063720703,73.285400390625
HOG,Harley-Davidson,ok,Consumer Discretionary,Motorcycle Manufacturers,2026-10-09,26.825000762939453,14.730768,754,False,False,0.28037668388580794,-0.42687367794510545,9.26680894736882,0.18190704142020397,6.376697918797913,2.959441566122667,23.301822533683172,24.748297307595788,27.45474829787601,27.45474829787601,-4.589362574812483,40.096833131475904,55.657787700745324,-5.064877951149409,58.3361272522946,2038322.6,-65.12073211571122,28.256139755249023,16.94180679321289
HOMB,Home BancShares,ok,Financials,Regional Banks,2026-10-09,28.315000534057617,11.6962805,754,False,False,-0.5793504593776921,-0.823112817102567,-1.2382265130506998,-4.887470276563621,-1.970512734668095,3.9925849352127507,27.896310427832226,27.741640231523856,26.02161402664387,26.02161402664387,45.29742328612696,25.338043147009948,31.888105023184295,-9.796109956615261,11.084817136610871,1566099.2,-65.0415503692231,31.389999389648438,25.489532470703125
HQY,HealthEquity,ok,Health Care,Managed Health Care,2026-10-09,93.06999969482422,33.599277,754,False,False,0.021490212155383936,2.21855746882087,3.365169645144195,-1.5653128600359945,-2.70750979315616,1.064180036817275,90.30954357934377,93.28188238865826,87.67258621337243,87.67258621337243,25.414365776885894,35.827361053193485,44.98964469274685,-12.84764594351476,27.12744277927977,926420.5,-64.74495113180245,106.79000091552734,73.20999908447266
HR,Healthcare Realty Trust,ok,Real Estate,Health Care REITs,2026-10-09,17.264999389648438,383.66663,754,False,False,0.4362935035530091,1.3204135095794989,-1.1734397925782791,-8.554024591665232,-16.008710314492536,2.7289501047169207,18.189156645820255,16.733924512369224,15.68888988418984,15.68888988418984,48.132852367211655,23.787140560117848,28.104534423722612,-20.079625197211072,9.67962462021271,4739130.65,-51.25660863559438,21.602750778198242,15.741300582885742
HRB,H&R Block,ok,Consumer Discretionary,Specialized Consumer Services,2026-10-09,44.06999969482422,7.745167,754,False,False,-1.1661817806329244,3.3778995792379085,5.734163560818528,-1.8048158511887347,8.838546304085249,-8.779347961092343,39.53624169788663,45.88055419921875,46.18925973401462,46.18925973401462,14.514687579423002,35.11813281574347,47.922703533479044,-17.919102824944176,60.792082239598265,2077533.95,-69.23376390551886,53.69093322753906,27.408065795898438
HUBS,HubSpot,ok,Information Technology,Application Software,2026-10-09,228.61000061035156,81.53214,754,False,False,-1.3932003875774646,5.306556942647234,6.563185527045956,2.2634746094913893,5.06457303089809,-50.25459095116218,277.201546926347,440.5574692198005,477.0136729678045,477.0136729678045,-53.15176944476183,54.05882711821136,58.12135249231935,-53.77694067348837,34.25534545995464,1801832.6,-51.57974164747603,494.5799865722656,170.27999877929688
HWC,Hancock Whitney,ok,Financials,Regional Banks,2026-10-09,72.6500015258789,14.21135,754,False,False,-0.08251624171257133,-0.09625920468808724,-0.6019904693628009,-2.352150489393856,-3.695440977740394,18.981656728913787,67.27772329724024,60.85835857315367,54.653536025029595,54.653536025029595,127.59180955615518,30.40985333026252,40.12738337633981,-8.330800706407972,37.116964067922744,909949.55,-45.976015923080574,79.25235748291016,52.98396301269531
HXL,Hexcel,ok,Industrials,Aerospace & Defense,2026-10-09,85.43000030517578,43.123737,754,False,False,0.3524058045776268,-0.6743423051379871,-1.1341318312700466,-4.887552220623537,-13.730911174159921,31.317604199918804,85.88891211010161,72.47329290169644,70.17244602577756,70.17244602577756,30.808530681559443,31.085759913307665,43.61791661587932,-22.3984965761722,40.71426291488315,915118.8,-56.23781305771447,110.08807373046875,60.71168518066406
IBOC,Intl Bancshares Corp,ok,Financials,Regional Banks,2026-10-09,67.99500274658203,10.262444,754,False,False,-0.5921034652954571,-1.3707566889447076,-2.641743539593544,-4.286314934829571,-9.47944572691971,2.2060637337117717,69.85480597662547,66.94395974147842,61.87133926674921,61.87133926674921,66.35195291202307,27.075173571475798,34.72123362533584,-11.770359265698179,9.393683004778602,400288.1,-67.33302838630476,77.0659408569336,62.15624237060547
IDA,Idacorp,ok,Utilities,Electric Utilities,2026-10-09,135.02499389648438,22.386402,754,False,False,0.7047971752121684,1.7674113281219483,1.683109212556122,-0.31377117854067826,-10.013957042815324,2.76453978047706,136.45314150007945,124.22586172035491,112.55129121532491,112.55129121532491,53.446738978610476,17.935510504246945,64.02832394715671,-12.09839816206242,10.29868214297088,677493.95,-64.97695662079343,153.6092529296875,122.41759490966797
IDCC,InterDigital,ok,Information Technology,Communications Equipment,2026-10-09,333.55999755859375,38.96729,754,False,False,1.6021961502301396,-1.688823968292441,-0.4684770988404141,-3.7178168779717913,27.54665477641778,-4.1461729351285666,324.50465944078235,271.0824658823203,216.51094280819677,216.51094280819677,327.94039111770957,38.84154606925916,54.719303991467854,-15.292140402728545,33.3631374402685,204505.2,-76.18446865898764,393.77691650390625,250.1140899658203
IESC,IES Holdings,ok,Industrials,Construction & Engineering,2026-10-09,299.635009765625,26.601242,754,False,False,-0.2646150283051707,-12.348982180537826,-11.700650380372558,-6.223391315651305,-0.6037308678602082,49.81750488281249,274.2005552867102,203.0484661543037,155.32269225892085,155.32269225892085,768.6331904439148,66.3361790396173,35.696229589312225,-24.52138609670593,67.42191860194468,247553.9,-59.815619951856945,396.9800109863281,178.97000122070312
INGR,Ingredion,ok,Consumer Staples,Agricultural Products & Services,2026-10-09,95.20999908447266,10.360174,754,False,False,0.10513981019806273,-1.5917322124313626,-0.12588140593420283,-5.031132804889927,-3.3198986604631275,-19.169390844301837,105.74175846765912,116.66719848511228,113.41418073537811,113.41418073537811,8.86731922918016,20.582711009983402,44.55873427078494,-19.10289229006797,2.292057043838639,687121.35,-49.40820860827567,117.69271087646484,93.07662963867188
IPGP,IPG Photonics,ok,Information Technology,Electronic Manufacturing Services,2026-10-09,78.44000244140625,120.592316,754,False,False,0.9004432684232899,-6.273150731087229,-6.674598937131426,0.1404322836463301,-25.102644965958387,-10.63004962800942,97.44313494364421,84.53812745082901,85.47236064637687,85.47236064637687,-17.889664562200693,52.80745475863055,51.93929766718187,-49.03515003897232,10.88493753203855,421297.2,-77.17905554558635,153.91000366210938,70.73999786376953
IRT,Independence Realty Trust,ok,Real Estate,Multi-Family Residential REITs,2026-10-09,14.824999809265137,82.36111,754,False,False,1.2636575246172121,0.644944127502578,2.1709136830770026,-1.463230995885012,-10.883914739169953,-5.304519848866274,15.874388312536572,16.849113276280256,16.223523396712082,16.223523396712082,17.50641744089563,24.37100039421685,60.862263019038224,-13.503460776548915,2.9296925306685697,3877329.25,-63.31276225768033,17.139413833618164,14.403035163879395
ITT,ITT Inc.,ok,Industrials,Industrial Machinery & Supplies & Components,2026-10-09,202.10000610351562,39.53914,754,False,False,1.7111269287835462,-2.513140473896147,-1.9740952134531975,2.991393010132315,4.104122152956546,13.382319932899378,193.15237559969464,171.51699873175755,155.1792946974858,155.1792946974858,109.48192990985754,29.44708455942125,45.50026812201815,-8.479592857707495,19.949900221563823,891935.6,-41.03699863532748,220.8250732421875,168.4870147705078
JAZZ,Jazz Pharmaceuticals,ok,Health Care,Pharmaceuticals,2026-10-09,220.77999877929688,15.130226,754,False,False,-0.7507296884044834,-4.585332399126241,-6.318156534704178,-8.191948310978036,-6.832089445080269,60.24096438914452,200.99404792180138,160.5689644832535,145.74689672859657,145.74689672859657,71.33322810302798,33.764521927771575,21.686715777273335,-15.610426228926865,68.32875313732374,819220.5,7.017585619500499,261.6199951171875,131.16000366210938
JEF,Jefferies,ok,Financials,Multi-Sector Holdings,2026-10-09,44.61000061035156,12.256868,754,False,False,0.4729708947200262,-0.7784663728829355,-2.9584524129598444,-17.28166074927643,-14.547505086195322,-15.581726070077107,52.28585573226687,56.08045250486093,51.53277535274111,51.53277535274111,37.6962371820595,38.02755961065555,30.941189036649817,-31.140927567820416,25.725402914416158,2741467.1,-69.43818877126047,64.78449249267578,35.48208999633789
JLL,Jones Lang LaSalle,ok,Real Estate,Real Estate Services,2026-10-09,301.260009765625,14.455515,754,False,False,-0.6201770772468973,-0.7772825866266264,-1.808933162912607,-11.95347014809891,-6.42646425125819,6.182154402035844,323.8559518238855,293.05573725605393,260.46864739779767,260.46864739779767,122.82545603973243,33.85966037236854,17.642173570987296,-23.30252725072281,7.531412702636726,439738.65,-49.976423496092515,392.7900085449219,280.1600036621094
KBH,KB Home,ok,Consumer Discretionary,Homebuilding,2026-10-09,43.2599983215332,12.183099,754,False,False,-2.501691767123082,-4.71366328727073,-5.442626619599555,-9.40314487637025,-20.73671349859756,-27.006457669972363,55.65804558708554,58.721049981288225,60.57466329377273,60.57466329377273,1.7730948039254457,37.1810169106006,25.583837336675586,-34.20135552640545,0.0,1860127.45,-52.608139834719395,65.74603271484375,43.2599983215332
KBR,"KBR, Inc.",ok,Industrials,Diversified Support Services,2026-10-09,35.650001525878906,10.69069,754,False,False,1.3359898141728443,3.0049144674568096,4.117990006696881,-1.7542852643422924,0.169417258651694,-22.636104669938074,38.1509697550819,45.35403288503092,49.7833849024077,49.7833849024077,-39.04736996234743,30.33859588503349,49.279999218750476,-19.849902863794217,19.681277114730467,1590849.9,-58.04142175826896,44.47904968261719,29.787450790405273
KD,Kyndryl,ok,Information Technology,IT Consulting & Other Services,2026-10-09,11.6899995803833,31.581081,754,False,False,-1.5993310793546156,1.8292686979155093,1.1245601734235278,-7.807576506038227,-5.113637419208617,-61.175691320430005,17.04210312782772,25.67358565425493,24.399350110668717,24.399350110668717,-23.744294595161207,56.87495417556416,42.521986261488145,-60.71908773361415,10.387152143020527,4319748.75,-65.2184632265939,29.760000228881836,10.59000015258789
KEX,Kirby Corporation,ok,Industrials,Marine Transportation,2026-10-09,136.36000061035156,20.946236,754,False,False,-1.2671059244560134,-1.5451259131035622,-1.095230695810545,-1.6090596626485265,-4.483044370093414,65.82755082528371,128.56976197257873,117.67659371972559,111.59713538698556,111.59713538698556,65.92844987098823,31.493912228561783,51.48192271736323,-10.636343218463585,70.55660514737471,472086.25,-63.41240610163928,152.58999633789062,79.94999694824219
KNF,Knife River Corporation,ok,Materials,Construction Materials,2026-10-09,49.994998931884766,20.321138,754,False,False,-4.352403875942567,-6.077401161321994,-0.6656127299467296,-12.565584706092858,-36.239004467686044,-26.95061784270517,74.644623256865,83.02602599246569,78.95649207745053,78.95649207745053,-1.9898047893484594,42.995738084864506,37.80130437039362,-46.79685188631236,0.0,1154817.1,-70.26005243600913,93.97000122070312,49.994998931884766
KNSL,Kinsale Capital Group,ok,Financials,Property & Casualty Insurance,2026-10-09,341.989990234375,13.865111,754,False,False,0.6889434358723356,1.6465976597839438,3.7213359724145967,-5.709958995213615,-0.796007736020643,-28.416803098313192,363.49997468978637,410.9729446471925,412.90949870547183,412.90949870547183,-21.671076238386956,39.09780110371975,39.62335849749987,-28.023106437196027,17.923524949418855,229586.65,-11.217398746834794,475.1385803222656,290.0099792480469
KNX,Knight-Swift,ok,Industrials,Cargo Ground Transportation,2026-10-09,64.48500061035156,239.03703,754,False,False,-0.86856635649456,-0.22434883061787092,-3.4077313557248523,-6.5840913361111415,-12.994867299379266,42.31505620164535,61.19940503438314,53.988450046554505,52.87297679385077,52.87297679385077,35.728018469669905,35.73050749190794,42.21655001463018,-21.563467385956223,56.62166112378123,3601074.45,-53.68079657447793,82.21296691894531,41.17246627807617
KRC,Kilroy Realty Corp,ok,Real Estate,Office REITs,2026-10-09,34.279998779296875,23.965036,754,False,False,0.26323532086247603,1.1209358003358316,1.9327912296675631,-0.04047860190312669,-10.585489535782234,-11.765409370075265,34.691646697029235,34.215373043045105,32.70521774089621,32.70521774089621,38.34952117724082,33.50326387781517,53.84416787068372,-15.9660781961038,28.739474898921497,1485717.95,-69.74129578228492,40.79304885864258,26.627418518066406
KRG,Kite Realty Group Trust,ok,Real Estate,Retail REITs,2026-10-09,23.90999984741211,14.9375,754,False,False,-0.7059803855173019,-0.9117253253460245,-1.9680178525959602,-7.861274973219945,-15.957823528220782,12.93873165122179,24.920364024147155,23.315465999314508,22.187840373193552,22.187840373193552,32.404642755783605,21.975646247982006,21.58588864783293,-19.84579313253464,16.645106949040343,2187508.65,-70.9407777656102,29.829999923706055,20.49807357788086
KRYS,Krystal Biotech,ok,Health Care,Biotechnology,2026-10-09,331.82000732421875,41.53947,754,False,False,1.381002046999491,1.5330038257861833,2.9601615306741547,-3.97337026588932,-8.700196705035312,77.27322379960329,284.0957138424828,222.62495019616358,199.77751328647926,199.77751328647926,183.34045392779942,48.72149648068723,48.7897948260222,-12.251748597131565,82.85116277740062,302354.3,-62.26744584085624,378.1499938964844,181.47000122070312
KTOS,Kratos Defense & Security Solutions,ok,Industrials,Aerospace & Defense,2026-10-09,42.242000579833984,248.14706,754,False,False,0.7440979546563309,-3.3584958485166294,-1.9224497814188224,-10.085140503551415,-10.04684539314371,-60.02460366063656,70.66024601648725,55.88572108128157,43.7852546049366,43.7852546049366,151.29090970774675,55.50466473826984,25.264965670104814,-67.6851283771685,0.7440979546563233,4548594.0,-30.649339114460428,130.72000122070312,41.93000030517578
LAD,Lithia Motors,ok,Consumer Discretionary,Automotive Retail,2026-10-09,288.20001220703125,9.546207,754,False,False,-0.23193232993424795,-1.4734530151796044,-6.3586371333207765,-21.289084525149725,-9.190504740369853,-3.6613674528181095,310.5887361556765,319.07947263679654,303.74829728913244,303.74829728913244,9.319692919362454,37.88339857272554,33.894211577548305,-32.45582113370371,19.055286981755064,342740.85,-63.261747177204,426.6837158203125,242.07241821289062
LAMR,Lamar Advertising Company,ok,Real Estate,Other Specialized REITs,2026-10-09,146.90499877929688,26.807482,754,False,False,0.827043140901873,1.4957808511587123,1.9324200364042587,0.5923072671396801,-5.50478111612247,27.594325056822335,135.89219480847555,124.91810873875104,116.14889856232256,116.14889856232256,114.22924118420173,24.59947729081225,52.90798802533053,-9.587517180836498,32.73722057128109,580893.85,-68.5352151688299,162.48309326171875,110.67355346679688
LEA,Lear,ok,Consumer Discretionary,Automotive Parts & Equipment,2026-10-09,118.29000091552734,11.013967,754,False,False,-0.20247858452813183,-3.0409828561251295,-2.118326512963875,-7.470271977419285,-12.030906417426024,20.17359028330943,122.52566779605927,107.63451744170777,111.35979439409088,111.35979439409088,-5.262969762131309,32.16347668257329,46.01074927309468,-19.947410927626542,25.314312109239083,656227.85,-67.33497366806361,147.76536560058594,94.39464569091797
LECO,Lincoln Electric,ok,Industrials,Industrial Machinery & Supplies & Components,2026-10-09,263.1400146484375,26.287714,754,False,False,1.684834952356229,-4.50025169192908,-4.0965048598113345,5.118256288908518,5.059666630093584,10.115820826294053,256.9884363204714,230.06996097032768,220.695499167202,220.695499167202,48.3647748745728,29.636394073967114,55.38526136511739,-11.148157162733174,20.75110551632938,386750.7,-68.60665022713599,296.15594482421875,217.91934204101562
LFUS,Littelfuse,ok,Information Technology,Electronic Components,2026-10-09,427.9700012207031,21.218145,754,False,False,0.6277953219773202,-5.79158176219331,-6.25588628019178,3.5194202797132146,5.29857440133521,66.7835665443872,361.7589506724524,295.3350916402748,276.974859546287,276.974859546287,84.29108056922423,37.0669328794656,59.20487232670123,-12.329409667112696,83.2182273884821,196523.2,-73.45656899541633,488.1568603515625,233.5848388671875
LIVN,LivaNova,ok,Health Care,Health Care Equipment,2026-10-09,76.44000244140625,22.615385,754,False,False,0.6981935894194047,2.0152170426805283,1.824967033637126,-2.225630413120294,-7.881417993436224,43.22653920035737,68.66632939898778,57.87103589122514,55.82159814404556,55.82159814404556,51.63658534573561,39.95333307245685,43.041042852302695,-10.413120216371693,54.20617896309494,653691.9,-73.36084476494203,85.32499694824219,49.56999969482422
LNTH,Lantheus Holdings,ok,Health Care,Health Care Supplies,2026-10-09,100.29000091552734,24.28087,754,False,False,0.1697944109885885,0.34017406469879496,0.3301338876322113,-0.0996099957456531,-4.839167381779131,87.28291754319815,82.51160707927886,83.18467123479957,81.13127315328988,81.13127315328988,43.18960537491054,54.59714282465785,50.22835981563994,-9.59978483099798,97.8496816582743,936826.35,-17.719329734907653,110.94000244140625,50.689998626708984
LOPE,Grand Canyon Education,ok,Consumer Discretionary,Education Services,2026-10-09,160.1999969482422,19.403147,754,False,False,-0.062386838185735094,2.9893884958247963,2.8307361526164865,5.938365067483975,4.453284246267342,-24.075830830216972,162.51269827948676,170.15888439041686,158.81783818819162,158.81783818819162,38.29420063253372,29.126315528580005,66.81767656084628,-27.363412046452307,17.173782561364952,323059.55,-65.89142775689497,220.5500030517578,136.72000122070312
LPX,Louisiana-Pacific,ok,Industrials,Building Products,2026-10-09,65.41999816894531,84.93507,754,False,False,0.5533363416242665,-2.1976397579854257,0.49155100203486235,-0.4564866801361256,-9.022445903785691,-26.41946260060256,77.23060635157994,86.61228371426404,83.13088999376373,83.13088999376373,30.54626922411434,38.49546170351483,51.48592635080315,-32.834183565765706,1.347784780877417,1127260.05,-60.15994712134081,97.4007339477539,64.55000305175781
LSCC,Lattice Semiconductor,ok,Information Technology,Semiconductors,2026-10-09,124.88999938964844,499.66,754,False,False,-0.0720146942452149,-7.124266932467127,-6.7985079181728025,9.41825832966925,-4.474534081170356,69.52626916488005,104.86932569836813,80.67492044304471,75.04704251782647,75.04704251782647,56.75913425378927,57.99726273013087,59.83543731898821,-19.565920040488315,102.31654028151638,1921886.9,-71.36470413529537,155.27000427246094,61.72999954223633
LSTR,Landstar System,ok,Industrials,Cargo Ground Transportation,2026-10-09,170.1699981689453,44.00865,754,False,False,0.41305065392107654,0.6625229795734322,-1.9079995619738832,-2.0322388263188773,-19.87688543912862,33.09270515810476,165.7659030793205,156.65037115636574,162.4101039066871,162.4101039066871,1.7209519916983274,29.044329519877998,49.71096498475003,-24.32086145165097,42.968476329765124,338342.15,-76.84503689534397,224.85720825195312,119.02623748779297
M,Macy's,ok,Consumer Discretionary,Broadline Retail,2026-10-09,22.915000915527344,8.391941,754,False,False,0.5484861561143362,2.0258319216461818,0.8139083898671018,12.739119002705767,1.4553114976651127,33.91622753606629,20.96462907866826,17.12438413346431,16.604683435880222,16.604683435880222,134.15112358455633,47.90899834607036,60.583931850114354,-11.821743119979814,43.730780934339926,6471617.4,-50.30997969688382,25.987133026123047,15.943001747131348
MANH,Manhattan Associates,ok,Information Technology,Application Software,2026-10-09,205.90499877929688,59.073277,754,False,False,-0.42315504650617397,1.5110444176406723,0.8596644307040213,0.4316625150684539,30.064431782387757,-1.4336980395851961,165.96811521620978,192.97744050348896,206.86738067343634,206.86738067343634,-1.107059151934986,41.545521151146644,44.755659619145845,-7.97952992754189,70.338354945218,573565.5,-63.10621890612319,223.75999450683594,120.87999725341797
MAT,Mattel,ok,Consumer Discretionary,Leisure Products,2026-10-09,16.707700729370117,12.294117,754,False,False,0.770209929141652,4.881986247932812,9.415194685704687,20.98262289432895,20.720379661599964,-9.246600391913006,16.53725275917659,17.58884002297998,17.958737000230137,17.958737000230137,-19.867144250899127,39.47721786955491,83.05301975750183,-24.604238066719674,31.972361222306155,8926236.6,-37.420076900045416,22.15999984741211,12.65999984741211
MEDP,Medpace,ok,Health Care,Life Sciences Tools & Services,2026-10-09,616.094970703125,36.170578,754,False,False,2.222491824256423,2.188579491580911,2.77328320224286,5.647678008660417,16.202675996557005,16.025418211511287,534.5515288095626,446.88252027291225,414.9300267146184,414.9300267146184,148.47549033514628,52.830816908736324,46.55967949445349,-2.2366320766238714,56.59980419788503,259152.65,-63.86183973036741,630.1900024414062,393.4200134277344
MIDD,Middleby,ok,Industrials,Industrial Machinery & Supplies & Components,2026-10-09,106.3949966430664,13.657148,754,False,False,0.9440181240824685,0.44845022878821084,1.7452395080503447,0.6384746638000482,-21.14215973391892,-2.1537546818542253,117.42404683430989,116.4398058401161,114.13304284902719,114.13304284902719,6.7298710592125,35.68227475409984,35.46840753631899,-26.200348618475722,18.417782276400054,610905.15,-60.94270935512658,144.16734313964844,89.8471450805664
MKSI,MKS Instruments,ok,Information Technology,Semiconductor Materials & Equipment,2026-10-09,264.04998779296875,41.98331,754,False,False,1.4094718647109428,-6.168940564737313,-5.409280470597134,0.8440236350394148,-24.92243332328815,99.41004758245806,248.4063814556788,174.06696017139936,152.38493388148137,152.38493388148137,226.01257345031377,56.68940078645425,55.49558983825722,-40.58103116381693,118.66689715120353,1188662.65,-68.50637142506328,444.3866882324219,120.75444030761719
MLI,Mueller Industries,ok,Industrials,Industrial Machinery & Supplies & Components,2026-10-09,61.07500076293945,15.904948,754,False,False,0.9671004599771882,-3.255188136237319,-2.3737221511404227,1.52094567461456,8.513880342406344,23.11979345979074,60.30039007701571,50.556710201430604,42.439705785452844,42.439705785452844,241.28931725914566,32.40006582048982,56.84399419016935,-12.79223864870836,27.348241068212854,1878273.25,-78.16265551351486,70.03390502929688,47.95904541015625
MMS,Maximus Inc.,ok,Industrials,Data Processing & Outsourced Services,2026-10-09,59.48500061035156,8.792899,754,False,False,1.216607362631783,8.787491364957,12.981954200159084,5.2273162831500075,2.5312474788224293,-32.75118089250589,69.87487818702819,71.98251855705838,74.93421521680108,74.93421521680108,-17.858783341873885,29.464104802943723,63.50364792350322,-38.907173720491876,14.174668622876673,807650.75,-50.087955716007194,97.36822509765625,52.099998474121094
MOG-A,Moog Inc.,ok,Industrials,Aerospace & Defense,2026-10-09,367.260009765625,31.018581,754,False,False,1.1958547826833588,-2.256874617860194,-6.48537175876529,0.1472536385046741,-6.245378732607065,72.836964641698,318.74442927042645,253.95809067198005,221.68411041381188,221.68411041381188,223.63627366822212,33.652906962467625,48.69375722291593,-17.540076846903414,88.54458981748454,305577.9,-45.657719357322634,445.3800048828125,194.7868194580078
MOH,Molina Healthcare,ok,Health Care,Managed Health Care,2026-10-09,198.2100067138672,,754,False,False,1.25153875959354,1.557620829760098,4.574239598418672,-1.0335490703246686,-18.391797295334456,-2.3211075781484736,177.87841291276234,225.44298834629743,267.7384220497678,267.7384220497678,-41.42730192409546,46.82303553193171,50.47797133808495,-18.39179729533446,61.60619995756402,641668.9,-53.26592889261113,242.8800048828125,122.6500015258789
MORN,"Morningstar, Inc.",ok,Financials,Financial Exchanges & Data,2026-10-09,204.26499938964844,19.436726,754,False,False,0.7521918985721854,4.381928990373285,11.285751017966138,6.031859511208482,18.006639967165118,-9.519727754413921,190.6295685541062,243.99671115343315,257.6780028204071,257.6780028204071,-10.432818145323164,31.352045189876073,52.86580670130575,-8.98936858388221,44.825834708471,305728.8,-65.56556006499878,224.44081115722656,141.0418243408203
MP,MP Materials,ok,Materials,Diversified Metals & Mining,2026-10-09,46.220001220703125,57.841713,754,False,False,0.17338931970736216,-4.7599373927435735,-1.5967638503475712,-9.937643227685843,-6.626260160195708,-34.52329845795219,58.04011900462802,46.09774896538115,35.88281163865755,35.88281163865755,174.46556295666218,75.44991576266433,37.96179083705125,-53.14749061754631,21.312344020426753,5105216.55,-40.370188606397114,98.6500015258789,38.099998474121094
MSA,MSA Safety,ok,Industrials,Office Services & Supplies,2026-10-09,181.4499969482422,22.568407,754,False,False,1.880960544593968,-0.5480953777618813,0.12139338182950432,0.09929534481099012,7.954317053512949,5.772272782096888,172.92575563703264,167.63549310752595,168.99417991536998,168.99417991536998,20.488334377298134,22.93391591150733,58.44051185653788,-9.882977907531192,19.661073027575814,250783.6,-61.49189978930042,201.34930419921875,151.63661193847656
MSM,MSC Industrial Direct,ok,Industrials,Trading Companies & Distributors,2026-10-09,130.3800048828125,31.461353,754,False,False,1.132490486040738,0.04603863967294064,0.1998230674623347,8.940511823489672,5.153647172462894,51.13014415811548,101.02396250528002,89.86842396344797,87.64200439250754,87.64200439250754,44.407954333429785,27.112131306695186,71.24819316037325,0.0,65.25426220098063,820965.15,-60.80186838625246,130.3800048828125,78.8966064453125
MTDR,Matador Resources,ok,Energy,Oil & Gas Exploration & Production,2026-10-09,54.51499938964844,9.348199,754,False,False,0.06424347963691623,3.0334521770270406,1.897195120838191,-11.530346746825249,3.4360836444630394,23.551846493523687,50.24210392482697,49.32305658196073,51.42234932269595,51.42234932269595,-1.539883161986022,40.76306023055875,51.97765927194532,-15.495574551423665,51.29205787574042,1650234.95,-74.49460151113634,64.51141357421875,36.032955169677734
MTG,MGIC Investment Corporation,ok,Financials,Reinsurance,2026-10-09,27.514999389648438,8.598437,754,False,False,-1.2737762428956079,0.5665159935640984,2.096469798568412,-10.781455079404212,-2.6496613472068775,4.276574588287141,27.567489646729967,26.19697399823314,24.043815788602956,24.043815788602956,70.5427599282116,23.833253041930714,35.32978760324842,-12.567524658406096,11.291092436482083,2808586.7,-63.297056131469965,31.469999313354492,24.723451614379883
MTN,Vail Resorts,ok,Consumer Discretionary,"Hotels, Resorts & Cruise Lines",2026-10-09,147.06500244140625,35.71481,754,False,False,0.6674010048302925,2.8628987329937683,5.806829257153989,12.02049692061522,-1.3950408664094138,2.8837943526516696,134.1853455740308,140.41710681079394,152.23972715180497,152.23972715180497,-17.888916520366095,33.2031077549248,63.64684756395132,-6.657751519587723,27.45052326766145,1033967.05,-66.61005783501514,157.55459594726562,115.38987731933594
MTSI,MACOM Technology Solutions,ok,Information Technology,Semiconductors,2026-10-09,329.3599853515625,104.952225,754,False,False,2.2190478526738167,-6.0769462058846475,2.412928824867344,20.897109057861197,11.935833429444065,147.28581673872748,253.14353122408428,189.15159337929046,157.70948261291343,157.70948261291343,300.8763031536439,50.75927005115872,69.49335499009109,-19.605547930133753,169.5694749786395,1335833.75,-63.59015483775582,409.67999267578125,122.18000030517578
MTZ,MasTec,ok,Industrials,Construction & Engineering,2026-10-09,211.30999755859375,33.69378,754,False,False,-2.469309523256169,-7.441964636904652,-2.1395800833117318,-8.996554549613045,-41.336997148524055,-3.476155981181195,285.2067848084465,218.59458131524195,175.17261247103664,175.17261247103664,217.4252644243635,48.192726627952005,40.62450163943654,-51.70167702636268,11.168979126172635,1540146.1,-18.571231651334898,437.510009765625,190.0800018310547
MUR,Murphy Oil,ok,Energy,Oil & Gas Exploration & Production,2026-10-09,38.73500061035156,19.183168,754,False,False,0.3497464807439732,2.5006606825350275,2.8544895573421547,-0.24465932583899175,12.123716349020563,34.29884960176488,34.215417786250036,29.683364332434664,32.161124788481615,32.161124788481615,-3.3263937662141863,42.76289177189611,62.85858547074182,-7.648307616693494,51.73698508952561,1628351.85,-73.86701160440234,41.94292449951172,25.527725219726562
MUSA,Murphy USA,ok,Consumer Discretionary,Automotive Retail,2026-10-09,536.5750122070312,16.37897,754,False,False,3.5419402071676265,4.58939663676714,4.185272777434879,2.0531367318367577,-12.051755064311177,44.10616710817177,480.57584574865916,466.71910605867544,451.45468552485704,451.45468552485704,49.214874293663534,32.48433810591754,65.25677933414569,-13.743561486096873,51.23900360857802,228316.7,-40.33112777120552,622.0695190429688,354.7861328125
MZTI,The Marzetti Company,ok,Consumer Staples,Packaged Foods & Meats,2026-10-09,99.4749984741211,14.251432,754,False,False,-2.656819554184753,-0.7235513934153004,-0.05526002798185159,-1.966101037332979,-11.990259140425907,-37.95504705816292,134.29847196548704,152.66816772217769,159.25102268289825,159.25102268289825,-37.968230095543596,29.015649858384947,38.18820205472311,-41.34952808418643,0.2873233447929364,450117.95,-55.776258200767145,169.60647583007812,99.19000244140625
NBIX,Neurocrine Biosciences,ok,Health Care,Biotechnology,2026-10-09,142.5800018310547,20.898827,754,False,False,0.9415942166758784,-2.0136023547465687,-0.41904656755025194,-8.935303595020038,-18.10453944138285,2.516537211619796,146.93071462237646,136.40171324589338,134.72851454231403,134.72851454231403,26.07658188002211,34.140796978872814,47.206465777661364,-23.137465320186152,15.824535823230585,1422058.35,-59.25856347596425,185.5,123.0999984741211
NEU,NewMarket Corporation,ok,Materials,Specialty Chemicals,2026-10-09,904.1375122070312,19.45637,754,False,False,0.056163177570067724,-2.3904776514130144,-2.1559731407266414,3.0227369445077867,19.8088495271747,5.243014894127795,746.2713867671906,677.1180125080732,627.6266269430874,627.6266269430874,108.9287952044534,27.365883162640948,60.158022383591664,-5.685656440326463,56.53584172975541,123090.45,-35.487277851368646,958.6426391601562,577.5913696289062
NFG,National Fuel Gas,ok,Utilities,Gas Utilities,2026-10-09,78.96499633789062,10.99443,754,False,False,0.9653461990231094,0.7849366633652988,3.3167552303976278,-3.392153409164622,-1.6966519057938223,-8.640326088213401,81.70188779679556,77.35092792283017,68.2010202787283,68.2010202787283,60.954483522657775,20.404086185461633,47.431634510561274,-16.54199828134622,5.551453082730429,983247.35,-68.8026619141155,94.61644744873047,74.81185150146484
NJR,New Jersey Resources,ok,Utilities,Gas Utilities,2026-10-09,51.33000183105469,14.210526,754,False,False,0.6273348756147712,-0.42676510041089744,-0.5039703833382592,-2.8379627577049926,-12.47047325854429,14.65328757603448,51.36309560139974,47.88206140738559,45.07660456487924,45.07660456487924,37.345213171689636,18.57144980665989,40.947358824140714,-13.694868752029214,20.758774783933557,807053.6,-58.184685626828255,59.47502899169922,42.506229400634766
NLY,Annaly Capital Management,ok,Financials,Mortgage REITs,2026-10-09,18.2450008392334,4.471814,754,False,False,-0.13683425234753965,-0.9500501429734909,-1.3783738419816283,-13.889901616853951,-15.91557552429289,-0.3353781023698654,20.445126790848988,18.276334019771134,16.679887462990354,16.679887462990354,51.640750211236686,21.390169401166908,17.710084692342875,-20.2012563400961,1.8027305798507192,14310070.7,-56.42709158662647,22.86376953125,17.921916961669922
NNN,NNN Reit,ok,Real Estate,Retail REITs,2026-10-09,40.31800079345703,19.950495,754,False,False,0.11919626309342402,-0.4739509652709972,-1.5433454400674784,-8.054727032085385,-13.758371518347579,1.5100221861523933,42.56890876709469,40.73898219682306,39.50537208030964,39.50537208030964,35.56101108184686,18.59053816519055,35.31780758995235,-17.636554079133298,7.600132429403563,2528400.6,-54.11280949703936,48.95132827758789,37.47021484375
NOV,NOV Inc.,ok,Energy,Oil & Gas Equipment & Services,2026-10-09,19.045000076293945,70.44444,754,False,False,0.2896277295349581,0.236842506810242,1.3031960062553027,-10.292037272989118,-0.02227831573929917,42.58726005047999,18.306298331608847,15.822476533304648,16.329752447750586,16.329752447750586,2.845055790890849,37.59232275094189,36.17022800320072,-11.90355632925816,58.2243524312396,3410185.55,-72.08330790094398,21.61835289001465,12.03670597076416
NOVT,Novanta,ok,Information Technology,Electronic Equipment & Instruments,2026-10-09,143.0449981689453,90.51582,754,False,False,4.925545549549759,-4.0610380192516615,-4.170299407343214,-0.6010739150525191,-4.496595450154661,39.28432562761988,135.4641865624322,136.12257974936193,144.83358757565446,144.83358757565446,-1.0000742399356555,43.81704211389288,59.00237680599671,-15.232593677662038,44.16951865456913,395687.85,-58.993686563790114,168.75,99.22000122070312
NTNX,Nutanix,ok,Information Technology,Systems Software,2026-10-09,74.33999633789062,14.373307,754,False,False,1.682390531077238,1.266847336041299,2.8357938807591854,13.634971596773315,34.625126212454724,4.483478206042535,53.05224209740048,61.65452194973767,59.12877323646444,59.12877323646444,106.49998982747397,44.912299803349,71.9387624026376,0.0,116.04183861535691,2557608.55,-58.329393292026644,74.33999633789062,34.40999984741211
NVST,Envista Holdings,ok,Health Care,Health Care Supplies,2026-10-09,22.854999542236328,39.448277,754,False,False,0.5941911662052046,-1.783416017892192,-2.5788557793966715,-11.654430611477373,-12.83371418474556,11.05441995609391,24.584900757623096,21.976264921317537,21.490112730931855,21.490112730931855,-12.062332652906216,38.97350660269676,42.281865792238705,-24.47125125788255,20.606852886960763,2958438.5,-57.2419707220549,30.260000228881836,18.950000762939453
NVT,nVent Electric plc,ok,Industrials,Electrical Components & Equipment,2026-10-09,167.69000244140625,46.48338,754,False,False,2.1254601449622212,-3.5155353872646344,-1.1028515829868968,8.068572804150875,6.260018320872862,71.00118031035993,134.1511555323525,102.89770894601526,90.1937044634427,90.1937044634427,224.55057582553107,41.943511646027694,59.667210456790855,-8.911748167912812,77.36241932758475,1925908.05,-53.260437329809186,184.09619140625,94.54652404785156
NWE,NorthWestern Energy,ok,Utilities,Multi-Utilities,2026-10-09,73.96499633789062,26.69675,754,False,False,-0.8910638349204691,7.320078791323215,6.777825786561764,5.6491845178982425,1.9967276005181223,30.303009327566688,67.06931438143292,59.26470355303639,54.61578394437026,54.61578394437026,71.81552561054853,21.633325658646324,66.8568883514411,-0.8910638349204648,34.09868226356624,614281.5,-45.280787391448385,74.62999725341797,55.15713882446289
NXST,Nexstar Media Group,ok,Communication Services,Broadcasting,2026-10-09,161.26499938964844,30.537878,754,False,False,-0.5212517534523786,2.4815701348186225,3.7607780784744804,-5.121493068504124,-7.17495729024793,-17.641222065874008,191.57421463254897,177.88276602452495,167.5755450706583,167.5755450706583,31.189192416578493,34.68034783692679,39.06917826694118,-35.175500035237825,5.281727006107213,382234.3,-59.295646675350696,248.7716827392578,153.1747283935547
NXT,Nextpower,ok,Industrials,Electrical Components & Equipment,2026-10-09,85.5999984741211,22.149872,754,False,False,0.3987758965187105,-2.8266522502947256,1.5421060205242476,5.2243393727315235,-14.116584682759715,9.044584043466353,104.50164685930524,77.34721113106168,66.81737395875966,66.81737395875966,150.87925308851294,62.73944742458901,55.2507465888444,-45.26854103921723,9.842163658295153,2113738.65,-64.39138774322927,156.39999389648438,77.93000030517578
NYT,New York Times Company,ok,Communication Services,Publishing,2026-10-09,66.33000183105469,27.641665,754,False,False,-0.4054003742527401,3.9003785597043983,6.170609848617836,-0.0015412680265058931,-11.288685539831034,21.46481096021471,70.57689578949459,61.69158902111281,56.61817950342315,56.61817950342315,64.02700161055385,27.660401014167725,39.88548446698562,-22.225355232358524,22.820348240794676,3514248.75,-71.68740545187646,85.28486633300781,54.00571060180664
OC,Owens Corning,ok,Industrials,Building Products,2026-10-09,114.45999908447266,10.009451,754,False,False,-2.3378821971979824,-4.441475829889341,-3.2950333776340157,-10.220408657642455,-18.438240695164374,-12.304210870641285,122.95066040281266,138.08072046834633,142.21660473365682,142.21660473365682,-8.149722584936326,36.59949724494423,40.240903363595415,-27.976340043251156,18.777105365122498,1156588.15,-46.90737580183577,158.9199981689453,96.36537170410156
OGE,OGE Energy,ok,Utilities,Multi-Utilities,2026-10-09,46.47999954223633,20.470264,754,False,False,0.8024266471202468,1.3961592223343589,3.4935679915740536,0.7168618176188302,-4.217217902916159,5.17994563027413,45.317277469332254,43.24381958250981,39.56037515797097,39.56037515797097,58.37851851529299,17.44594650007263,71.03721803731142,-6.058087466506875,13.470593127219516,1992333.35,-49.452886486089284,49.47738265991211,40.962154388427734
OGS,One Gas,ok,Utilities,Gas Utilities,2026-10-09,72.62999725341797,15.618279,754,False,False,0.37312968599918506,-0.7108739051454038,0.08267542902860026,-7.075238164775389,-8.87652245628403,-7.333701152575999,79.65229524884906,75.02046230209776,69.59939978419943,69.59939978419943,18.66900121426891,20.514071421649604,36.40773163231167,-18.51859111311472,1.3536052773347584,668075.9,-41.321337889901436,89.13689422607422,71.66000366210938
OHI,Omega Healthcare Investors,ok,Real Estate,Health Care REITs,2026-10-09,44.52000045776367,15.896428,754,False,False,0.8608995771856476,-0.5584096436091257,-2.6246735146543743,-5.1757194157362685,-6.841291320008414,16.074784592334666,44.7219642306131,40.08319989998502,36.119931901481486,36.119931901481486,63.466755805004695,20.403896899444266,30.588276024339635,-12.749267493581037,19.815334521769447,2118463.15,-66.85035564578973,51.025360107421875,37.15718078613281
OKTA,"Okta, Inc.",ok,Information Technology,Application Software,2026-10-09,230.17999267578125,138.75603,754,False,False,4.527489967732801,5.263636805787719,8.837290981687218,34.52164797774897,64.96810341113168,148.49400788175862,109.45222240024142,101.8395419177781,97.01879324267966,97.01879324267966,175.66466188716316,54.04950204062683,79.71546796318562,0.0,265.7714787216515,3748661.15,-58.17912216472273,230.17999267578125,62.93000030517578
OLED,Universal Display,ok,Information Technology,Semiconductors,2026-10-09,74.5999984741211,18.019323,754,False,False,2.3319573561856544,-6.3520022035789765,-7.179300827766022,-7.488951481888906,-3.6669617683401268,-47.42493809588025,100.58232271103631,124.02871740576755,140.77853713301195,140.77853713301195,-51.119002236794685,42.92227455012782,43.174463585039724,-49.67894370962287,2.3319573561856544,769138.65,-45.43597568526819,148.24807739257812,72.9000015258789
OLLI,Ollie's Bargain Outlet,ok,Consumer Discretionary,Broadline Retail,2026-10-09,85.5250015258789,19.096197,754,False,False,-1.366621578947691,-2.53561079671919,-2.8732028510914276,18.91685720705172,30.91229010990859,-32.94786399089761,95.4562894578964,104.69285841102145,97.19980093654966,97.19980093654966,16.37638319764139,39.44744279897171,67.64795231294445,-35.62288475979554,38.211053732426606,1764630.75,-49.81301328904079,132.85000610351562,61.880001068115234
ONB,Old National Bank,ok,Financials,Regional Banks,2026-10-09,24.625,10.88938,754,False,False,-0.4245836804687375,-1.1044161555955334,-1.3421438171488331,-3.808595183363628,-5.950592305625147,15.239486753466913,23.54104269118536,22.18695831678778,20.036581662984993,20.036581662984993,85.69566049428308,30.371629905559878,41.08415849127244,-9.259040207085132,28.703695211724316,4956455.9,-57.99986841404158,27.1376895904541,19.133094787597656
ONTO,Onto Innovation,ok,Information Technology,Semiconductor Materials & Equipment,2026-10-09,293.6700134277344,110.345856,754,False,False,0.341681741934563,-6.388058580599399,-10.403629596642272,9.203480129473874,-3.464704751125891,111.09116139657851,233.21869072081552,186.52936262153534,184.28469498530623,184.28469498530623,119.54995924639191,64.62916917227084,59.20875373804873,-22.401901451893185,142.02243472132903,822854.9,-54.79178649844584,378.45001220703125,121.33999633789062
OPCH,Option Care Health,ok,Health Care,Health Care Facilities,2026-10-09,31.075000762939453,23.541666,754,True,False,0.08052021414888255,0.24193794496598642,37.25707420799536,31.506567357539094,43.20276345801417,14.28834186308885,27.004583343626962,28.19082670857707,29.06698277015585,29.06698277015585,-3.4338083646897943,42.44144125493041,84.57059577388563,-15.072422428668341,59.19569689651325,6750451.8,-48.434029260085964,36.59000015258789,19.520000457763672
ORA,Ormat Technologies,ok,Utilities,Renewable Electricity,2026-10-09,89.36000061035156,43.784313,754,False,False,0.8122757509711809,-3.986245940300537,-3.7691147716941042,-7.5426806005537195,-16.2457847029454,-16.094262799184676,112.42416751195513,95.16382831406308,86.36758587784097,86.36758587784097,36.533716242491735,31.066155061690132,35.399670740969725,-38.347435010690745,0.8122757509711899,848690.35,-69.64652655706524,144.94125366210938,88.63999938964844
ORI,Old Republic International,ok,Financials,Property & Casualty Insurance,2026-10-09,38.31999969482422,8.421978,754,False,False,-0.5966265805142146,0.8155784977117442,0.6831274623013028,-6.170422253546414,-8.169211646380049,-3.5059102324757063,40.0951931817191,36.79467315977788,32.96433651162712,32.96433651162712,73.60589668700206,21.14170929141386,41.24510730894199,-13.420805225904605,8.807127528132058,1595439.75,-72.85419270768452,44.26005554199219,35.21828079223633
OSK,Oshkosh,ok,Industrials,Construction Machinery & Heavy Transportation Equipment,2026-10-09,125.25499725341797,14.360814,754,False,False,-1.6450736127247345,-5.203214542746782,-6.421373521231322,-15.236520517066099,-13.805049128858581,-5.470092940593774,142.0202343653119,124.6299622980247,117.31788390384745,117.31788390384745,40.954329896066355,36.73963889643145,22.88704545750238,-29.03482412700213,6.836632990708309,705960.75,-48.961043514104716,176.50205993652344,117.23974609375
OVV,Ovintiv,ok,Energy,Oil & Gas Exploration & Production,2026-10-09,64.20999908447266,17.869638,754,False,False,1.3255486298663133,4.440467733511988,6.413654163238824,0.7907505828220529,14.14985539574014,63.93637826319009,51.357245278736904,45.1247506958555,44.44101660700628,44.44101660700628,43.57816868393991,37.22021680235573,66.50286274149597,-4.121251434854747,82.62245476417154,3167631.8,-29.169924358001452,66.97000122070312,35.159969329833984
OZK,Bank OZK,ok,Financials,Regional Banks,2026-10-09,44.54499816894531,7.339934,754,False,False,-0.7021900069559162,-0.07851875431057476,-4.634983853482955,-8.66311718097551,-11.931600323517689,-11.070172610106898,47.29150517781576,46.05348878077777,43.81255990693677,43.81255990693677,34.86755733676743,32.51935323977616,32.004479110620665,-16.095313541313015,7.542000463609637,1548026.8,-49.21689986245716,53.09000015258789,41.421024322509766
PAG,Penske Automotive Group,ok,Consumer Discretionary,Automotive Retail,2026-10-09,197.60000610351562,13.895922,754,False,False,-0.22721380525532187,-0.7085013025674325,-3.1514937579040447,-8.776138891681196,2.9447644806883,21.23846050286864,173.63545602465433,165.50359943283507,158.1016822228065,158.1016822228065,38.21655486705347,27.150017436401374,27.872340030814414,-10.978395859911098,42.702283483109284,440497.05,-57.402438903960885,221.96859741210938,138.47010803222656
PATH,UiPath,ok,Information Technology,Systems Software,2026-10-09,13.494999885559082,20.133581,754,False,False,1.8490557400685503,3.015263302191129,2.858231732248373,-2.7036770230289275,13.881851908306263,-13.382542030533006,13.228313472535875,12.872639431896438,14.566173725482324,14.566173725482324,-19.52892357071122,59.62950534175515,48.55402977379199,-30.041476179006395,43.869933058774095,41819163.65,-51.11242976759054,19.290000915527344,9.380000114440918
PB,Prosperity Bancshares,ok,Financials,Regional Banks,2026-10-09,66.3499984741211,11.475779,754,False,False,-0.5098274926348734,-1.117734749709809,-1.5286417650375084,-6.404400484087692,-7.936856604842579,5.031790478134357,68.53891437772721,68.63810070387396,65.28408386473315,65.28408386473315,38.38481587561668,24.404514563516962,28.758950641168624,-11.081070303873053,10.937614209604163,1231765.7,-79.98694069821882,74.6185302734375,59.808387756347656
PBF,PBF Energy,ok,Energy,Oil & Gas Refining & Marketing,2026-10-09,85.37000274658203,7.515845,754,False,False,-4.443691240252323,3.0043503567579677,5.682104526673415,10.75506061052971,49.17634574101286,194.12901415895902,45.853770649622355,34.923409328992626,37.10240886192423,37.10240886192423,104.69611647625983,56.5905513103606,71.11038307408884,-4.443691240252325,234.1579912146887,4036966.65,-40.776498611897125,89.33999633789062,25.54779624938965
PCTY,Paylocity,ok,Industrials,Human Resource & Employment Services,2026-10-09,154.32000732421875,31.343496,754,False,False,0.8495641193703607,5.582925189967525,6.8180286705113335,8.021844228549435,23.951813111822283,0.05836192645605198,129.6888098943801,159.00490068534455,159.18536490281002,159.18536490281002,-23.946575063299424,36.8029226030924,70.81581856810017,-3.6824328120913763,62.27130368063338,660226.1,-67.8107242352279,160.22000122070312,95.0999984741211
PEGA,Pegasystems,ok,Information Technology,Application Software,2026-10-09,35.38999938964844,19.9887,754,False,False,-0.28177594840473885,2.2832397409445537,4.302973979784919,-0.8344643269626806,11.187007339178834,-36.66962158681806,42.75727386323233,44.90712653308276,39.48017668281373,39.48017668281373,66.63860400628454,52.34618138673899,53.185537566865506,-46.59113387385773,36.64151999410855,1895447.15,-69.47195283181597,66.26240539550781,25.899887084960938
PEN,"Penumbra, Inc.",ok,Health Care,Health Care Equipment,2026-10-09,319.07000732421875,78.40295,754,False,False,0.4881640098822748,0.637129666937275,0.4786709462073713,0.4059439076962823,0.04076154819632194,23.216834247191077,316.06773776099794,286.47896423947765,261.9347744241001,261.9347744241001,43.035816939957236,36.476652649839835,51.905455099593766,-11.221476699268283,41.4693698777531,418127.2,-8.007898075035547,359.3999938964844,225.5399932861328
PFGC,Performance Food Group,ok,Consumer Staples,Food Distributors,2026-10-09,95.0999984741211,41.519653,754,False,False,0.4011795275768115,1.4075492770379894,1.3319126481868615,0.7949125724741934,-16.070955323298886,-5.222242430749214,96.83726204766168,92.67117537540268,84.80769240381863,84.80769240381863,72.47007531156129,26.65440552728579,62.26071160066683,-18.47407009847053,17.363939166711546,1431721.8,-65.68914435751415,116.6500015258789,81.02999877929688
PII,Polaris,ok,Consumer Discretionary,Leisure Products,2026-10-09,51.880001068115234,15.250403,754,False,False,-1.7610306400145936,-1.7238110089603076,-3.407183108454881,-10.459091650375418,-21.660793159620372,-15.96007791471722,62.71700308057997,55.56801593446161,62.96922855984311,62.96922855984311,-40.05967310383175,47.13207976913565,33.63518643171146,-29.809320227524633,10.573466022274161,852117.45,-77.26264143516836,73.91294860839844,46.91903305053711
PINS,Pinterest,ok,Communication Services,Interactive Home Entertainment,2026-10-09,21.405000686645508,62.89706,754,False,False,4.262055385946373,6.864702710253745,11.137073895498094,13.977635271689003,-5.287609179883146,-32.66750528405754,22.668631001124307,27.7942928299011,30.33405171654901,30.33405171654901,-24.203254744580416,48.840524990700736,68.84793624776347,-39.25936530325164,38.813233338128505,14306782.45,-49.79200232404456,35.2400016784668,15.420000076293945
PK,Park Hotels & Resorts,ok,Real Estate,Hotel & Resort REITs,2026-10-09,15.125,27.69414,754,False,False,-0.5588431159355145,-0.8196721311475419,-2.607854088441164,0.33823964180241806,8.404924489062449,51.562729952359135,11.888801158420623,11.194832697332618,11.399075731990825,11.399075731990825,80.31622765234809,32.56774622837694,56.9086714680825,-4.936191005721435,66.65740541862873,3454521.75,-43.97097080080622,15.91036605834961,9.075504302978516
PLNT,Planet Fitness,ok,Consumer Discretionary,Leisure Facilities,2026-10-09,47.869998931884766,16.318026,754,False,False,8.721326956732689,13.301772619845597,12.87431998141313,-4.221689935327976,-5.2079229071588795,-50.088627771790506,73.65396835690453,86.76974122552758,80.72307703539295,80.72307703539295,-0.20846838914651,38.495865038639934,52.12876324993157,-57.24747842278879,18.197528226875963,2861939.65,-42.703438907245996,111.97000122070312,40.5
PNFP,Pinnacle Financial Partners,ok,Financials,Regional Banks,2026-10-09,94.08000183105469,12.95179,754,False,False,-0.6232136361064788,-2.1427060242061424,-2.0917833108953343,-5.1038910527995025,-5.608078208269863,4.584739033755647,94.71714688861181,99.90378771170202,93.31783299737015,93.31783299737015,47.48366781492095,33.87938781159828,41.52006971151652,-13.304531054385995,15.717633020220562,1160079.75,-74.90732856943671,108.51778411865234,81.30135345458984
POR,Portland General Electric,ok,Utilities,Electric Utilities,2026-10-09,45.29999923706055,20.035444,754,False,False,-0.11025190461489975,2.3266292492577723,1.6835017123324247,-5.596882272939596,-13.586889211171084,7.825293054761051,48.492187893579874,44.385602616693866,42.435158560067336,42.435158560067336,26.25903407257453,19.63558273965653,41.06302427269851,-14.547498973321321,9.521775239665747,1756456.85,-76.00071985827606,53.011905670166016,41.361637115478516
POST,Post Holdings,ok,Consumer Staples,Packaged Foods & Meats,2026-10-09,75.19499969482422,13.654545,754,False,False,1.3000084793886701,2.5572831530335627,3.631480464291159,-6.3340796733843625,-13.269893492944618,-29.414248984824287,95.59061507573203,103.20453193938114,102.47674403709189,102.47674403709189,-9.762392844684653,24.270262357121922,49.72351163587651,-34.39054245321013,3.660047898798092,914009.95,-69.75973839234464,114.61000061035156,72.54000091552734
PPC,Pilgrim's Pride,ok,Consumer Staples,Packaged Foods & Meats,2026-10-09,28.6299991607666,12.49345,754,False,False,0.456137406198609,2.653279983192891,4.109087857333105,-4.3434718715467895,0.42090119579585306,-24.618221416964193,34.297420668223545,38.956344817264146,35.56462351396799,35.56462351396799,42.179516360808165,31.80116259204683,45.57752083148503,-34.5749537045149,13.611104341201044,1483652.45,-64.4560287687322,43.7599983215332,25.200000762939453
PR,Permian Resources,ok,Energy,Oil & Gas Exploration & Production,2026-10-09,23.145000457763672,15.217105,754,False,False,1.3353778596241428,3.5570472605140457,4.6338136511833605,-1.6995497408308191,18.742136223073814,83.52382835673325,18.040039970761253,15.546239214589397,14.86040684778431,14.86040684778431,86.36443672719759,36.37749413830807,63.49026156749544,-4.87052802983272,98.09642312475492,10416864.6,-53.99295100754213,24.329999923706055,11.683704376220703
PRI,Primerica,ok,Financials,Life & Health Insurance,2026-10-09,275.4100036621094,11.053012,754,False,False,0.0072584380727880315,-1.332712770260902,-0.003634363930360429,-4.715611846065304,-10.861956774251668,3.8118372597075734,271.3328640650189,270.13021440240016,254.44232987219206,254.44232987219206,43.694128189581384,22.97880740713617,33.5504688476973,-15.28321614251845,13.097020553097503,205047.4,-55.06014706843393,325.094970703125,243.51658630371094
PSN,Parsons Corporation,ok,Industrials,Aerospace & Defense,2026-10-09,44.595001220703125,30.741379,754,False,False,3.661089600605094,5.926372534468638,9.3282672708334,-2.8007842578389397,-18.711263717542735,-50.05599645710369,60.23597228337848,69.69134477410184,71.99870694410896,71.99870694410896,-21.000884644840202,43.18184031443681,46.274704665416365,-48.98181060249259,10.60268243610051,1211537.25,-53.45211218227091,87.41000366210938,40.31999969482422
PVH,PVH Corp.,ok,Consumer Discretionary,"Apparel, Accessories & Luxury Goods",2026-10-09,81.875,6.5528255,754,False,False,0.9058425140256121,4.686102747001519,8.40063726102207,18.060564962453142,5.319769518789208,-2.66425438817276,76.72806070721339,79.94251555940545,89.07644085163147,89.07644085163147,10.46801230519645,45.942727887809845,77.74145518677443,-17.06329732190262,34.6307743936671,895555.65,-51.89433509799195,98.71986389160156,60.814476013183594
QLYS,Qualys,ok,Information Technology,Systems Software,2026-10-09,201.0,34.83189,754,False,False,3.6830699304491787,0.5351909985581438,4.145077720207246,24.40427733388537,32.63825320387763,55.53664524123067,131.06940451122466,133.39760922435747,141.60684313382015,141.60684313382015,24.666628621430874,43.44949251525384,67.56995067675149,0.0,163.77953812324498,722476.2,-43.96715075181715,201.0,76.19999694824219
R,Ryder,ok,Industrials,Cargo Ground Transportation,2026-10-09,238.31500244140625,19.344435,754,False,False,1.3330257093539855,0.9082458775845348,0.45312633761220855,-1.359686911887692,-9.806725215463597,29.34678771223853,219.6742023891873,188.3688523493915,163.57454819008905,163.57454819008905,147.75666114596766,30.982668301266227,51.778422073911955,-14.64552139904683,51.405180569408756,265365.0,-38.83895766208807,279.2062072753906,157.4021453857422
RBA,RB Global,ok,Industrials,Diversified Support Services,2026-10-09,85.33499908447266,36.767242,754,False,False,1.5530171654569935,5.286854869059643,4.219592021188623,5.953561105585847,-21.24353218145697,-18.701387226214816,100.67893636794318,100.13261585311585,90.51960650173359,90.51960650173359,32.324189994093054,28.64393518974902,57.19947887656107,-27.879375424759395,6.13805654842592,1779598.7,-26.271355446595912,118.32260131835938,80.4000015258789
RBC,RBC Bearings,ok,Industrials,Industrial Machinery & Supplies & Components,2026-10-09,506.2099914550781,50.052372,754,False,False,3.099859777882208,-1.5500411012158266,-1.8135631445015288,5.888380964783435,-13.407692878717025,32.44982553741327,524.618056161063,437.1686056068694,381.0334614518467,381.0334614518467,111.42296576876691,27.521922086697003,58.56014201993347,-21.988321591088447,36.92083069293666,318114.1,-48.168911720668774,648.8900146484375,369.7099914550781
REXR,Rexford Industrial Realty,ok,Real Estate,Industrial REITs,2026-10-09,36.98030090332031,37.452408,754,False,False,-0.6706920278973905,0.48995019021138564,0.7912300013006801,1.1229211032371955,7.670451358580621,-6.41123370575124,36.469646802024236,36.3768404014557,38.87736912431388,38.87736912431388,-14.255654108879323,27.23769347781242,38.071441125338545,-12.268460846141629,18.220113737678957,3087215.4,-18.129846074232457,42.15166091918945,31.280887603759766
RGA,Reinsurance Group of America,ok,Financials,Reinsurance,2026-10-09,256.17498779296875,11.27543,754,True,False,0.09572739584995382,2.0048532354690396,2.7123948644915963,3.525961185019333,8.060809727908724,32.219358951247386,212.66913622901552,204.98923209748895,196.47546449453824,196.47546449453824,85.97350749823316,25.12083983846033,68.15117065175744,0.0,43.59573955079492,372806.45,-26.790697961368426,256.17498779296875,178.40013122558594
RGEN,Repligen,ok,Health Care,Biotechnology,2026-10-09,173.08999633789062,236.07191,754,False,False,5.64575207931739,-1.0122408019459628,-4.738580492549016,5.106876388236681,19.471280027838223,14.773555559962448,146.47749967423695,141.5130075249539,147.9922543432099,147.9922543432099,11.786360392424067,49.94180987916448,45.50495037384562,-11.039733863264567,68.2609037780372,1276391.2,-39.39757654236412,194.57000732421875,102.87000274658203
RGLD,Royal Gold,ok,Materials,Gold,2026-10-09,236.27000427246094,26.163345,754,False,False,2.2017526420714972,0.8192865879838029,0.6946832965617489,-6.782405402074787,22.3724874888636,16.092880956556343,230.57873504880874,195.19087754207777,169.93303543819357,169.93303543819357,130.68732249202702,33.34542191751737,37.52121450392062,-21.86785496301535,40.914011388558315,668499.25,-60.6454307914332,302.39794921875,167.6696319580078
RH,RH,ok,Consumer Discretionary,Homefurnishing Retail,2026-10-09,117.5999984741211,20.693464,754,False,False,3.457376940689927,0.37555035699783357,-2.3742326349728615,-12.25190663698099,-27.326663483273418,-40.98163117730758,160.12531746758356,216.194263230282,233.86980138723035,233.86980138723035,-52.12311357066217,68.48716534724947,34.29319103775529,-49.50622517989844,4.209127216859711,791113.2,-33.27579415941992,232.89999389648438,112.8499984741211
RLI,RLI Corp.,ok,Financials,Property & Casualty Insurance,2026-10-09,56.400001525878906,11.838234,754,False,False,0.1776239612318431,0.6423993655785498,0.8223148202765485,-6.684310378267888,-7.975426290448395,-6.226337643794444,57.31474662962414,62.9099297542496,63.00723960734805,63.00723960734805,-6.469805814224328,23.11353348241229,33.291637463643426,-15.103122257776189,23.63040660110416,805624.6,-62.055279841256095,66.43354034423828,45.61984634399414
RMBS,Rambus,ok,Information Technology,Semiconductors,2026-10-09,106.75,48.986237,754,False,False,-1.585693003914923,-6.433514395208128,-4.6619640651910155,25.073230121225578,3.5302098420150863,7.361962860663063,106.3113492632669,84.04976093246643,75.11938993115008,75.11938993115008,79.95617085162282,66.37775364318696,63.07775157189438,-37.448729808212775,33.88937100893356,2541793.2,-71.15170502462593,170.66000366210938,79.7300033569336
RNR,RenaissanceRe,ok,Financials,Reinsurance,2026-10-09,330.9949951171875,5.717147,754,False,False,-0.10412302303259846,2.0266880640265272,1.6787996062985755,1.4932624598943622,3.35120103118276,26.769343262428414,295.33127158028736,271.1888119822954,254.82647322596543,254.82647322596543,61.82128324682061,25.677584863973387,56.25413262868042,-1.9421983880469416,43.49749039175344,354780.5,-34.06909342537146,337.5509033203125,230.66256713867188
ROIV,Roivant Sciences,ok,Health Care,Biotechnology,2026-10-09,35.34000015258789,,754,False,False,3.3031309510561213,-0.5347555115022828,-1.0638327411226056,-13.678550713159265,2.405105393867246,120.46162594384305,28.305575378357418,19.982828674088438,16.893614050564146,16.893614050564146,232.45531300209765,38.654281531030456,29.65439783076866,-15.474769213560178,120.32417790186906,7454392.65,-62.701817162797305,41.810001373291016,16.040000915527344
ROKU,"Roku, Inc.",ok,Communication Services,Movies & Entertainment,2026-10-09,153.0800018310547,65.102135,754,False,False,-0.47460876349144643,0.6707906673929065,0.4527872197452876,-0.6747945231519337,7.545318090123554,53.18723242626273,119.37015836201017,99.86026880180694,90.24451587181193,90.24451587181193,113.44115898713301,55.25535330472007,43.301191262764696,-4.181267467116382,84.5894142864253,1659142.45,-76.16545824621629,159.75999450683594,82.93000030517578
RPM,RPM International,ok,Materials,Specialty Chemicals,2026-10-09,97.80999755859375,18.073938,754,False,False,-1.629289692859126,-0.5085952725225051,-1.3912741696197606,-1.5104219483189407,-4.07963480661876,-11.783511873268681,105.39576155041891,111.36263896744565,109.44894897906154,109.44894897906154,5.579749484131269,26.382509515944257,46.67772914474343,-17.75573061587461,6.009799588452014,1170761.75,-32.70748724067899,118.92621612548828,92.26505279541016
RRC,Range Resources,ok,Energy,Oil & Gas Exploration & Production,2026-10-09,41.0,11.323205,754,False,False,0.5641391701101339,2.448774440346657,7.24561990826964,-1.8669280650218667,13.405438086229204,4.6915948788715855,38.820483343941824,37.32504009915538,35.50171470389126,35.50171470389126,22.21058500027915,33.25923800957796,69.67823383166787,-13.522413689199128,23.55037378115341,2910935.0,-44.399308126083206,47.411128997802734,33.184844970703125
RRX,Regal Rexnord,ok,Industrials,Electrical Components & Equipment,2026-10-09,164.8699951171875,33.90535,754,False,False,3.0373106538316375,-0.895651290993893,3.1275412226884125,5.571799370081965,-20.728717208738058,12.673712240991918,178.5737460605682,160.8011095723308,155.5708180738697,155.5708180738697,26.77634867332643,45.80452483566416,72.42018260179199,-30.62639659150613,29.117503115483228,1184700.8,-41.04705593175931,237.6552276611328,127.68988800048828
RS,"Reliance, Inc.",ok,Materials,Steel,2026-10-09,403.2799987792969,23.43347,754,False,False,1.6048965907672796,0.44584138794516726,0.7419253175830143,2.772682225291434,4.947895261124091,45.542507870114555,341.11254931253103,314.5958833732453,302.6570569551908,302.6570569551908,60.78963927431311,26.62753586788081,65.30311021624516,-5.780101600251373,53.9270881564119,272660.8,-66.54597947339698,428.0199890136719,261.9941711425781
RYAN,Ryan Specialty,ok,Financials,Insurance Brokers,2026-10-09,37.310001373291016,52.478874,754,False,False,-1.2701760534731932,-2.5848508707320583,-0.9556591801246017,-3.516930075125968,-10.381672128960473,-35.17847637034202,42.5516538771372,53.74599206780057,52.99123076987836,52.99123076987836,-21.70388121870046,34.19699537024085,37.5790506751355,-35.41218428758246,27.869166658005295,2185838.7,-63.30131770473275,57.76631546020508,29.17826271057129
RYN,Rayonier,ok,Real Estate,Timber REITs,2026-10-09,18.834999084472656,40.96739,754,False,False,1.2634338612006024,4.118291462690715,4.291249398936969,-5.927467574389733,-11.058691840165903,-21.211453909689403,20.837405704316637,21.82969836884761,22.682451526429357,22.682451526429357,-11.38935006476004,25.258350956021893,32.75610090402316,-20.642806061320552,4.697050161785364,4036126.35,-26.716194105271263,23.73445701599121,17.989999771118164
SAIA,Saia,ok,Industrials,Cargo Ground Transportation,2026-10-09,339.7699890136719,32.698845,754,False,False,-0.43662331047122915,-0.550272183930467,-3.232514884185822,-1.8005812099214258,-21.360461293898425,5.387715709065621,370.41365081544905,373.1419321189364,400.1685144844359,400.1685144844359,-17.098942551227793,53.10004882133899,44.894422585480434,-30.25208794254371,35.64755461879617,336002.95,-68.01843555242596,487.1400146484375,250.47999572753906
SAIC,Science Applications Intl Corp,ok,Industrials,Diversified Support Services,2026-10-09,135.125,15.767796,754,False,False,4.174692009752157,8.455737998047796,7.875616873326052,4.943309851435362,19.25249572980132,35.205098540509574,104.80923313564725,109.06088943785406,113.49155654704856,113.49155654704856,26.469285481652637,34.63758969525653,52.572825884053636,0.0,65.52507899100856,443096.1,-23.51049806125578,135.125,81.6341552734375
SANM,Sanmina Corporation,ok,Information Technology,Electronic Manufacturing Services,2026-10-09,219.27000427246094,39.142216,754,False,False,4.176172901628283,-3.858465720680204,-4.265625785915262,7.850084553401038,8.657086697973138,62.80814983433767,181.90146803477452,135.75974092825476,110.73326258570826,110.73326258570826,306.2812660977817,55.09526374703862,56.283664778591984,-22.442698314333427,78.68959816511537,600363.95,-46.669182918128236,282.7200012207031,122.70999908447266
SARO,StandardAero,ok,Industrials,Aerospace & Defense,2026-10-09,20.295000076293945,20.943298,507,False,False,-0.17215862047936792,-3.080231333875172,-3.5866944804318734,-14.186044804870168,-26.333935977054768,-25.30364365364318,27.222519836728534,27.522121509232843,27.57322484830898,27.57322484830898,-38.03053411818643,36.100999735644294,16.558854938777287,-38.72282388042029,0.22222259898244598,4194592.1,-45.71958498658307,33.119998931884766,20.25
SBRA,Sabra Health Care REIT,ok,Real Estate,Health Care REITs,2026-10-09,19.049999237060547,76.14,754,False,False,1.1146448130140207,-0.36611715010603785,-0.5741159249874395,-8.545370586486357,-2.136092918371313,12.54709705452688,19.13468142918178,17.73601132275099,16.035676879022734,16.035676879022734,67.92148263795659,23.289255540285378,27.956976015636144,-13.631493915143993,17.446118076805213,2525319.5,-72.57416338803861,22.056650161743164,16.220203399658203
SCI,Service Corp Intl,ok,Consumer Discretionary,Specialized Consumer Services,2026-10-09,77.51000213623047,20.28665,754,False,False,0.9639253947145932,0.27166762766108743,0.4796509586590503,-2.3519031226676868,-2.2415452150333803,-3.9080007721871146,79.05722109476726,78.37329952650336,74.58480020416826,74.58480020416826,47.230061195437735,24.086662627145635,49.66714109093199,-10.839026096682092,13.742814096490367,1038950.0,-69.0841715193224,86.93265533447266,68.14496612548828
SEIC,SEI Investments Company,ok,Financials,Asset Management & Custody Banks,2026-10-09,104.90499877929688,18.501762,754,False,False,1.60290438672821,1.9881374264152152,2.416282794832747,-1.7467433945926314,9.071530927882065,25.49560563475406,89.02381203666566,85.07520534317807,77.70879480377117,77.70879480377117,89.00281660094231,21.91423464324423,48.31620573883947,-6.024364991118176,40.35464430890885,871302.2,-55.372085597855715,111.62999725341797,74.74280548095703
SF,Stifel,ok,Financials,Investment Banking & Brokerage,2026-10-09,70.5999984741211,12.604465,754,False,False,0.6988986728053037,0.68453466733851,0.4553211445394778,-11.406705595182753,-5.7202004905081205,-3.5488947975697793,77.355560272459,72.72009037975296,64.61446350765482,64.61446350765482,87.5887942770281,28.902598130719653,24.08904772311159,-19.41262558462465,4.2930326621714165,1437001.8,-73.83886366739416,87.60677337646484,67.69387817382812
SFM,Sprouts Farmers Market,ok,Consumer Staples,Food Retail,2026-10-09,64.2249984741211,12.282027,754,False,False,-2.704141197307508,-1.45005327815787,-0.3800259685792451,-11.04570472466655,-19.38621821237163,-38.470013255324154,79.90878968011765,113.51506952840494,98.53686329667069,98.53686329667069,51.15320295849557,40.52401448226603,35.482792274604364,-43.72152389731285,2.7764390287289,2159815.65,-19.640687852224794,114.12000274658203,62.4900016784668
SGI,Somnigroup International,ok,Consumer Discretionary,Home Furnishings,2026-10-09,62.279998779296875,24.816734,754,False,False,-0.09624859342982628,-0.7331891725591122,0.500238103093964,-5.793377394788557,-12.986644896177124,-26.573433681257754,77.74092038472493,70.83868576900892,63.24795222092687,63.24795222092687,55.616280418601875,35.69127382098399,45.126349689006034,-35.98618966841152,1.8097145693596706,2916307.6,-78.54300417418246,97.29150390625,61.172943115234375
SHC,Sotera Health,ok,Health Care,Health Care Services,2026-10-09,18.104999542236328,31.745613,754,False,False,1.5423422305495649,-0.7945230562392935,-0.6311733010542664,-0.8488536949761039,-0.3577354638672925,13.15624713897705,16.902321463539487,15.110836661669362,14.670643227169938,14.670643227169938,27.5898525554944,38.1138126356884,39.5430270086176,-7.485948775846669,37.89032280604248,2008183.6,-61.827593851478525,19.56999969482422,13.130000114440918
SIGI,Selective Insurance Group,ok,Financials,Property & Casualty Insurance,2026-10-09,84.54000091552734,10.476116,754,False,False,-0.6930533970702535,-0.33010938493786,-1.2267735334607677,-6.647522974115994,-13.073717713375544,2.3509968917361457,84.656312306722,84.93328594496526,87.89552258559816,87.89552258559816,-14.753419975244952,28.824918246316876,34.6591085605955,-15.200227319896584,16.51034451577425,544446.2,-78.74463996626297,99.69366455078125,72.5600814819336
SIRI,SiriusXM,ok,Communication Services,Broadcasting,2026-10-09,26.649099349975586,10.654,754,False,False,1.2119233847100563,1.0967326742416406,3.6123641579518972,-7.724722561009234,-12.318705290742082,23.36168873337492,24.444609119778587,23.187508795840806,27.020987991312772,27.020987991312772,-32.112090097641996,43.558906591879506,41.63792324619425,-17.484336449428266,38.10516878632886,4744869.8,14.14003393728529,32.295806884765625,19.296236038208008
SITM,SiTime,ok,Information Technology,Semiconductors,2026-10-09,611.5650024414062,,754,False,False,-5.192539491513736,-13.992489446572865,-13.796092645351454,1.5433248557500168,1.4961438604385036,95.51935347499287,489.1493256584046,347.8646417898961,271.2818701665661,271.2818701665661,434.4913583536404,77.58586180064599,44.706907727276686,-32.15989088039362,141.95482502468022,453786.8,-46.70713207171298,901.47998046875,252.75999450683594
SLAB,Silicon Labs,ok,Information Technology,Semiconductors,2026-10-09,221.92999267578125,50.893223,754,False,False,0.08116918862739464,-0.30994630156335745,-0.3725991432582898,1.2685370096838788,1.4537109374999968,64.50225087208428,189.5759523179796,158.13707167788806,145.08864727070858,145.08864727070858,94.23244226022112,50.11261476441303,59.99994241986284,-0.3904893914092334,91.18710301088977,298004.35,-68.99810355117299,222.8000030517578,116.08000183105469
SLGN,Silgan Holdings,ok,Materials,"Metal, Glass & Plastic Containers",2026-10-09,35.4900016784668,13.909804,754,False,False,-0.8659149865926197,0.7952360161168626,1.7780406239562785,-7.985475863954261,-20.626770563922882,-16.62966293206146,40.86586219545395,45.434281573352585,44.846384832650344,44.846384832650344,-11.220004456419419,28.147775506015844,36.062725874689136,-26.2631631298815,2.129501232997977,1348146.4,-64.3267229731133,48.1306266784668,34.75
SLM,SLM Corp,ok,Financials,Consumer Finance,2026-10-09,22.579999923706055,6.288301,754,False,False,-0.39700111285841944,0.0,-0.7472530826107437,-11.727912466566403,-8.833437757595252,-13.133518213352835,24.455846990857804,26.303819785555046,23.747106110701825,23.747106110701825,81.9761507239934,34.55514242996747,20.14388818271759,-25.508139603002395,22.629338875591916,2295573.55,-29.970834521943324,30.312036514282227,18.413211822509766
SMG,Scotts Miracle-Gro Company,ok,Materials,Fertilizers & Agricultural Chemicals,2026-10-09,50.029998779296875,17.858929,754,False,False,-0.7931816844305106,-0.9699162193722688,2.0603800736465283,-10.915244096813703,-20.863635101980726,-11.423239578402345,59.53177727593316,60.44924300600333,59.70014042436919,59.70014042436919,20.77118957705979,42.11198665348957,44.48850721101343,-31.160951890059618,3.282411638449535,1165310.1,-58.053912001620866,72.67677307128906,48.439998626708984
SMTC,Semtech,ok,Information Technology,Semiconductors,2026-10-09,186.62100219726562,123.67218,754,False,False,-0.4634931305338985,-5.364601883717657,-4.237993882704016,17.275810011253512,41.21907742458879,164.56053271213725,109.68917089795309,79.35492243519818,62.33069107323806,62.33069107323806,747.8918684988422,75.54543799346466,56.6911190485335,-5.364601883717657,198.25955427118674,3313087.1,-38.074613251188,197.1999969482422,62.56999969482422
SN,SharkNinja,ok,Consumer Discretionary,Household Appliances,2026-10-09,184.77999877929688,37.717346,754,False,False,-0.048680878599893784,0.032480271869461674,1.2104898758937388,13.654814059672216,23.359374498619022,101.59283372981322,128.5201590099032,114.7828686018864,98.3045472162788,98.3045472162788,327.5068573331388,44.678024085423786,85.32298613233854,-4.189568498124853,118.49355497940913,1813115.7,-75.16904188739858,192.86000061035156,84.56999969482422
SNX,TD Synnex,ok,Information Technology,Technology Distributors,2026-10-09,273.3299865722656,16.657316,754,False,False,2.19471895039427,-1.8140736482394781,-1.8105430302573167,6.9617256607708455,8.976822244007243,71.59137640240365,204.38325179569304,166.64763454422058,146.79954086627504,146.79954086627504,187.90201695063038,30.56041643047907,46.51602410154226,-5.607765719063792,93.366350239358,1171495.5,-82.03919690685966,289.56829833984375,141.3534393310547
SOLS,Solstice Advanced Materials,ok,Materials,Specialty Chemicals,2026-10-09,61.060001373291016,46.204544,245,False,False,1.3780538558242128,-0.3427437292373048,5.823224550994599,-0.8122157063773838,0.1332293539230145,,65.13893664613062,65.13893664613062,65.13893664613062,65.13893664613062,26.557970722290293,54.91155980773301,62.91187734983698,,,2096824.85,-55.976437421561464,,
SON,Sonoco,ok,Materials,Paper & Plastic Packaging Products & Materials,2026-10-09,48.34000015258789,7.479876,754,False,False,-0.12396977561857092,0.6663883627108236,-0.8206842677554227,-0.18583553999744762,-9.051010074548937,18.320505982860013,48.93879322778611,46.620921974638065,47.677157485516695,47.677157485516695,1.2971946315538219,27.55512635404811,42.14163122646699,-19.42844611724827,28.41406307793488,1041747.45,-65.30358677623833,59.996360778808594,37.64385223388672
SPXC,SPX Technologies,ok,Industrials,Industrial Machinery & Supplies & Components,2026-10-09,171.30999755859375,30.209875,754,False,False,1.619406630612663,-2.5651288691555862,-1.0283660621392188,-8.365873038221249,-20.372781423910137,-9.095250553045087,209.53765893360926,184.85938253820655,163.66631311067536,163.66631311067536,111.91242617399624,37.01943510188976,34.307494544548575,-30.47766120993074,1.6194066306126715,690727.2,-73.54324543756204,246.41000366210938,168.5800018310547
SR,Spire,ok,Utilities,Gas Utilities,2026-10-09,78.43000030517578,22.724638,754,False,False,0.5641780400799989,0.33261115814349207,1.1477938859170367,-2.7466102671427906,-3.8675804753122933,-2.3025199733821333,82.96402791946653,75.89312393066892,68.95965582243011,68.95965582243011,54.19868740323655,19.684430214323978,41.48526090388328,-15.899531785139512,4.335441631192875,522606.25,-66.93016970233326,93.25750732421875,75.17100524902344
SSB,South State Bank,ok,Financials,Regional Banks,2026-10-09,100.55999755859375,10.560924,754,False,False,-0.0099454472117122,-0.38632927334152356,-1.3247042046938606,-4.98866115078147,0.7319316692584676,3.5514406075851657,96.98286462208581,95.30190617534744,89.2772923578318,89.2772923578318,59.50459498749978,29.684168753518136,39.591824278539534,-9.884397474033804,20.00820898906154,685069.7,-40.26972729928063,111.58999633789062,83.79426574707031
SSD,Simpson Manufacturing,ok,Industrials,Building Products,2026-10-09,172.2949981689453,18.85445,754,False,False,0.20064043432752587,-1.5569683676121326,-0.7288542333733217,0.09744220419372063,-7.005386535210301,0.20103167389173837,180.80596633184524,174.50144022299474,174.52197871726767,174.52197871726767,26.299088644169455,30.387883297138146,47.6444752782985,-17.712592215584007,9.783553377984283,326419.05,-59.9039945738461,209.38197326660156,156.9406280517578
ST,Sensata Technologies,ok,Industrials,Electrical Components & Equipment,2026-10-09,42.20000076293945,70.35833,754,False,False,-0.07103665551042582,-3.916205550350016,-3.0107966194644287,0.0237073632520568,-4.707604852863067,35.386732623344464,39.25839159980653,33.88128889319431,34.27168006289859,34.27168006289859,17.852235095589684,39.889613672428844,52.173921055880825,-20.990055760960015,49.193527232949606,1204809.85,-67.9121979289927,53.4109992980957,28.285409927368164
STAG,STAG Industrial,ok,Real Estate,Industrial REITs,2026-10-09,36.13999938964844,27.788462,754,False,False,0.7246329815866481,0.055372254582253255,0.24965368791289855,-0.9380157580959114,-6.540047300746055,3.361211599377767,37.13056564331055,35.197598054589506,34.63064179812565,34.63064179812565,18.26840402923939,21.521380615412884,39.9251899602941,-13.12047313515315,6.068979940692898,1716909.7,-70.77341924272429,41.59783172607422,34.072166442871094
STRL,Sterling Infrastructure,ok,Industrials,Construction & Engineering,2026-10-09,515.8599853515625,37.135807,754,False,False,-0.49188633033064866,-8.485163278164675,-3.2919647034579502,6.393598345205276,-21.8441302762737,40.56513776359758,504.0694046020508,352.0827486562539,268.09033130777294,268.09033130777294,597.6737467115391,69.41100566138189,50.86913515812836,-48.08903833789599,81.91627182974814,546494.45,-52.297960208013095,993.739990234375,283.57000732421875
STWD,Starwood Property Trust,ok,Financials,Mortgage REITs,2026-10-09,12.744999885559082,21.216831,754,False,False,-0.03921658385033222,-1.4307843406828447,-2.337167055310263,-15.584193518678656,-19.892164543031832,-23.76198882725672,16.02617657752264,16.304030737553934,15.912547759099095,15.912547759099095,-8.81594538059094,20.94905111718965,10.222110886275956,-26.170833125246112,0.6714063125707534,5873183.35,-44.25396237629802,17.26282501220703,12.65999984741211
SUI,Sun Communities,ok,Real Estate,Single-Family Residential REITs,2026-10-09,114.24500274658203,86.53401,754,False,False,2.1869406333489216,1.9407540445083749,3.1557586876587163,0.40906395331528067,-4.470084128192098,-5.09256762199739,121.47067935883052,119.44371435461767,116.79046126955068,116.79046126955068,10.963169153996954,23.25839403510395,56.98607196088682,-14.332127006335305,3.859093405983665,1191244.05,-53.36127806892299,133.35804748535156,110.0
SWX,Southwest Gas Corp,ok,Utilities,Gas Utilities,2026-10-09,84.19999694824219,21.03875,754,False,False,0.8262421199392689,1.056165694480482,1.8260907754911626,-3.1070247758656855,-7.655623899221508,9.159853074879742,84.9752899654328,78.25351921020751,73.23135458948758,73.23135458948758,57.390410294195135,22.074437078853684,47.81762843258339,-9.19105268406642,12.227002298382104,817578.75,-61.57250907022718,92.72213745117188,75.02650451660156
SYNA,Synaptics,ok,Information Technology,Semiconductors,2026-10-09,119.58000183105469,18.188286,754,False,False,0.419885784608387,0.15914435243955527,-1.255158267727996,27.934096789728446,0.36088988641966857,75.05490573101463,93.7696430872357,81.23794834547309,85.25874016455694,85.25874016455694,28.60830018687832,53.64280380853727,83.94059163742921,-18.96727255130415,104.34039797617665,1112406.75,46.34350250032193,147.57000732421875,58.52000045776367
TCBI,Texas Capital Bancshares,ok,Financials,Regional Banks,2026-10-09,90.79000091552734,11.806242,753,False,False,0.23183824268886433,-3.095315882495109,-2.585832737798499,-6.9393161259566405,-11.120323539213551,5.241845654781874,96.05144673989588,87.57358547218307,78.59266597752868,78.59266597752868,56.95675264337983,30.45708166538299,28.39118617308037,-15.558532209095901,18.267367125920668,586459.05,-50.75853974800116,107.51826477050781,76.76673889160156
TEX,Terex,ok,Industrials,Construction Machinery & Heavy Transportation Equipment,2026-10-09,50.8650016784668,24.330143,754,False,False,-2.836670179443068,-10.401618340112817,-10.306819785518629,-14.713275990919438,-22.274530967122843,-5.050721913176737,59.32797733185783,52.87438750931941,53.37518468649381,53.37518468649381,-1.376232967668245,45.424944501041736,27.717862377605258,-31.62284750212814,22.719773504220015,1361269.15,-44.707260867551426,74.38888549804688,41.448089599609375
THC,Tenet Health,ok,Health Care,Health Care Facilities,2026-10-09,265.6499938964844,10.25966,754,False,False,1.9495668839371705,2.7778824010026515,2.718273494712342,0.8312466835328491,36.36363493951782,32.50698301964958,212.457579415942,183.09906381249903,158.19927049125855,158.19927049125855,333.00733578427383,41.55443821803288,55.416660485441625,-5.385189197144301,64.62167809050769,696210.35,-64.26266860295885,280.7699890136719,161.3699951171875
THG,Hanover Insurance,ok,Financials,Property & Casualty Insurance,2026-10-09,220.5500030517578,10.549067,754,False,False,-0.6218130354464835,0.23178048590548617,0.5104180893044319,-1.1252553278525923,2.134700974041226,22.31172081516297,190.7125721280537,175.2691743706327,157.76327645177867,157.76327645177867,111.9350172877604,21.79122544833447,44.808728849395195,-5.274233854195236,33.58482596916008,322497.1,-74.15728699575904,232.8300018310547,165.10108947753906
THO,Thor Industries,ok,Consumer Discretionary,Leisure Products,2026-10-09,63.900001525878906,18.908283,754,False,False,-3.342911910556856,-5.515297765815818,-8.123653886361847,-11.262325190615663,-11.200663787019028,-37.59775797499515,87.57208530486577,89.8428960397424,92.85576465717993,92.85576465717993,-24.330591659624933,38.272956752219855,33.69331254338391,-46.16866934018306,0.0,955153.8,-52.397613871190174,118.70410919189453,63.900001525878906
TKR,Timken,ok,Industrials,Industrial Machinery & Supplies & Components,2026-10-09,116.6050033569336,31.609755,754,False,False,1.980940258515984,-2.455243045102329,-4.765598634535307,-1.3160124043516963,-15.484108393387219,55.804841518677236,107.37529678950234,90.47049745050559,86.37786972491115,86.37786972491115,67.2750756087692,32.40497746641909,54.14612657440188,-19.543572540674482,66.96363727730754,928700.5,-47.75387759562959,144.92938232421875,69.83856201171875
TLN,Talen Energy,ok,Utilities,Independent Power Producers & Energy Traders,2026-10-09,376.0150146484375,12.235237,754,False,False,4.6754115502092075,0.7785986467603534,17.22262915076229,20.695578203471342,-5.130564183659225,-15.661444074778474,358.4259718637618,309.1161452213606,238.07483138835715,238.07483138835715,621.0258938570574,53.29061927496211,77.84613349061654,-15.407195804625983,33.26777344761895,1092539.35,-28.077007020387878,444.5,282.1499938964844
TNL,Travel + Leisure Co.,ok,Consumer Discretionary,"Hotels, Resorts & Cruise Lines",2026-10-09,62.45000076293945,17.07377,754,False,False,-0.2555499853894805,-0.5889827024549432,-0.746976191486648,-3.5675639950703775,-13.730849240525089,7.07208167643365,68.43430764334542,59.297182995009706,52.260371142420276,52.260371142420276,108.2002118006835,34.33800193334552,46.25158683187652,-19.65806827504043,11.200876788405852,723721.7,-65.25819247923614,77.73027038574219,56.159629821777344
TOL,Toll Brothers,ok,Consumer Discretionary,Homebuilding,2026-10-09,133.58999633789062,10.7767935,754,False,False,-0.9196806914812727,-3.1956548276154906,-2.2106758355669776,0.8378628065737637,-9.82787590849794,1.8406085482350232,142.02821683126783,133.19052180256026,126.12030873184811,126.12030873184811,88.35515815623533,35.66534646058985,45.47177810866227,-19.291312233362632,7.801422456785778,1179340.55,-69.10892277892081,165.52120971679688,123.92229461669922
TOST,"Toast, Inc.",ok,Financials,Transaction & Payment Processing Services,2026-10-09,31.209999084472656,39.512657,754,False,False,2.2273120947704284,3.173550692471583,4.766693941943356,-2.2855398790822212,4.1722297670157005,-14.959132327895574,30.94357138588315,34.975517956859086,30.610981440354404,30.610981440354404,81.34805778479786,48.14310140671887,63.74269592905402,-20.01538001452557,39.76712579985003,8445601.45,-70.51922216859995,39.02000045776367,22.329999923706055
TREX,Trex,ok,Industrials,Building Products,2026-10-09,44.744998931884766,26.276468,754,False,False,0.68631933978609,-0.2563568366074853,2.720379984469723,2.4616459995730144,-2.5163454370321525,-16.473774151975775,41.76275805821494,52.31283865696881,60.9797944643137,60.9797944643137,-22.68014557153981,44.9563020736884,61.08106448601942,-15.797893402684156,48.50647254630163,1558019.3,-51.695977065239184,53.13999938964844,30.1299991607666
TRU,TransUnion,ok,Industrials,Research & Consulting Services,2026-10-09,65.22000122070312,17.2124,754,False,False,0.9753908012577472,2.8382262751928122,2.8058049062515966,-15.24365976964086,-14.292428852873208,-17.176682050902457,76.13885909791976,83.1839911320295,80.3162992259868,80.3162992259868,-6.075663198956827,42.165963449008515,34.953810079628326,-25.492804667487697,6.708119045269635,2906905.45,-58.195785143269795,87.53517150878906,61.119998931884766
TTC,Toro,ok,Industrials,Agricultural & Farm Machinery,2026-10-09,96.16999816894531,25.72861,754,False,False,-0.6610881167113725,-2.7505321442926944,-2.1182283338092134,4.1313358048001625,3.4285821657078497,27.165477217805446,88.81394504365467,82.01618215097375,82.98255704378892,82.98255704378892,19.37836696506221,29.194965951576503,63.66419210821386,-4.296580824943944,43.9612853460631,819952.9,-62.71029714023818,100.4875259399414,66.80268096923828
TTEK,Tetra Tech,ok,Industrials,Construction & Engineering,2026-10-09,33.630001068115234,20.259037,754,False,False,0.6584891401014703,0.7489514439794398,1.5398615720953135,-5.824693558342442,8.111472542651988,-2.6805102661821123,33.02681543713524,34.674622018973665,35.69731380199564,35.69731380199564,8.444020908916293,31.72384855504627,32.74076518827923,-20.575754635481857,28.717898102368355,2122041.35,-61.832647606042165,42.34223556518555,26.126903533935547
TTMI,TTM Technologies,ok,Information Technology,Electronic Manufacturing Services,2026-10-09,121.52999877929688,54.990948,754,False,False,3.429786195146267,-8.424389547862244,-7.841053098319972,-0.6620872836685554,-10.86254800967591,107.63711141966441,114.0401588167463,72.85231080378195,53.993448296655714,53.993448296655714,847.2330436631204,60.22568751982412,47.222843870368685,-45.12575151964365,126.81969881691704,1933115.9,-19.703831518844783,221.47000122070312,53.58000183105469
TXNM,TXNM Energy,ok,Utilities,Electric Utilities,2026-10-09,58.58000183105469,33.66954,754,False,False,0.0,0.05124268895830841,0.2910494505849792,1.244385090058775,3.364809336355945,6.117440838944677,57.56586595565554,53.85036511820151,48.066301785982574,48.066301785982574,47.67828620671715,16.627425993877033,50.2370165206481,-0.7885478979776465,6.492283461334368,1726512.85,-85.26179518443782,59.04560470581055,55.00868225097656
TXRH,Texas Roadhouse,ok,Consumer Discretionary,Restaurants,2026-10-09,162.66000366210938,26.0032,754,False,False,-0.061434534345827796,-0.5563389505177541,4.175742473387767,-10.157414570377654,-14.9684408632213,-0.3034361088127824,175.84209430028523,175.7221372687959,163.88053244431393,163.88053244431393,77.68170745742944,27.636127970571355,42.86425051625045,-23.79778755166125,5.200982091601683,1369457.45,-51.561182130923456,213.4583740234375,154.6183319091797
UBSI,United Bankshares,ok,Financials,Regional Banks,2026-10-09,45.54999923706055,12.400544,754,False,False,-0.32823090453982795,-1.1072560161194511,-3.1675205133232964,-2.9818988352051656,-0.5012659556871801,26.75514338463838,41.97204903193882,38.523283103547726,36.04438809311358,36.04438809311358,85.26738550789399,26.87709328658135,38.817021576646454,-6.9907473363939525,37.61670699090017,1171532.6,-74.85754984539057,48.9736213684082,33.099178314208984
UFPI,UFP Industries,ok,Industrials,Building Products,2026-10-09,74.51000213623047,16.990868,754,False,False,-2.5375995937908624,-5.6835415997082634,-3.421904520329644,-7.094756893424581,-11.497666275333751,-17.11920304149932,90.0715448894198,98.59205720149188,103.08616440871666,103.08616440871666,-23.469949485272934,32.02181163251926,32.52426779947261,-34.76333294746017,0.0,484688.35,-50.11908167382195,114.21491241455078,74.51000213623047
UGI,UGI Corp,ok,Utilities,Gas Utilities,2026-10-09,37.27000045776367,12.378737,754,False,False,0.8933455422927006,0.32301191643606675,0.18817121878651477,-0.9361883947965,3.674603682434907,19.96544492756167,35.5705436751956,32.773787411085635,28.821216388469665,28.821216388469665,101.49581679054296,27.369782857264973,50.378796088784085,-5.390540087245042,22.27029548915154,2000124.7,-75.48182870798006,39.393524169921875,30.481647491455078
ULS,UL Solutions,ok,Industrials,Research & Consulting Services,2026-10-09,70.48999786376953,28.350805,626,False,False,-0.22647368528473377,3.100767927486281,6.819215253332556,-0.857947431002537,-19.310421259308207,-5.531557117158159,82.50581344725593,71.10652098332743,65.58933471947813,65.58933471947813,105.97954464867047,36.4961984090392,66.00149191508497,-32.5668872552007,10.089019534014732,1228288.0,-68.19475562734473,104.53321075439453,64.02999877929688
UMBF,UMB Financial Corp.,ok,Financials,Regional Banks,2026-10-09,130.1300048828125,10.818635,754,False,False,-0.19939758267732977,0.03844022990002749,-0.6186020646793633,-6.6298274794410865,-9.493119229300195,10.954928999878222,125.61590306721037,116.97673679063044,104.8539367797204,104.8539367797204,121.31512024579729,30.253249279756854,39.32163621620689,-14.106558950545352,26.948911481037634,736753.1,-64.10439263845649,151.50167846679688,102.50580596923828
UNM,Unum,ok,Financials,Life & Health Insurance,2026-10-09,91.9000015258789,21.46028,754,False,False,-0.7987887183127707,0.07622747841495858,3.759740140598966,-2.5553982558609856,3.3888722470514665,19.716102640349796,80.80511701674689,76.87750755553226,67.05204474451688,67.05204474451688,99.25128072795965,25.763075744351006,45.071262915964624,-4.835868472303212,31.602162705952097,2123963.1,-71.73387805089457,96.56999969482422,69.83168029785156
USFD,US Foods,ok,Consumer Staples,Food Distributors,2026-10-09,97.4000015258789,29.986155,754,False,False,0.2883018650930991,0.9012770719817098,0.4952572905509989,1.3949656478679406,-3.8594374957451327,28.157896744577513,88.99499999152289,80.328545794544,70.30355432242234,70.30355432242234,160.70663794071697,25.70340331238164,61.760359078219935,-12.204795941552815,39.04353644911766,2474195.95,-68.10604269237447,110.94000244140625,70.05000305175781
UTHR,United Therapeutics,ok,Health Care,Biotechnology,2026-10-09,548.8099975585938,19.684097,754,False,False,3.0087404520161787,1.3274994472555646,1.3125318795165875,8.92113156706975,2.4721306371362717,22.248458893889534,513.1575398520818,426.3479482339198,373.47408478835536,373.47408478835536,137.4670053693956,37.9701078196385,63.32711670609185,-8.035057882960928,32.13511879364528,1047084.0,-69.22118951297126,596.760009765625,415.3399963378906
VAL,Valaris,ok,Energy,Oil & Gas Drilling,2026-10-09,84.02999877929688,6.332202,754,False,False,0.08337267221001365,2.475608267435203,7.1947945319071005,-1.9600983818936157,5.605126431542229,63.64167726634997,77.14031731136261,60.80145408432797,63.20867372760722,63.20867372760722,15.172697140535107,50.80895736606088,56.82926114438116,-25.912537351543968,79.74331289689172,1105198.35,-82.02431264939909,113.41999816894531,46.75
VC,Visteon,ok,Consumer Discretionary,Automotive Parts & Equipment,2026-10-09,85.91000366210938,15.681902,754,False,False,-0.27858138075300687,-3.8069577756440265,-3.221801384601519,-14.56841114972004,-16.72051908360589,-25.35503997839482,101.37584937564911,97.38476635450385,101.73708283806353,101.73708283806353,-33.61286483193856,35.23086005567879,30.0133718475181,-30.405506547894596,2.42961599978023,565913.25,-70.35499698937954,123.44367980957031,83.87223052978516
VFC,VF Corporation,ok,Consumer Discretionary,"Apparel, Accessories & Luxury Goods",2026-10-09,15.154999732971191,22.272058,754,False,False,4.301445364666878,4.878892269977886,5.757151525872262,20.087162206022512,-9.588907278268744,10.633237140319629,16.668203073834615,16.49187027030732,15.990636702873978,15.990636702873978,3.510311220037554,61.17367621810356,80.37520587276842,-28.80477977340708,20.087162206022523,8614425.0,-46.06952872652557,21.286540985107422,12.619999885559082
VIAV,Viavi Solutions,ok,Information Technology,Communications Equipment,2026-10-09,45.53499984741211,23.335093,754,False,False,3.277386459113907,-5.4112994916166945,-3.322714814033101,21.751331523086172,11.278108223301864,255.18721475317835,33.127242073180184,21.858834652311774,17.387141903768484,17.387141903768484,457.34393417616195,54.34433693736661,76.19983666281664,-17.7028766663532,271.10837936929715,5735427.9,-66.86981279984359,55.33000183105469,12.270000457763672
VICR,Vicor Corporation,ok,Industrials,Electrical Components & Equipment,2026-10-09,267.6499938964844,85.431305,754,False,False,2.031864296831132,-10.571690916868182,-13.353836456799451,50.322936989043754,6.14292116490105,419.708726012591,193.1736112473503,121.50191241716483,93.71383296652877,93.71383296652877,371.8793866999964,77.13020455876021,64.1503362678962,-29.524989531630148,451.1737774449432,990676.6,-58.87335988353818,379.7799987792969,48.560001373291016
VLY,Valley Bank,ok,Financials,Regional Banks,2026-10-09,12.670000076293945,10.733051,754,False,False,-0.6274503820082766,0.0,-1.170043854141689,-7.786948482063083,-12.223313107180989,20.938288552358976,12.65275491986956,10.81541459113953,9.69061225668505,9.69061225668505,76.05617807339296,35.705020729830835,32.53589739377712,-15.921607591792434,34.87354252004531,7947682.7,-68.16110940110882,15.069270133972168,9.3939847946167
VMI,Valmont Industries,ok,Industrials,Industrial Machinery & Supplies & Components,2026-10-09,469.6499938964844,18.332552,754,False,False,0.2026843748050844,-3.540845002623727,-1.898733450999246,-1.3838943743642473,-12.849732452854335,15.562156775049885,460.18406725686697,394.76006569425425,342.59907048071096,342.59907048071096,101.92183726346053,34.52616921550249,50.87473593942817,-19.27855934056112,24.66183447698216,187678.95,-55.733447997231444,581.815673828125,376.73919677734375
VNO,Vornado Realty Trust,ok,Real Estate,Office REITs,2026-10-09,33.61000061035156,839.2975,754,False,False,-0.5915431967342344,0.2684968715954916,-0.35576321824286605,-2.2112259096643716,-12.268338800468436,-14.756028938595655,33.82218790054321,36.29428254845608,32.98710206079863,32.98710206079863,63.932278899179515,41.22050722704935,28.817198126286954,-17.844046111680274,36.01781406568937,1409250.6,-76.12830535605237,40.90999984741211,24.709999084472656
VNOM,Viper Energy,ok,Energy,Oil & Gas Storage & Transportation,2026-10-09,43.185001373291016,,754,False,False,1.3019007536241745,3.8350594249850545,6.262308124667015,-3.6908982463537243,1.553339618731675,19.379590812338154,41.42158040546236,40.90904526881488,37.986296835881646,37.986296835881646,82.93019367525032,31.30193279415544,59.150530650290236,-12.645695141690938,26.268156495616076,2297974.45,-57.023499543260805,49.43660354614258,34.20102310180664
VNT,Vontier,ok,Information Technology,Electronic Equipment & Instruments,2026-10-09,32.5099983215332,13.429751,754,False,False,0.9627253144370851,-1.0048776782014768,2.6847709356213834,3.9987142786277463,10.889708192888193,-18.400177173174427,34.82007063759698,35.999057215048495,36.20252350217784,36.20252350217784,5.888191883202576,29.55252902461241,62.67463565264632,-24.53763891021394,17.135378328617456,1355228.4,-63.84609413439093,43.081077575683594,27.754209518432617
VOYA,Voya Financial,ok,Financials,Multi-Sector Holdings,2026-10-09,95.10749816894531,16.011784,754,False,False,-1.5857835579283774,-2.772951885443964,-1.5959682696130906,-7.365832409537765,-3.4416887466488855,31.021080996203043,81.40557086278521,75.19101919500952,72.46042770163133,72.46042770163133,55.39822702167952,28.1073483628083,31.952059594886407,-9.30049817341266,46.69871320758314,1228848.9,-57.66949052890067,104.86000061035156,64.83185577392578
VVV,Valvoline,ok,Consumer Discretionary,Automotive Retail,2026-10-09,30.364999771118164,37.469135,754,False,False,-1.5402087520089314,-1.6358958677883062,-0.7030744052462179,0.5130774291389306,-21.232165052998564,-11.908910078945523,33.79819451438056,35.54734070082585,36.92085548168152,36.92085548168152,-5.522712048034329,30.31926308889664,74.85067758305759,-24.59647522734487,14.06836519090288,3245161.5,-42.208423217149594,40.27000045776367,26.6200008392334
WAL,Western Alliance Bancorporation,ok,Financials,Regional Banks,2026-10-09,74.5,8.404063,754,False,False,-1.3245033112582738,-2.0896259881916346,-2.461373816472401,-6.029261923431206,-6.968991327845842,-7.652529599360546,79.87272916521344,79.87453314032688,73.3342654736668,73.3342654736668,79.61696998414236,41.14962106152723,34.2444962081868,-21.262462918659324,12.897345805975725,1262415.15,-65.89053925723245,94.61814880371094,65.98915100097656
WCC,WESCO International,ok,Industrials,Trading Companies & Distributors,2026-10-09,366.04998779296875,25.31397,754,False,False,2.843254383006122,-4.696818119952217,-4.1076212878428775,6.56477082764737,10.803653842032412,64.29552694354098,305.37915832277326,245.4571123161164,216.5299088354136,216.5299088354136,153.92448246753762,45.13804249340866,55.271934686540334,-4.696818119952222,76.88450822034045,508258.1,4.978553219319082,384.0899963378906,206.94293212890625
WEX,WEX Inc.,ok,Financials,Transaction & Payment Processing Services,2026-10-09,171.78750610351562,17.126621,754,False,False,-1.5036394149009924,0.1793272589446282,1.589296217029612,-9.599796238997138,7.320233799679476,7.981337644044451,159.58752974252852,160.7851343952802,172.91180037440293,172.91180037440293,-8.487372157245831,38.181575655493674,30.818652451137893,-15.479701794088255,35.41502859609639,581020.1,-56.421128976432996,203.25,126.86000061035156
WFRD,Weatherford International,ok,Energy,Oil & Gas Equipment & Services,2026-10-09,78.01499938964844,15.382642,754,False,False,1.4499321737910575,-2.408059786048644,-2.138737838618976,-13.239545175400568,-3.5007646834221973,21.15522305687858,88.48146058642675,74.83877248118124,83.99839730604258,83.99839730604258,-12.557895564068666,45.766348856822795,40.46915440450806,-29.760477972491028,28.469888843122572,978332.05,-62.66696976757533,111.0699462890625,60.72629165649414
WH,Wyndham Hotels & Resorts,ok,Consumer Discretionary,"Hotels, Resorts & Cruise Lines",2026-10-09,74.04000091552734,26.844202,754,False,False,0.9269360680455474,1.9132819827309966,3.1341412053295548,8.573222142577208,-3.4810902096358065,-4.438682174313513,76.4250543079679,82.18291984041373,78.72138569778726,78.72138569778726,16.89218540895796,29.154689032720345,81.69269923088477,-16.684829976311864,10.260609431249385,1205792.15,-51.19863734392366,88.86737060546875,67.1500015258789
WHR,Whirlpool Corporation,ok,Consumer Discretionary,Household Appliances,2026-10-09,28.860000610351562,9.486842,754,False,False,-1.028803973355208,-4.27860372968587,-4.783896011677935,-19.587625797855267,-25.71428122558127,-61.597094862151636,56.14106893539429,73.89470411581821,80.44451246843414,80.44451246843414,-73.16705830011081,45.35732426624479,18.394656616618434,-68.49743160916654,0.0,3050689.0,-50.46430494881648,91.61157989501953,28.860000610351562
WING,Wingstop,ok,Consumer Discretionary,Restaurants,2026-10-09,121.05750274658203,28.701424,754,False,False,2.1582301658920056,7.894390409320429,13.25428331727132,9.534479210624113,-21.193523656571067,-50.993479118676014,187.43570669870527,241.31116274343543,269.62842779387216,269.62842779387216,-30.091533846190043,53.26358696864679,66.60818282698106,-57.187204919592425,23.73007693960832,1358682.05,-59.038172322950764,282.7601013183594,97.83999633789062
WLK,Westlake Corporation,ok,Materials,Specialty Chemicals,2026-10-09,62.29999923706055,21.024529,754,False,False,-0.016052216353756865,-1.7195143762154474,-1.8897649810070138,-13.013129226619958,-17.527056653613325,-22.316096173791244,83.14441752055335,89.56088218081045,104.47106605246465,104.47106605246465,-46.43318351373959,38.61355375059802,32.47919328828522,-48.84999670203476,13.494568142936306,906668.85,-62.39233320963877,121.79862213134766,54.892494201660156
WMG,Warner Music Group,ok,Communication Services,Movies & Entertainment,2026-10-09,28.920000076293945,23.147999,754,False,False,0.03459089911663771,4.744655693528799,7.850082044797202,3.8793100495211785,1.33615487853056,-9.120328045068671,28.542714769878085,29.25569683622079,29.665338392282987,29.665338392282987,-5.373506507252602,29.663119421341992,64.50470584107293,-15.699820506952769,23.86661064689843,2239067.35,-62.848504758019,34.30597686767578,23.34769630432129
WMS,Advanced Drainage Systems,ok,Industrials,Building Products,2026-10-09,126.23500061035156,21.477854,754,False,False,0.019809465224840395,-2.948417389035629,-0.8132286163388014,-0.7274323884228107,-14.360328478725371,-9.888310977338588,144.66868639749194,134.16416767013976,138.64785058302334,138.64785058302334,8.70378649588579,38.05841211247171,48.653734131719744,-27.73612943271425,0.7220926881632195,797238.4,-28.557380076022433,174.68618774414062,125.33000183105469
WPC,W. P. Carey,ok,Real Estate,Diversified REITs,2026-10-09,63.334999084472656,21.688356,754,False,False,0.3247236066671988,-1.0545274632567936,-1.8366361132182374,-7.6056990460112495,-11.401855733324595,-0.431500340453006,67.84167495606438,61.87649764102768,58.03231664804312,58.03231664804312,43.27225187364896,19.82924881848087,35.545573999706974,-16.207807628849455,4.316513087338751,1760191.05,-70.38838482902183,75.58580017089844,60.71426010131836
WSO,Watsco,ok,Industrials,Trading Companies & Distributors,2026-10-09,281.1000061035156,24.081062,754,False,True,-0.4003843811164476,-3.3455905229814675,-5.503074276401421,-9.58507184882441,-27.988598052340574,-26.724220225933294,361.8766215490916,406.1512221986079,406.56107931364755,406.56107931364755,-23.109963340878416,31.52625890439409,17.417631063908658,-37.9424574034585,0.0,510817.75,-33.35098476902966,452.9667053222656,281.1000061035156
WTFC,Wintrust Financial,ok,Financials,Regional Banks,2026-10-09,143.4149932861328,11.525702,754,False,False,-0.5443853527896669,-1.052165813154271,-1.1067514405203482,-4.86567609543429,-10.894580454353175,10.563694749296593,145.3851346515474,133.4828498809936,119.76395760290819,119.76395760290819,101.33510144412496,28.888097358448068,40.171582989338056,-13.777553979590657,21.01868796788645,523724.6,-70.8449822673978,166.33139038085938,118.50648498535156
WTRG,Essential Utilities,ok,Utilities,Water Utilities,2026-10-09,39.125,19.938776,754,False,False,1.045967888762167,0.8116429156474148,-0.6475395154869612,-6.399519822691413,2.31486700263579,-1.1492225575273851,38.58559856717549,37.42348653481776,36.270987518270076,36.270987518270076,29.233026420587095,21.854297128643456,35.841219806387784,-6.845238095238096,8.919465057233676,2592161.25,-70.25165776241737,42.0,35.92103576660156
WTS,Watts Water Technologies,ok,Industrials,Building Products,2026-10-09,353.69000244140625,30.85284,754,False,False,1.8868432092457477,-2.416887700536563,-2.5835251311288387,0.9792704220148885,2.156822613477516,27.066320388694386,314.0615921020508,270.8174928763948,244.8595022510154,244.8595022510154,110.00734137825657,27.032412850538947,53.17345850762465,-9.670273553843067,35.17582096261322,202943.85,-52.116311974962535,391.55438232421875,261.6518249511719
WWD,"Woodward, Inc.",ok,Industrials,Electrical Components & Equipment,2026-10-09,336.0249938964844,37.314236,754,False,False,3.8877666455007676,1.0419161544767963,1.3283272553394232,0.9811828450056348,-15.268688304821554,33.994853956196856,345.08691581847177,274.50402011339406,233.31737893709138,233.31737893709138,166.78693343663141,32.91675118450677,60.68442963396891,-22.939238349694214,36.56113550386843,821341.6,-46.59566738126987,436.052001953125,246.06195068359375
XPO,"XPO, Inc.",ok,Industrials,Cargo Ground Transportation,2026-10-09,182.7050018310547,53.82353,754,False,False,0.41495185241871013,-0.4278182127683383,-1.8190093897845427,0.200178512940008,-12.769155171578506,32.799098269683505,181.81311486259338,154.38419305565822,137.47540446111947,137.47540446111947,132.71557363356732,45.05570161935484,61.193636107847546,-19.99605651464849,47.74785413259475,1142761.1,-59.53467439519948,228.3699951171875,123.66000366210938
XRAY,Dentsply Sirona,ok,Health Care,Health Care Supplies,2026-10-09,8.845000267028809,5.913698,754,False,False,1.7836673662839253,3.8145515469895086,2.018456622778575,-15.76190221877325,-30.790293804079326,-27.52054624736271,11.533852766430567,13.807168082886959,18.476704683480907,18.476704683480907,-70.09843156490223,42.77572312968459,36.8653537816881,-39.74795583682451,3.814551546989501,5297325.05,-60.395086572986486,14.680000305175781,8.520000457763672
YETI,Yeti Holdings,ok,Consumer Discretionary,Leisure Products,2026-10-09,39.84000015258789,17.460527,754,False,False,0.606064867966194,-1.0186331612723198,-2.520183034537149,0.9374180908073848,-17.566731547300506,18.50089654465801,43.045555553739035,39.082888420834486,39.767294392977846,39.767294392977846,-1.9443782790035558,43.5288218085237,33.4455622140315,-24.373576458249126,24.07349546964613,1795721.35,-70.56185805219724,52.68000030517578,32.11000061035156
ZION,Zions Bancorporation,ok,Financials,Regional Banks,2026-10-09,62.64500045776367,7.9764333,754,False,False,-0.13549989652945627,-0.32617028056386443,-0.8310871084364457,-8.266218160908167,-10.36681681570225,15.074996655735884,60.67369993906173,55.70334665518833,50.06879471088278,50.06879471088278,104.42437436000725,35.675247301371705,34.74851660401862,-13.973655903445211,37.56035014455052,1620593.1,-57.53024000904361,72.82071685791016,45.54001235961914
