ticker,company_name,status,sector,industry,last_date,last_close,pe_ratio,data_points,rising_7day,declining_7day,pct_1d,pct_3d,pct_5d,pct_21d,pct_63d,pct_252d,avg_1y,avg_2y,avg_5y,avg_max,cum_return_from_start_pct,ann_vol_pct,rsi,pct_from_52w_high,pct_from_52w_low,avg_volume_20d,volume_vs_avg,high_52w,low_52w
MMM,3M,ok,Industrials,Industrial Conglomerates,2026-10-01,163.14999389648438,,753.0,False,False,-0.609198926093546,-3.734955151421515,-2.6086498713723816,-4.164715324192336,2.1342530467768572,7.076748732618121,159.83705248151506,149.86605657144372,130.23922009107127,130.23922009107127,134.85495306447422,29.822935620716333,46.786711063696806,-10.836760492310063,16.651318188944362,2965948.45,-51.17349392906678,182.97898864746094,139.8612518310547
AOS,A. O. Smith,ok,Industrials,Building Products,2026-10-01,56.75,,753.0,False,False,0.674119345956381,-2.7920538511354565,-1.6464484408631685,-2.9748702830134865,-8.970587434433297,-20.970881667156462,64.36053975423177,66.14776839298081,69.7931079991152,69.7931079991152,-8.97103860479147,25.43030368336926,44.520556893166344,-28.646392656761964,2.3550576189048047,1474180.0,-9.997422295784775,79.5334701538086,55.44425582885742
ABT,Abbott Laboratories,ok,Health Care,Health Care Equipment,2026-10-01,97.3499984741211,,753.0,False,False,-1.4975243645786729,-3.594775957752283,-3.680618612778752,-10.630681904537242,2.7718336985156578,-25.63825923535238,107.8443890828935,115.22871479475165,110.91021918997188,110.91021918997188,8.247039440448244,22.704828701737664,28.899092522144485,-25.997370441770425,18.75524329737442,8469968.3,-40.775858629836904,131.54937744140625,81.97532653808594
ABBV,AbbVie,ok,Health Care,Biotechnology,2026-10-01,260.2900085449219,,753.0,False,False,-0.4969562334828703,-2.2495081349837798,-1.8218115046851446,0.1153961005484927,0.41088821996824176,15.9043628107856,227.83555954221694,205.77251951058074,188.7736156914497,188.7736156914497,94.74005363513247,24.665498074647,58.73282229683946,-2.2495081349837824,32.8111781355355,4028955.25,-52.31257532582423,266.2799987792969,195.98501586914062
ACN,Accenture,ok,Information Technology,IT Consulting & Other Services,2026-10-01,215.25999450683594,17.213257,753.0,False,False,17.39106737133753,23.379373531690305,21.334755686502717,14.445211706068783,58.60815913614172,-10.910075961441057,204.39325038970463,257.04758342423764,276.57306638720183,276.57306638720183,-26.246167825206822,34.81156200771894,68.80998103451148,-23.859521084941775,75.06294050285888,6336464.8,262.76372907492515,282.7142639160156,122.96148681640625
ADBE,Adobe Inc.,ok,Information Technology,Application Software,2026-10-01,241.86000061035156,13.519553,753.0,False,False,0.8001992787401768,4.6967691275342505,1.2263039485989502,-15.457210583566571,10.076460616532291,-31.43586091839785,276.255118960426,346.3837246229924,412.73924245239095,412.73924245239095,-53.58931584360814,36.318163985706576,42.51048035511984,-32.799867147506546,25.050408991711294,5548675.1,-54.068278389556454,359.9100036621094,193.41000366210938
AMD,Advanced Micro Devices,ok,Information Technology,Semiconductors,2026-10-01,615.5999755859375,157.14413,753.0,False,False,0.6276915390045934,1.2716502756908943,-2.170809199328483,33.93964343813287,18.88300314369593,280.4932326668816,342.69103210691424,237.68225123492846,208.8501594715701,208.8501594715701,496.10728730208507,58.61144158425804,73.75685533868747,-2.3833355819579136,275.34296457785643,22245189.8,-41.45882270692067,630.6300048828125,164.00999450683594
AES,AES Corporation,ok,Utilities,Independent Power Producers & Energy Traders,2026-10-01,14.930000305175781,5.59176,753.0,False,False,0.20134689539319517,0.4034997987792055,0.5387200111178547,1.0832758459936809,3.6287443129178643,19.097489938109046,14.256726200618441,12.955245432150791,13.770976541526764,13.770976541526764,22.136487441238085,40.26394796701742,79.1666501098709,-11.485155120523652,15.152345210184562,8018564.0,-25.94958399035039,16.86722755432129,12.965433120727539
AFL,Aflac,ok,Financials,Life & Health Insurance,2026-10-01,111.11499786376953,11.985004,753.0,False,False,-0.5949194156285031,-2.144434277891094,-2.5392546427651985,-4.227718428907579,-7.61531478018963,1.555966578167034,112.86205991109212,107.94468518747277,99.6958366282591,99.6958366282591,54.86504715526066,19.709328349661742,29.55330115785287,-13.798066064336991,7.320731186643359,2040539.5,-64.80391582716237,128.90081787109375,103.53544616699219
A,Agilent Technologies,ok,Health Care,Life Sciences Tools & Services,2026-10-01,168.55999755859375,33.246548,753.0,False,False,-2.176310169538953,-3.7954505453181464,-2.476277985408981,12.42580256980288,28.9769641210055,32.11694942934091,134.84453125605506,129.65142992483192,130.02107686603844,130.02107686603844,55.19094069953838,30.716905197210913,77.61043441405756,-3.795450545318149,53.546416568546405,2390781.4,-49.93151611435491,175.2100067138672,109.77787780761719
APD,Air Products,ok,Materials,Industrial Gases,2026-10-01,271.75,18.8372,753.0,False,False,-2.329012231051719,-2.511210762331839,-4.478185761080466,-10.995023751774912,-13.507750759612714,2.2998412088256703,276.77040784321133,281.3285990559247,269.694767236393,269.694767236393,4.583480827760256,27.348970157246725,27.74761904761904,-13.50775075961271,20.107880829328987,1162036.1,-27.874701999361296,314.19000244140625,226.2549285888672
ABNB,Airbnb,ok,Consumer Discretionary,"Hotels, Resorts & Cruise Lines",2026-10-01,160.61500549316406,36.57745,753.0,False,False,-0.021779274602928833,2.9055635628568055,6.093537314688957,-12.013472237395984,7.845976896554974,32.28052043756608,138.946864990961,135.07244041716436,136.90610899298315,136.90610899298315,17.614973904967336,36.69246440328366,37.14246725002673,-15.68766115844406,43.997672740564816,5017796.0,-35.73034854346411,190.5,111.54000091552734
AKAM,Akamai Technologies,ok,Information Technology,Internet Services & Infrastructure,2026-10-01,106.33999633789062,38.3935,753.0,False,False,-0.00940492371789281,-2.4314171738871293,-3.6862668138969545,-0.11272097277289506,-6.035170046445126,40.3642995504035,105.22888889009991,95.47466135215,98.66693232765553,98.66693232765553,-0.45867779159919353,44.59755270832245,49.44512397151367,-34.00769719456642,47.75600185386757,5718409.05,-32.248970541902736,161.13999938964844,71.97000122070312
ALB,Albemarle Corporation,ok,Materials,Specialty Chemicals,2026-10-01,105.71160125732422,377.85715,753.0,False,False,-0.06466016521267104,-1.5628998434336516,-2.344941101779008,-21.744324248124126,-21.75586696979862,31.874288083352887,144.52771144443088,111.12982971069822,111.42450959305681,111.42450959305681,-31.765669538328257,58.66905067617846,34.531193469270264,-50.6824491872827,26.581833147651523,2624346.8,-51.43416258857252,214.34884643554688,83.51245880126953
ARE,Alexandria Real Estate Equities,ok,Real Estate,Office REITs,2026-10-01,46.4900016784668,,753.0,False,True,-2.043820953892961,-3.0188972328923924,-6.515443075105221,-8.597709849351777,-10.249143074961642,-40.86523139617169,50.663465076022675,66.2185879437572,77.9277722889367,77.9277722889367,-44.324724786660894,37.615741854882444,37.21924594869492,-41.18984748155891,18.312892035854595,1816808.85,5.6289988900043,79.05097961425781,39.29411315917969
ALGN,Align Technology,ok,Health Care,Health Care Supplies,2026-10-01,145.28500366210938,25.228298,753.0,False,False,-0.044721320038998424,0.1965542497305961,-0.23690256755861672,-6.24354842060807,-21.26327753191325,16.023799908803092,164.05974185277546,176.08584664637348,204.33813415770513,204.33813415770513,-51.532893338339505,46.59022312885404,42.000276991693774,-26.441695254524966,15.498054380072427,901129.9,-60.05037675478309,197.50999450683594,125.79000091552734
ALLE,Allegion,ok,Industrials,Building Products,2026-10-01,153.7989959716797,20.157143,753.0,False,False,0.018853936667251325,-1.0175111735420628,0.8650316638895372,1.6633484489673167,9.791795405035565,-12.281809140457767,152.74851247999402,146.9603099291068,137.59605337804058,137.59605337804058,54.83175895860541,24.988833031300075,53.073984285067034,-13.462636921941776,23.343852479378384,1033815.8,-42.06743599778607,177.7255401611328,124.69125366210938
LNT,Alliant Energy,ok,Utilities,Electric Utilities,2026-10-01,63.65999984741211,20.148733,753.0,False,False,0.5687213502220567,0.7119138893485477,0.5528328329317489,-6.2720825035018635,-17.79560669855913,-2.6262135775040663,68.75924497937399,63.957522426468444,58.50248403663179,58.50248403663179,52.28167180824508,17.848076740205855,28.723378831664903,-17.795606698559123,0.8510410452773972,2550479.2,-28.861054816679165,77.44111633300781,63.122798919677734
ALL,Allstate,ok,Financials,Property & Casualty Insurance,2026-10-01,224.69000244140625,4.496696,753.0,False,False,1.2755800158970265,-1.2568668740914224,-1.0916915735037724,-12.866945865765732,-9.868921028457489,6.702443601871688,218.2752106076195,205.08249600475054,186.93510552516497,186.93510552516497,115.3601553078746,24.335459644802985,19.833688789997595,-17.987297271015205,20.54568937337998,2380530.6,-21.31535717289247,273.9697570800781,186.39405822753906
GOOGL,Alphabet Inc. (Class A),ok,Communication Services,Interactive Media & Services,2026-10-01,339.17999267578125,17.030622,753.0,False,False,-1.424085703239597,-1.0415776292396095,-0.9288447283101076,1.3067954511956748,-5.699198749698264,39.88567743345133,326.2324940514943,254.22699561252062,220.2165126623227,220.2165126623227,155.20422710093578,30.6172525613757,50.532909212666226,-15.652294613517626,43.74690766473631,26779897.0,-7.933775846860058,402.1211853027344,235.9563751220703
GOOG,Alphabet Inc. (Class C),ok,Communication Services,Interactive Media & Services,2026-10-01,336.05499267578125,16.864275,753.0,False,False,-1.3749479640975615,-0.9155003398990114,-0.8716607193653969,1.2779479255764281,-5.5889820532601275,38.342126926107746,325.16277664426775,254.37936209872424,220.788039188461,220.788039188461,150.97132490483324,30.261524776716094,50.48808495593349,-15.678744812165949,41.87218304286094,17342133.15,-19.845137390148558,398.541259765625,236.8716583251953
MO,Altria,ok,Consumer Staples,Tobacco,2026-10-01,66.86000061035156,14.072632,753.0,False,False,-0.7127944069533321,-3.283663725234953,-2.932631712563216,-2.3604475021091087,-6.577034651297364,8.056020372569051,63.628811669728115,57.75300845111984,50.8494649864288,50.8494649864288,100.8272820667477,21.477175620488918,42.500176801831664,-9.332842517710333,28.104745802651305,7644404.85,-54.40721588679334,73.74224853515625,52.19166564941406
AMZN,Amazon,ok,Consumer Discretionary,Broadline Retail,2026-10-01,248.80999755859375,20.018503,753.0,False,False,-0.13646251102533702,1.0806433995801834,-0.22856977827336866,-2.396830634802616,2.530184792507306,13.31693275903525,238.6715476020934,225.12834669014373,206.21335997967765,206.21335997967765,92.19062618196384,32.09969578430197,39.974841231819966,-12.397011765739919,25.162234499632753,34334340.25,-33.23068148950379,284.0199890136719,198.7899932861328
AMCR,Amcor,ok,Materials,Paper & Plastic Packaging Products & Materials,2026-10-01,41.974998474121094,17.655462,753.0,False,False,0.2747201674456967,-1.9046562841051662,-0.2969121247755835,-7.075318731788327,-5.382027313382098,8.867854822729381,41.16058994474865,42.55903492505807,42.48412052473699,42.48412052473699,9.210748324544337,26.520063551799243,47.06381939827128,-13.294911010910104,17.981362290633495,3234448.25,-50.40684296000097,48.41122817993164,35.57765197753906
AEE,Ameren,ok,Utilities,Multi-Utilities,2026-10-01,99.58000183105469,17.538557,753.0,False,False,0.20125234772014888,0.19116857085526018,0.3830694501036902,-5.470406428402008,-12.80955359031195,-1.885900898381665,105.25625019981747,98.42571291980515,88.79268610778242,88.79268610778242,53.44390133336656,18.306290204076973,22.233893696846238,-15.241343150816855,4.55463497658402,1824813.95,-43.05287944560047,117.48652648925781,95.24207305908203
AEP,American Electric Power,ok,Utilities,Electric Utilities,2026-10-01,119.72000122070312,20.859756,753.0,False,False,0.9103184732053515,1.2859596545730323,1.8286990996509767,-2.635001535372228,-12.907741461323996,9.719091621455389,123.55944975595625,110.92703140684333,100.32257809581985,100.32257809581985,85.6915432988255,19.203378916102103,35.070317834339434,-13.020781195211667,9.475804791866109,3964826.5,-49.997055356646754,137.64207458496094,109.35749816894531
AXP,American Express,ok,Financials,Consumer Finance,2026-10-01,300.79998779296875,18.254248,753.0,False,False,-1.0851753516320395,-1.8052423927463979,-1.5900071356778178,-7.214909303893469,-14.535744091424407,-8.472583739908213,335.41295466347344,313.4856523004661,278.0072606303302,278.0072606303302,108.36260783720992,27.395810168699498,25.507478899890884,-21.21148657932952,3.526509159886817,3234712.3,-28.319869436301946,381.7815246582031,290.5535888671875
AIG,American International Group,ok,Financials,Multi-line Insurance,2026-10-01,75.11000061035156,13.704379,753.0,False,False,0.9271734189509662,3.201431533573329,0.3875981244455984,-0.35905814138729175,-4.764393200603367,-2.0114158562096196,76.33068293616886,76.24380619307438,73.33564930544748,73.33564930544748,33.723141118894226,22.53613724410559,51.22523774813107,-11.584558831123564,6.494545799126264,4982082.1,-41.300806745035366,84.95122528076172,70.52943420410156
AMT,American Tower,ok,Real Estate,Telecom Tower REITs,2026-10-01,161.80999755859375,22.276478,753.0,False,False,-1.1485153978694984,-2.643183251849035,-2.2124425873712106,-7.07905357922094,-1.4880127916074182,-12.441086249788114,173.8918734353686,184.3177614250031,183.41751647787106,183.41751647787106,12.36168400436588,26.03445742554052,17.388910945731723,-14.93883339469646,0.8941235750785602,2581166.15,-44.690774749234954,190.22781372070312,160.37603759765625
AWK,American Water Works,ok,Utilities,Water Utilities,2026-10-01,127.84500122070312,22.149048,753.0,False,False,-1.2551170036910086,-0.841535342212063,-2.8016403807446633,-6.9541434499479475,-5.965684368740176,-5.644982920609554,130.6692119477287,131.68840665171345,128.38665431049242,128.38665431049242,14.854078862323018,22.582661466237404,17.19434190589503,-9.693491727342023,6.245661572610025,1818833.35,-17.0970226601574,141.56787109375,120.32962036132812
AMP,Ameriprise Financial,ok,Financials,Asset Management & Custody Banks,2026-10-01,496.9750061035156,12.133302,753.0,False,False,0.9393723860394498,0.16426201938706253,2.4373930445837244,-8.415341167662882,1.9150473306191573,2.5085353084614237,485.47611842079766,495.9264345207062,460.17436893052786,460.17436893052786,58.75932041723648,25.339964269755722,21.762260239143345,-12.915291848007616,16.251928147556328,669189.2,-51.70513809846303,570.6799926757812,427.498291015625
AME,Ametek,ok,Industrials,Electrical Components & Equipment,2026-10-01,249.18499755859375,36.900887,753.0,False,False,0.587333732752704,-0.9874043900470753,0.5832695702711499,7.880046464040036,6.362689181832026,33.35594777142716,221.4705512637184,199.94582950546447,187.74752651584419,187.74752651584419,72.2955556838025,22.265762312952333,60.5075630898796,-3.470469292774342,39.84223999849287,1427173.25,-20.236383354298436,258.143798828125,178.19007873535156
AMGN,Amgen,ok,Health Care,Biotechnology,2026-10-01,410.6700134277344,25.50621,753.0,False,False,-2.571705555442927,-1.7841320565284202,1.1402829241887957,-6.265402628362315,10.402238427292332,49.561335458952314,349.46385265531995,314.2307001243075,301.3024579335652,301.3024579335652,68.71086556053984,27.15164278443798,70.99295203786396,-7.531744136092514,45.47344690570282,3184757.1,-58.6799884989659,444.1199951171875,282.2989501953125
APH,Amphenol,ok,Information Technology,Electronic Components,2026-10-01,86.25499725341797,43.215,753.0,False,False,2.3190914957142317,1.9321607820462772,3.8216121237210743,5.881582224025372,4.974518717317378,40.37539093133664,72.28132614256843,56.649456943648744,46.949302668273845,46.949302668273845,327.299332600797,36.03412071656077,56.37210990211683,-2.009107066800238,45.2272078424849,12070340.15,-33.511376645006976,88.02348327636719,59.39313888549805
ADI,Analog Devices,ok,Information Technology,Semiconductors,2026-10-01,403.3500061035156,47.996433,753.0,False,False,1.6737704598976277,2.002886370389234,5.42066896996849,13.773558220425386,7.269837067522178,66.21680805352703,333.48657826014926,275.43780508459326,248.62332246534694,248.62332246534694,140.93263743392092,35.452098912814485,65.62379926646096,-9.181353121582141,81.34756181224445,3218303.0,-43.903355277610586,444.1268615722656,222.418212890625
AON,Aon plc,ok,Financials,Insurance Brokers,2026-10-01,276.75,15.252621,753.0,False,False,-0.007222247521532221,1.708928258794451,0.2390538124755759,-15.18540902441201,-22.402270632801123,-22.00555148176262,334.3337115333194,349.8220552847205,335.9248610619371,335.9248610619371,-12.028583756802147,23.66388545393389,27.157434888093192,-27.24627879578474,1.7089282587944403,2202157.7,-47.74879201430488,380.3929138183594,272.1000061035156
APA,APA Corporation,ok,Energy,Oil & Gas Exploration & Production,2026-10-01,43.36000061035156,9.152954,753.0,False,False,4.381318379181631,2.4332594725787082,-0.7326000288198298,-2.121893099091976,34.93567131083037,84.8116761494611,32.5953751367236,26.207998895075217,27.165588057215313,27.165588057215313,22.963234454133506,44.8373346166328,45.2791209842814,-8.542500000201155,104.87285166569893,6097293.05,-19.88803949647786,47.40999984741211,21.16434669494629
APO,Apollo Global Management,ok,Financials,Asset Management & Custody Banks,2026-10-01,114.41999816894531,40.72776,753.0,False,False,-1.413061713033792,-3.8487410344997364,-5.195131448857959,-13.114134674076716,-3.1251156655368373,-12.723493439738576,126.28545951843262,134.70212547332642,123.75966722303494,123.75966722303494,33.74586315296635,36.75596927515723,19.565220164823003,-24.126268069217993,15.042722021845083,2821484.7,-0.945980674642688,150.8031768798828,99.45870208740234
AAPL,Apple Inc.,ok,Information Technology,"Technology Hardware, Storage & Peripherals",2026-10-01,329.30999755859375,37.730816,753.0,False,False,-1.1140446752359368,-2.6861691790311393,-1.9677350574298647,1.2856373183052883,6.792605611396052,29.80656340039609,283.9643396044534,253.36044025801093,232.9821906222765,232.9821906222765,92.09440135064555,26.810899447404285,46.36185569253136,-3.447975346142359,34.76024169307287,41751406.35,-45.565601289021004,341.07000732421875,244.36732482910156
AMAT,Applied Materials,ok,Information Technology,Semiconductor Materials & Equipment,2026-10-01,529.2999877929688,45.65418,753.0,False,False,3.5042400443996202,8.73941514789327,11.607799218338165,19.791780124806778,-12.134185467310754,159.95290479625575,386.0938436114599,278.7707084564574,247.19151180515567,247.19151180515567,288.39854284221906,49.174638866124795,73.2545522951053,-26.712867486708124,153.50205015507981,6251544.65,-28.881688463986265,722.2277221679688,208.79515075683594
APP,AppLovin,ok,Communication Services,Advertising,2026-10-01,281.70001220703125,21.67717,753.0,False,True,-3.0058811723676304,-8.610167034836614,-9.847341790720732,-9.636228577783312,-46.55257209579553,-60.79549909242332,490.40252092149524,418.44998059519736,300.78180646959686,300.78180646959686,590.1029258036704,76.35219685888369,30.25972726342249,-61.60032421183858,0.0,4964857.65,27.41660377714956,733.5999755859375,281.70001220703125
APTV,Aptiv,ok,Consumer Discretionary,Automotive Parts & Equipment,2026-10-01,44.15999984741211,19.99095,753.0,False,False,2.6499288180335423,1.1915684350055633,1.3308811197527692,-1.538458528838349,-25.012735090680838,-48.78218600998069,67.10742051260812,66.33219121651821,70.32572370126428,70.32572370126428,-54.59125979700554,40.16560928720971,42.98779412249297,-50.19736014511595,2.6499288180335334,3894495.95,-61.17548921831592,88.66999816894531,43.02000045776367
ACGL,Arch Capital Group,ok,Financials,Property & Casualty Insurance,2026-10-01,94.09500122070312,7.3615026,753.0,False,False,1.8785194877501077,-0.8482616356505157,-0.973474484363479,-4.57864249234623,-7.9305244320542645,3.7088038567920645,95.1434323749845,94.13582203777663,91.91334212507068,91.91334212507068,24.674029173788735,23.44426792534358,40.852853970568276,-11.631293900991412,11.06586386321843,4472824.95,-48.719231679299234,106.4800033569336,84.72000122070312
ADM,Archer Daniels Midland,ok,Consumer Staples,Agricultural Products & Services,2026-10-01,79.4000015258789,21.698088,753.0,False,False,0.02520064645137321,-1.219203484729392,-3.028817550962415,-6.091071957414718,4.055135103680518,36.79257676948515,70.48390895601302,60.30272826540518,59.65730411281307,59.65730411281307,18.299379432553575,29.684808896163638,23.631119800756224,-9.864905407282716,45.92837489050587,3588288.2,-63.80547136654185,88.08999633789062,54.410255432128906
ARES,Ares Management,ok,Financials,Asset Management & Custody Banks,2026-10-01,116.66999816894531,53.527523,753.0,False,False,0.43040372547209493,-1.4111865984658634,-2.864043313567166,-15.232644226515902,0.8579225649021582,-24.01288407551958,131.45221410478865,146.31099334656005,137.3694705329885,137.3694705329885,25.041037322110625,38.00764814579087,25.386202155747384,-31.851137300605963,25.090143739181936,2248707.2,-45.7802242995442,171.19874572753906,93.26873779296875
ANET,Arista Networks,ok,Information Technology,Communications Equipment,2026-10-01,205.7449951171875,64.72799,753.0,False,False,1.0584993457735115,0.402594649430954,0.02187562936941667,8.710240456947771,28.59865494909206,41.20169215365688,154.60807512676905,129.94426262236212,110.11239359071689,110.11239359071689,338.198174307517,50.776060569426754,57.456086843687125,-2.2589096830463182,77.1678291425534,4691293.7,-50.306372845511675,210.5,116.12999725341797
AJG,Arthur J. Gallagher & Co.,ok,Financials,Insurance Brokers,2026-10-01,232.88499450683594,38.685215,753.0,False,False,2.0932856445171177,1.4926295183280702,2.533786598117116,-10.875106673538626,-7.499910756618422,-23.928167951099034,238.4084111168271,271.20277614517516,262.7874850289597,262.7874850289597,6.577046337673176,24.91840121904598,42.79622765920014,-24.109482904191992,22.023163400544735,1430311.65,30.61020652387192,306.86968994140625,190.8531036376953
AIZ,Assurant,ok,Financials,Multi-line Insurance,2026-10-01,267.70001220703125,12.800958,753.0,False,False,1.5939325263875759,1.5823676420333221,2.2302097235773477,-4.658446694611951,-3.9189738031156884,25.388196948799347,242.2874152168395,220.96749127148632,202.61295919431,202.61295919431,94.07905806545394,23.96695286941404,30.309531854951985,-10.956906341157701,30.76111982695158,390237.25,-47.200068676170716,300.6409606933594,204.72447204589844
T,AT&T,ok,Communication Services,Integrated Telecommunication Services,2026-10-01,24.375,8.049505,753.0,False,False,-0.10245745459473987,-2.108432235234148,-4.223971436986673,-6.25,20.02612497724772,-9.616129953971807,24.74298552104405,24.545706160040016,21.579172482686847,21.579172482686847,94.63412550214787,23.05005377195392,27.973878567051102,-14.22713226572305,20.61220069378215,37718965.1,-56.34847892473063,28.41807746887207,20.20939826965332
ATO,Atmos Energy,ok,Utilities,Gas Utilities,2026-10-01,156.2899932861328,18.640644,753.0,False,False,-0.09588925654078206,-0.4839285264926274,-0.08311269935707966,-6.803818646240578,-11.102866893250063,-6.346594791441795,172.33711702861484,159.33239907192518,143.28431394660615,143.28431394660615,63.5755916319916,16.069643667032025,19.683587669063655,-17.769184822662922,0.0319942340061791,1017594.7,-41.54902732885696,190.06256103515625,156.24000549316406
ADSK,Autodesk,ok,Information Technology,Application Software,2026-10-01,213.42999267578125,27.683529,753.0,False,False,2.119613720469493,3.011723616413242,0.9841431332852091,-13.831809692734598,2.867744876983558,-32.81393154713557,252.6464282444545,272.3720317399834,260.33572371484115,260.33572371484115,2.1244973759103614,31.978916977592387,50.88992471591809,-34.01045125405802,13.695925467660096,2285632.05,-47.92508269211573,323.42999267578125,187.72000122070312
ADP,Automatic Data Processing,ok,Industrials,Human Resource & Employment Services,2026-10-01,264.7900085449219,24.199268,753.0,False,False,2.6079249205603894,1.142101180813504,0.638525060580486,-5.998574048351701,9.994891116119998,-7.1635646608547265,240.18590848408047,264.66427490720713,253.60821342721562,253.60821342721562,18.860006074071613,21.97956753770755,45.01294297110266,-7.30325212780312,42.224921754188,2243657.45,-62.68374211936853,285.6518859863281,186.17694091796875
AZO,AutoZone,ok,Consumer Discretionary,Automotive Retail,2026-10-01,2804.662109375,19.603142,753.0,False,False,-0.8960328895641578,-3.7283721039370943,-1.9948594609941472,-5.4341605724051,-11.22464348311657,-34.626921660400164,3415.456793891059,3497.3020530183953,3285.942112409736,3285.942112409736,11.166864929584808,24.355723024477584,43.936770515905934,-34.06550669578647,0.05037400784803353,409455.3,-51.54391700388297,4253.7099609375,2803.25
AVY,Avery Dennison,ok,Materials,Paper & Plastic Packaging Products & Materials,2026-10-01,172.89500427246094,18.885246,753.0,False,False,1.303689065088709,0.5846790891739451,2.2986864042930044,0.4794542413703251,4.150323733468642,9.050222390966356,170.2395207844083,173.97225860960455,181.89344313420148,181.89344313420148,0.9732901500566493,22.225589368146263,57.847731009301086,-10.923528180297428,13.652575904064737,833511.6,-48.38320186545694,194.09727478027344,152.1259002685547
AXON,Axon Enterprise,ok,Industrials,Aerospace & Defense,2026-10-01,423.67498779296875,175.78423,753.0,False,False,0.2733595591519977,-0.2530929269055293,-4.792137574613764,-18.256801510440567,-29.03741736142753,-40.962741883822964,525.1764095245845,583.7137553910335,484.77851960890166,484.77851960890166,115.99541217246112,53.136981634775935,32.748631594398475,-44.21218444762437,22.470655258993617,1052336.7,-42.81925167106687,759.4400024414062,345.94000244140625
BKR,Baker Hughes,ok,Energy,Oil & Gas Equipment & Services,2026-10-01,55.900001525878906,17.975885,753.0,False,False,1.8214935741461158,-2.1358498403697412,-2.4262512959250193,-12.18975548245883,6.300960729974592,16.53137866525116,56.583174039447115,48.636379599096294,42.97106221060987,42.97106221060987,72.28195510865196,31.802943209601242,35.37038037805745,-19.20013824449779,27.668284883533516,8352826.2,-54.18647642878047,69.18328857421875,43.78534698486328
BALL,Ball Corporation,ok,Materials,"Metal, Glass & Plastic Containers",2026-10-01,56.529998779296875,16.203438,753.0,False,False,0.8923791020762017,-1.0502402898662444,-0.22944064324978974,-9.941057245436113,-10.537757485422162,13.684807777240682,57.249332594493076,55.56425796751957,56.587815399980485,56.587815399980485,19.599075554591373,25.91983916575647,30.29238863318777,-15.749092280185806,23.507609440585288,2033742.2,-8.481812493245211,67.09719848632812,45.77045822143555
BAC,Bank of America,ok,Financials,Diversified Banks,2026-10-01,53.660099029541016,12.39261,753.0,False,False,-1.414479646000577,-3.262848659333717,-4.229698021395533,-12.99584767715718,-8.166395365947832,6.229712840070234,54.07632428123837,48.75578842315066,43.66928104892037,43.66928104892037,115.95289915868983,24.6810838638104,10.909174379800618,-16.78154751939117,16.040460925702185,37780971.1,11.14145766359087,64.48101043701172,46.242576599121094
BAX,Baxter International,ok,Health Care,Health Care Equipment,2026-10-01,23.584999084472656,11.601355,753.0,False,False,-1.7291704813639286,0.4044244967226218,0.44718715623248695,-7.437207581666039,4.168208648921956,3.778902571557885,20.666008585975284,25.31967581030857,28.834625431582587,28.834625431582587,-33.23143819022476,37.837850837445146,46.81481615440521,-16.775669776339523,49.40734362385787,6793075.75,-50.503790569389714,28.339067459106445,15.7857027053833
BDX,Becton Dickinson,ok,Health Care,Health Care Equipment,2026-10-01,178.75,30.935986,753.0,False,False,-0.13966480446927498,-2.7634236960533576,-0.26780993080463,-3.9097211251195696,13.742492859149946,24.51557741471506,157.38124756585984,157.3856569571324,164.21372852097468,164.21372852097468,-6.187516056431508,25.544022495788,51.54957581209417,-6.3520178800418226,32.12529173830067,1783379.65,-63.2779817802676,190.87437438964844,135.2882537841797
BRK-B,Berkshire Hathaway,ok,Financials,Multi-Sector Holdings,2026-10-01,499.2099914550781,12.548882,753.0,False,False,0.2530332798793111,-0.7712347514472473,-1.1817572562764944,-0.6211046922516616,-1.6877402309703138,-0.7021519767407391,493.57928551567926,489.2204777083074,459.1464937774942,459.1464937774942,43.41818280650733,15.918231214364903,37.48876972269341,-5.706243139712546,7.264718092392986,4550930.0,-44.74096503352062,529.4199829101562,465.3999938964844
BBY,Best Buy,ok,Consumer Discretionary,Computer & Electronics Retail,2026-10-01,87.48999786376953,14.564059,753.0,False,False,-0.8499546896611365,-2.691586808776547,-3.857145204648871,6.992646773432698,13.35815567117038,21.85869138888863,71.80318540240091,71.93169390157874,71.21292673037505,71.21292673037505,46.54286301388768,37.92946049973852,44.31616087228921,-7.730438572712628,61.355380871176365,3345138.9,-44.71147371488819,94.81999969482422,54.221927642822266
TECH,Bio-Techne,ok,Health Care,Life Sciences Tools & Services,2026-10-01,72.44999694824219,62.456894,753.0,False,False,-0.027603521628227767,-0.08275435970274136,-0.16536137120941596,0.37406018554289044,2.400437372486941,30.97322674612457,61.66017756386409,61.183021081871246,64.33021852916298,64.33021852916298,9.59335988486898,41.80505848946513,66.66615290953507,-0.2203603646390333,67.81635175290003,3094843.5,-42.37285342538322,72.61000061035156,43.17219161987305
BIIB,Biogen,ok,Health Care,Biotechnology,2026-10-01,225.0749969482422,40.001778,753.0,False,False,-0.3563874256988564,-1.5807448749712072,-0.5676814183798062,4.182097733239143,4.14353231231519,60.676037982707065,187.92097249106754,165.54694229673103,185.8506841570891,185.8506841570891,-10.988295339334863,30.753327532337394,64.51730119571312,-1.5807448749712092,58.213837789391164,1012713.6,-13.462996843332608,228.69000244140625,142.25999450683594
BLK,BlackRock,ok,Financials,Asset Management & Custody Banks,2026-10-01,1065.219970703125,25.550238,753.0,False,False,0.6548234779535367,-0.5628965504667405,-0.7666850661985136,-5.089397547065477,7.527792775033704,-6.68048198625768,1055.7987663632348,1019.8677469078763,928.2447767523655,928.2447767523655,77.10284053547218,24.8106818948353,46.10398812980488,-9.529906625771552,16.66702207557241,514120.2,-38.30158783879723,1177.427734375,913.0429077148438
BX,Blackstone Inc.,ok,Financials,Asset Management & Custody Banks,2026-10-01,112.0199966430664,25.067116,753.0,False,False,-0.0624495468919517,-2.217179617368803,-4.427951951152087,-18.030152465065907,-7.83295455294446,-31.77402764635373,130.74442303369915,141.9517972877776,132.81069656513918,132.81069656513918,14.991148162259815,35.501035978111354,17.955721078077445,-30.80196041596818,11.840237557630417,4278645.45,1.520657665149594,161.88319396972656,100.16072845458984
XYZ,"Block, Inc.",ok,Financials,Transaction & Payment Processing Services,2026-10-01,74.04000091552734,132.32143,753.0,False,False,0.6935973680092911,0.9957759940588229,-3.5183698506680683,-4.930658029423718,-6.076367885659928,2.449155050058738,70.04142830863832,71.26880470215087,69.44565729189362,69.44565729189362,71.4285789991679,49.942119923085755,33.44012519818811,-12.740126992330772,50.825016674244516,3804766.9,-43.92197850543747,84.8499984741211,49.09000015258789
BE,Bloom Energy,ok,Industrials,Electrical Components & Equipment,2026-10-01,275.4849853515625,362.3816,753.0,False,False,-0.5397593961534719,4.798946425494943,3.313328954550032,28.95425691848894,1.6962495679615053,225.7478850013789,186.333988734654,106.93809788730515,75.30397760915567,75.30397760915567,2159.9261266168164,98.03174270979889,49.92221242064484,-20.345531158062872,257.9121488664645,17790353.0,-48.1502137703507,345.8500061035156,76.97000122070312
BNY,BNY Mellon,ok,Financials,Asset Management & Custody Banks,2026-10-01,143.3300018310547,16.998814,753.0,False,False,-0.8988474091604637,-3.442468691934064,-4.567548104959817,-10.703378770005234,-1.8547990898142852,33.94864054951417,130.1139019557408,107.54119312240783,89.46802122564429,89.46802122564429,266.80809953239486,21.242753658752548,6.910399034540092,-13.04901418630497,39.612045047012714,3855635.8,-14.356122536262372,164.83999633789062,102.6630630493164
BA,Boeing,ok,Industrials,Aerospace & Defense,2026-10-01,190.3800048828125,68.81228,753.0,False,False,2.3273323085354125,3.248552260421733,-3.262194140950736,-7.429737677337234,-15.943308638155973,-11.791686388514089,217.30476215907507,201.85322710622356,198.59491382208796,198.59491382208796,1.3576122168445837,34.82562716378903,30.156211858655894,-24.49731925792964,6.286294145027331,7835801.4,-4.059232537465796,252.14999389648438,179.1199951171875
BKNG,Booking Holdings,ok,Consumer Discretionary,"Hotels, Resorts & Cruise Lines",2026-10-01,160.9250030517578,17.8596,753.0,False,False,-1.218464529942953,-1.7971514939776778,2.2330216046456686,-17.56674031147172,-12.59555630844018,-24.80547524131822,186.14025013030522,193.2597734975625,175.26950722703262,175.26950722703262,33.1230361558748,30.876035016921787,31.163957877899705,-26.21774967788768,4.923882194614732,8919227.95,-58.778281925174916,218.10801696777344,153.3730926513672
BSX,Boston Scientific,ok,Health Care,Health Care Equipment,2026-10-01,43.275001525878906,17.51012,753.0,False,False,-0.8591064991777198,-1.892992684014383,-3.1445809527761326,-9.993760653462058,-4.131585930409242,-55.674482491738594,69.55351189204625,83.8730577947609,78.41395087071149,78.41395087071149,-18.055291799773542,28.101442472205335,51.94463988718358,-58.77786231465125,1.5130200366006905,20965753.5,-56.72433141980802,104.9800033569336,42.630001068115234
BMY,Bristol Myers Squibb,ok,Health Care,Pharmaceuticals,2026-10-01,61.30500030517578,13.508833,753.0,False,False,-1.754809605652008,-4.030996743712844,-0.3170726745109209,-8.390612697857502,5.461894338071938,42.45577514189078,55.88300459725516,52.488637810209354,49.49266661685776,49.49266661685776,22.039652940329525,27.827228892025225,37.247409088939335,-9.964747242818015,48.77111628942068,11584684.95,-44.94369913788635,68.08999633789062,41.20759582519531
AVGO,Broadcom,ok,Information Technology,Semiconductors,2026-10-01,346.9100036621094,44.31673,753.0,False,False,-1.218713160836904,-0.7609358944923095,-0.9846962648977442,-5.988501492268716,-3.581159475975626,5.934763838909007,364.56314631870816,296.42140504753445,239.86544075366828,239.86544075366828,329.193494295488,49.96297283046282,41.22271754550125,-27.717307708326693,18.636640771093752,26258898.1,-48.76532157303281,479.9350891113281,292.41387939453125
BR,Broadridge Financial Solutions,ok,Industrials,Data Processing & Outsourced Services,2026-10-01,161.88999938964844,16.86927,753.0,False,False,0.49037446070931967,-0.6322113864921541,-0.4733826725225265,-9.70280016374928,13.155347121427251,-30.47408268727415,180.55037374345082,204.80804637893738,199.64276905237125,199.64276905237125,-3.4401554331995987,23.497269216236408,39.2026329189216,-30.10136979171642,20.265148166033015,1028307.9,-67.01785525522074,231.60682678222656,134.61090087890625
BRO,Brown & Brown,ok,Financials,Insurance Brokers,2026-10-01,62.099998474121094,19.83067,753.0,False,False,1.9704382892868466,3.087643997060452,2.9338580960481586,-13.809860036354248,-11.080344454010548,-33.14781009757814,70.99431059095595,88.24997604795661,86.54126896547923,86.54126896547923,-8.702910679933328,25.058951195531904,34.35345657897041,-34.65957570637002,14.460755258616894,2241136.05,-23.479835148785366,95.04070281982422,54.25440216064453
BF-B,Brown–Forman,ok,Consumer Staples,Distillers & Vintners,2026-10-01,25.975000381469727,16.774195,753.0,False,False,-0.8587800569379911,-0.21129582683414583,-0.09615237896258844,-0.6221123989528898,0.1376578532110262,-0.748548402495719,26.703419632381863,29.828090603133123,35.75586330368225,35.75586330368225,-50.54352302425487,34.96402536003298,46.846859231227704,-13.639092785597196,15.896360676949254,2447132.8,-55.59472702094468,30.077266693115234,22.41226577758789
BG,Bunge Global,ok,Consumer Staples,Agricultural Products & Services,2026-10-01,106.52999877929688,22.971983,753.0,False,False,-0.39270517150978845,-2.319822882755529,-3.3390802429416278,-11.987774311367417,0.6966938215740681,34.47702027330335,109.92799492487832,93.56063323001938,93.78981125465586,93.78981125465586,8.945574651215548,28.659854933184505,17.4323180837268,-18.421967428613158,35.27620203181211,1984540.3,10.615339985789142,130.5866241455078,78.74999237060547
BXP,"BXP, Inc.",ok,Real Estate,Office REITs,2026-10-01,60.45000076293945,32.510754,753.0,False,False,-1.0800193762398824,-2.0605921789042303,-1.8089367558071112,-8.822577673627208,-11.795187182325062,-14.885723164970056,62.871636587475976,64.84879223948931,62.08512440209053,62.08512440209053,22.909785443510454,32.65038629822423,29.557776645202452,-17.09388594153077,21.785995760017123,1388900.8,-45.32971685234828,72.91380310058594,49.63624954223633
CHRW,C.H. Robinson,ok,Industrials,Air Freight & Logistics,2026-10-01,153.10000610351562,29.236643,753.0,False,False,3.473911297928245,3.2784676404883584,4.719568604174573,3.9764381634435075,-19.009555174828417,17.397490340668842,165.13180741809663,133.79634703677965,116.00835231259208,116.00835231259208,91.23242806219194,36.36139512586106,50.579722644234074,-26.57798904622225,24.95720676444781,1366456.45,-42.52806227377389,208.5205841064453,122.5219497680664
CDNS,Cadence Design Systems,ok,Information Technology,Application Software,2026-10-01,349.6099853515625,69.71414,753.0,False,False,5.881456969189247,7.012541257578242,8.574529612286486,11.682205407745116,-6.305951753537975,-0.46974445373484386,326.15313526940724,313.7957770358994,302.98474100829753,302.98474100829753,47.83287971197932,37.89810107569568,81.33582672415434,-16.03785560353989,31.60053471813859,2755457.7,-17.808427979133924,416.3900146484375,265.6600036621094
CPT,Camden Property Trust,ok,Real Estate,Multi-Family Residential REITs,2026-10-01,96.30000305175781,31.79208,753.0,False,False,-0.4445366383262539,-1.0690722117330242,-0.06361701401609299,-8.127567987760276,-16.97395884071169,-6.054224805794783,103.54858168344649,105.99157810591132,101.71272945530703,101.71272945530703,16.240640002357566,21.830856007786757,22.731689415763952,-17.20698460466773,2.803129222978476,1173882.8,-40.55999457526765,116.31416320800781,93.6741943359375
COF,Capital One,ok,Financials,Consumer Finance,2026-10-01,193.90499877929688,10.877242,753.0,False,False,0.4324811847528087,-1.3005231839839704,-1.375821078611128,-8.249738743592417,-5.133702215082147,-7.367169258668838,206.66727362738715,197.35650418954066,173.8706133413125,173.8706133413125,113.5390862275421,33.278153093114696,26.296720453909316,-23.94635446653109,10.973892169886554,3480953.85,-28.606436422591475,254.95819091796875,174.73028564453125
CAH,Cardinal Health,ok,Health Care,Health Care Distributors,2026-10-01,229.52999877929688,31.753803,753.0,False,False,3.159550013167145,4.194473546132582,3.1039456534315057,-4.102781313476022,-3.938228662409482,47.7555319879776,210.32522685944087,172.70534469786867,148.46708937565168,148.46708937565168,176.7255405676005,25.12999668437206,41.753903827583486,-7.674671889389891,50.82015503642799,1823357.55,-49.00884908722374,248.61000061035156,152.18788146972656
CCL,Carnival Corporation,ok,Consumer Discretionary,"Hotels, Resorts & Cruise Lines",2026-10-01,25.112600326538086,11.072687,753.0,False,False,2.3333308461632507,13.426382198905973,15.248275683380497,8.104179170898608,-9.551676698974031,-11.739360512602426,27.186778976803733,25.77158192714372,22.362727196884663,22.362727196884663,87.06855899111518,46.87955903409712,66.72614361698537,-24.930425327746452,15.248275683380491,25985225.0,-25.795524187302586,33.45243453979492,21.790000915527344
CARR,Carrier Global,ok,Industrials,Building Products,2026-10-01,55.060001373291016,39.360714,753.0,False,False,0.3645657322535856,-1.449789822944647,0.34627746510824675,-3.825325112155431,-21.13886573797601,-6.353705866148074,60.102924165271574,64.0652048255343,62.11329227867988,62.11329227867988,5.116663836104318,32.930460910854876,36.39456444311232,-27.29210976790839,10.589149403643814,7073015.7,-44.27533930116966,75.7276840209961,49.78788757324219
CVNA,Carvana,ok,Consumer Discretionary,Automotive Retail,2026-10-01,62.80500030517578,33.806454,753.0,False,False,0.42372783141844117,3.861417293428504,-2.142411956157486,-12.988362372350604,-8.447519384612578,-16.75723421295322,71.87718647245377,62.98892235470958,47.732989404306,47.732989404306,700.0637078748534,73.82480669061636,36.67433606289609,-34.36618381984775,11.64142442758351,7486365.75,8.928888493058196,95.69000244140625,56.25600051879883
CASY,Casey's,ok,Consumer Staples,Food Retail,2026-10-01,619.1300048828125,29.763006,753.0,False,False,1.7536045960034663,2.1262230892182155,3.3864958042341575,-19.269532727000836,-22.30013619156899,9.899832774742112,693.1504380967882,570.7268821442744,485.6409864691624,485.6409864691624,130.97468251821368,31.46479136756419,51.39376984923876,-32.37937554241917,20.93041720398214,789226.7,-51.682577388727466,915.5934448242188,511.97210693359375
CAT,Caterpillar Inc.,ok,Industrials,Construction Machinery & Heavy Transportation Equipment,2026-10-01,823.9299926757812,35.532555,753.0,False,False,1.6206434470745767,0.48539306171082597,2.319775557377368,5.745934220743831,-14.329763864178036,74.23172073143856,741.4307427784753,556.891534448145,473.9742723036889,473.9742723036889,216.28053165653404,32.45810555548842,51.88016672247491,-22.484888902772184,72.90184259944203,2290269.55,-37.4968330692778,1062.92822265625,476.5304870605469
CBOE,Cboe Global Markets,ok,Financials,Financial Exchanges & Data,2026-10-01,278.9700012207031,21.72837,753.0,False,False,1.3367694291675392,10.151625709355061,4.260564930459787,-9.313436821806786,12.351875292746595,14.586546615952356,277.59834652855284,247.3616730587416,224.3959539243741,224.3959539243741,82.98691828023759,26.439519172104077,48.653565579871966,-23.552962967051457,20.834933608650086,1115430.85,-27.81112338788192,364.9193115234375,230.86866760253906
CBRE,CBRE Group,ok,Real Estate,Real Estate Services,2026-10-01,130.6699981689453,29.905035,753.0,False,False,1.7124596616627574,0.24548680509886012,-4.2920974604448325,-9.545900528881901,-7.7058931494633836,-17.066514220812003,147.51984190562413,142.32864571377576,125.35427648739352,125.35427648739352,78.92646905806697,30.44783066131816,30.736090831096888,-23.85641996142312,4.837932292061353,2011254.5,-41.7681849810653,171.61000061035156,124.63999938964844
CDW,CDW Corporation,ok,Information Technology,Technology Distributors,2026-10-01,138.25,16.602165,753.0,False,False,7.872968203475272,6.076880271368301,-0.8676370684176038,-8.017300603519107,4.154188192178854,-11.435760185958133,133.8226841820611,153.85945273775502,174.88989769478403,174.88989769478403,-28.054941655300958,35.5883698210656,31.622517333060017,-11.513536340349862,40.719122884878445,1505937.7,-34.210160221103436,156.23858642578125,98.24535369873047
COR,Cencora,ok,Health Care,Health Care Distributors,2026-10-01,310.5299987792969,23.051558,753.0,False,False,3.4238130821971247,2.211909178336735,0.2129937304383933,-6.1757870399184895,4.931426329257782,0.11722301683874115,321.71276619320827,293.1006678547042,267.99430387175255,267.99430387175255,77.80556334846551,24.066594006476713,41.364200386625924,-16.642381378717864,23.38717911345083,1282477.3,-28.307035142064507,372.5274353027344,251.67120361328125
CNC,Centene Corporation,ok,Health Care,Managed Health Care,2026-10-01,61.244998931884766,11.451524,753.0,False,False,-1.4085640937622101,-2.05501338956936,-1.0901150791685188,-6.109158699936268,-9.748012995829125,71.65078029161478,49.41124994792636,51.07124503010298,58.653924389822706,58.653924389822706,-11.623382056501551,45.210070019128686,32.46357552544187,-11.763440857851231,92.59434088447478,4578241.15,-50.31010981149389,69.41000366210938,31.799999237060547
CNP,CenterPoint Energy,ok,Utilities,Multi-Utilities,2026-10-01,37.08000183105469,22.074406,753.0,False,False,0.7608766298890401,1.256152137048261,0.7061437761690659,-6.0552300879960885,-16.382883347485578,-2.2594858162981457,40.45956944662427,37.05308213936855,33.57869869399356,33.57869869399356,55.45199871995947,18.505314168293356,27.088090932575568,-17.181179748356136,1.2561521370482638,6369968.05,-32.05992610904853,44.77243423461914,36.619998931884766
CF,CF Industries,ok,Materials,Fertilizers & Agricultural Chemicals,2026-10-01,114.47000122070312,8.498516,753.0,False,False,-0.6336768636088119,-0.9003557235682358,-3.351909100700279,-15.582598769709556,4.088833203949105,30.255353697548216,105.36623270549471,94.47708294021182,87.72225554974113,87.72225554974113,46.473754422993665,35.14241870332961,21.85228528584142,-17.80713886045434,52.64331396815734,2560902.3,-36.11056540501368,139.27000427246094,74.9918212890625
CRL,Charles River Laboratories,ok,Health Care,Life Sciences Tools & Services,2026-10-01,288.69500732421875,22.677345,753.0,False,False,-2.140606159914127,-2.0010825509873764,-1.9511598524493134,2.2508362501793,25.144134669444718,84.51680617154894,202.83910751342773,183.13875514482598,194.51255663584269,194.51255663584269,49.28124941070333,45.82618329317423,58.45555033507258,-3.3106637057384964,92.55320578085556,947317.2,-61.24381569341293,298.5799865722656,149.92999267578125
SCHW,Charles Schwab Corporation,ok,Financials,Investment Banking & Brokerage,2026-10-01,98.33499908447266,17.905283,753.0,False,False,0.6087591914340384,0.03560125292816352,-1.1609194935137124,-9.184521432342041,1.6718994956069322,4.317420749017131,96.80230370778887,89.20807700898068,80.70107433932078,80.70107433932078,91.37582950414831,26.592930630103073,24.211735719654882,-13.47558489730325,15.549785471634733,8338009.2,-54.39937869101896,113.6500015258789,85.10184478759766
CHTR,Charter Communications,ok,Communication Services,Cable & Satellite,2026-10-01,112.19000244140625,2.9198542,753.0,False,False,1.1632109087269304,0.7091570060201668,-4.5597622043374475,-23.25740435884279,-18.22885937546398,-59.21994532548904,186.42924635750907,268.2328082232836,290.3985787704488,290.3985787704488,-74.41505075452537,44.537107278201496,6.3896252958123085,-60.32043350202875,1.3734564901144637,3044719.4,-42.313633236612866,282.739990234375,110.66999816894531
CVX,Chevron Corporation,ok,Energy,Integrated Oil & Gas,2026-10-01,207.10000610351562,20.1357,753.0,False,False,1.4152094876025423,0.3537389172847405,0.705087405818805,-1.8715929358567696,23.46773852414612,38.61855601453623,176.35854957217262,159.42100985401655,152.10276067969335,152.10276067969335,40.97738390339691,23.14941673314288,39.86015447297613,-4.89966384699871,45.06519888218883,9711465.7,-61.454695762350276,217.77000427246094,142.76339721679688
CMG,Chipotle Mexican Grill,ok,Consumer Discretionary,Restaurants,2026-10-01,32.02000045776367,29.657406,753.0,False,False,0.21909137136990608,0.5337521954720259,0.03124691269895674,-14.636092000617108,-9.522461118975013,-18.295479510577927,35.104920667315284,43.82976103778854,46.74583886185807,46.74583886185807,-14.25342923417473,35.025724094401056,21.680189556507457,-24.409820593961683,13.626685986524292,13514586.85,-32.052403066986834,42.36000061035156,28.18000030517578
CB,Chubb Limited,ok,Financials,Property & Casualty Insurance,2026-10-01,331.04998779296875,11.724938,753.0,False,False,1.7832399056014525,-0.09657100188131817,-1.1318864491616232,-1.9749508467160282,-8.062673873385219,18.359385569900667,319.19046480693515,298.38998568105507,279.77402264315134,279.77402264315134,65.71563920009599,19.005946566973577,37.22492960797055,-8.65197947941331,24.559788915927495,1625053.45,-52.55731434556814,362.40521240234375,265.7759704589844
CHD,Church & Dwight,ok,Consumer Staples,Household Products,2026-10-01,94.19000244140625,30.195513,753.0,False,False,-0.031839077593098786,-1.49550330903635,-1.1958453453811524,-5.270037058922517,-4.181331674274313,8.878076244546683,93.23413776216053,96.22083803762003,96.48964725610902,96.48964725610902,6.539706209774709,20.680066698560964,50.2611027170021,-9.950940704335686,16.637959890629876,1809067.25,-37.92685153080959,104.59854125976562,80.75415802001953
CIEN,Ciena,ok,Information Technology,Communications Equipment,2026-10-01,379.3500061035156,84.81656,753.0,False,False,7.82502365021176,10.215289059157051,5.836568885198634,5.2785003302619815,-10.204513142908244,160.41738921665436,348.2726983569917,215.2695218728358,159.92418324139965,159.92418324139965,704.3893285218752,57.84180812255434,59.963902790913636,-39.49760668205492,150.47871492077874,2841719.75,-32.41082270691894,627.0,151.4499969482422
CI,Cigna,ok,Health Care,Health Care Services,2026-10-01,268.2200012207031,11.087226,753.0,False,False,-1.328030581571904,-1.328030581571904,1.0244825690030712,-4.716571622101862,-6.276097487421861,-4.8398844224157855,276.8810815962534,288.142650862614,295.9996021772286,295.9996021772286,-1.134424506422016,29.932528748035896,37.70588133216927,-11.800964556042604,12.22905162402068,1612524.95,-27.00274188005587,304.1076354980469,238.99337768554688
CINF,Cincinnati Financial,ok,Financials,Property & Casualty Insurance,2026-10-01,161.7899932861328,7.634089,753.0,False,False,1.5184779086965916,-0.08028957774373069,-0.3326609615170728,-4.505942829485898,-15.26723730716989,4.636347882654901,163.97259836348277,152.22661092081867,137.67021616901533,137.67021616901533,73.88579665842315,22.3269539934155,28.92788218064358,-15.26723730716989,9.274132003900164,676585.5,-66.5068199067228,190.9414825439453,148.05882263183594
CTAS,Cintas,ok,Industrials,Diversified Support Services,2026-10-01,195.27749633789062,38.54832,753.0,False,False,0.1115035281549881,-2.6435863220453437,-1.21534622971734,-2.6484371588756495,7.9477172851984745,-3.906762639971184,187.11601808336047,196.92153049180232,184.50536453834727,184.50536453834727,65.39164330414036,22.487587443336977,39.17355424559108,-9.580766020691488,20.034913910629054,2041412.4,-60.76500759964032,215.96897888183594,162.6839141845703
CSCO,Cisco,ok,Information Technology,Communications Equipment,2026-10-01,108.57499694824219,32.603603,753.0,False,False,0.8780077292013466,1.7191297744024947,1.5004166674987607,-1.0616010007340915,-3.2911794634402747,61.97487872207865,92.01918435475183,76.20851718097094,66.26790709577867,66.26790709577867,116.0684318683713,26.409319280731225,39.72840149528194,-16.16832944015659,63.29386521018239,17890231.7,-64.5340870571285,129.51548767089844,66.49055480957031
C,Citigroup,ok,Financials,Diversified Banks,2026-10-01,127.08999633789062,13.695044,753.0,False,False,-1.8458445076547925,-3.213769933108146,-3.7925885951126115,-4.111964104658217,-8.740338208713972,27.860660392173962,119.64023093571738,97.5275530492167,82.43151244509268,82.43151244509268,243.97612683922736,29.05471145153593,24.488907354875707,-12.311281438003304,38.16518986087135,9867455.05,5.517592400889626,144.93312072753906,91.98409271240234
CFG,Citizens Financial Group,ok,Financials,Regional Banks,2026-10-01,63.25,13.791939,753.0,False,False,-0.7998719180658531,-2.3919799054944124,-2.286425583469498,-7.203643483427335,-10.311844774428502,22.559736995561906,61.78430635966952,52.18360824888921,45.16118442489807,45.16118442489807,175.39514349005864,31.301574471769584,16.925877607204157,-15.36197355980509,34.64093197341776,3895092.2,8.563386509823822,74.7300033569336,46.97679901123047
CLX,Clorox,ok,Consumer Staples,Household Products,2026-10-01,80.1500015258789,16.807127,753.0,False,False,-1.0615980590956475,-1.559809225776676,-2.017116704549371,-15.604927350041464,-16.629313387176758,-31.96630922725243,101.14640166267516,117.81678048547995,121.72284504965165,121.72284504965165,-31.022218294341386,25.566778719379883,33.773983793797456,-35.42901474525846,0.0,3149846.6,-15.029766846423575,124.12696075439453,80.1500015258789
CME,CME Group,ok,Financials,Financial Exchanges & Data,2026-10-01,265.7699890136719,22.534775,753.0,False,False,1.4466668709093078,0.9610997086895168,-1.1676823493643629,-6.783874658457334,12.85613094951148,2.181902362512189,271.7298030550518,256.84753503077536,234.3541472942864,234.3541472942864,50.88839838794812,19.98271650530546,38.92035937262067,-15.8186572416439,22.160128888301927,1716466.95,-16.23264287145173,315.7112731933594,217.55870056152344
CMS,CMS Energy,ok,Utilities,Multi-Utilities,2026-10-01,63.494998931884766,19.121988,753.0,False,False,0.6578901217243915,1.429713226165119,1.1550079159373672,-6.570041513741054,-17.654168576297778,-10.621509196599321,71.8672599186973,69.6031836855459,64.94755122069502,64.94755122069502,38.09136488485123,17.208959253604338,24.278657076143077,-19.308796432933086,1.4297132261651189,3732954.45,8.616085578006437,78.68887329101562,62.599998474121094
KO,Coca-Cola Company (The),ok,Consumer Staples,Soft Drinks & Non-alcoholic Beverages,2026-10-01,86.08999633789062,25.845346,753.0,False,False,0.011610718660937103,-1.2502913093250356,-2.2815007616837746,-1.5866938510020634,2.9281089630739165,33.26086882069084,76.74284547472757,70.98079819698258,66.50410353013402,66.50410353013402,69.16427601690565,16.562408041037287,38.918830045521986,-5.855299341086513,33.70438195131113,15043573.95,-37.17065484960772,91.4443359375,64.38831329345703
CTSH,Cognizant,ok,Information Technology,IT Consulting & Other Services,2026-10-01,61.790000915527344,13.291824,753.0,False,False,7.573123942930704,8.881058881986515,8.08116651137416,-2.5240550394805217,48.016921098747446,-5.793526562552165,62.661848931085494,68.69185883875387,68.68547219710838,68.68547219710838,-3.735252477864226,30.519860027874167,55.03091640177512,-27.440526137644184,60.47587528519159,6615681.3,47.543776028026016,85.15773010253906,38.50423049926758
COHR,Coherent Corp.,ok,Information Technology,Electronic Components,2026-10-01,318.5,77.37136,753.0,False,False,10.663285744671969,12.763316068311825,9.597059995959123,17.08267523039071,-4.457639190225882,195.67396620005445,257.96277824280753,173.751932394932,134.6735326303429,134.6735326303429,885.153052772375,71.57426333210562,53.48738622573062,-25.390618409686017,191.21330529540796,6622071.25,45.507721621086446,426.8900146484375,109.37000274658203
COIN,Coinbase,ok,Financials,Financial Exchanges & Data,2026-10-01,190.27000427246094,67.00075,753.0,False,False,2.0707046480983315,-0.7925277996147506,-4.487727594049584,7.606603546611179,14.98066786618628,-43.62203034812231,211.63126966688367,239.64296837916888,219.75334677119972,219.75334677119972,152.64906445445627,77.60681902829131,57.47733681978154,-50.868900335640575,34.85718988665301,9620120.5,-53.574282151663276,387.2699890136719,141.08999633789062
CL,Colgate-Palmolive,ok,Consumer Staples,Household Products,2026-10-01,84.56999969482422,33.308033,753.0,False,False,-0.8790436037067861,-2.2538107072366143,-0.8790436037067861,-5.645428666350638,-10.590948203407635,8.43732113200264,85.50318009512765,86.4065476679707,85.54564098342956,85.54564098342956,28.2213524598792,19.648663559456846,38.680184251842874,-13.674175502308847,14.840597577779388,5296622.45,-51.3265477323195,97.96604919433594,73.64120483398438
CMCSA,Comcast,ok,Communication Services,Cable & Satellite,2026-10-01,21.795000076293945,6.983975,753.0,False,False,0.16084488531233898,0.022942453219632064,-1.5137781164789366,-17.129274872443332,-8.385879623616555,-22.400246703344383,26.16362027516441,29.126162844350137,31.124811798136232,31.124811798136232,-41.65215569056128,27.797030752603764,11.61216350990037,-31.191984473412777,0.9027763489833347,31726222.85,-65.78742748130195,31.67508888244629,21.600000381469727
FIX,Comfort Systems USA,ok,Industrials,Construction & Engineering,2026-10-01,1680.280029296875,41.31519,753.0,False,False,1.583351813852163,1.3254525611503531,2.2447510523744496,8.100390162909378,-3.4543034867779765,104.04284841501199,1420.0622253417969,956.351287051501,727.6441603783434,727.6441603783434,920.9443408840625,53.0041232809838,48.35282945223276,-18.64785809624631,112.93514683089893,305319.05,-46.02989888773726,2065.4404296875,789.1041259765625
COP,ConocoPhillips,ok,Energy,Oil & Gas Exploration & Production,2026-10-01,127.09100341796875,16.812832,753.0,False,False,1.5509403662999466,0.8338642453246115,-1.7388224706969657,-6.681106439771312,22.160481423737654,38.595779062077206,109.44927506219773,101.29559152914709,103.22709574705735,103.22709574705735,18.57055408610386,29.259321454743215,34.30434628328533,-10.004955162585736,53.044289308132186,6748977.65,-45.13312694108566,141.22000122070312,83.04197692871094
ED,Consolidated Edison,ok,Utilities,Multi-Utilities,2026-10-01,103.41999816894531,17.206324,753.0,False,False,1.18383631279817,0.5737589491245698,0.6912657879480033,-3.9740008361873302,-8.528637042570342,6.297404817102614,104.40394389440142,100.14381335741021,95.19453068463451,95.19453068463451,40.332911434601314,17.8551038470589,36.330934511406696,-8.936774130790914,11.174849349110243,2076982.75,-5.55265805650047,113.56944274902344,93.0246353149414
STZ,Constellation Brands,ok,Consumer Staples,Distillers & Vintners,2026-10-01,113.03500366210938,10.761905,753.0,False,False,-0.022106754841755283,0.10184687834655648,-1.0288025845217152,-13.469341317477179,-17.126894311664397,-13.612349186135742,140.14142696441166,161.0637285908855,185.69641657369544,185.69641657369544,-51.443367543848616,27.46390234329834,18.814201640408143,-31.193991325340058,0.23499780698030423,2246147.05,-60.86004253372458,164.2807159423828,112.7699966430664
CEG,Constellation Energy,ok,Utilities,Electric Utilities,2026-10-01,258.1700134277344,25.220705,753.0,False,False,1.6337332042645647,-0.8677876249301275,-1.3186995466106355,-7.898392609500638,8.073931191378936,-21.106995667173333,303.08609553745816,288.65744821008934,246.8490072810159,246.8490072810159,151.30088234534003,53.348517728791975,31.376118697032027,-35.73135134096191,9.330602130144632,2976187.7,3.8897513083600233,401.7044372558594,236.1370086669922
COO,Cooper Companies (The),ok,Health Care,Health Care Supplies,2026-10-01,57.30500030517578,19.702747,753.0,False,False,1.3709562048721313,1.2992763201637558,3.475982665101207,-17.28492881801207,-22.76953819129052,-16.4162742914322,71.83327378167047,78.24339645507327,83.10104587955145,83.10104587955145,-26.508494483402167,31.14321715334744,65.60918108094552,-32.03866163119387,7.574619509551816,5529718.3,-52.461122657911886,84.31999969482422,53.27000045776367
CPRT,Copart,ok,Industrials,Diversified Support Services,2026-10-01,27.30500030517578,17.622581,753.0,False,False,0.0916408280829284,0.312274041019478,-2.6212574406320743,-15.90699329026849,-9.013661789654847,-39.28174435404461,35.29406754932706,44.62491046100024,46.84824047113953,46.84824047113953,-37.40256539709189,26.46214683335102,30.18727154688618,-40.3299796618941,0.6079621195211866,10347510.45,-60.79531381386525,45.7599983215332,27.139999389648438
GLW,Corning Inc.,ok,Information Technology,Electronic Components,2026-10-01,160.27999877929688,73.935486,753.0,False,False,4.240377539927054,5.732569860372871,3.976649448931502,10.11266932371151,-18.39940524789495,97.09586857310765,136.36713509332566,94.03421168688284,73.65801173915584,73.65801173915584,464.92753202289157,48.45434842245185,45.679192426542606,-37.19668150357606,106.49505057935566,8326891.2,-32.377836280603745,255.20944213867188,77.61929321289062
CPAY,Corpay,ok,Financials,Transaction & Payment Processing Services,2026-10-01,391.55499267578125,23.817213,753.0,False,False,0.7604185604357605,-1.1798748658410352,-2.1895020204020788,-3.274376858959349,11.092039428164679,35.92827744023561,333.8742655193995,336.51839662833044,317.01008650537824,317.01008650537824,53.02289557759894,32.97475269606876,33.326656818807734,-7.921408694424047,53.55097751991421,466061.55,-28.522101855430893,425.239990234375,255.0
CTVA,Corteva,ok,Materials,Fertilizers & Agricultural Chemicals,2026-10-01,12.204999923706055,7.4242425,753.0,False,False,-84.28203517853323,-84.30023120775752,-84.63813669916563,-86.08799788363231,-85.74473944576482,-81.78371288539695,75.12752765322489,69.64134453777298,63.403721820785705,63.403721820785705,-74.82298002626399,56.14881677077347,3.6344793090964487,-86.48656097116977,0.0,7787475.35,787.1977617238944,90.31749725341797,12.204999923706055
CSGP,CoStar Group,ok,Real Estate,Real Estate Services,2026-10-01,27.795000076293945,154.24998,753.0,False,False,1.4416075301568076,2.8682442834955246,-0.23331131598564037,-13.08630245730682,-7.349999745686853,-67.05582651243903,46.79081353687105,63.09706176514644,69.34643424997925,69.34643424997925,-63.4131899043338,35.78315309864561,31.004989560559224,-67.22287844809483,3.135433355966731,6127713.55,-56.192942471992666,84.80000305175781,26.950000762939453
COST,Costco,ok,Consumer Staples,Consumer Staples Merchandise Retail,2026-10-01,916.3099975585938,44.11729,753.0,False,False,0.6557956946863897,-0.7162035142764922,2.2119866055988258,-2.51606705191878,-3.5624872730916746,-0.4293004878577422,949.3565639919705,952.430102952448,877.117634037418,877.117634037418,66.89147757338066,20.381014069585422,55.401599530094465,-16.13359411756228,8.276963809766967,2366853.95,-46.46146206021711,1092.5828857421875,846.2649536132812
CRH,CRH plc,ok,Materials,Construction Materials,2026-10-01,81.81999969482422,14.454947,753.0,False,False,-1.1835788898715394,-2.304477976329289,-2.5488320783512264,-10.285085051857301,-23.604651717766266,-30.994908866568917,109.57615137857104,102.99081305393659,92.90128833522517,92.90128833522517,60.04449298900389,31.088214682529724,27.700458623058978,-37.02458729810312,0.0,5419613.0,-41.11092434090774,129.92372131347656,81.81999969482422
CRWD,CrowdStrike,ok,Information Technology,Systems Software,2026-10-01,267.7900085449219,,753.0,False,False,1.1482562964766352,3.294120943074974,3.1270438238134357,24.51294900512444,38.0503219110568,118.43468810186617,147.9090674869598,124.11512443268917,106.31744847291336,106.31744847291336,531.8037493206041,49.435523724778996,80.48537370321995,0.0,205.8272759970557,10800978.75,-53.414638465055766,267.7900085449219,87.5625
CCI,Crown Castle,ok,Real Estate,Telecom Tower REITs,2026-10-01,66.58999633789062,27.17551,753.0,False,False,-0.09003028749366981,-0.7600628134547094,-1.537780508300679,-10.920038746552496,-11.803869375997156,-27.433824325364707,82.55863044375465,87.54081812702802,88.8590971299535,88.8590971299535,-13.931079259167511,27.082378531404828,10.317421612345726,-29.18064465927155,0.0,3520077.15,-46.335181886567455,94.02796173095703,66.58999633789062
CSX,CSX Corporation,ok,Industrials,Rail Transportation,2026-10-01,46.26499938964844,26.748556,753.0,False,False,-0.5267661593772566,-1.0585948452800031,-1.4590018363359158,-5.0000027415688315,-5.1101341576671455,31.961975044926348,42.208411398388094,37.08354810889499,35.67175147321278,35.67175147321278,57.99080161290606,22.271678973302695,25.25344008393037,-12.846787640175803,39.13209670983996,10405813.4,-27.891576452831647,53.08467483520508,33.25257110595703
CMI,Cummins,ok,Industrials,Construction Machinery & Heavy Transportation Equipment,2026-10-01,514.7100219726562,26.306437,753.0,False,False,-0.3600645266257363,-0.604434713519375,-1.2205625467146097,-6.611630377798905,-21.924455950691634,23.644205637410277,569.2033731369745,455.4286652827168,388.52481216896734,388.52481216896734,142.4940194289751,30.39231107608123,23.351921935608175,-28.994921790932576,28.005299926814075,1141595.85,-0.024426332664062578,724.891845703125,402.1005554199219
CVS,CVS Health,ok,Health Care,Health Care Services,2026-10-01,85.01000213623047,22.422165,753.0,False,False,-0.7935585083461261,-3.232779040658984,-0.04703223291244729,-12.89958661344539,-18.319048760879287,16.339308395725038,84.81262718685089,72.22731739211368,68.47286010580075,68.47286010580075,36.78192878874478,33.225180170196374,25.370068687957584,-22.66157843681094,23.126512294107826,7512011.15,-51.380223923123445,109.91949462890625,69.04280853271484
DHR,Danaher Corporation,ok,Health Care,Life Sciences Tools & Services,2026-10-01,212.78500366210938,37.912655,753.0,False,False,-3.956217228126502,-6.232306027531176,-4.74054050509295,3.011699537273582,7.695709309552723,8.1186453030484,204.07260537525966,207.97438727147076,218.57490734085144,218.57490734085144,1.4430068804816676,28.82802542781709,64.55377060685257,-11.563873641748874,31.927820323355217,4192949.3,-32.63724891689007,240.6086883544922,161.28895568847656
DRI,Darden Restaurants,ok,Consumer Discretionary,Restaurants,2026-10-01,195.71499633789062,19.17549,753.0,False,False,1.2755479109395118,-0.662373315536835,-5.561189369710573,-9.206254149872517,-3.4368133551699542,6.074246310770182,196.84602192470007,191.14414406582654,175.34388903127723,175.34388903127723,51.51750480019677,26.307708240364875,35.92772609378376,-14.039440164340272,18.373944693144022,1304484.5,-51.37619496437098,227.67999267578125,165.33621215820312
DDOG,Datadog,ok,Information Technology,Application Software,2026-10-01,278.80999755859375,568.602,753.0,False,False,1.8112073560455633,3.762554853839317,8.52015529612158,24.557720746977175,7.086347075230592,95.79354600342937,179.67906794472347,154.01826726297932,141.53069738056237,141.53069738056237,203.58232652015525,54.45379457885632,91.11933985498926,-3.2413661411514534,171.70491971235884,3421843.4,-42.04679267321234,288.1499938964844,102.61499786376953
DVA,DaVita,ok,Health Care,Health Care Services,2026-10-01,176.88999938964844,14.997036,753.0,False,False,1.1262298429710826,-0.6626651800052064,1.2709688234815664,0.42579766242696326,-24.698822258721663,33.130131625004246,160.12392858474973,154.1503984823645,144.3023375147684,144.3023375147684,86.00420844147993,37.8347553873492,44.83599178352553,-26.589477730343848,70.2994076366954,713437.55,-47.27625424257526,240.9600067138672,103.87000274658203
DECK,Deckers Brands,ok,Consumer Discretionary,Footwear,2026-10-01,79.4800033569336,11.30441,753.0,False,False,1.714875835362073,1.4293041575526466,1.0167806922405154,-6.029792343003426,-24.08061753421239,-21.594158820703512,99.4047619047619,119.83288844743097,125.45887342962136,125.45887342962136,-7.85817188882556,46.43774068821078,43.40459719967076,-34.281460432878234,2.541609039360725,3395652.85,-54.16913716606808,120.94000244140625,77.51000213623047
DE,Deere & Company,ok,Industrials,Agricultural & Farm Machinery,2026-10-01,660.8499755859375,36.743057,753.0,False,True,-1.5933307127584895,-3.939014914456529,-4.678543281715164,-2.0194425151746187,6.624645876728863,46.172961575779546,558.926527235243,508.99175551213114,462.2972079374559,462.2972079374559,84.0055830304561,28.13022140272558,44.12035225683449,-6.632048020221365,52.21483229766687,1273052.1,-14.312854909865836,707.791015625,434.1560974121094
DELL,Dell Technologies,ok,Information Technology,"Technology Hardware, Storage & Peripherals",2026-10-01,539.2899780273438,31.371008,753.0,False,False,0.24908742260549843,-0.7618303561149786,0.6100440985307376,26.891759535845594,36.990542926295845,285.2452526298946,259.90638321165056,187.09117783018317,158.08106370497828,158.08106370497828,735.8487654448725,61.95988902322672,43.30079370827891,-8.346370555579643,387.8477786187038,9231073.55,-38.510174691436625,588.4000244140625,110.54472351074219
DAL,Delta Air Lines,ok,Industrials,Passenger Airlines,2026-10-01,84.05000305175781,13.941128,753.0,False,False,0.7069302345522388,0.02380610823697893,1.5587250872757252,10.041903736775293,-9.156298948172193,49.72601337810916,72.30289715055436,63.398014744914384,56.12798101366912,56.12798101366912,138.3899345047761,41.034065160145765,62.03487340536896,-10.038937717209267,52.2203249455527,7083236.6,-37.25139719319838,93.42931365966797,55.21601867675781
DVN,Devon Energy,ok,Energy,Oil & Gas Exploration & Production,2026-10-01,47.084999084472656,10.236957,753.0,False,False,2.2697613991421006,0.7596823148167786,-3.711661318549675,-3.3844199613257464,17.098937053718053,37.72147147482217,41.90248186626132,37.64664595630539,39.29950716391028,39.29950716391028,13.801304998708751,34.38313992276652,39.35319547779168,-8.340675158827002,52.12713058618624,13024429.3,-60.88207872570662,51.36956787109375,30.951086044311523
DXCM,Dexcom,ok,Health Care,Health Care Equipment,2026-10-01,86.40499877929688,34.17984,753.0,False,False,0.13326904919390703,-0.3172606424904245,-1.2175630805343785,-4.143555175994917,21.270173725328956,28.406891965666013,71.14331352899946,74.67562750706159,86.0707768494706,86.0707768494706,-8.614493928680533,47.157258441980204,66.32802511095298,-6.427331377485006,57.55834890386928,4114238.95,-57.31703915738778,92.33999633789062,54.84000015258789
FANG,Diamondback Energy,ok,Energy,Oil & Gas Exploration & Production,2026-10-01,185.0800018310547,35.25619,753.0,False,False,0.6909331860776913,-0.08097710950930592,-2.079251251255454,-8.89939038449955,8.172095023829806,32.45144864026928,174.89552991352383,161.87381755023364,163.45505381833667,163.45505381833667,37.536873432294456,33.15229118737914,29.85619282011848,-12.504135158549879,38.05669435486506,3211714.45,-61.481974214737555,211.52999877929688,134.0608673095703
DLR,Digital Realty,ok,Real Estate,Data Center REITs,2026-10-01,176.19000244140625,85.96585,753.0,False,False,0.37600619079318776,-0.5587483210853117,-2.6574572146926823,-3.2039437383864833,2.3647606985860437,4.833449121024347,175.30764376927937,168.35836287418684,156.11270641109067,156.11270641109067,63.145114641677466,27.04197722102454,33.43702864903588,-12.42170085534328,21.541836021716463,1815519.45,-52.647767006847545,201.1799774169922,144.96243286132812
DG,Dollar General,ok,Consumer Staples,Consumer Staples Merchandise Retail,2026-10-01,118.98500061035156,15.422078,753.0,False,False,-0.4975758584982781,-4.329823926435883,-2.893167554282461,-9.23411096628447,1.2032304355652723,17.466217055933452,121.69151905604771,105.14755840225524,110.55160884173267,110.55160884173267,22.304748926943716,39.61009799422971,40.20996011617519,-23.09334583649019,25.77800309501143,2349484.0,-64.92080814340511,154.71353149414062,94.59921264648438
DLTR,Dollar Tree,ok,Consumer Staples,Consumer Staples Merchandise Retail,2026-10-01,114.4375,14.011642,753.0,False,False,0.3661667858494644,-1.3639861134757014,0.825991189427322,-13.114042846714579,-7.74889384544969,21.264699236373374,114.40110094585116,99.0306323685969,104.70683584935162,104.70683584935162,9.34215172536863,41.27542941084214,42.18733431705089,-18.95935517382711,34.569024891796545,2833087.0,-65.98268955383297,141.2100067138672,85.04000091552734
D,Dominion Energy,ok,Utilities,Multi-Utilities,2026-10-01,60.72999954223633,21.00692,753.0,False,False,0.3469912142832987,0.7465175382419087,0.5463543179150987,-7.587338354806694,-12.052295500658728,3.5229054760738565,62.194215199304004,57.59148160774869,53.04292058754727,53.04292058754727,65.31936274390179,22.57919897689911,24.400557193286772,-14.43224901325687,9.702259066489196,4959423.85,-20.906598858252444,70.9729995727539,55.35893249511719
DPZ,Domino's,ok,Consumer Discretionary,Restaurants,2026-10-01,295.885009765625,16.755808,753.0,False,False,-1.243274846653264,1.2368771642113474,0.9743067256668292,-12.531993443571244,-4.474474433052544,-29.97921741435805,361.76770952012805,400.53427196973826,406.8678222088858,406.8678222088858,-18.30959926832546,28.905283310718332,39.07726630202159,-31.328768595141415,5.188447319417219,734263.5,-51.53374776221342,430.8718566894531,281.2904052734375
DASH,DoorDash,ok,Consumer Discretionary,Specialized Consumer Services,2026-10-01,181.86000061035156,95.172775,753.0,False,False,-0.920731361104743,1.9451769900642013,-3.023515280676936,-19.40973249178063,-5.286179983783612,-33.13724506786372,196.96093259538924,199.04442234723217,170.03453513825556,170.03453513825556,128.92748617988622,42.3237959324798,31.442827890571962,-35.451122696829394,24.0518369978365,4227682.15,-35.840895702152075,281.739990234375,146.60000610351562
DOV,Dover Corporation,ok,Industrials,Industrial Machinery & Supplies & Components,2026-10-01,188.3000030517578,22.75695,753.0,False,False,0.6682705050018667,-1.6607440707833154,0.21821473385557066,-0.8582054898543023,-11.656504654337663,14.024803505780458,202.50131370907738,192.44372528197755,182.0613764019443,182.0613764019443,41.41633274358432,24.682004213066314,48.033561321585054,-18.693457185555243,18.036463773439085,1369885.8,-46.48342219475522,231.59268188476562,159.5269775390625
DOW,Dow Inc.,ok,Materials,Commodity Chemicals,2026-10-01,27.614999771118164,16.080925,753.0,False,False,0.27232699018733264,-0.9860151471797529,-3.3088225227424273,-9.340116214267269,0.8136624943598569,26.37573209646731,29.434955294170077,30.54546453848303,35.895791708552345,35.895791708552345,-36.013515012560674,38.02715492032728,35.33676880310932,-32.60203254159498,40.32908129613779,8994150.8,-31.466392580386803,40.973045349121094,19.678743362426758
DHI,D. R. Horton,ok,Consumer Discretionary,Homebuilding,2026-10-01,136.92999267578125,13.2584715,753.0,False,False,0.20490215280140056,-1.7859744124704036,-2.4367746911332033,-3.1406964665491754,-13.389632016319396,-18.23121959700248,148.70831662132628,145.9876801692157,145.7068363407535,145.7068363407535,33.05014835334605,35.35506118754746,48.08915707878996,-20.79247736116266,3.9414702286601524,2867353.55,-0.38999550648366466,172.87498474121094,131.7375946044922
DTE,DTE Energy,ok,Utilities,Multi-Utilities,2026-10-01,123.04000091552734,19.477848,753.0,False,False,1.0180606179809315,1.829015187438876,1.5349072500968841,-8.742073193987466,-19.404432044365215,-10.006022254888036,137.4925363025968,130.75460664969518,121.01417428025528,121.01417428025528,42.805989862935604,18.068263910153654,22.303429756862272,-19.597527445956132,1.8290151874388711,1909846.65,-36.21304621499323,153.03012084960938,120.83000183105469
DUK,Duke Energy,ok,Utilities,Electric Utilities,2026-10-01,113.7300033569336,17.125,753.0,False,False,-0.24559141658667683,0.28216178863516017,0.4415790737229308,-5.5320176646561965,-11.473819936501728,-4.871606698314823,121.7742755526588,116.29813204153601,107.80753279808825,107.80753279808825,49.0193712539772,16.574721757724532,19.10963732561501,-13.291361895316674,2.374517411639699,4015851.05,-27.81801506308358,131.1634063720703,111.09210205078125
DD,DuPont,ok,Industrials,Industrial Conglomerates,2026-10-01,129.6199951171875,55.620174,753.0,False,False,-0.20787148643443,-1.0383269619130275,-0.46076339877981765,-1.884797124865778,-6.947140529077789,34.891574564415365,130.82472764878045,111.51446486089334,104.51384239652717,104.51384239652717,49.253322774927,30.250899105102164,58.06252733553655,-15.110041572693152,42.578744313903734,1125179.55,-60.29158190797194,152.69178771972656,90.91116333007812
ETN,Eaton Corporation,ok,Industrials,Electrical Components & Equipment,2026-10-01,438.45001220703125,44.55742,753.0,False,False,2.0339347294108245,1.6318602918711678,-0.35226995294744823,12.21878677178443,10.290272588843251,18.46049093501396,381.14035143171037,354.83088030568155,327.40532612388984,327.40532612388984,116.49390783940596,34.852228385513534,55.90360211105228,-4.6764891833309905,39.990419897304264,2058618.65,-46.08651777248788,459.9599914550781,313.20001220703125
EBAY,eBay Inc.,ok,Consumer Discretionary,Broadline Retail,2026-10-01,106.20999908447266,22.32458,753.0,False,False,0.1508684847814301,-1.0342905455720919,-1.5023673551635586,1.1716476359379113,-7.23361100075286,18.266682456901663,97.4533428615994,84.29039257551095,71.96996640715783,71.96996640715783,156.3110805560015,31.89956383695487,45.68868555220221,-10.19816366637133,34.97720025092813,5058213.45,-65.85021535617481,118.27152252197266,78.68736267089844
ECHO,EchoStar,ok,Communication Services,Wireless Telecommunication Services,2026-10-01,88.41999816894531,3.8955126,753.0,False,False,-1.1072647943348835,-0.8966633499352339,-2.1686204293378974,2.7661520549663976,-12.88670131138393,15.79360589601524,101.9740475851392,66.0148406351705,49.341274903589984,49.341274903589984,450.5604054125473,83.59214293879005,34.7938146863838,-37.64457244992336,32.10816937962524,3201956.85,-51.58157737197489,141.8000030517578,66.93000030517578
ECL,Ecolab,ok,Materials,Specialty Chemicals,2026-10-01,271.04998779296875,36.451614,753.0,False,False,-1.285599443485963,-3.275888674824068,-1.5688010316375678,-3.025843714856591,-4.090172730785191,0.053734393932369784,270.6727464463976,261.6249642847069,244.89712524414062,244.89712524414062,67.50318626535754,20.43642015325473,42.32107406179969,-11.38605459908217,10.898450951801479,1156379.9,-39.15511675704497,305.8773498535156,244.41278076171875
EIX,Edison International,ok,Utilities,Electric Utilities,2026-10-01,53.849998474121094,5.5541797,753.0,False,False,0.22333693077818406,4.624047400373188,2.4933337186269444,-8.418368753684536,-27.981434949777395,2.7815883584154433,64.67505073547363,61.277787637900545,62.142982812200096,62.142982812200096,1.2455324586352567,31.11309636196651,38.648347513919425,-33.00572242576029,7.366026286489376,5200024.55,-51.70809337813607,80.37999725341797,50.1555290222168
EW,Edwards Lifesciences,ok,Health Care,Health Care Equipment,2026-10-01,85.4000015258789,50.82738,753.0,False,False,-1.0657995507389662,-1.646896550754584,-0.38493155037069293,-5.884942102277446,-9.505140362018272,9.810987800129677,84.31833330790202,78.97719119554498,78.86204506518197,78.86204506518197,23.44608434395974,31.73338018966303,53.53951767504101,-10.27526659796097,17.549896396710025,3407088.55,-45.796213602960215,95.18000030517578,72.6500015258789
ELV,Elevance Health,ok,Health Care,Managed Health Care,2026-10-01,381.625,16.865665,753.0,False,True,-1.8504725036485037,-3.2856880453676296,-4.1745134965473945,-4.901250853449179,-8.28064794700456,20.454841215050877,355.8871536254883,363.51535046338086,403.6192974278018,403.6192974278018,-8.847476477821303,31.31276297371314,14.009897560192783,-10.193301006021855,37.92760842379357,1239823.6,-51.826050092932576,424.9404602050781,276.68499755859375
EME,Emcor,ok,Industrials,Construction & Engineering,2026-10-01,764.72998046875,23.793715,753.0,False,False,1.3572069035924672,-0.10320292642167495,1.698223060129389,4.009517914824889,-1.2308564534748268,17.96766253095756,746.997317843967,618.1558770411518,513.8320500549884,513.8320500549884,272.17476387705466,39.16106142635299,43.80782690186123,-18.927152023916527,31.703791830126953,346067.85,-58.43098398189834,943.2627563476562,580.6438598632812
EMR,Emerson Electric,ok,Industrials,Electrical Components & Equipment,2026-10-01,158.51499938964844,34.617905,753.0,False,False,2.201800871531634,-0.5489679423744454,1.5210708398129213,7.3731586715562125,14.385165527212628,22.735668103129992,140.95544733319963,130.7464611007873,120.13413680280506,120.13413680280506,74.59775556910193,29.403773537172796,61.44796460069453,-3.240928661549246,29.57408498094264,2328093.5,-15.752095008211652,163.82443237304688,122.33541870117188
ETR,Entergy,ok,Utilities,Electric Utilities,2026-10-01,100.48999786376953,25.67647,753.0,False,False,1.239165525959729,2.436288916231666,2.373669636036846,-6.10166229127792,-12.17975665689769,10.519124410680881,102.84012664310517,90.59732107337253,76.86391904914521,76.86391904914521,149.28949770099322,22.074014410238195,31.967185621253165,-13.863427287899865,12.194322712624848,3092945.85,-38.126398171503716,116.66356658935547,89.56781005859375
EOG,EOG Resources,ok,Energy,Oil & Gas Exploration & Production,2026-10-01,141.72000122070312,11.028016,753.0,False,False,2.8745694481504103,0.7750809215991472,-0.7979836096723592,-4.46916387599352,9.169420165993959,30.794280166612076,125.4417826940143,121.08095245057368,118.83234795599503,118.83234795599503,27.454661213110466,27.20442031869782,41.85913031144377,-7.81839719200179,42.7116069165582,3239421.5,-44.03537792164435,153.74000549316406,99.30516815185547
EQT,EQT Corporation,ok,Energy,Oil & Gas Exploration & Production,2026-10-01,49.935001373291016,11.585847,753.0,False,False,2.8315485195934853,0.13034377942344744,-3.730475416309087,-10.172690706556175,-4.786870321821512,-7.1768435948342475,55.44674488854787,52.17220937113363,46.82877705233347,46.82877705233347,33.25437591197704,33.779479940012536,30.541177382947993,-26.052142484301104,2.8315485195934897,7588930.6,-36.338698366802824,67.52731323242188,48.560001373291016
EFX,Equifax,ok,Industrials,Research & Consulting Services,2026-10-01,140.63999938964844,24.64693,753.0,False,False,2.4774072867941754,-3.5258604971112106,-5.483873316367505,-24.468312731099573,-18.029635849743077,-44.549361206500315,189.07060647389247,220.628573839408,226.8826483413676,226.8826483413676,-19.432016081808346,35.05240655167648,17.81660008692596,-43.96174021339569,2.4774072867941768,1770377.9,-47.09276477073059,250.9713897705078,137.24000549316406
EQIX,Equinix,ok,Real Estate,Data Center REITs,2026-10-01,1014.1699829101562,65.08215,753.0,False,False,0.25603173021975234,0.30660345608921613,-1.989835967871667,-1.305966714013529,1.6961475123335124,32.254788578250924,936.6187908838666,885.4218737841602,842.0547944128434,842.0547944128434,51.63686097947555,25.85939337855497,43.208947842153975,-8.685423562867244,41.80573723931415,500352.45,-31.75830357181223,1110.6331787109375,715.1826171875
ERIE,Erie Indemnity,ok,Financials,Insurance Brokers,2026-10-01,222.5850067138672,20.198277,753.0,False,False,1.5674254679675537,0.2996613871705245,1.6555534749946643,-13.083287165897817,-13.651415115057608,-28.557808483243274,257.66869529845223,319.7921386657958,333.82274063333256,333.82274063333256,-19.761540913094812,32.41553143016695,29.900609504310097,-31.40942233627551,8.019057485316829,190752.45,-67.73357301570701,324.51251220703125,206.0608673095703
ESS,Essex Property Trust,ok,Real Estate,Multi-Family Residential REITs,2026-10-01,269.0799865722656,41.9883,753.0,False,False,-0.11508521448966302,-0.49873564110805013,-0.0005784107178774534,-2.6349760022049917,-8.943641637599287,4.517495737372856,260.19406763712567,263.8467588994607,252.10249429933262,252.10249429933262,44.048546961518234,22.454260619913523,47.079864622212966,-8.943641637599285,15.606220138321591,542433.5,-38.080889178120444,295.50927734375,232.75563049316406
EL,Estée Lauder Companies (The),ok,Consumer Staples,Personal Care Products,2026-10-01,90.56500244140625,181.06,753.0,False,False,-2.376839798910302,-5.236996201109145,-5.0382721681823455,-9.43499755859375,8.556479834189524,4.2366280630969255,92.0213821350582,83.3199342978428,95.29147658025126,95.29147658025126,-33.26830988235403,48.47313905501291,36.71732214540778,-23.492843230121654,35.689413983082915,2918133.1,-31.046256937354922,118.37454986572266,66.74433898925781
EG,Everest Group,ok,Financials,Reinsurance,2026-10-01,368.760009765625,7.788612,753.0,False,False,0.9831027208922372,-0.2812271664881627,-0.8603026569968031,-2.0720306016597467,-0.15751997588615563,7.161637260361253,340.2036926027328,342.0789275758295,349.21463259916067,349.21463259916067,3.5492275666283657,24.513461918526076,45.94670524351636,-7.0065068743530645,23.089504254057534,417051.5,-53.21201338443813,396.54388427734375,299.5868835449219
EVRG,Evergy,ok,Utilities,Electric Utilities,2026-10-01,78.6500015258789,20.008905,753.0,False,False,0.2677193752378182,0.9498111012532506,1.2747847245499822,-3.520602594911426,-10.011669277588965,7.067152232124219,78.75830822899228,70.87849033401307,63.34672034214217,63.34672034214217,84.79703552141665,16.86782528307625,29.05494254803088,-10.011669277588965,11.527288384788566,2321368.95,-43.80992301977676,87.40022277832031,70.52085876464844
P,Everpure,ok,Information Technology,"Technology Hardware, Storage & Peripherals",2026-10-01,134.8336944580078,184.79451,753.0,True,False,3.0996296960912995,4.199150554728948,10.628238838614323,43.77660078171601,85.44037430307405,60.88020330002046,80.09219710032146,69.13996758024057,62.29078848333473,62.29078848333473,279.38573715427026,60.642146284616175,84.27263602517084,0.0,136.59184152814933,7507097.3,-65.95826725197766,134.8336944580078,56.9900016784668
ES,Eversource Energy,ok,Utilities,Electric Utilities,2026-10-01,64.2300033569336,16.67013,753.0,False,False,0.10910176251370807,1.5012714854026443,0.6739876567635861,-7.821000890064012,-12.699904785271187,-5.540922705452223,68.5473053493197,63.32665053591785,59.93813408070193,59.93813408070193,32.39404060081501,24.87147662401815,30.402982148376267,-13.799981262546032,5.740651040484248,2536994.7,-51.64775078166305,74.51274871826172,60.74296188354492
EXC,Exelon,ok,Utilities,Electric Utilities,2026-10-01,40.45500183105469,14.858456,753.0,False,False,0.1361393641051034,0.3348267292963225,0.6343310031733163,-6.821356455030758,-14.703011452036952,-6.820021967731282,44.85851769220261,42.467482038703096,39.60660046378613,39.60660046378613,23.750968387423587,19.775837866071864,20.819859806738393,-18.026895125952155,0.6343310031733157,8209970.55,-51.9485365267236,49.35155487060547,40.20000076293945
EXE,Expand Energy,ok,Energy,Oil & Gas Exploration & Production,2026-10-01,85.9800033569336,7.416379,753.0,False,False,2.247600310800979,0.7853778191467597,-2.9790107287604006,-14.002800089953293,-4.655452976597485,-17.245832045528132,99.91760532439702,98.85888117148107,91.30593041246472,91.30593041246472,11.854907843233198,28.57218627092662,25.126523785528192,-28.802302369747952,2.247600310800988,3388629.45,-42.41362094046607,120.76233673095703,84.08999633789062
EXPE,Expedia Group,ok,Consumer Discretionary,"Hotels, Resorts & Cruise Lines",2026-10-01,263.05999755859375,16.529228,753.0,False,False,-0.11390788641193472,-0.4428011123213782,0.500476622194368,-13.532528659568865,-1.954216220642968,23.98267454330385,254.6735348171658,216.20285778881544,186.8791078463652,186.8791078463652,161.34923995289014,45.392258599788725,35.23839896810986,-22.319103618535923,40.34868057228402,2436249.8,-64.81083343752351,338.6418151855469,187.4331817626953
EXPD,Expeditors International,ok,Industrials,Air Freight & Logistics,2026-10-01,187.3000030517578,27.291122,753.0,False,False,1.440643235973993,-0.6787563722921219,1.9819227469608292,-0.2131027719700307,11.774180858848426,54.38228468278565,155.73761543395028,135.2181931301892,129.28057871460123,129.28057871460123,69.08731793424603,26.18174740820286,41.259887139283286,-3.4038117857033248,67.29182565491232,1000558.4,-26.374312583853175,193.89999389648438,111.96004486083984
EXR,Extra Space Storage,ok,Real Estate,Self-Storage REITs,2026-10-01,132.99000549316406,29.361725,753.0,False,False,1.1253981051996709,0.9948457550482237,0.5747635106871041,-3.972527229771705,-9.90110309635478,-1.184016351808781,137.27384773133292,138.9779313228045,136.47120682715104,136.47120682715104,27.144605215132312,26.517968156419315,43.082771182053975,-11.970114231565518,9.930742355748768,1513213.15,-50.70998424775782,151.07369995117188,120.9761734008789
XOM,ExxonMobil,ok,Energy,Integrated Oil & Gas,2026-10-01,163.68499755859375,21.074099,753.0,False,False,0.5744992679531435,0.7168307011484742,0.9528791012465954,-0.5256794148414512,20.172801768750205,49.38272327002511,140.2140475379096,123.35579046120206,116.22843833811888,116.22843833811888,56.220712511997164,23.44159474671373,45.814401842471156,-3.32802357776593,52.23158905591101,13963525.65,-55.43451449168928,169.32000732421875,107.52367401123047
FFIV,"F5, Inc.",ok,Information Technology,Communications Equipment,2026-10-01,446.2799987792969,35.523483,753.0,False,False,0.24709243937579561,2.4611996695727445,-0.06046109529781463,12.776710149254033,9.344828431907693,38.08595420899712,329.0881351289295,303.1290245512092,261.7882740076478,261.7882740076478,175.5495062233076,30.44134804523932,68.07487480868674,-2.129430834674084,99.24103211512126,535666.3,-42.08595911297762,455.989990234375,223.99000549316406
FDS,FactSet,ok,Financials,Financial Exchanges & Data,2026-10-01,278.7699890136719,19.134773,753.0,False,False,3.267262977516139,4.146887969927304,2.7723461801555382,-8.731670120010094,11.887925589125082,-0.952219959893974,252.89510854085287,339.68012191954836,368.7810859021596,368.7810859021596,-33.6763506602208,33.1024290141945,62.161827442323826,-11.092329814492437,48.70925252345026,902727.25,-3.3877619181208907,313.54998779296875,187.45974731445312
FICO,Fair Isaac,ok,Information Technology,Application Software,2026-10-01,666.1799926757812,19.280544,753.0,False,False,12.441140583915079,-20.77679826483606,-22.218848324839758,-39.640116677304825,-47.57913995480969,-55.48502337846324,1325.4972587464347,1582.6754172275741,1494.205432096484,1494.205432096484,-22.85923042656052,47.88556050902295,19.474036567392858,-64.55641108939155,12.441140583915077,880046.6,171.38699246153556,1879.550048828125,592.469970703125
FAST,Fastenal,ok,Industrials,Trading Companies & Distributors,2026-10-01,49.875,42.6453,753.0,False,False,0.6965500286814752,-1.218066266630935,-1.6853923712821683,2.3076923076922995,3.1866120386558894,3.9118490404804085,44.94202161213708,42.43916828413884,38.800764549934215,38.800764549934215,95.39337308970394,24.181197054086272,55.83594999751304,-4.782361620912756,29.488719680743703,6871502.55,-45.41876434288742,52.380001068115234,38.516868591308594
FRT,Federal Realty Investment Trust,ok,Real Estate,Retail REITs,2026-10-01,107.58000183105469,21.733334,753.0,False,False,-0.6556460231508354,-2.048620561311698,-2.5101918272486534,-8.074850078451789,-11.595036837266504,10.786254349315127,107.89330461290147,102.03209943125448,98.82448084452554,98.82448084452554,36.56599720489946,20.210594949657494,13.859241582035608,-15.377956300425916,16.987114657232958,944142.65,-37.885127845882195,127.12999725341797,91.95884704589844
FDX,FedEx,ok,Industrials,Air Freight & Logistics,2026-10-01,286.4200134277344,15.422414,753.0,False,False,0.4665253453044471,-1.11513224126093,2.4611879060262964,-11.492119984458748,-8.132775948344396,53.29195366816808,277.3503506372845,235.30726070328063,224.30201731323405,224.30201731323405,42.38534234020885,31.129938904066247,29.520630289241893,-15.266119542397497,60.92141780563378,1664431.5,-42.48306403718026,338.02301025390625,177.9875030517578
FDXF,FedEx Freight,ok,Industrials,Cargo Ground Transportation,2026-10-01,111.30999755859375,25.356493,89.0,False,False,1.7644910894486943,-0.8815720981839914,-2.196643575809676,-12.745945108668188,-26.19189751306321,,143.82393277629038,143.82393277629038,143.82393277629038,143.82393277629038,-26.28476982874586,65.96976310076067,19.247483736480177,,,1793395.75,-36.1036179549327,,
FERG,Ferguson Enterprises,ok,Industrials,Trading Companies & Distributors,2026-10-01,223.24000549316406,22.008867,753.0,False,False,0.278506149301716,-1.786184559649684,1.3943804104785462,1.9779826223648156,-2.678560915930983,0.9349809385946539,236.63707030765593,214.02793774851764,205.0552257522644,205.0552257522644,44.13182934460676,30.530617911550817,51.222941264910894,-15.977815546576245,4.191174842040621,1370254.0,-23.044924517644173,265.6917419433594,214.25999450683594
FIS,Fidelity National Information Services,ok,Financials,Transaction & Payment Processing Services,2026-10-01,33.29499816894531,5.1136713,753.0,False,False,1.2005976436071153,-2.9583304101405306,-4.844251009466527,-17.51235223625566,-19.426530682705877,-47.57802348707776,49.5539374275813,61.85214282032028,62.49960143252673,62.49960143252673,-33.425403913523425,28.61039126485671,16.330775356471406,-49.588661762813466,1.2005976436071126,6330592.95,-32.002277922481184,66.04664611816406,32.900001525878906
FITB,Fifth Third Bancorp,ok,Financials,Regional Banks,2026-10-01,50.16999816894531,16.920876,753.0,False,False,-0.8106042848295081,-1.9064515938958637,-1.6967702040792787,-4.571133439841368,-11.499575490460433,16.368683344176738,48.959201146685885,44.42584738028477,40.26450063951145,40.26450063951145,127.93041723782439,27.937882091127005,25.89617018832999,-14.793929710079718,28.44957062577511,6167119.55,14.533064305523325,58.88077926635742,39.058128356933594
FSLR,First Solar,ok,Information Technology,Semiconductors,2026-10-01,171.3699951171875,10.561036,753.0,False,False,-2.163740845902784,-0.9250194208382245,-0.4588804182836692,-14.164788201275702,-23.68972279108702,-22.291753473099128,229.68758053249783,202.0487855250142,197.32593651881731,197.32593651881731,9.613661974772736,56.72938799680522,28.231204075879788,-46.152397449430474,0.0,2454913.75,-31.632017621800358,318.25,171.3699951171875
FE,FirstEnergy,ok,Utilities,Electric Utilities,2026-10-01,43.29999923706055,23.263441,753.0,False,False,-0.06924207875901311,0.6508572206357144,0.25469000659690266,-6.1958418973259715,-9.89231057700719,-1.703155494947961,46.30910239143977,42.69457405211916,40.11549858964614,40.11549858964614,50.44357044853538,17.853490328772573,22.200354939474437,-14.89062337619881,1.3006402354214337,4153833.05,8.69384844439043,50.875709533691406,42.74405288696289
FISV,Fiserv,ok,Financials,Transaction & Payment Processing Services,2026-10-01,45.560001373291016,8.72797,752.0,False,False,0.8410824824002905,-0.999563406990478,-0.9134366531680982,-11.825037763067936,-12.937130175573753,-65.074739410406,63.16231080925322,124.6906586454776,131.885917572265,131.885917572265,-59.627822783055784,41.44722715078331,11.607140684961962,-64.66299235131409,0.8410824824002974,7570440.95,-45.53660708495454,128.92999267578125,45.18000030517578
FLEX,Flex Ltd.,ok,Information Technology,Electronic Manufacturing Services,2026-10-01,112.6500015258789,44.860558,753.0,False,False,2.4184050493427423,-0.34501007297397246,0.2224199258061832,5.418305149220126,-17.689609072412573,94.3246492215833,91.52746041615804,66.9329880908191,53.5394390886365,53.5394390886365,460.0844910357719,51.75579073405218,44.586649368786595,-30.49299905285734,106.65933772626542,3274948.15,-62.559315633745214,162.07000732421875,54.5099983215332
F,Ford Motor Company,ok,Consumer Discretionary,Automobile Manufacturers,2026-10-01,12.234999656677246,6.254441,753.0,False,False,1.4510715669287633,-1.1712476286210416,-2.8968310614440274,-11.596824264561379,-7.428825953383389,7.0688778592979284,13.069449666946653,11.418569241861897,10.985725011483607,10.985725011483607,20.028896391010488,36.40768163530183,19.291991422660814,-29.08538788292583,12.229953830216477,47517667.35,-35.70844550305983,17.253143310546875,10.901723861694336
FTNT,Fortinet,ok,Information Technology,Systems Software,2026-10-01,178.9499969482422,63.409576,753.0,False,False,0.1062891291367718,1.4858476095847672,0.15671281254063807,10.565332221112044,14.527998046874991,112.83300791050598,110.93130941239615,102.9804780967682,89.67940242610288,89.67940242610288,205.21916030726564,41.45081465409134,76.72897699379558,0.0,137.87051570262784,3895314.1,-58.08086439037099,178.9499969482422,75.2300033569336
FTV,Fortive,ok,Industrials,Industrial Machinery & Supplies & Components,2026-10-01,55.470001220703125,29.354498,753.0,False,False,1.204159516284431,-0.5200808994968886,0.0541172343746954,-2.2226549613715285,-11.352704008302695,13.728970473666324,56.65148191603403,55.335736438097705,55.54514687628068,55.54514687628068,1.1917501022103538,25.254846377875673,54.949254367174234,-13.344465381594459,16.56028893807626,2115669.45,-42.65696845979414,64.01206970214844,47.589107513427734
FOXA,Fox Corporation (Class A),ok,Communication Services,Broadcasting,2026-10-01,61.150001525878906,15.9348955,753.0,False,False,-2.394253732588325,-3.0288610939058547,-4.21365698665328,-6.8403380644723395,8.746749151740252,-2.122660316588054,62.89972055526007,57.13354318930333,48.805830399511976,48.805830399511976,105.13570411309084,28.822014101459843,28.207468055831313,-18.904931407583547,25.8867852575691,4808097.65,-37.48768808803208,75.40532684326172,48.57539367675781
FOX,Fox Corporation (Class B),ok,Communication Services,Broadcasting,2026-10-01,54.779998779296875,14.276042,753.0,False,False,-2.6998232297720914,-3.1299743265136737,-4.230772642245362,-6.741577776667995,8.8814159313507,-3.392733442617857,56.42581031436012,51.96898977879984,44.54286753893849,44.54286753893849,99.05351411405043,28.198579631281497,33.024957874213726,-18.320098687638247,24.015422208654073,1185952.1,-65.7117686287667,67.06668090820312,44.17192459106445
BEN,Franklin Resources,ok,Financials,Asset Management & Custody Banks,2026-10-01,32.36000061035156,22.02381,753.0,False,False,0.7472032579320942,0.03122519259859402,0.43074151637636504,-1.2380491121532278,-4.162398514767873,46.82461383806642,27.37616231706407,23.660967338607605,22.850144566134468,22.850144566134468,56.700123690498884,30.077123510409088,38.95442123833523,-8.609997118132334,60.34243766632874,3886593.1,-5.002610126591334,35.408687591552734,20.181806564331055
FCX,Freeport-McMoRan,ok,Materials,Copper,2026-10-01,69.16000366210938,33.909317,753.0,False,False,-1.1999947684151802,-3.8910442717994154,-4.051051740799583,-4.567403757195132,13.70816509054691,78.23425799151961,58.804417822096084,49.672834605334764,47.09688916909267,47.09688916909267,96.24151179486402,44.17534306750252,42.462519893947125,-13.452633596983912,80.21642018039654,11116464.45,-28.92984063831553,79.91000366210938,38.37608337402344
GRMN,Garmin,ok,Consumer Discretionary,Consumer Electronics,2026-10-01,286.0574951171875,29.513403,753.0,False,False,-0.272800596392897,-2.7180727793155057,-3.0445069033295913,4.359201508708144,19.642199121669577,18.09935216612699,238.5887704274011,221.926477227078,194.2352191879455,194.2352191879455,190.87597169729204,34.18640356676464,54.391053408178365,-8.30079662157555,55.416448255088035,799500.65,-74.89520490070896,311.9519958496094,184.05870056152344
IT,Gartner,ok,Information Technology,IT Consulting & Other Services,2026-10-01,195.72000122070312,17.584532,753.0,False,False,4.921200956884952,5.378778723399713,9.145657610214375,3.0484961660613985,43.573936843481455,-25.544944323732686,186.80738100929867,307.26832636798997,353.63490039070604,353.63490039070604,-43.433525658756324,42.48030389434564,64.00903494068766,-24.189491017132376,55.66690208786176,1068377.0,-39.41838882716494,258.1700134277344,125.7300033569336
GE,GE Aerospace,ok,Industrials,Aerospace & Defense,2026-10-01,313.19000244140625,36.882217,753.0,False,False,0.28819170381972903,-1.5868489026943378,-2.0607906570288215,-5.406383187191411,-16.93674245299985,4.5131050136423045,318.24022408137245,267.20517335564966,222.58779801853782,222.58779801853782,266.3866479247699,31.332857427445237,40.007630853111905,-17.845338272246543,14.759520856599492,4285740.2,-50.70387141059087,381.2200012207031,272.9098205566406
GEHC,GE HealthCare,ok,Health Care,Health Care Equipment,2026-10-01,64.2300033569336,14.813364,753.0,False,False,-1.743918222044194,-3.818501750487946,-3.2389183269718624,-8.79010930554307,-1.9808044910141986,-14.311260402110616,72.41810474698505,75.46165144111056,76.75390320026858,76.75390320026858,-4.828088683494158,33.237448924795444,51.8963539963676,-27.03823735752694,8.037809328827498,3597737.5,-55.21490937012498,88.03241729736328,59.451412200927734
GEV,GE Vernova,ok,Industrials,Heavy Electrical Equipment,2026-10-01,982.6799926757812,28.140251,631.0,False,False,3.386674533360279,3.4650465341887315,2.8941212184152354,9.36529227017109,-11.71761949782406,60.174221310668116,849.6428598070902,636.0723735003833,541.6072564948757,541.6072564948757,651.8724861080692,53.02576558221036,55.512641481601925,-16.357693263191166,79.66657482599093,2082331.75,7.150793815634815,1174.8599853515625,546.9464721679688
GEN,Gen Digital,ok,Information Technology,Systems Software,2026-10-01,22.274999618530273,13.017544,753.0,False,False,1.158034311832612,6.8345285898747665,-3.4460341864343658,-25.799469424159895,-16.11099897352204,-19.973622199508657,24.82719214000399,26.20082498831578,24.67251308157466,24.67251308157466,34.751266915280524,33.066345826558795,20.23853024218144,-29.083095425848832,25.73001042356807,11573958.0,-41.299596905397436,31.40999984741211,17.716533660888672
GNRC,Generac,ok,Industrials,Heavy Electrical Equipment,2026-10-01,206.67999267578125,48.760616,753.0,False,False,-0.13046836262020634,0.7163324954049255,4.357480177250039,13.923489561119307,-18.198373434609273,23.46475520398559,202.68218273586697,178.31731094117183,161.73116876974524,161.73116876974524,94.7973568785608,47.173273164665396,62.04280786409205,-30.067000507524845,51.55826067029915,1430483.95,-61.098549899843334,295.5400085449219,136.3699951171875
GD,General Dynamics,ok,Industrials,Aerospace & Defense,2026-10-01,333.5899963378906,20.347162,753.0,False,False,0.5303950326507767,-0.17057915907707777,-0.8028820775002554,-9.696545022906978,-10.694975449256827,-0.44716947641190163,349.95120481460816,314.0185920137808,296.80644404397384,296.80644404397384,58.80919944949632,20.97678967778776,19.513553998308566,-15.753719900625388,7.208318388906984,1272696.15,-43.38609415923824,395.9700012207031,311.1605529785156
GIS,General Mills,ok,Consumer Staples,Packaged Foods & Meats,2026-10-01,31.735000610351562,10.060824,753.0,False,False,-1.321515046881272,-5.550589132335714,-8.886020838344022,-22.767095418584805,-14.068857379841482,-33.14261471385818,39.558011728619775,46.59242467766264,50.94603899212314,50.94603899212314,-41.80007743068911,23.744632846785304,21.795787573561626,-33.812104805682246,0.3553997902331194,10404368.2,-2.759458282147298,47.946834564208984,31.62261390686035
GM,General Motors,ok,Consumer Discretionary,Automobile Manufacturers,2026-10-01,78.86000061035156,35.21875,753.0,False,False,2.4155852082487828,-2.2073397727795263,-2.1223769280745097,-7.7156513637030795,3.977742891649605,30.45818911376148,77.67433395082989,64.15191347950483,55.88600962665451,55.88600962665451,150.28896642766378,34.5103631474182,37.23564713132786,-12.48828248292155,43.7043535322921,7466181.55,-43.97764142234125,90.1136474609375,54.876556396484375
GPC,Genuine Parts Company,ok,Consumer Discretionary,Distributors,2026-10-01,125.44000244140625,501.1204,753.0,False,False,-0.2385839251312083,-2.099432091543685,-2.955277911007237,-6.247062678185166,-4.6417352975292925,-6.210878112324214,119.64841561090378,119.11125104075884,123.19781433348636,123.19781433348636,-4.947115155034332,30.767284989283823,25.678898917292685,-13.597489326906706,38.200267462610284,927953.25,-36.45531173041314,145.18096923828125,90.76683044433594
GILD,Gilead Sciences,ok,Health Care,Biotechnology,2026-10-01,147.63999938964844,14.929554,753.0,False,False,-0.9459937156926834,-3.0024355315939943,-1.3694989767671695,-0.9661489628233211,13.103933508589227,36.29613696362035,131.6160196274046,115.49602459911331,99.94908073192256,99.94908073192256,118.99612559079196,26.150252284330026,61.04733343180046,-3.5327078540245194,36.83856220820156,5774385.3,-64.08784845029305,153.04669189453125,107.89356231689453
GPN,Global Payments,ok,Financials,Transaction & Payment Processing Services,2026-10-01,80.44999694824219,38.15166,753.0,False,False,-1.4938181070842993,-5.0177097439531915,-5.696871116440427,-10.417748950664162,2.604315967140125,-1.8996397130766396,76.75232048640176,84.55599045468517,93.69768519103923,93.69768519103923,-28.28419008221914,36.81005587695807,27.049181426276093,-14.923789375032372,29.641698216248873,2376620.2,-47.694461235329065,94.56227111816406,62.05564880371094
GL,Globe Life,ok,Financials,Life & Health Insurance,2026-10-01,164.65499877929688,10.942155,753.0,False,True,-0.6006611251729188,-1.2208312630055285,-1.592761432144718,-4.437030839845324,-8.606241434082218,16.101064497088657,152.0665138486832,136.31174277499377,124.98327470553981,124.98327470553981,55.706103166477995,41.96424124766926,25.086038584030717,-11.485326847896978,27.075475142109855,414899.3,-22.466487651340938,186.02000427246094,129.57260131835938
GDDY,GoDaddy,ok,Information Technology,Internet Services & Infrastructure,2026-10-01,97.19000244140625,14.42942,753.0,False,False,1.7589783976546425,3.713588081242669,-3.590908843226037,-3.3416215896303947,9.806801599457572,-28.970254227280012,101.11384915548658,138.67946208330739,132.97958835029348,132.97958835029348,31.178306445268333,37.08490578545774,49.00272302965106,-29.15664355140162,29.603954140612625,2676979.95,-72.36815314959682,137.19000244140625,74.98999786376953
GS,Goldman Sachs,ok,Financials,Investment Banking & Brokerage,2026-10-01,895.6099853515625,13.823448,753.0,False,False,-0.5275667596606137,-2.2558653778773308,-2.9979739122611315,-10.667691955341619,-11.851486699695357,14.676351357265482,917.358168586852,760.480006183761,637.6441692945017,637.6441692945017,200.63622833085103,29.84126492406778,19.594814641091844,-21.88006294879767,22.646409583248705,2102386.65,-18.043952571711774,1146.455078125,730.2374267578125
HAL,Halliburton,ok,Energy,Oil & Gas Equipment & Services,2026-10-01,31.905000686645508,16.6911,753.0,False,False,0.33019324561049945,-1.6188702238355668,-2.609883024095594,-12.899263564539254,-2.7516024925491434,32.32120541219812,33.15835895235576,28.474431018905335,30.173934774411467,30.173934774411467,-14.100208461222996,35.10253672236252,18.794603759943243,-25.106018486679794,49.17973663067159,10480549.95,-37.565308774660245,42.6002197265625,21.386953353881836
HIG,Hartford (The),ok,Financials,Property & Casualty Insurance,2026-10-01,125.26000213623047,8.639503,753.0,False,False,2.3700568089352947,-0.6188501853626849,-0.34211178043077606,-8.65602152988021,-8.734522243254405,-4.411706313280073,133.52595429193406,125.6492722043953,113.87474773351256,113.87474773351256,86.65795418500399,20.359360790826038,25.848554780110305,-13.639846755387122,4.204972186964832,1754458.9,-21.92589977456867,145.0437469482422,120.20539855957031
HAS,Hasbro,ok,Consumer Discretionary,Leisure Products,2026-10-01,90.0199966430664,16.10644,753.0,False,False,2.6687914344732278,0.6372271819685249,3.6977297255492036,-3.412017606547524,13.157151487060602,22.510368489427577,86.36583104209295,74.92116413648385,67.10017619949888,67.10017619949888,58.56943612712755,33.064847418742964,43.85111570630536,-13.093562791665125,30.971271482728845,1694284.75,38.67179055940861,103.58265686035156,68.73262786865234
HCA,HCA Healthcare,ok,Health Care,Health Care Facilities,2026-10-01,425.5,14.275729,753.0,False,False,-0.2905727756365106,-1.6412404076149523,0.4769974877839145,3.0718519444495884,3.845199362336049,0.5186418360699552,447.6462563408746,399.6521766936162,368.2254037641751,368.2254037641751,76.10235237890267,27.79422757421713,49.48880785098054,-21.528035968778223,18.21622075803182,1484037.6,-59.000230182847126,542.2318725585938,359.9336853027344
DOC,Healthpeak Properties,ok,Real Estate,Health Care REITs,2026-10-01,19.434999465942383,55.47143,753.0,False,False,-2.679017855821053,-3.308462203515239,-4.119393058530852,-6.1808541502679,-9.918662315337023,8.445499881971031,18.129807252732533,17.838865392236595,17.339368585887975,17.339368585887975,32.51780244287317,27.122394001688072,35.906882950524434,-13.98136476496345,29.30654785321073,5087907.0,-35.85299416832895,22.59394073486328,15.030174255371094
HSIC,Henry Schein,ok,Health Care,Health Care Distributors,2026-10-01,84.95500183105469,24.760933,753.0,False,False,1.1730386995739472,-1.2036237451180654,-0.6722751741478628,-4.027332746505429,-1.7065815907821635,28.002106848533703,77.88962296077183,74.40785860920333,73.3179349607997,73.3179349607997,15.900406949597489,26.273468546300805,38.12348383484538,-6.499008077955182,36.957929232475266,1107289.15,-57.42006502998787,90.86000061035156,62.029998779296875
HSY,Hershey Company (The),ok,Consumer Staples,Packaged Foods & Meats,2026-10-01,159.63999938964844,21.824896,753.0,False,False,1.2879885612814057,-2.901285910962026,-4.338449952855761,-9.295454892245203,-11.663991805197139,-12.080177362931465,186.41276520017593,175.6891143616452,176.61464106545822,176.61464106545822,-12.291862068873016,26.01394779752727,20.567937467786777,-31.381344550006666,1.3209378089963266,1485867.55,-21.584464241109515,232.64810180664062,157.55874633789062
HPE,Hewlett Packard Enterprise,ok,Information Technology,"Technology Hardware, Storage & Peripherals",2026-10-01,64.87999725341797,33.494846,753.0,False,False,1.5495349400957092,3.592521390596315,2.1410528744542523,27.863378455903987,57.75915044056037,168.932822461333,33.70502447703528,26.5541971404239,23.206726615014144,23.206726615014144,300.1864473001083,47.003652466426075,56.597086522930944,0.0,229.91957969927643,25560103.45,-52.643505439333424,64.87999725341797,19.66539764404297
HLT,Hilton Worldwide,ok,Consumer Discretionary,"Hotels, Resorts & Cruise Lines",2026-10-01,316.69000244140625,46.49486,753.0,False,False,-0.44951361050237226,-1.1208930784230686,1.460928935782957,1.5064625001271592,-6.295341882603179,22.306225864601934,305.7775363013858,277.9530599221765,250.09870375675035,250.09870375675035,113.79814466365721,22.7989008507663,62.335527023403024,-9.532807952305971,23.58763763720847,1675248.15,-50.403586477621246,350.06060791015625,256.247314453125
HD,Home Depot (The),ok,Consumer Discretionary,Home Improvement Retail,2026-10-01,282.0,19.733892,753.0,False,False,-0.875247045537042,-2.7217269480654838,-3.4841511845328577,-11.161727396755738,-20.626393944274433,-28.432116672542506,340.1721678234282,356.45497708871545,345.4808755699857,345.4808755699857,1.5809919952791907,22.996630579145318,22.946209574433922,-26.95937059975424,0.0,4972559.1,21.389849343369292,386.08648681640625,282.0
HONA,Honeywell Aerospace,ok,Industrials,Aerospace & Defense,2026-10-01,154.74000549316406,47.041035,76.0,False,False,-0.14841306428816647,1.5887592256966343,-2.3475962786120297,0.32417011293619513,-37.390245067950545,,189.96131575734992,189.96131575734992,189.96131575734992,189.96131575734992,-22.629997253417965,92.42543741789757,46.49123714288148,,,4067065.85,-63.2826943286399,,
HON,Honeywell Technologies,ok,Industrials,Industrial Conglomerates,2026-10-01,214.39999389648438,8.244905,753.0,False,False,1.6402727861156707,1.361568440738914,1.2323531295576284,2.104961548185047,-6.445964588948428,5.059279470529843,223.1877672710116,216.27627639466547,206.7311507955807,206.7311507955807,26.378417379683693,23.16172033791865,76.40349051445536,-16.880084550797857,10.12770059762908,2951139.15,-53.34740484873443,257.9405822753906,194.68307495117188
HRL,Hormel Foods,ok,Consumer Staples,Packaged Foods & Meats,2026-10-01,19.954999923706055,32.14516,753.0,False,False,0.07522261407575392,-0.07510961524374027,0.5796359386779804,-9.254205859905895,-19.222954521133808,-15.108849943696212,22.711215821523513,25.24116511933832,26.59082712373569,26.59082712373569,-39.836844404875585,27.652474855082083,36.42383102135476,-23.823990647581855,2.301222520185884,4548882.55,-37.1350882646992,26.195911407470703,19.506120681762695
HST,Host Hotels & Resorts,ok,Real Estate,Hotel & Resort REITs,2026-10-01,22.4950008392334,15.091141,753.0,False,False,0.4689658438914668,0.16458476297891433,2.194035294190022,4.885840793591734,-2.795315096865869,42.67508210508386,19.576247249330795,17.153876583889662,16.631688751230836,16.631688751230836,70.29954320796105,25.911146743060588,58.94098992554976,-11.130405519655984,53.497468087951695,8400869.15,-13.47701207797053,25.31237030029297,14.6549654006958
HWM,Howmet Aerospace,ok,Industrials,Aerospace & Defense,2026-10-01,228.5500030517578,49.181034,753.0,False,False,1.0478426265464913,0.10073393489886673,-0.36184576396653956,-10.333868100342713,-15.439332613185353,16.712953399528786,237.7004686385866,190.47562030017139,149.94460072207102,149.94460072207102,407.35429434215354,33.93597679386492,48.6486518031593,-21.903294782708898,24.409705520772242,3456763.5,-55.754277086066196,292.6499938964844,183.70753479003906
HPQ,HP Inc.,ok,Information Technology,"Technology Hardware, Storage & Peripherals",2026-10-01,32.17499923706055,12.299619,753.0,False,False,2.861248499898994,2.7298836225008616,3.3236989971045627,3.7282347975632124,48.142645434806,24.181926262921838,23.473063794393386,25.621807869687025,26.400628248217256,26.400628248217256,41.82492703597664,37.875775766013305,34.57768812533999,-9.315108082911392,83.60857259693401,15713315.45,-55.13799094512546,35.47999954223633,17.523691177368164
HUBB,Hubbell Incorporated,ok,Industrials,Industrial Machinery & Supplies & Components,2026-10-01,464.7250061035156,27.552755,753.0,False,False,2.4526013779332168,-0.21364663630067948,-0.24791765415804745,4.830707329602091,-4.297867299397273,9.31537964784448,474.0407547723679,437.9676680241923,408.23432839280895,408.23432839280895,56.17963031393338,31.01348418076146,52.918165675015,-16.184263625573767,15.474039986732866,476587.4,-56.76973415579178,554.4603271484375,402.44976806640625
HUM,Humana,ok,Health Care,Managed Health Care,2026-10-01,378.7850036621094,36.005703,753.0,False,False,-0.7298801291116597,-2.783410180118173,-0.40360844356021053,-4.075922057760206,-4.5280394046353205,47.178418463902716,285.2694295852903,271.5076806421774,307.41741234119513,307.41741234119513,-20.26596241510611,42.88679979551568,32.025507780347,-7.568322365721534,133.15632814145863,1032352.25,-49.663983393265234,409.79998779296875,162.4596710205078
HBAN,Huntington Bancshares,ok,Financials,Regional Banks,2026-10-01,15.135000228881836,11.642308,753.0,False,False,-0.8191349811608739,-1.0784311097783217,-1.1430449767371398,-6.913785292256569,-14.41905988326193,-8.992861161080622,16.39811446931627,15.82694714762775,14.430766128448852,14.430766128448852,70.69093581132897,28.739370215053565,23.738919666700497,-19.15055446133086,3.673707441151207,30625139.05,-46.63377373302081,18.719980239868164,14.598687171936035
HII,Huntington Ingalls Industries,ok,Industrials,Aerospace & Defense,2026-10-01,271.6700134277344,16.15149,753.0,False,False,1.7223971158735418,5.687619657286569,2.131583995388864,-7.095957542977116,-6.3681083200026745,-4.072464161668821,332.8550059000651,275.72383670882874,265.5110142316476,265.5110142316476,43.05497626043926,36.71969595592572,40.96443038906045,-39.58614520038048,5.6876196572865725,486505.2,-3.720659100868806,449.681640625,257.04998779296875
IBM,IBM,ok,Information Technology,IT Consulting & Other Services,2026-10-01,227.90499877929688,20.247335,753.0,False,False,3.6261566721699,3.2786516836839974,0.37214887245167194,-1.5103695805415485,-20.717090785091784,-17.128646169187157,261.1437636481391,249.31302986296998,220.84969843526287,220.84969843526287,77.54485223914094,35.23982670494005,34.909262892901026,-30.279783979100337,11.551668702497032,5624369.1,8.017128534469764,326.8851013183594,204.30442810058594
IEX,IDEX Corporation,ok,Industrials,Industrial Machinery & Supplies & Components,2026-10-01,231.18499755859375,33.267628,753.0,False,False,1.4058259018852715,0.0151432675897345,1.1750536361460506,3.7355276520875558,3.628581000307385,44.15191508447158,200.9513584318615,193.97445259246217,197.51132329811614,197.51132329811614,16.530417859074475,24.217899301047886,64.0313660102511,-3.881176845187686,45.24820035223619,580179.5,-50.965175432775546,240.52000427246094,159.1654815673828
IDXX,Idexx Laboratories,ok,Health Care,Health Care Equipment,2026-10-01,521.0900268554688,37.39957,753.0,False,False,-0.21064661919890648,-1.506439863135245,1.4998367687973246,-4.415207915985631,-6.581205044974858,-18.438226469667185,607.405991569398,549.174560850835,532.957887849643,532.957887849643,20.916582456234778,34.80177411396296,61.28323510948605,-32.032917014461496,3.2474765706393938,485408.0,-70.56908827213395,766.6799926757812,504.70001220703125
ITW,Illinois Tool Works,ok,Industrials,Industrial Machinery & Supplies & Components,2026-10-01,261.0799865722656,23.649456,753.0,False,False,1.4769853121106902,-4.038149771740507,-3.3925267184416796,-2.633650312969682,-3.6617149225054546,2.682216705739804,260.49579450819226,253.30904382348535,246.46204300230718,246.46204300230718,21.910747090250492,19.94763091371439,42.39393342832587,-11.619699794531664,11.069026538791826,1351256.85,-40.79312160378687,295.4051818847656,235.06101989746094
ILMN,"Illumina, Inc.",ok,Health Care,Life Sciences Tools & Services,2026-10-01,270.8699951171875,50.520523,753.0,False,False,-1.0267457007435143,-0.37881530063181845,-1.1062427334123992,30.77293908742822,43.5605287427786,185.21637531382785,152.05246008010138,130.08930273170014,127.10708863358415,127.10708863358415,104.08556591646784,45.00834394636403,85.56759743195252,-1.1062427334124036,197.65933529361263,4078883.85,-69.320602252501,273.8999938964844,91.0
INCY,Incyte,ok,Health Care,Biotechnology,2026-10-01,118.12999725341797,15.030573,753.0,False,False,-2.65348270390775,-5.359719962956911,-5.070720880899538,-5.503563527112787,1.0867676163214934,39.28782060370184,104.58472224644252,87.82161352453954,78.30081010593044,78.30081010593044,103.46192638528007,32.29806050160799,42.72647674049608,-9.081810272866106,40.966578701025526,1497971.4,-21.391823635618135,129.92999267578125,83.80000305175781
IR,Ingersoll Rand,ok,Industrials,Industrial Machinery & Supplies & Components,2026-10-01,75.57499694824219,31.210743,753.0,False,False,0.6190871177100377,-1.053941259653235,1.0631160496426872,1.2526762677377734,-6.200718349404233,-8.436196379696504,80.94187703208318,83.85521618968463,84.07703659543954,84.07703659543954,19.169296038213023,30.46890988879523,60.263857992033685,-23.41986541492632,10.290100099593,4848159.65,-39.17706484768917,98.68746948242188,68.5238265991211
PODD,Insulet Corporation,ok,Health Care,Health Care Equipment,2026-10-01,130.9949951171875,24.631577,753.0,False,False,0.40238667247063375,-1.5889155461393467,-3.52408580433643,-11.71654481299912,-20.358099148919862,-57.56972420702291,219.76148889935206,250.3625997718112,228.896234996132,228.896234996132,-20.62833225515278,42.03464319641059,47.796274472772176,-62.179524004707154,0.4023866724706279,1498592.2,-52.71935887561673,346.3599853515625,130.47000122070312
INTC,Intel,ok,Information Technology,Semiconductors,2026-10-01,120.34980010986328,58.397785,753.0,False,False,0.09963964866077646,3.7230038576344215,-5.526492906441782,35.270089309449325,-0.00016482281706142743,258.71774320912806,71.94829283820258,47.25462108399289,43.25626028043182,43.25626028043182,245.07238715685378,64.41088921509139,65.87042504285898,-14.60919680351435,257.97086238371384,110355356.6,-23.895826548396105,140.94000244140625,33.619998931884766
IBKR,Interactive Brokers,ok,Financials,Investment Banking & Brokerage,2026-10-01,86.2300033569336,34.17857,753.0,False,False,0.9482617716594088,-0.9761121454386124,-3.996878590612485,-4.602274655166394,-5.4986639607531025,25.84631110007556,78.18440626537989,64.24511283327384,51.572719399197645,51.572719399197645,308.99383098968957,37.17770808242675,36.9543243536319,-12.100959697764537,41.84248514334892,3699995.9,-1.912918335936531,98.10118865966797,60.792789459228516
ICE,Intercontinental Exchange,ok,Financials,Financial Exchanges & Data,2026-10-01,151.4149932861328,21.3637,753.0,False,False,-0.40452903907265414,-0.9777060625020595,-3.51430551650026,-4.812985395228974,14.23300180919258,-8.931862986093641,153.90387244451614,159.41709728164977,149.50063031159866,149.50063031159866,43.91092231988898,20.228952988548148,35.23502165801774,-12.635472410549845,23.60139725128526,2989394.25,-45.0596053029807,173.3140411376953,122.50265502929688
IFF,International Flavors & Fragrances,ok,Materials,Specialty Chemicals,2026-10-01,83.11000061035156,20.989595,753.0,False,False,-0.4432232052028251,-3.044797682202083,-3.1916108473729166,-2.6540272501673345,-0.389630435394861,38.056888837744474,72.94243957882836,75.11155573020419,77.25827970162806,77.25827970162806,34.633694778297475,30.05723259749269,49.413816237500924,-5.1852224506796905,42.67039511053642,1696173.5,-39.97253229106575,87.65511322021484,58.253150939941406
IP,International Paper,ok,Materials,Paper & Plastic Packaging Products & Materials,2026-10-01,32.70000076293945,10.832166,753.0,False,False,-1.416935278717879,-3.823527167825136,-6.250000683539481,-10.312667076106663,-14.73991977975887,-26.034460324187915,37.8040717367142,42.74983321338061,40.40169614054767,40.40169614054767,5.279758178958449,37.40257681221478,38.814008689496255,-31.082266403048166,14.246932434900769,5262460.7,-28.844808285219127,47.4478759765625,28.62221336364746
INTU,Intuit,ok,Information Technology,Application Software,2026-10-01,282.7250061035156,17.15219,753.0,False,False,2.5443454593049974,4.946181332190869,2.018908498583194,-18.034090364167177,3.1332385901266857,-58.134869742847805,447.0016199142214,548.6982089038864,565.817543728893,565.817543728893,-44.09309299940215,37.4170933560085,31.54718983356021,-58.24059583984186,11.33311505744884,3656333.3,-23.15344993302443,677.0331420898438,253.9451141357422
ISRG,Intuitive Surgical,ok,Health Care,Health Care Equipment,2026-10-01,401.82501220703125,46.206898,753.0,False,False,-1.1816621051282228,-3.125677106681446,0.5769481519685593,8.821939663380164,-5.677096078540367,-10.152493719989852,463.6960917881557,491.03008935935947,455.79555759708563,455.79555759708563,36.22109880037099,32.83341375979612,74.1161753238592,-32.22146769764283,21.02434356459332,2385779.9,-58.59224063376508,592.8499755859375,332.0199890136719
IVZ,Invesco,ok,Financials,Asset Management & Custody Banks,2026-10-01,30.264999389648438,9.277145,753.0,False,False,0.3481417200515535,-0.542231067606258,-1.352675721640495,-5.392311327951694,12.800537259969879,36.12367442512847,26.623630114964076,21.64409947870262,19.121558231186583,19.121558231186583,142.83041190910848,35.38606813595044,31.00847575238751,-9.141404557503725,38.97094467997599,4312789.1,-33.31271403927448,33.310001373291016,21.77793312072754
INVH,Invitation Homes,ok,Real Estate,Single-Family Residential REITs,2026-10-01,26.405000686645508,24.229357,753.0,False,False,0.2848490814917337,-0.5086670091365875,-0.35848797492261664,-8.33344534663526,-12.53696487680438,-5.87270243948077,27.1707792887612,28.78024621788724,29.505940246075433,29.505940246075433,-4.734265867563958,21.150466793121222,28.553365431157275,-12.70851242112912,11.949987384846288,5442064.1,-48.78998209521272,30.24922752380371,23.58642578125
IQV,IQVIA,ok,Health Care,Life Sciences Tools & Services,2026-10-01,261.69000244140625,32.56281,753.0,False,False,-2.6631963918767987,-3.4247328993951553,-4.8469155351478665,1.2928183700341656,26.395870811175204,37.775086383993205,207.79853160797603,196.16248987205475,205.93472754084573,205.93472754084573,34.97524027791332,36.793155520557505,49.899966795540685,-4.846915535147869,67.04327609096053,1612965.35,-48.138563546947864,275.0199890136719,156.66000366210938
IRM,Iron Mountain,ok,Real Estate,Other Specialized REITs,2026-10-01,110.98999786376953,78.70213,753.0,False,False,0.0360531019626853,-0.05403438661799598,-2.717151874507995,-2.072845856600347,-4.530221690568759,12.541174007803013,107.05085042923216,101.58578415220953,92.64009145404872,92.64009145404872,108.20277975697361,30.448859081377673,40.903693185520154,-15.93837664824605,43.970646682664636,1549034.0,-46.46469993557275,132.03408813476562,77.09210205078125
JBHT,J.B. Hunt,ok,Industrials,Cargo Ground Transportation,2026-10-01,227.125,32.27628,753.0,False,False,1.3724601233465972,0.46666636068544154,-0.883697992765009,-11.445340661613168,-20.404401738296052,70.66701889634244,226.56241244361513,190.5102809890808,185.71130555496114,185.71130555496114,24.74057745400522,34.553740082645554,20.18441185538387,-23.759900035177818,72.5836159896558,1230938.25,-67.75914632598345,297.90753173828125,131.60287475585938
JBL,Jabil,ok,Information Technology,Electronic Manufacturing Services,2026-10-01,298.9200134277344,30.687181,753.0,False,False,4.2041513951106335,-6.274097672710477,-3.7883385114368506,-0.07354456439460089,-12.39829672787659,37.80204923164365,282.32313053191655,224.4487180519864,190.35191095967693,190.35191095967693,133.2902002982872,42.046345009977486,39.598281473352294,-22.46853112423907,55.40865130986579,1436604.5,19.600766947340055,385.54669189453125,192.34451293945312
JKHY,Jack Henry & Associates,ok,Financials,Transaction & Payment Processing Services,2026-10-01,144.19500732421875,20.656158,753.0,False,False,0.6667144613452747,-2.4523067381867714,-2.4060864133883197,-13.908793443997547,-1.4643393393393378,-1.7084488826860422,157.41762085566444,163.83344276397827,162.20170987396443,162.20170987396443,0.2608489548111548,23.533438354943176,26.26561720316721,-24.248075112207466,17.257591341219776,1033533.25,-42.162963794343334,190.3516082763672,122.97285461425781
J,Jacobs Solutions,ok,Industrials,Construction & Engineering,2026-10-01,140.00999450683594,46.3245,753.0,False,False,3.504095575267163,1.1852276125756234,3.458207797575974,-4.319009939954432,9.74394401341896,-5.577454324302211,135.70712852478027,133.60238349580194,126.82646023166448,126.82646023166448,29.541963722950282,26.695231997250158,46.40341348680423,-13.949376618660777,31.253843443691213,779550.95,-43.18280286875412,162.70654296875,106.67115783691406
JNJ,Johnson & Johnson,ok,Health Care,Pharmaceuticals,2026-10-01,259.57000732421875,30.075317,753.0,False,False,-1.9528530259365962,-4.552309000592281,-4.104472311283813,-4.284816922665923,-0.8325061204426665,43.14508409842481,229.56779310438367,191.54688968126518,175.9151512237184,175.9151512237184,82.19120438453793,17.97441085725164,35.58758395990708,-6.773690280387312,42.71406715770547,6131276.75,-30.451108735223865,278.42999267578125,181.88116455078125
JCI,Johnson Controls,ok,Industrials,Building Products,2026-10-01,151.02999877929688,42.54648,753.0,False,False,1.6010797043623626,1.4373023026536647,3.900659153231678,8.763241572276236,7.596498915708327,38.55394887563435,131.7655503712003,110.57036693922552,93.73677163295062,93.73677163295062,201.3913223530558,28.843186426226826,59.62291265266724,-2.136970839336542,44.32975169000031,3275990.05,-50.222651012020016,154.32794189453125,104.64231872558594
JPM,JPMorgan Chase,ok,Financials,Diversified Banks,2026-10-01,332.79998779296875,14.26458,753.0,False,False,0.5954723878310864,-1.1260015407936308,-1.7013261481454656,-6.240322200959126,-0.05105968318800391,7.525192797544777,316.44901590498665,285.05683528094653,248.6404603550317,248.6404603550317,147.27365982789104,23.11392314069148,26.280592507094923,-8.866861693477421,18.798639324464204,8202118.95,-35.154817524317906,365.17999267578125,280.13787841796875
KVUE,Kenvue,ok,Consumer Staples,Personal Care Products,2026-10-01,17.295000076293945,20.323528,753.0,False,False,-2.0668163888554636,-3.2718071137066818,-1.7887593591135564,-6.659413583153984,-10.759256222894564,13.022483189771549,17.0734736389584,18.70391461763724,18.442698547089716,18.442698547089716,-2.438047904721219,28.350630715780145,42.137727688116705,-10.759256222894567,30.00390331674394,26338164.55,-44.476423282122745,19.38016128540039,13.303446769714355
KDP,Keurig Dr Pepper,ok,Consumer Staples,Soft Drinks & Non-alcoholic Beverages,2026-10-01,30.625,30.924242,753.0,False,False,0.9393534804837511,-2.6541611849085434,-0.10666648417126945,-3.2704258233416827,-7.366180375729503,23.875596384379794,28.459857637920077,29.845741895090537,29.958649246499515,29.958649246499515,7.091138238191119,23.643792482038243,45.84723798204864,-7.919224701747045,24.903821073708045,10471970.15,-3.2598178290261903,33.25884246826172,24.51886558532715
KEY,KeyCorp,ok,Financials,Regional Banks,2026-10-01,19.915000915527344,11.652046,753.0,False,False,-0.7722908901530601,-2.377444667020401,-1.6543164665316357,-6.105602191625503,-12.659726977474318,10.937444716927835,20.46214829550849,18.317965710780534,16.429389005004964,16.429389005004964,120.34975461462732,31.616650328731744,21.897877696038847,-16.19119446938086,23.565020004234338,15349813.2,-28.86256101149165,23.762420654296875,16.117021560668945
KEYS,Keysight Technologies,ok,Information Technology,Electronic Equipment & Instruments,2026-10-01,373.7200012207031,50.538567,753.0,False,False,2.6590463818722654,3.8861431494507936,4.525365634360434,17.05453505832004,19.072203741451755,113.65195811387339,276.80722166999936,219.30872481752678,194.35034511003838,194.35034511003838,183.76614265797917,36.26464671915415,69.38976686756439,0.0,134.32189375447808,997477.25,-38.54045292762316,373.7200012207031,159.49000549316406
KMB,Kimberly-Clark,ok,Consumer Staples,Household Products,2026-10-01,94.80000305175781,18.711462,753.0,False,False,-2.699371081987212,-4.019432749051621,-2.489197838469037,-10.40571009541582,-16.372413345657765,-19.854350602684267,101.56172903757246,113.12203148161747,114.34691940044185,114.34691940044185,-9.865812370604111,22.071793617104028,35.16386978537008,-19.132443190718785,4.519401524720347,4726397.2,-11.703485267806101,117.22872161865234,90.70086669921875
KIM,Kimco Realty,ok,Real Estate,Retail REITs,2026-10-01,22.170000076293945,25.790697,753.0,False,False,-0.1800945962518119,-1.42285325958591,-0.3595502189036148,-6.99590383874793,-11.403673852644204,6.308468804976175,22.22111846530248,21.41350039067971,20.178929440370435,20.178929440370435,49.536302270723986,22.33675704755454,19.642780102679154,-14.963648285927261,16.901867408232487,5498254.2,-49.04047906697366,26.071203231811523,18.964624404907227
KMI,Kinder Morgan,ok,Energy,Oil & Gas Storage & Transportation,2026-10-01,30.575000762939453,19.709743,753.0,False,False,1.4096223873514502,-0.17955729459371295,-2.1599975585937514,-4.75077191175286,-3.7405409793863753,12.34236343642574,30.025851643274702,27.815816396736054,24.133225285199533,24.133225285199533,118.8788520392158,21.405464208737783,46.20506303137804,-10.053091330802568,22.985783535864694,12726826.0,-45.12755969163089,33.99227523803711,24.860597610473633
KKR,KKR & Co.,ok,Financials,Asset Management & Custody Banks,2026-10-01,91.01000213623047,29.087252,753.0,False,False,-0.3176351652068865,-2.3916728642543017,-4.841067840825497,-14.472324965592087,-2.831466088737089,-29.457679502965718,106.83436015295604,120.6651424088801,111.6452309657853,111.6452309657853,52.24760193552842,39.00518237240418,27.612270672896386,-35.891068489805384,8.919742786118485,3924733.9,13.003279024853121,141.9615020751953,83.55693817138672
KLAC,KLA Corporation,ok,Information Technology,Semiconductor Materials & Equipment,2026-10-01,200.19000244140625,54.654373,753.0,False,False,2.6984096666816004,5.8254503246435,6.990541279668538,17.14553406074424,-14.915616686501842,86.60296016753179,164.3036475408645,120.51868421243006,102.33977438634135,102.33977438634135,345.0745235485695,48.94566459401113,68.89618512768794,-33.573205231532384,104.80279987839512,9364894.0,-42.59006028258302,301.3693542480469,97.74768829345703
KHC,Kraft Heinz,ok,Consumer Staples,Packaged Foods & Meats,2026-10-01,22.309999465942383,10.67629,753.0,False,False,-1.804576847725159,-5.30560283673589,-6.496232626820298,-12.38239708558182,-10.655601592559172,-8.458853317491165,23.309856513189892,24.979216480635078,26.75530059277457,26.75530059277457,-20.319769576582935,24.16804705897097,15.82086628967572,-17.933841157316685,8.804767186551771,21973846.8,-49.30184004013353,27.185382843017578,20.504615783691406
KR,Kroger,ok,Consumer Staples,Food Retail,2026-10-01,59.72999954223633,32.24054,753.0,False,False,1.893552764546036,0.06701443532861617,1.3747477910105221,3.0894044838692736,3.2975417170278076,-9.384504786378645,63.28302636222234,63.206088791805435,58.02792848280543,58.02792848280543,45.052814867591586,25.50312836872478,54.08970378717004,-20.030895988781957,8.301511095470033,8254490.9,-36.84870377651032,74.69134521484375,55.15158462524414
LHX,L3Harris,ok,Industrials,Aerospace & Defense,2026-10-01,238.05999755859375,24.040405,753.0,False,False,0.540585685402406,0.15145166805785593,0.008403744339258168,-9.24244271654533,-20.812857050190992,-20.759027091610726,303.4120988997202,268.03721886137095,245.8905881803191,245.8905881803191,46.99084956876467,23.94732565338731,32.25807619115179,-36.32257579476682,0.6723881801847006,1615403.2,-59.646978537618345,373.8530578613281,236.47000122070312
LH,Labcorp,ok,Health Care,Health Care Services,2026-10-01,305.2349853515625,25.264902,753.0,False,False,-0.9331083498379744,-1.4003365539595358,-1.2024685899605259,-6.829767406505971,6.5890933830283105,7.406946442571893,276.2604827275352,259.24890015134775,241.96960112836416,241.96960112836416,58.39129726291166,22.82701538307646,42.85550273914525,-9.857544866013008,25.009077023276298,815698.7,-61.47180325284324,338.614013671875,244.17025756835938
LRCX,Lam Research,ok,Information Technology,Semiconductor Materials & Equipment,2026-10-01,338.30499267578125,57.849575,753.0,False,False,2.981639103522138,7.579416593810517,10.139662925623893,16.70033096530512,-3.62699183319376,153.82196799880572,248.45590997120692,166.68561715813746,138.7888516480546,138.7888516480546,449.77595999962307,51.85543652978358,68.92519069215842,-21.846079137276462,158.7102269810079,9409974.55,-37.41650448990853,432.8701477050781,130.7659912109375
LVS,Las Vegas Sands,ok,Consumer Discretionary,Casinos & Gaming,2026-10-01,36.77000045776367,14.238373,753.0,False,False,-2.750597402151911,-5.1830798989252695,-4.864168160139504,-16.12682406527518,-21.24962397832808,-30.160918397615145,52.950362795875186,49.24792287834137,47.56214926315652,47.56214926315652,-14.553266080730609,33.937137260522,8.493136940852864,-46.15871564286115,0.0,5689929.05,-34.06805309813134,68.29331970214844,36.77000045776367
LDOS,Leidos,ok,Industrials,Diversified Support Services,2026-10-01,122.7750015258789,11.460318,753.0,False,False,0.7756707548397523,0.3473666179470314,-0.4661507542400356,-11.500392882707578,13.169559063647917,-34.27350342871165,155.27600936284142,154.94727254008868,144.86344418266063,144.86344418266063,36.22643719991099,29.087823534119018,38.560019563076914,-37.76156894219576,23.17374306426696,1268490.3,-50.30265505380688,197.2655792236328,99.67627716064453
LEN,Lennar,ok,Consumer Discretionary,Homebuilding,2026-10-01,82.15499877929688,15.822737,753.0,False,False,0.6924898477337793,0.1523832766794353,0.840797285295336,-0.7190347077983383,-6.308930939573109,-33.505830965000385,99.49492835998535,113.03392487788105,122.62375051186854,122.62375051186854,-19.835368079762773,34.44510028904798,56.804261245076454,-37.31401393197848,7.490512169647867,5263844.25,23.354428657344872,131.05799865722656,76.43000030517578
LII,Lennox International,ok,Industrials,Building Products,2026-10-01,360.739990234375,16.011993,753.0,False,False,1.611177228807481,-1.7107757435803728,-1.5424072881451312,-4.0139588563553374,-36.47574522474271,-31.048507945440917,486.59354243202813,534.6804898326616,512.338674882177,512.338674882177,0.7136940547306958,34.67207552979559,46.35297499901992,-36.79948792559608,1.6111772288074877,493846.15,-41.79908054360655,570.7864990234375,355.0199890136719
LLY,Lilly (Eli),ok,Health Care,Pharmaceuticals,2026-10-01,1155.4300537109375,38.838093,753.0,False,False,-0.14259190431192836,-2.4772510390266844,-2.2387836947222794,-0.3939608869881428,-4.681090995769333,52.387575463001276,1040.8243427579366,914.2360036173665,855.1727307080273,855.1727307080273,119.11632668769796,35.545780678129844,64.08167892098538,-9.755995707698256,45.41780905468806,2242207.2,-37.31426783394506,1280.3399658203125,794.558837890625
LIN,Linde plc,ok,Materials,Industrial Gases,2026-10-01,469.7099914550781,30.235825,753.0,False,False,-1.0407674086020502,-0.49360584858603174,0.33536479632481075,-3.1849756802797446,-13.790282984193691,0.22776051362287664,470.9390798901755,460.4053938664288,445.9758030054262,445.9758030054262,31.841167931930837,17.772781022863533,54.6151760030219,-13.790282984193695,21.81800956659688,2044935.2,-38.41350082877931,544.8457641601562,385.5833740234375
LYV,Live Nation Entertainment,ok,Communication Services,Movies & Entertainment,2026-10-01,166.89999389648438,85.567116,753.0,False,False,-1.4176072723044886,-2.903022578906689,-2.431897416977591,-5.812642905838372,-10.552549883623008,2.1419829441470473,159.62607211158388,149.650697229393,130.75410344907803,130.75410344907803,97.72537217813647,29.368688826909583,41.55845494106549,-11.440099782080923,32.87158115237688,1988972.85,-21.09711301489108,188.4600067138672,125.61000061035156
LMT,Lockheed Martin,ok,Industrials,Aerospace & Defense,2026-10-01,505.0,18.610723,753.0,False,True,-0.8345606283750584,-2.5284648143675925,-3.5707488583442415,-7.254361799816344,-6.92173103855046,3.773749966684581,538.163554600307,500.6052689267345,480.52560501807875,480.52560501807875,34.13523439523944,24.49992372812792,32.776884874659416,-24.419981233612294,17.066738165696172,1189858.35,-55.66136086703094,668.166015625,431.37786865234375
L,Loews Corporation,ok,Financials,Multi-line Insurance,2026-10-01,105.33999633789062,12.914111,753.0,False,False,0.8713933065743307,0.3716049556826251,0.256968348577713,-3.0999933538435442,-9.544244534820045,5.172190397812693,107.53780031961108,97.4442087150665,89.35408260147885,89.35408260147885,70.53927450746681,17.455974828064992,29.43976182443646,-11.726092623540005,7.957423544593436,1067307.2,33.26472453291798,119.3331069946289,97.57550048828125
LOW,Lowe's,ok,Consumer Discretionary,Home Improvement Retail,2026-10-01,182.4600067138672,15.419273,753.0,False,False,-0.9929929127645787,-2.7709670930226693,-3.199107965178327,-8.792799834819132,-19.302135537357845,-25.904900964555587,231.2055159069243,234.873026175328,228.33618595685616,228.33618595685616,-5.833701027941041,24.67904906027286,25.258419026076155,-35.81235328206924,0.0,3268271.55,-10.257426436918927,284.26031494140625,182.4600067138672
LULU,Lululemon Athletica,ok,Consumer Discretionary,"Apparel, Accessories & Luxury Goods",2026-10-01,97.04000091552734,7.988477,753.0,False,False,0.8836661321834027,-3.5195872450604293,-4.525775778969143,-17.762711088536154,-18.06130147304713,-45.46169566119707,151.49571397569446,221.08663323391005,271.5141700045521,271.5141700045521,-74.65391928424695,44.36788371954418,46.0531698490129,-55.0491019452199,1.1043941670347688,7835859.0,-57.34634837099545,215.8800048828125,95.9800033569336
LITE,Lumentum,ok,Information Technology,Communications Equipment,2026-10-01,1049.5,30.227627,753.0,False,False,8.055514429473432,13.912646166021435,12.96607517670363,20.777948703216296,44.098746354060395,545.0125724876851,636.5830756898911,363.35503996130956,258.39187259344783,258.39187259344783,2197.5043629347047,75.0075416762022,63.48580089694393,-0.3408983027880309,601.4905392142514,4776003.65,37.64170804182696,1053.0899658203125,149.61000061035156
LYB,LyondellBasell,ok,Materials,Specialty Chemicals,2026-10-01,58.060001373291016,9.195304,753.0,False,False,1.0266228293994706,-0.3603897079507812,-3.522763245487115,-10.90992327055541,9.931340947928135,25.85359831466225,57.26463540395101,59.215204216094605,66.56809963109801,66.56809963109801,-24.41867244140691,35.140072719054125,30.328447889786958,-28.04928758300879,45.631462122529946,3552046.65,-42.640590038421934,80.69412994384766,39.867759704589844
MTB,M&T Bank,ok,Financials,Regional Banks,2026-10-01,215.97000122070312,11.4415045,753.0,False,False,-0.7490831052812896,-2.027763187804932,-1.2302215294769048,-6.917508299375042,-9.00715274840146,12.41702143950205,213.3986355009533,197.8595541539895,176.53206534214704,176.53206534214704,94.07099262667043,26.344364686758503,12.389678098405682,-14.45404550943892,24.367969993825454,1050705.35,-45.312260949275654,252.46080017089844,173.65403747558594
MPC,Marathon Petroleum,ok,Energy,Oil & Gas Refining & Marketing,2026-10-01,418.6400146484375,14.514221,753.0,False,False,5.87223722426653,7.49794885578674,7.082747557696134,9.305486853377932,57.607028737842846,120.83248785223763,244.7041148231143,198.7901683518611,186.0571309833096,186.0571309833096,196.06446515328,32.96228379782969,60.92983866135099,-1.4709689059582574,160.40717344332018,2979884.4,-52.96502105920619,424.8900146484375,160.7636260986328
MAR,Marriott International,ok,Consumer Discretionary,"Hotels, Resorts & Cruise Lines",2026-10-01,355.3299865722656,36.75026,753.0,False,False,-0.09560177766795297,-0.9035950262910597,1.0867334358949376,6.211328512185221,-4.53088797168787,37.57058592297553,333.48396168057883,298.32798669822665,273.5904584380577,273.5904584380577,88.6171095289324,25.77271599530095,72.22221857144265,-11.548647490671302,38.31409013289777,1586090.05,-61.477534015171464,401.7236328125,256.9007873535156
MRSH,Marsh McLennan,ok,Financials,Insurance Brokers,2026-10-01,171.58999633789062,20.92561,753.0,False,False,0.5037196930081311,1.5145226155603098,0.9768750271628601,-8.524365783707355,-3.3489884293702032,-13.108657583812978,177.6652886526925,195.7914913527044,196.13867781235086,196.13867781235086,-4.447958257061702,20.412358385048083,37.60482422522152,-15.79115186168488,9.687707700822248,2735832.2,-56.34805380242254,203.76718139648438,156.43502807617188
MLM,Martin Marietta Materials,ok,Materials,Construction Materials,2026-10-01,481.2449951171875,31.250326,753.0,False,False,0.2990762105615552,-1.9408264787395213,0.23848968946378335,-4.688865103568585,-19.5846564688681,-23.216372315654034,594.3099571106926,570.2638239157627,554.1668340472744,554.1668340472744,20.655988064041008,25.521706387742977,32.94933689761662,-31.746848881253186,0.449810848852917,874751.15,-41.569325173222126,705.0883178710938,479.0899963378906
MRVL,Marvell Technology,ok,Information Technology,Semiconductors,2026-10-01,266.57000732421875,88.614624,753.0,False,False,0.8932349061227196,5.823745050888274,2.9426509974810555,26.702793905390564,8.702262907432857,217.7565391576436,149.83064385065956,115.59098089453708,98.71558311229366,98.71558311229366,392.8620628318351,67.89679570425353,66.57239952316472,-15.736255285315643,261.81909347706187,17449108.25,-34.94988490314398,316.3519592285156,73.67494201660156
MAS,Masco,ok,Industrials,Building Products,2026-10-01,68.20999908447266,15.716589,753.0,False,False,1.2017767659585843,-0.21942879540611804,1.3370993292570743,-2.9039158939891063,-17.2295210805279,-1.2946681316468367,68.43478472270662,69.26912022016913,68.24501500629967,68.24501500629967,36.72707914396973,30.85734495973304,48.622234941630126,-17.229521080527903,17.46956971897977,2374489.0,-54.538429110431764,82.40860748291016,58.06610107421875
MA,Mastercard,ok,Financials,Transaction & Payment Processing Services,2026-10-01,551.9199829101562,30.312086,753.0,False,False,0.08160230491924825,-2.875449015356202,-2.501419190255594,-5.021509878116648,2.494520874628914,-2.36470363653718,535.7161633930509,539.219705589264,505.6793665183018,505.6793665183018,41.93600488593559,20.469035237209695,35.16067993446515,-7.991865370601416,17.239996055981464,2680663.3,-38.359808186279864,599.8599853515625,470.7608337402344
MKC,McCormick & Company,ok,Consumer Staples,Packaged Foods & Meats,2026-10-01,44.939998626708984,7.774305,753.0,False,False,-3.146557868873401,-7.263723739713268,-6.02258696464808,-17.17655728552715,-15.159528806760992,-30.665565782942437,56.918012694706995,64.62168388062739,65.32235139236349,65.32235139236349,-34.95065620554371,26.167456191138967,16.279047260735496,-36.14593290698736,0.0,3554718.4,64.01209164697828,70.37922668457031,44.939998626708984
MCD,McDonald's,ok,Consumer Discretionary,Restaurants,2026-10-01,231.4499969482422,18.786352,753.0,False,False,0.22083419998462084,-0.920380607490523,-2.350015704925845,-11.359193469137397,-16.938629469126575,-21.87861744432471,288.93993044656423,290.12324423619003,279.88948462335554,279.88948462335554,-3.4624691850521083,18.31528153293616,22.057228617140268,-30.807788126495474,0.2208341999846183,5925245.0,-32.6762015747872,334.5029602050781,230.94000244140625
MCK,McKesson Corporation,ok,Health Care,Health Care Distributors,2026-10-01,895.5800170898438,24.116447,753.0,False,False,4.892191430258275,4.588403469699998,3.0160154803626105,-1.2340507736670503,14.019064794237913,16.383089041351774,838.5762300037202,741.2004472952915,665.3449533976724,665.3449533976724,107.47459146658444,26.645143132013395,53.93963340626197,-9.859169379161466,23.767291714763346,851810.9,-28.432707306281245,993.5342407226562,723.5999145507812
MDT,Medtronic,ok,Health Care,Health Care Equipment,2026-10-01,86.63999938964844,21.331282,753.0,False,False,0.4056072203124872,-3.1955314082140363,-1.309945909427035,-5.094999620583174,5.0012755218798555,-6.014609844132313,88.58163343157086,86.16954446313865,82.52843556904381,82.52843556904381,22.907595357986477,21.346647440114747,36.906432784437065,-15.03400038217977,19.510087777641203,12085124.45,74.19505348991255,101.97019958496094,72.4959716796875
MRK,Merck & Co.,ok,Health Care,Pharmaceuticals,2026-10-01,143.8300018310547,114.93199,753.0,False,False,-1.0185092233191195,-3.268545652399679,-2.8044289879054607,-3.457231369640257,11.669491562570823,76.40106599954206,114.58382173568484,99.88799687115795,103.10097038603399,103.10097038603399,53.688912461878566,26.395627771186874,51.99471879202587,-7.52380569296003,79.48043070537048,9473562.1,-59.048751050040615,155.53192138671875,80.13687133789062
META,Meta Platforms,ok,Communication Services,Interactive Media & Services,2026-10-01,727.9099731445312,27.445366,753.0,False,False,0.37645556914454037,1.717388853190327,-6.388977738287216,25.917738639286327,24.975879475658004,-0.5448067937315448,635.3059837704614,640.4317485307793,573.5016424779398,573.5016424779398,139.51555349857446,38.394102262404566,64.67282918994286,-6.388977738287219,38.697344252587094,23851165.85,-60.61652894003083,777.5900268554688,524.8189697265625
MET,MetLife,ok,Financials,Life & Health Insurance,2026-10-01,93.75499725341797,18.17442,753.0,False,False,-0.4301257359172972,-2.155085001025936,-3.593833158439108,-0.7043009197452599,4.747775720098302,17.07104579989045,81.65154287550185,79.45364351006619,74.58612041802678,74.58612041802678,66.10906801329315,24.463425006891942,31.88868669006513,-6.1980989334419085,40.41171529797107,3020205.9,-55.53554808961866,99.94999694824219,66.77149200439453
MTD,Mettler Toledo,ok,Health Care,Life Sciences Tools & Services,2026-10-01,1486.5250244140625,33.46308,753.0,False,False,-1.6165278498383673,-3.800977504133496,-2.147582495190592,8.03548552395592,13.611348210629703,21.090985097221406,1333.9646214076452,1286.417340160841,1281.6885456221987,1281.6885456221987,36.7133330721275,32.98200425482663,75.57882080619626,-3.800977504133498,44.9518767805615,209094.55,-54.47466229990212,1545.260009765625,1025.530029296875
MGM,MGM Resorts,ok,Consumer Discretionary,Casinos & Gaming,2026-10-01,30.34000015258789,18.387878,753.0,False,True,-2.2866315681747795,-4.770873912883145,-9.943599319310326,-25.58253663985338,-35.58386170806761,-12.463934546574363,38.428730169932045,36.720577635138156,38.164196495674204,38.164196495674204,-17.53193966412001,38.88851476375675,9.292414280692142,-40.14598347887607,0.0,4705681.0,-28.81115400725208,50.689998626708984,30.34000015258789
MCHP,Microchip Technology,ok,Information Technology,Semiconductors,2026-10-01,78.80000305175781,115.882355,753.0,False,False,1.3244264538401884,1.0645143235348486,5.502745315312896,10.34868927414665,-6.339664909437115,25.917082749194332,74.26516360328311,66.89520062298413,71.25961350824728,71.25961350824728,8.445931296019559,48.9635297383021,61.75870827625588,-22.817535816310578,64.96113497251945,8140485.5,-50.96226140320501,102.09573364257812,47.768829345703125
MU,Micron Technology,ok,Information Technology,Semiconductors,2026-10-01,1088.050048828125,14.627523,753.0,False,False,2.1537741446476577,3.232515701505312,0.6959565516326593,16.563469101638795,11.54797252282178,551.3246361497974,583.010854690794,344.79689240170666,262.594794234115,262.594794234115,1518.9076766859212,64.24147066665772,67.48627840316608,-10.328507523424403,499.7325922329288,25795379.9,47.182937980300885,1213.3734130859375,181.4225311279297
MSFT,Microsoft,ok,Information Technology,Systems Software,2026-10-01,515.5900268554688,28.733425,753.0,False,False,0.5244691583860428,1.2509378303081853,3.546690185257928,2.9080751589332765,32.28524719781094,0.36337856882664443,445.70284779866535,442.86782259390174,426.9375070518706,426.9375070518706,63.97327916102413,26.251876056235936,61.7301468989943,-4.102387181542817,46.404970827506766,21174261.65,-44.08242801703548,537.6463623046875,352.1670227050781
MAA,Mid-America Apartment Communities,ok,Real Estate,Multi-Family Residential REITs,2026-10-01,116.51000213623047,34.178886,753.0,False,False,-1.0446710972105033,-1.5463869007018238,-0.6396042864886375,-9.933517635661493,-17.111666623787404,-12.659635299391503,128.91414899674672,136.56605379324986,131.94170568093836,131.94170568093836,4.1355832945270565,20.794586660340233,17.757004903254014,-17.1116666237874,0.0,1190131.9,-50.86779877087573,140.56260681152344,116.51000213623047
MRNA,Moderna,ok,Health Care,Biotechnology,2026-10-01,191.2799072265625,,753.0,False,False,-0.669938229520961,-3.0414089567421643,-1.8171132145400337,23.990342859352776,139.81933563624472,640.5339055034651,59.0512498219808,46.78685247945595,64.78482060983362,64.78482060983362,85.15140039382476,122.86574372240464,76.37996794757261,-5.986483380212397,755.4557334761855,14582453.55,-11.083063247611037,203.4600067138672,22.360000610351562
MDLZ,Mondelez International,ok,Consumer Staples,Packaged Foods & Meats,2026-10-01,57.814998626708984,21.155495,753.0,False,True,-0.008649374164004797,-3.0802808754704647,-4.1631869421914995,-5.329838657539787,-4.241855946554873,-4.161077959157788,58.07835144466824,59.73657869437776,61.38420940870308,61.38420940870308,-7.678779506174205,21.081833400067666,21.327915779715724,-10.25344111708414,15.17066600301304,8078549.5,-44.054437000107505,64.42029571533203,50.19941329956055
MPWR,Monolithic Power Systems,ok,Information Technology,Semiconductors,2026-10-01,1356.43994140625,82.57755,753.0,False,False,0.6843701031475247,0.5360860111697452,1.714163213250286,10.806520498938443,5.456113256821671,48.32530034924394,1211.8684181334481,953.9630646724625,863.2137338098777,863.2137338098777,201.77460983792653,55.36096298356371,63.95758287570729,-19.490836938521173,59.34722445490544,711012.75,-64.80302216802723,1684.8267822265625,851.2479248046875
MNST,Monster Beverage,ok,Consumer Staples,Soft Drinks & Non-alcoholic Beverages,2026-10-01,42.1349983215332,39.023148,753.0,False,False,1.237384437446254,0.6569462665359849,-1.2538079924303225,-6.345861859125157,-13.657788974852469,25.196849947452282,40.903214394100125,34.778994062507294,32.07262287925123,32.07262287925123,60.3920730388906,24.622788743506458,40.38021604793226,-15.679413063379702,27.0849038542078,10087647.1,-44.25516729267819,49.970001220703125,33.154998779296875
MCO,Moody's Corporation,ok,Financials,Financial Exchanges & Data,2026-10-01,447.56500244140625,28.38991,753.0,False,False,-1.4456218199236481,-2.7201757294638695,-4.23344461404096,-9.52982349820861,-8.562349707468675,-5.253725102777718,471.8140004475911,473.8032404683026,446.24600057614595,446.24600057614595,45.01886476029553,25.17975246402321,28.17056960978354,-16.504001267087837,9.296452171525663,737852.05,30.356892008364,536.0316772460938,409.4963684082031
MS,Morgan Stanley,ok,Financials,Investment Banking & Brokerage,2026-10-01,187.4499969482422,15.126413,753.0,False,True,-0.3349664380471462,-3.196654854842529,-4.518138776007641,-11.17797435953609,-11.895539389678,20.59598041638113,185.956666371179,156.20695583753852,132.50313033145738,132.50313033145738,155.55337706788896,28.970559906113703,12.814135678885364,-17.53145572916894,26.234259281047574,5310145.55,26.88185166600565,227.2987823486328,148.49375915527344
MOS,Mosaic Company (The),ok,Materials,Fertilizers & Agricultural Chemicals,2026-10-01,21.485000610351562,13.55678,753.0,False,False,-0.7621201435841551,-3.43819950403792,-9.307724246506732,-12.563086023339942,2.540787314442672,-35.77246415815571,24.638272701747834,26.477250080184632,27.221734934752366,27.221734934752366,-32.64954844702657,38.77374571839352,24.915357327799384,-37.09655910774425,9.318202882038475,8195714.05,1.915232145025847,34.15552520751953,19.653635025024414
MSI,Motorola Solutions,ok,Information Technology,Communications Equipment,2026-10-01,449.6050109863281,35.377655,753.0,False,False,0.8150794348667612,-0.5474640903047057,-1.1661631164571196,-8.238817571744395,6.650172773972374,-0.5396489324995257,423.24872310577877,431.5834845432722,402.2196299032386,402.2196299032386,70.11192223326717,22.319485771007567,36.12415433567082,-8.238817571744397,24.71133010146861,862551.0,-53.76273402963998,489.9729919433594,360.5165710449219
MSCI,MSCI,ok,Financials,Financial Exchanges & Data,2026-10-01,548.9849853515625,30.05038,753.0,False,False,1.9167958864210854,1.1543733392233246,-1.2759012228873101,-2.5049354155097903,-8.648769974832781,-1.8583430124873401,565.8370028298999,564.6138931213623,547.1446016065945,547.1446016065945,12.483621407925828,28.085933884380367,46.366045235166084,-14.426416947937664,8.455234243154877,560194.8,-46.412212323284685,641.5355834960938,506.185791015625
NDAQ,"Nasdaq, Inc.",ok,Financials,Financial Exchanges & Data,2026-10-01,91.65499877929688,26.70408,753.0,False,False,-0.3858312669181019,-1.0418958525897581,-3.061876445288081,-5.715757598208338,8.628451197372966,4.991146012402048,89.52510252453033,85.0712755666786,76.027348932517,76.027348932517,97.08456551475682,23.94358654726191,51.61963072802067,-8.31157081580572,19.667993001256605,3142435.15,-48.778481554344886,99.96353912353516,76.59107208251953
NTAP,NetApp,ok,Information Technology,"Technology Hardware, Storage & Peripherals",2026-10-01,213.6999969482422,30.233051,753.0,True,False,1.723150745256885,4.544784071081587,8.345158688230004,16.67394227752501,39.03421501900459,83.55556857457054,132.7240691109309,119.99708073832599,112.78107111957443,112.78107111957443,198.91208500730522,38.17160006166352,65.37313937852778,0.0,128.93100338246356,2524615.7,-40.20024513037767,213.6999969482422,93.3469009399414
NFLX,Netflix,ok,Communication Services,Movies & Entertainment,2026-10-01,68.13500213623047,21.416668,753.0,False,False,-2.0767456981860777,-1.5816859274981665,-4.9986043271814555,-15.684934791852811,-12.253701484445322,-43.169683458903265,89.73368251134478,96.43076298626296,83.41640237856355,83.41640237856355,79.14705766418328,34.03888575386516,28.050222067662133,-45.112175483384995,0.7914255535289506,34423850.55,-16.929656203146624,124.13500213623047,67.5999984741211
NEM,Newmont,ok,Materials,Gold,2026-10-01,114.7699966430664,14.448362,753.0,False,False,-0.4941908383232385,-1.1029783498760715,-5.383352221273318,-6.21470029025617,18.517010227447763,37.405369659010624,106.05326407296317,79.30999580322509,65.9814115856115,65.9814115856115,242.14346676765075,41.63110960112479,30.131998683613844,-14.896470828637302,47.3311005828748,6690744.35,-49.46321630118777,134.85926818847656,77.89936828613281
NWSA,News Corp (Class A),ok,Communication Services,Publishing,2026-10-01,28.420000076293945,27.597088,753.0,False,False,-0.8027907340269924,-2.336770777531638,-0.07032509630131578,-6.902948612341275,7.040641818641324,-6.757443251962192,26.353808054848322,27.12605894704264,26.265122865775666,26.265122865775666,45.294912711001764,23.875572579187963,40.69341922441854,-8.574458796499261,27.83389404800532,4476546.25,-69.19891087911803,31.085405349731445,22.231975555419922
NWS,News Corp (Class B),ok,Communication Services,Publishing,2026-10-01,31.2549991607666,30.35437,753.0,False,False,-1.4659525934860862,-3.055218568298279,-0.9664141645658764,-8.41651413577159,3.9079473631646877,-8.930178559221758,29.96413607067532,30.71704536985116,28.98043276367593,28.98043276367593,53.350419662248804,24.41342034767396,38.968928036491484,-11.242845559412663,22.66909480286328,1185560.95,-42.33792872479479,35.21406173706055,25.479114532470703
NEE,NextEra Energy,ok,Utilities,Multi-Utilities,2026-10-01,76.25499725341797,17.125843,753.0,False,False,0.6799569635250746,1.0133784756875652,0.8397176458244004,-8.04896060194662,-13.030984266404511,3.9163948211558663,85.27171767704071,77.43856404217117,72.15725268785697,72.15725268785697,59.850441108687605,26.069551047689842,21.50586045629916,-20.932612598244933,1.0133784756875577,11814416.3,-20.1456444361115,96.44304656982422,75.48999786376953
NKE,"Nike, Inc.",ok,Consumer Discretionary,"Apparel, Accessories & Luxury Goods",2026-10-01,35.834999084472656,17.040478,753.0,False,False,1.2288066097278172,-1.5251451346098621,-0.4306823750077293,-5.9942285189857785,-17.860879916415783,-46.91446055444908,51.29986367906843,59.91611320374022,69.66522116996694,69.66522116996694,-59.36922962205058,36.40891414152558,41.89756109122799,-50.360001001896315,1.2288066097278223,34804595.8,19.430250645232316,72.18976593017578,35.400001525878906
NI,NiSource,ok,Utilities,Multi-Utilities,2026-10-01,39.474998474121094,20.98936,753.0,False,False,1.2179448054387088,0.9590793213155813,0.9074630673033823,-3.6254898524021306,-16.89770993837677,-6.392085801198466,43.941245215279714,40.628406049720795,35.797545573625904,35.797545573625904,86.95565768407072,18.622629912710952,28.806112208121263,-19.031143655419537,1.217944805438702,5598588.4,-39.17452477842451,48.75331115722656,39.0
NDSN,Nordson Corporation,ok,Industrials,Industrial Machinery & Supplies & Components,2026-10-01,328.1000061035156,33.25532,753.0,False,False,0.07625438320750799,-0.9718704423280267,1.497245620143306,4.6709157416721325,13.329201927502154,46.36914381823032,273.9000806657095,244.66032242490002,242.80724856514698,242.80724856514698,53.951515611474775,24.43113871246274,70.22856024798135,-1.6775173803622276,46.537012239539486,348295.1,-62.61733225646873,333.6978454589844,223.90248107910156
NSC,Norfolk Southern,ok,Industrials,Rail Transportation,2026-10-01,310.54998779296875,26.858995,753.0,False,False,0.5016141724818013,-0.7985945048665344,-0.836614465762131,-6.730539475381036,-3.3872328305424637,5.197463459857787,304.2577627272833,275.42932153223046,257.2470053056005,257.2470053056005,72.79481865258579,24.52666116187572,33.28747299014684,-12.020517273711231,13.055389030626415,1017788.65,-61.43865428249765,352.9800109863281,274.6883544921875
NTRS,Northern Trust,ok,Financials,Asset Management & Custody Banks,2026-10-01,169.14999389648438,14.521477,753.0,False,False,-0.1240001848785699,-3.0936746266754356,-3.0659060765132473,-6.969655365027871,-3.7122764477558468,28.32957369315363,154.2234510996985,130.25937775691668,112.33428382113635,112.33428382113635,171.46123336749838,26.27212180185448,15.825369135619994,-11.240496842489593,40.75262193549911,1000435.8,-46.78159258195279,190.57113647460938,120.17537689208984
NOC,Northrop Grumman,ok,Industrials,Aerospace & Defense,2026-10-01,482.8573913574219,15.326819,753.0,False,False,-0.12877877363245416,-4.535902923931589,-5.132346863344295,-9.39231470782299,-11.649437987924404,-19.462757278793863,589.9088506547231,543.9793784456899,512.5410347947403,512.5410347947403,14.787265955914819,25.35616285058422,27.331203877922974,-36.56568694632239,0.0,853126.15,-33.85233825032793,761.1927490234375,482.8573913574219
NCLH,Norwegian Cruise Line Holdings,ok,Consumer Discretionary,"Hotels, Resorts & Cruise Lines",2026-10-01,14.635000228881836,8.881818,753.0,False,False,-0.17052945968950572,2.2711376641164405,3.136015938391701,-5.152301105446345,-26.011123757125677,-40.58058981912557,19.746170687297035,21.320468119891043,20.040936283856276,20.040936283856276,-10.979320234427526,52.16725019894432,46.6546178228613,-41.506794719739446,3.6473112428949745,19082766.3,-12.196556114613221,25.020000457763672,14.119999885559082
NRG,NRG Energy,ok,Utilities,Independent Power Producers & Energy Traders,2026-10-01,96.62999725341797,25.117422,753.0,False,False,1.0245642570888114,-0.381446130496943,-1.2468076031966313,-11.761487198940756,-29.061447059470602,-39.59612464782055,145.59674229697575,132.07154963215984,108.83539223639298,108.83539223639298,171.82636146450935,46.311665878761126,18.775503271156353,-47.144497922501834,1.024564257088816,2806445.1,-42.015541298135496,182.81918334960938,95.6500015258789
NUE,Nucor,ok,Materials,Steel,2026-10-01,234.83999633789062,18.934624,753.0,False,False,0.4663085937500089,-3.7187623456239827,-5.0661413862729265,-6.5584307836956235,6.635562467599798,75.43258073668244,199.2593392871675,164.78612405845368,163.2134853935495,163.2134853935495,58.24474453925927,33.768203435269164,29.409566203774574,-14.319713352318624,80.29164878253584,1233000.9,-33.12916478811978,274.0887145996094,130.255615234375
NVDA,Nvidia,ok,Information Technology,Semiconductors,2026-10-01,231.61000061035156,29.315203,753.0,False,False,1.4143075831863916,1.2016079667333646,3.1302870789828185,6.635923384918652,19.011011981394542,24.431818647598934,197.27717675103082,169.3389196661839,141.06019974261483,141.06019974261483,418.7390767350605,46.80619756156912,66.708507798988,-1.5273620001889163,40.54574604660508,108555105.0,-34.297424335778594,235.202392578125,164.79331970214844
NVR,"NVR, Inc.",ok,Consumer Discretionary,Homebuilding,2026-10-01,6111.14013671875,15.887535,753.0,False,False,-0.7027503788224143,-2.5008415364800696,-1.994231295091009,-2.6240346618061183,-9.475185847026879,-23.94027851986973,6861.3965076264885,7413.117147620455,7441.6871025014525,7441.6871025014525,2.5195637689500394,26.299263649499572,47.360486650614675,-25.273414811460626,9.84107483973996,40518.7,-10.229104092678188,8178.0,5563.6201171875
NXPI,NXP Semiconductors,ok,Information Technology,Semiconductors,2026-10-01,240.3350067138672,20.519642,753.0,False,False,1.1809068113441068,1.6989671907635229,4.42083893372518,8.550589417771803,-11.68550619338764,7.399131988683361,236.41433782426137,222.9645924055244,223.59558869421403,223.59558869421403,26.601834507832468,43.737450811717935,53.94654635733777,-27.184475669438328,32.78682028889106,3513109.05,-67.18060886837543,330.06011962890625,180.9931182861328
ORLY,O'Reilly Automotive,ok,Consumer Discretionary,Automotive Retail,2026-10-01,84.7699966430664,26.941269,753.0,False,False,-0.7493349626525037,-2.0113344702315628,-1.7045469122404677,-3.615691205819127,-6.072025880258824,-21.370931673572592,92.64503963409908,91.26117271636112,83.8213430863136,83.8213430863136,41.50029262270494,22.275417819809682,46.18735393620121,-19.78615026658482,2.4658445586317517,6078128.9,-62.835964206023995,105.68000030517578,82.7300033569336
OXY,Occidental Petroleum,ok,Energy,Oil & Gas Exploration & Production,2026-10-01,57.779701232910156,17.035398,753.0,False,False,4.446315169296855,2.994122646124331,-0.46562964289899034,-4.76647903235623,18.676814726810886,24.719992266449143,50.97907898918031,48.05961585329823,51.23562678302902,51.23562678302902,-2.015523834814803,31.773114505777976,39.14987435569619,-11.967186093483809,50.539075641736005,9165313.55,-7.6117695940691625,65.63427734375,38.38186264038086
ODFL,Old Dominion,ok,Industrials,Cargo Ground Transportation,2026-10-01,177.5,34.153847,753.0,False,False,2.1053864123394606,0.36753965171134606,1.4691633406639815,-4.9378677458741365,-18.320379671375576,26.86682573588417,186.79879869733537,179.8163838785483,184.6672134500734,184.6672134500734,-10.390646629334576,36.77211235016097,46.537659929948965,-28.526641684727057,41.423017566758276,1899876.65,-44.936793659735756,248.3442840576172,125.50997924804688
OMC,Omnicom Group,ok,Communication Services,Advertising,2026-10-01,75.0250015258789,202.6892,753.0,False,False,1.894614049297938,-0.09986278264443316,0.4350797736469847,-11.956713941871433,-3.5913736053059586,-4.1621072164385815,75.94993733602857,77.00587314438535,78.52074537745827,78.52074537745827,13.695575589172048,29.705501273405876,37.99587921421752,-14.77797868287527,15.01583771216464,3281894.45,-42.341564336415516,88.03475952148438,65.23014831542969
ON,ON Semiconductor,ok,Information Technology,Semiconductors,2026-10-01,79.2300033569336,52.582783,753.0,False,False,3.070119065992216,4.732322219226948,8.31169064146049,9.057125523542897,-13.14404484029792,60.67734972696408,74.15222225491962,64.10372507619668,67.56767596666556,67.56767596666556,-15.144049452398733,57.38857286711318,55.10407312125099,-40.842225274562516,76.45879880709577,11352929.25,-52.23536692083235,133.92999267578125,44.900001525878906
OKE,Oneok,ok,Energy,Oil & Gas Storage & Transportation,2026-10-01,86.83000183105469,15.247804,753.0,False,False,1.8294889754931543,-2.019861047224336,-4.770781377014499,-9.259066134705973,0.04019721864780834,25.4535255186058,81.57002014584012,82.5914934849834,77.76304018038361,77.76304018038361,63.423680546620844,26.41601072012313,21.72157899631489,-10.952722870680317,40.15882393001727,3640606.1,-60.044510170985,97.51000213623047,61.951148986816406
ORCL,Oracle Corporation,ok,Information Technology,Application Software,2026-10-01,137.9550018310547,21.642633,753.0,False,False,0.4770566385566388,4.0384581305061396,-1.1358689489313845,-2.3811246240909134,-1.3082389053872046,-50.3885064003137,179.73621444096642,183.3219289437708,162.24943245612926,162.24943245612926,33.92591339510365,50.55343542078611,37.073925602310815,-55.49979273312798,19.971305673465757,35225770.9,-58.34919257934536,310.0097961425781,114.98999786376953
OTIS,Otis Worldwide,ok,Industrials,Industrial Machinery & Supplies & Components,2026-10-01,64.625,16.5964,753.0,False,False,0.47419201900327224,-2.5704836182537716,-3.081884066842555,-8.46317082614565,-11.1064842255853,-27.794453254809515,79.64933779883006,86.50635686623623,86.89401558195927,86.89401558195927,-14.168568705703176,21.482321918254943,32.63485552114055,-30.131758176260565,0.47419201900326563,4640984.6,-35.30053945880363,92.49552917480469,64.31999969482422
PCAR,Paccar,ok,Industrials,Construction Machinery & Heavy Transportation Equipment,2026-10-01,110.20999908447266,23.193684,753.0,False,False,0.36426694724718267,-1.2897469070544343,-0.4156493106383108,-9.995915205243488,-7.529853110463569,14.856594688374125,115.66404360816593,106.72817377645181,102.4122231269421,102.4122231269421,45.13074475749546,26.82003840795275,10.47981342676124,-20.047881237263127,21.42688544632021,3460489.65,-48.810914663478336,137.84500122070312,90.76243591308594
PKG,Packaging Corporation of America,ok,Materials,Paper & Plastic Packaging Products & Materials,2026-10-01,231.2100067138672,30.034689,753.0,False,False,0.8505680248426906,-1.4113924178289938,-2.897817764393562,1.5653142502581874,-2.3062818296756493,8.781283384875405,218.37788215516105,210.1886132836817,195.78865237698295,195.78865237698295,62.818892072241454,24.921068963941256,47.27571696014728,-9.603988488073515,23.67856034253865,603204.3,-48.858786318333614,255.77456665039062,186.9442901611328
PLTR,Palantir Technologies,ok,Information Technology,Application Software,2026-10-01,190.49000549316406,161.48729,753.0,False,False,1.839081734980974,1.605509832632701,-1.0903945608068955,5.874837389834497,47.324053362096485,4.423861092655446,157.7811108846513,132.27412343880096,95.8915537306037,95.8915537306037,1099.5592199016214,65.1515583472168,82.30556911892361,-8.055790989787113,77.5799491511187,23666533.5,-51.50971307225877,207.17999267578125,107.2699966430664
PANW,Palo Alto Networks,ok,Information Technology,Systems Software,2026-10-01,396.0177917480469,990.0625,753.0,False,False,-0.3252386847769406,1.0017586387925492,1.5638536392907243,9.369989713412563,13.778599817802895,94.48865594959399,240.16622131589858,214.0871170773449,193.5093594939902,193.5093594939902,234.51685990792396,42.80883267849603,73.93158917214389,-0.3252386847769431,179.53539695524307,6276027.95,-45.190508592301605,397.30999755859375,141.6699981689453
PSKY,Paramount Skydance Corporation,ok,Communication Services,Movies & Entertainment,2026-10-01,9.354599952697754,311.8333,753.0,False,False,-9.442400563526432,-9.001943621704477,-8.108058229216086,-10.921063911557926,-9.549295127866053,-49.63997932001456,11.582916920147245,11.672090309074676,11.646532768588933,11.646532768588933,-21.798461530243816,55.425133813074964,36.80413275340847,-50.19280530680472,20.330706113282503,25003232.9,27.41615505249324,18.78162384033203,7.774075508117676
PH,Parker Hannifin,ok,Industrials,Industrial Machinery & Supplies & Components,2026-10-01,963.6749877929688,33.828068,753.0,False,False,0.8640184453404753,-0.6059512221101238,-1.1595102363379906,1.2167925942636382,0.2830932884831716,28.167098223729646,911.8834611196366,788.084399705864,690.5959789990429,690.5959789990429,157.8659913864205,28.425742617670167,55.427280409775285,-10.080749831908815,35.587172537228426,578712.35,-52.42074927206928,1071.7115478515625,710.7420043945312
PAYX,Paychex,ok,Industrials,Human Resource & Employment Services,2026-10-01,101.05999755859375,20.020834,753.0,False,False,2.598982292988583,1.772401261577583,-0.5217037094224164,-19.56383472657025,-3.9847235363238975,-16.76307058043369,104.56107157752628,120.49938917729959,117.73630258223292,117.73630258223292,-1.6335086030066948,24.69894095787051,20.869540306140905,-20.637662584475148,20.866679836613578,3571633.3,-32.72360855186337,127.33999633789062,83.61278533935547
PYPL,PayPal,ok,Financials,Transaction & Payment Processing Services,2026-10-01,53.54999923706055,10.38469,753.0,False,False,1.9417484893711423,-1.3448775951608205,1.8060851530382616,2.4470715236583507,18.060844288534227,-19.25561974188139,53.22273337651813,63.77708074106163,63.0597848170307,63.0597848170307,-7.5355582535143295,38.687001829492324,49.08699270372672,-28.875364431265304,38.23514727637741,12080311.25,-43.38618551736405,75.29036712646484,38.738338470458984
PNR,Pentair,ok,Industrials,Industrial Machinery & Supplies & Components,2026-10-01,52.90999984741211,13.628866,753.0,False,False,-0.15097533217705017,-0.22628499839153493,-0.22628499839153493,-12.473119636666652,-30.733631159570685,-51.645259324315695,86.0591163483877,91.99296400366552,86.19852586318139,86.19852586318139,-13.79491314349166,29.32528939762758,23.823117916491398,-52.333824908712835,0.0,2527759.75,-29.74431213251181,111.00114440917969,52.90999984741211
PEP,PepsiCo,ok,Consumer Staples,Soft Drinks & Non-alcoholic Beverages,2026-10-01,125.94499969482422,16.501966,753.0,False,False,-0.611585794202385,-1.988327085739905,-1.720635432445894,-8.941658080921243,-11.73869582414917,-6.687378984543601,143.9961111583407,141.3762165388738,145.71478952354644,145.71478952354644,-17.03662601018848,20.08558539542447,15.312636307287335,-23.87888969974335,0.0,9246405.15,-47.238922361086466,165.4534454345703,125.94499969482422
PFE,Pfizer,ok,Health Care,Pharmaceuticals,2026-10-01,28.174999237060547,37.046055,753.0,False,False,-1.2096816801039356,-1.897632622994272,-0.8271756832584742,-1.3134851489355337,17.877837059688172,18.331921855729362,25.374760415818955,24.142734079246978,24.22189077754736,24.22189077754736,0.6772559499971464,24.207114250415014,61.016944455990135,-2.9117891363680637,24.4365577847116,31356072.25,-42.45565944567563,29.020000457763672,22.642059326171875
PCG,PG&E Corporation,ok,Utilities,Multi-Utilities,2026-10-01,12.1850004196167,8.758993,753.0,False,False,-0.5306088194555136,2.3868414920245495,-0.6880923094262359,-12.978474040245846,-28.239132666712653,-18.140580329378974,16.297373642997137,16.481395898112265,16.702801373850303,16.702801373850303,-18.20828967489443,29.019110356979596,21.71173267299308,-35.604312715630485,2.386841492024549,41980480.7,-53.8170748006704,18.922075271606445,11.900943756103516
PM,Philip Morris International,ok,Consumer Staples,Tobacco,2026-10-01,188.8800048828125,25.886147,753.0,False,False,-1.0166661602260763,-2.518574402545859,-1.3681436643276812,0.9243980992513556,3.6264884267357633,20.66616899408855,170.81471288771857,157.97585421254436,135.6503303092156,135.6503303092156,131.69971003001524,24.50046870020057,45.57990196260422,-5.640202522559827,34.34389751676662,4357257.85,-61.4698726172471,200.1699981689453,140.5944061279297
PSX,Phillips 66,ok,Energy,Oil & Gas Refining & Marketing,2026-10-01,263.82501220703125,15.073958,753.0,False,False,3.335166946011703,4.052458699113481,3.1090074028415904,4.684155120403788,50.33741941878927,99.70405975909202,171.53314284672814,144.3337049294278,138.163896244044,138.163896244044,144.7124355340116,31.000345409434516,54.055324394692285,-3.7872359037464802,114.29272486389684,3297341.3,-51.08404459071313,274.2099914550781,123.11431121826172
PNW,Pinnacle West Capital,ok,Utilities,Multi-Utilities,2026-10-01,94.1500015258789,18.071976,753.0,False,False,1.1930358979245437,3.098994569110891,3.3706627504452635,-3.5941040391260004,-13.133326838503711,9.073436574145433,95.55048809354267,90.2864159207895,83.24283517277732,83.24283517277732,49.67884754205008,18.025298293215027,41.1604720686273,-13.133326838503715,11.831203101513376,1144155.25,-15.51802082803011,108.38449096679688,84.18938446044922
PNC,PNC Financial Services,ok,Financials,Diversified Banks,2026-10-01,218.86000061035156,12.059747,753.0,False,False,-1.5297372359018069,-2.1504884865964913,-2.0059083912409847,-7.844542697334155,-11.577669837075465,12.507748865153555,217.2814806378077,198.47266071821113,179.18165179046184,179.18165179046184,103.761615027708,24.442224746207415,13.450455082820241,-14.830525131071672,25.584938152311132,1750144.75,-20.70398748446378,256.9700012207031,174.27249145507812
PPG,PPG Industries,ok,Materials,Specialty Chemicals,2026-10-01,104.63999938964844,15.012913,753.0,False,False,0.2971317484454117,-2.2147488078402833,-1.5801357317512865,-4.612577665777984,-15.989142528266441,2.158148418967931,108.14780698503766,109.37402406061788,114.95251500305743,114.95251500305743,-13.23291358145281,26.46989116408866,46.26086195023505,-18.98270571599673,13.125200737112449,1725284.85,-56.55227599083131,129.15760803222656,92.49928283691406
PPL,PPL Corporation,ok,Utilities,Electric Utilities,2026-10-01,32.72999954223633,19.357988,753.0,False,False,-0.4864695967810362,1.9308592964800253,2.3772294188457055,-4.258106228308756,-10.538811419913063,-9.069710262119568,35.513908878205314,34.13414186500458,31.25314359677582,31.25314359677582,60.31177936545484,17.60701331349092,32.82439969482424,-16.434469662549056,2.3772294188457144,7000191.75,-17.626042172344782,39.166866302490234,31.969999313354492
PFG,Principal Financial Group,ok,Financials,Life & Health Insurance,2026-10-01,112.08999633789062,15.9601145,753.0,False,False,0.11611044523132108,-2.2243571749251623,-1.8046475343421298,3.2757101116262843,1.8691347725132035,39.854906291465085,96.13773921179393,86.45218565739484,81.59936148046972,81.59936148046972,77.55930851036507,24.108084168571384,35.989002351698375,-5.417269160926917,47.91902071278679,1487503.3,-68.58722935270127,118.51000213623047,75.77794647216797
PG,Procter & Gamble,ok,Consumer Staples,Personal Care Products,2026-10-01,144.21499633789062,21.76133,753.0,False,False,-0.7330688672596675,-3.2308947734321136,-1.0056263121532738,-1.3644827880220256,-4.040975173720806,-3.3804810512749417,145.8555025978694,151.79826741009595,151.1036386882483,151.1036386882483,7.490852283008342,17.915374451093715,46.82131097647878,-12.44878944576716,6.79872667878245,7810520.6,-49.13639943539743,164.72073364257812,135.0343780517578
PGR,Progressive Corporation,ok,Financials,Property & Casualty Insurance,2026-10-01,210.41000366210938,10.559739,753.0,False,False,1.4953480970638866,0.44875277411005055,4.07578056476916,-4.593266496966198,-9.391954803180546,-9.26078370601121,209.03852886623807,225.05759253634875,210.11791596026376,210.11791596026376,65.63761496239155,24.15153314461696,40.38411914628975,-10.26526462982306,10.558536109196902,2801586.5,-50.81251283870765,234.47999572753906,190.3154754638672
PLD,Prologis,ok,Real Estate,Industrial REITs,2026-10-01,128.5,28.601337,753.0,False,False,-1.032036641778289,-2.9749338332648922,-3.9754947190590473,-7.273604536112355,-7.107344192791587,15.730256785742158,132.67959358578636,119.23113255291821,116.15048755782534,116.15048755782534,29.248837027271346,25.615377771038407,25.80070090079971,-13.687712081376935,19.153362674417256,3504659.4,3.8328574811007377,148.87799072265625,107.84420776367188
PRU,Prudential Financial,ok,Financials,Life & Health Insurance,2026-10-01,112.61000061035156,10.2157755,753.0,False,False,-0.8540246566873244,-2.9976706325411606,-5.1705258018092115,-3.8671664699506447,0.8499605175619207,14.30038569363601,105.37690532018267,104.3280423532919,101.8473430091483,101.8473430091483,39.61800899853998,24.026235258558597,26.06498922795477,-8.966650626889665,25.5027586765155,1508973.25,-42.850875587092084,123.70191955566406,89.72711181640625
PEG,Public Service Enterprise Group,ok,Utilities,Electric Utilities,2026-10-01,67.7300033569336,16.839552,753.0,False,False,0.5791610339359599,1.4985762770774569,1.757821275924587,-6.985827700274472,-16.262170745048678,-16.06597592005422,77.98562295096261,78.9568707743489,73.68322833442434,73.68322833442434,36.6353635590579,19.765893487134665,25.317843954802342,-20.074720511579006,1.7578212759245828,3362157.3,-10.10396806835896,84.74165344238281,66.55999755859375
PTC,PTC Inc.,ok,Information Technology,Application Software,2026-10-01,147.19000244140625,14.260911,753.0,False,False,4.9109046612826335,5.3690313328943695,7.117384847282193,-3.677766642874636,18.177437844172672,-27.499754042034496,154.10710368080746,167.98444226633504,169.32834014284657,169.32834014284657,4.5086667627292965,30.93070305836748,71.11970910484857,-28.503421609535085,31.03356186424826,1709630.6,-42.90509306513349,205.8699951171875,112.33000183105469
PSA,Public Storage,ok,Real Estate,Self-Storage REITs,2026-10-01,284.9700012207031,27.146332,753.0,False,False,0.7530776800986461,0.06320189275630383,0.14408337982394492,-4.9416241683445605,-12.6641878535664,2.7397306996699067,289.76237154763845,287.2481949338875,278.2959129059932,278.2959129059932,23.33224743933846,23.1354868368523,40.00580006945762,-12.883536374090317,13.576051608709767,853020.85,-46.93951501888846,327.11383056640625,250.90676879882812
PHM,PulteGroup,ok,Consumer Discretionary,Homebuilding,2026-10-01,115.91999816894531,11.827041,753.0,False,False,-0.12062673840550486,-2.694534675128235,-1.9123389155478732,-5.649346435567415,-13.08898121700982,-11.519768814968234,123.79640924362909,119.13846629169358,114.82531098952172,114.82531098952172,62.02730643809886,33.261112621964756,45.04371774306356,-18.161719556257445,5.730962361352146,1674850.85,-5.017393041296792,141.64520263671875,109.63675689697266
PWR,Quanta Services,ok,Industrials,Construction & Engineering,2026-10-01,659.4149780273438,75.50229,753.0,False,False,2.631082474168034,2.3364257585869908,2.473190058639285,7.855045425712692,-1.3309720883638465,59.25306010542328,570.7128110613141,451.0344389653301,378.50598016868076,378.50598016868076,274.51570818789196,39.105617202838765,53.338102314477865,-16.010937071337324,60.068244746801284,807337.25,-31.683444558020824,785.1200561523438,411.9586486816406
QCOM,Qualcomm,ok,Information Technology,Semiconductors,2026-10-01,183.44000244140625,20.976522,753.0,False,False,-0.3260111207425087,-2.1548929902921787,-5.569850906718177,10.700665423678114,4.645890847082601,12.563187279286936,167.7085047222319,160.3726953301297,157.85751348852637,157.85751348852637,75.94077393940937,43.38857540371124,50.941221757387574,-26.25305422679961,49.20577395989068,14646747.0,-69.6257469320662,248.7425079345703,122.94430541992188
DGX,Quest Diagnostics,ok,Health Care,Health Care Services,2026-10-01,231.2550048828125,24.576433,753.0,False,False,-0.7787370250868175,-2.678642523848196,-2.254952253965481,-2.1018526425506945,7.63733242576905,23.472346701855272,199.95138150169737,181.89494968125544,164.92031844140365,164.92031844140365,102.84203171439445,22.382607699377107,45.36386822377472,-6.5447533906484985,35.035616797685115,1114770.3,-49.84563187591202,247.4499969482422,171.25482177734375
Q,Qnity Electronics,ok,Information Technology,Semiconductor Materials & Equipment,2026-10-01,126.43499755859375,45.178574,234.0,False,False,0.5527276178079799,1.2208741107794685,3.37257794320851,9.477010907676009,-10.744857461823864,,119.60143374581622,119.60143374581622,119.60143374581622,119.60143374581622,33.01159872318533,55.11146498528474,50.0608520561415,,,1474236.1,-53.744044118849075,,
RL,Ralph Lauren Corporation,ok,Consumer Discretionary,"Apparel, Accessories & Luxury Goods",2026-10-01,363.55999755859375,22.879017,753.0,False,False,2.391075015982036,1.7919122608530014,3.61968099448724,6.976172409922543,-8.443521247312146,17.176369452061802,356.88155147007535,302.2355458840906,252.6179026974783,252.6179026974783,227.12505672039742,35.81203089217505,68.2609610201801,-11.771293739853776,18.79407175089204,679827.45,-46.94992089536837,412.0654296875,306.0422058105469
RJF,Raymond James Financial,ok,Financials,Investment Banking & Brokerage,2026-10-01,159.2100067138672,13.877941,753.0,False,False,0.7530707563799588,-1.2099757408361556,0.2834544108099468,-8.236307369528994,-2.1209866411959544,-6.498111544468699,160.09634108770462,155.58229919068842,140.8005277372768,140.8005277372768,68.68538084078304,25.72973347953802,21.871317833193174,-12.12605522135604,13.830412329745101,1286044.65,-63.32219102968158,181.17999267578125,139.865966796875
RDDT,Reddit,ok,Communication Services,Interactive Media & Services,2026-10-01,148.60000610351562,34.59302,635.0,False,False,4.324630410367569,3.8579844854760514,-2.6977442929911333,2.7378365117378456,-23.665686802671882,-35.388494041349794,176.57313501267205,164.15388449254738,141.74900786031887,141.74900786031887,194.607474522866,80.9777060723941,41.268330672028995,-42.60996782648318,21.96323914145013,4758740.45,-43.283122322840704,258.92999267578125,121.83999633789062
RTX,RTX Corporation,ok,Industrials,Aerospace & Defense,2026-10-01,184.7698974609375,32.4912,753.0,False,False,-0.47406219471120004,-1.5400757459088865,-2.0360018752914932,-9.938636107042386,-6.959247128637191,12.061438395165691,188.73402465335906,159.96629739282616,137.48868881975355,137.48868881975355,174.96355207236883,23.873308430457975,19.934700909127088,-18.05849795567149,19.434647516744313,3857824.45,-57.48927870473732,225.49000549316406,154.70376586914062
O,Realty Income,ok,Real Estate,Retail REITs,2026-10-01,53.73500061035156,39.178833,753.0,False,False,-1.0405131393139366,-2.4365262566476864,-2.5421712445914513,-11.992532711559111,-14.681029045671302,-6.317080817341991,59.377956859649174,55.970971012495426,53.244696881824915,53.244696881824915,29.574640940938224,18.08469247798476,4.919133357513601,-17.96023528811542,0.5569631747265029,8635290.2,-9.914967304746735,65.49872589111328,53.437374114990234
REG,Regency Centers,ok,Real Estate,Retail REITs,2026-10-01,71.79000091552734,24.15488,753.0,False,False,-0.1252035911650573,-2.1000966549480804,-1.5496397172143683,-4.658159758793623,-10.428610348050293,2.536089434760491,73.4441933102078,70.62973935860562,66.13688562400787,66.13688562400787,39.45696070327982,18.444203304273216,23.047601609002967,-12.291974844314945,11.233343503494993,1340215.85,-62.116773951002,81.85111999511719,64.54000091552734
REGN,Regeneron Pharmaceuticals,ok,Health Care,Biotechnology,2026-10-01,740.25,18.29948,753.0,False,False,-2.3764647245831605,-1.5952143569292088,-7.006107655947035,-10.144207057516796,13.273479351048568,32.328914643214276,718.2799539717417,688.1351114706214,777.370029039117,777.370029039117,-8.654261191029,31.625837240237566,36.25701614720668,-13.119259351588791,33.40612143858658,731910.55,-5.014212460798662,852.030029296875,554.8845825195312
RF,Regions Financial Corporation,ok,Financials,Regional Banks,2026-10-01,26.80500030517578,10.904471,753.0,False,False,-0.27901360837945255,-1.6691119584950842,-1.6691119584950842,-8.484126093127575,-10.57841573286008,5.759402803295366,27.385316273522754,24.89382941789361,22.355828733558198,22.355828733558198,85.01595541672542,28.511652281363414,10.463746540804337,-16.429457469443484,19.437921395988933,8904989.75,-16.78266670660682,32.07469940185547,22.4426212310791
RSG,Republic Services,ok,Industrials,Environmental & Facilities Services,2026-10-01,207.82000732421875,29.711016,753.0,False,False,-0.9767893651610682,-2.3998429189556414,-2.3034946729811656,-6.928203872571304,-4.380228754063054,-8.395044207789216,214.34881040785046,219.54081376520287,205.05980140311152,205.05980140311152,51.831867264286835,17.32053564749711,17.280666354798072,-10.010429643842695,5.409763796298532,1557742.6,-47.22799517712362,230.93788146972656,197.1544189453125
RMD,ResMed|,ok,Health Care,Health Care Equipment,2026-10-01,222.7100067138672,21.336208,753.0,False,False,0.7281775512922417,0.27465132534361114,0.36955578280875034,-3.7387594543848546,6.544441200087592,-17.7780104985747,231.2252956572033,237.18137344421143,220.31528380699208,220.31528380699208,57.37901039268078,31.756064713331195,59.25000508626302,-20.549903433079233,22.168856001435675,1233023.7,-57.99156171937327,280.3143310546875,182.296875
RVTY,Revvity,ok,Health Care,Health Care Equipment,2026-10-01,149.97999572753906,72.21875,753.0,False,False,-1.9033315937774797,-0.6886561485229148,-0.46455865560623977,18.476972957022973,31.921623240006802,71.58548158017119,103.77678831796797,103.86576206465641,104.58127552452949,104.58127552452949,40.2465100102555,36.514397951997005,81.16048331738551,-1.9033315937774802,82.43866068331188,2222209.3,-40.67228500933733,152.88999938964844,82.20845031738281
HOOD,Robinhood Markets,ok,Financials,Investment Banking & Brokerage,2026-10-01,111.9800033569336,49.491196,753.0,False,True,-0.46221923828124734,-3.8468107184936207,-7.316666413027084,8.182785282484751,-0.6653064647086926,-21.790746553184526,102.28462297954256,82.35746005616815,60.30154706884032,60.30154706884032,1050.8736754903925,68.81273385800213,49.32602663890778,-26.551227583838017,71.85389359032543,23359424.05,-37.191169745471534,152.4600067138672,65.16000366210938
ROK,Rockwell Automation,ok,Industrials,Electrical Components & Equipment,2026-10-01,438.25,41.06935,753.0,False,False,0.6707586239868668,1.630258049115585,1.2288377830645958,4.962517970272962,-6.80517527225134,27.05987111195578,410.19467114645335,351.1474078660942,322.4328700821713,322.4328700821713,62.12890650358087,32.308240690706555,59.40837858552256,-11.206271306393969,33.06738221182847,675693.2,-23.80210426862368,493.55963134765625,329.34442138671875
ROL,"Rollins, Inc.",ok,Industrials,Environmental & Facilities Services,2026-10-01,30.5049991607666,27.699999,753.0,False,False,1.2782148433134077,-0.2778718254242918,0.34539323537465805,-15.708758446171178,-29.336939872573776,-47.31335207203864,51.12556277381049,51.563654128298815,48.78356613422611,48.78356613422611,-13.248006132423596,23.889053255891152,24.53286076177561,-52.97026165551073,1.5817464644026065,7707334.55,-43.862680775936994,64.86321258544922,30.030000686645508
ROP,Roper Technologies,ok,Information Technology,Electronic Equipment & Instruments,2026-10-01,362.4800109863281,15.099376,753.0,False,False,3.7405933394104807,2.3954833294712152,-0.4230476550247664,-13.346558030673261,-0.22265995567465335,-26.67428131320181,388.0793704078311,466.6406914456432,487.25159506018895,487.25159506018895,-23.56113522195483,22.942243609574984,31.23378559910479,-29.795814799771332,15.461421078898258,867570.4,-20.92768494637438,516.322509765625,313.94036865234375
ROST,Ross Stores,ok,Consumer Discretionary,Apparel Retail,2026-10-01,235.22000122070312,28.49638,753.0,False,False,0.7797803649583379,-0.7887279708429618,-0.07646248107398002,2.806930517757422,10.422440900013585,55.63855626289236,205.60561267913334,172.98958063315584,160.331558632819,160.331558632819,111.62516453229996,24.509645360286143,57.598365632315925,-7.6618646622684485,60.56974561022038,1860755.95,-52.92133823352816,254.73765563964844,146.49085998535156
RCL,Royal Caribbean Group,ok,Consumer Discretionary,"Hotels, Resorts & Cruise Lines",2026-10-01,269.8999938964844,16.687462,753.0,False,False,1.5196000780559382,11.257676726518895,12.938320663540882,2.1843608557617245,-8.368591857915042,-14.920098370067548,282.3193415687198,266.8369133937881,220.8640308962717,220.8640308962717,204.45662970982053,42.15740380562533,56.55348537477471,-21.166133060406462,17.1949588883969,3209286.5,-37.77028009185219,342.36553955078125,230.3000030517578
SPGI,S&P Global,ok,Financials,Financial Exchanges & Data,2026-10-01,389.2449951171875,23.63708,753.0,False,False,-1.3245636137974026,-1.6859512235203655,-3.4730328289677592,-11.577428347191754,-11.314429735341836,-14.714950449567954,430.39969550238715,454.9056963065706,438.7413299276851,438.7413299276851,14.938640361018996,24.38221138694132,29.282900561810663,-24.17380721349897,6.018100107915071,1879741.75,3.893792857449707,513.3384399414062,367.1495666503906
CRM,Salesforce,ok,Information Technology,Application Software,2026-10-01,235.8350067138672,21.179693,753.0,False,False,2.729014762281401,3.768646227127337,-1.0011730730478452,-8.469292819583806,42.22497201866888,0.3524484558255381,208.7436662098718,246.04901794798346,248.9783728448835,248.9783728448835,17.980034431396085,38.858460382719876,41.293984646271134,-10.809435973526664,57.37404574245396,12292914.75,-54.23709417654589,264.4169921875,149.85635375976562
SNDK,Sandisk,ok,Information Technology,"Technology Hardware, Storage & Peripherals",2026-10-01,1783.4200439453125,24.168226,410.0,False,False,2.5018839656753,4.117604089796223,1.6993447218383029,16.04234903482031,2.2017217160637426,1489.5009736658044,943.1893838549418,598.4914261841193,598.4914261841193,598.4914261841193,4853.944566514757,104.99854423126551,59.107850371463535,-23.622267925254285,1425.4640219665996,9369473.05,-16.668088393722424,2335.0,116.91000366210938
SBAC,SBA Communications,ok,Real Estate,Telecom Tower REITs,2026-10-01,158.87249755859375,17.158747,753.0,False,False,-0.7791016716436561,-2.7886528308355474,-4.362808675428321,-15.855887075423237,-13.324337664091257,-15.733756083522078,189.24089661855547,200.77328545923726,202.22912875272996,202.22912875272996,-14.71952179422179,29.62623387949992,4.169869957774395,-28.07354938944294,0.0,955240.7,-61.66264691192491,220.8818817138672,158.87249755859375
SLB,Schlumberger,ok,Energy,Oil & Gas Equipment & Services,2026-10-01,48.67499923706055,23.734146,753.0,False,False,-0.09236860122132651,-5.467085549899076,-5.356797689612258,-14.387477567560335,8.414705444780912,45.08289202518512,46.910501275743755,41.75210356617354,43.214895511845036,43.214895511845036,-9.252925700936443,33.38196404441972,17.509905117632925,-18.58975091059582,57.20360525073236,13510911.75,-27.940947434580053,59.78976821899414,30.963029861450195
STX,Seagate Technology,ok,Information Technology,"Technology Hardware, Storage & Peripherals",2026-10-01,932.1500244140625,66.85068,753.0,False,False,1.0635988109546801,1.1546282227735905,2.8954037882733763,14.236045427995103,13.745766097469092,297.20599275385973,565.4265968080551,341.5453924961774,256.23201163546497,256.23201163546497,1394.9398809211727,52.65353768445339,69.02301967100148,-14.668352252593833,343.0583679621982,3734295.1,-49.82180171031475,1092.3848876953125,210.389892578125
SRE,Sempra,ok,Utilities,Multi-Utilities,2026-10-01,77.98500061035156,22.585506,753.0,False,False,0.03206968467484028,1.424113967219709,0.3151566160464414,-6.669829519146897,-15.495373870542783,-10.073407667687784,88.80961866227408,82.63703794593356,77.95891488975738,77.95891488975738,31.267812844369878,23.8966456169145,25.761448408463124,-20.599490489478722,1.4241139672196994,3442226.9,-52.80560964763828,98.21725463867188,76.88999938964844
NOW,ServiceNow,ok,Information Technology,Systems Software,2026-10-01,138.5500030517578,83.933334,753.0,False,False,3.387813395283956,5.401298036021429,0.5588650597205813,-3.0440804972165836,30.314149218815878,-24.723995286468725,128.16184119572716,160.31401180556097,155.9450065744509,155.9450065744509,24.76811953758089,44.72945810815236,57.02943179352097,-26.79305167080914,66.92771452019014,12156722.4,-36.34758000232037,189.25799560546875,83.0
SHW,Sherwin-Williams,ok,Materials,Specialty Chemicals,2026-10-01,320.1050109863281,29.551247,753.0,False,False,-0.9790509898553901,-3.8117122608509635,-0.09206707733320219,-2.983785681609785,-8.975010044752295,-6.676634373195556,332.3303600492932,341.6529999387217,329.3699971638511,329.3699971638511,30.11549777496714,24.6109802675041,46.48614647497131,-13.476090236876626,9.503372209121647,1689919.0,-44.60799600454223,369.9613342285156,292.3243408203125
SPG,Simon Property Group,ok,Real Estate,Retail REITs,2026-10-01,200.2725067138672,14.169372,753.0,False,False,-0.24282118265954722,-2.081597854026218,-2.1629166098593,-4.45930286687044,-10.456480237100617,11.659210984256418,194.3335711766803,176.3785857546377,159.90154349439806,159.90154349439806,121.73344600438969,22.733165032308168,32.27691869503816,-14.481592677233415,20.883077071572036,1227732.65,-51.91518283724066,234.18643188476562,165.674560546875
SWKS,Skyworks Solutions,ok,Information Technology,Semiconductors,2026-10-01,83.05999755859375,42.9171,753.0,False,False,-2.831078267784781,-5.171822090072675,-5.409406823898866,23.216129723014856,32.76853538250541,11.396111443998059,66.03320247407943,69.57717707812549,77.61291065697334,77.61291065697334,-6.826555001810952,45.75730578806285,44.44444444444444,-9.174411885871262,59.58423934792162,7133400.4,-60.550258751772866,91.44999694824219,52.04774475097656
SJM,J.M. Smucker Company (The),ok,Consumer Staples,Packaged Foods & Meats,2026-10-01,115.92500305175781,55.195244,753.0,False,False,-2.510302344984905,-3.9003517439994306,-4.713957288937443,-11.790439303817447,0.6290057084501477,11.139952899169003,105.64150698222811,104.80941006481885,105.61328001389624,105.61328001389624,7.228932327558524,27.01333421537363,33.32269561687045,-12.403652516524206,32.145904800469495,1284354.1,-46.2389694555419,132.33999633789062,87.72500610351562
SW,Smurfit Westrock,ok,Materials,Paper & Plastic Packaging Products & Materials,2026-10-01,43.42499923706055,46.18085,753.0,False,False,-1.5306105678363102,-3.649879007992496,-5.597827745520545,-4.4133855484187805,-4.591813216036844,5.035339479246814,41.44382780317276,43.30880730085639,41.651836633365626,41.651836633365626,45.455364383889304,41.26873074428418,51.074976505705244,-14.503155810289226,36.363359214805236,4185444.8,-38.921760478121705,50.79134750366211,31.845064163208008
SNA,Snap-on,ok,Industrials,Industrial Machinery & Supplies & Components,2026-10-01,367.17999267578125,18.93299,753.0,False,False,1.0540763748259074,-0.549822276286871,-0.14413499540755215,-3.6778643972434244,-10.345279815703323,8.829852552072426,366.4679363190182,342.1593275944075,314.2007842450186,314.2007842450186,57.88706775858374,22.730508595331813,35.63973489133133,-11.88902242342804,15.213435049827096,284129.3,-53.72318166412264,416.7244567871094,318.6954650878906
SOLV,Solventum,ok,Health Care,Health Care Technology,2026-10-01,87.0,10.683373,632.0,False,False,-1.3045961497133884,-2.8367220120129266,-1.7947809048622476,-4.34304241977056,11.153703502435185,19.17808219178083,77.45253964075967,74.79782865151941,71.90911392622357,71.90911392622357,8.749999999999991,31.762454383386547,47.88336130063002,-5.884900798065679,39.22227182461257,843020.65,-62.941239932853364,92.44000244140625,62.4900016784668
SO,Southern Company,ok,Utilities,Electric Utilities,2026-10-01,83.46009826660156,20.104818,753.0,False,False,0.6877776343961806,1.3480264882206772,0.6877776343961806,-5.255872702650555,-14.115893057062511,-9.026123939999541,90.72624121771918,87.95470814495923,81.59484926606238,81.59484926606238,47.58113616602484,17.479245062406452,28.605219252240403,-14.392095070140092,1.703666825182328,6320136.75,-28.910794533045504,97.4911117553711,82.0620346069336
LUV,Southwest Airlines,ok,Industrials,Passenger Airlines,2026-10-01,41.91999816894531,26.19375,753.0,False,False,0.6724274337200908,-0.8514678825578437,0.8904908271448075,11.773733852601076,-16.1863808577699,33.71399396277401,41.02571439743042,35.860086646213,32.787110276747825,32.787110276747825,64.36121825983821,40.8785627816881,67.6780817402271,-22.476316075185533,43.80901499227076,6040488.3,-44.57789116154732,54.073795318603516,29.149770736694336
SWK,Stanley Black & Decker,ok,Industrials,Industrial Machinery & Supplies & Components,2026-10-01,89.15499877929688,21.798288,753.0,False,False,0.6377722821561793,0.4789760016729039,-1.1256508930461595,-4.845091951728953,-2.142654190718807,25.090683788845027,79.14331831250873,76.37475981845324,78.27989176006747,78.27989176006747,24.58782748389654,38.154489096975794,49.66522612636489,-13.527981122222569,49.67792740231318,1691239.3,-47.14609576539524,103.10271453857422,59.56455993652344
SBUX,Starbucks,ok,Consumer Discretionary,Restaurants,2026-10-01,94.2699966430664,54.473988,753.0,False,False,0.3299250336465498,-1.0496484047821997,0.662034284127766,-11.191714283599142,-9.071128787084904,14.273848675083878,94.60423315139045,92.5304952218713,89.64123283882698,89.64123283882698,11.55059404269978,32.99373289812581,30.133300962050996,-13.107200203431772,23.216502185629146,6796732.25,-64.4190044414358,108.48999786376953,76.50760650634766
STT,State Street Corporation,ok,Financials,Asset Management & Custody Banks,2026-10-01,173.85499572753906,15.32789,753.0,False,False,-0.4209866692070352,-3.268792154708655,-3.9952513980131665,-7.420521889769283,1.854234718415504,53.72101640676401,145.90875889006116,120.62738021911377,103.79692291928478,103.79692291928478,185.88968438875716,24.793107714870057,12.01169691235917,-10.50396342854773,59.495943609987975,2092041.2,-49.12987373288824,194.25999450683594,109.00276947021484
STLD,Steel Dynamics,ok,Materials,Steel,2026-10-01,227.1199951171875,20.583105,753.0,False,False,2.486347408357248,-1.1833144169441256,-3.20418129352249,-2.7451995076015923,3.300406878182427,64.63989030891764,202.7927129230802,165.10726630830194,149.6739989910151,149.6739989910151,122.41088512952717,34.82023987834551,39.49087324774098,-19.30256155804422,62.8066666076016,1002002.2,-39.71630002409176,281.44635009765625,139.5028839111328
STE,Steris,ok,Health Care,Health Care Equipment,2026-10-01,209.39999389648438,25.581198,753.0,False,False,-0.29046265716259345,-0.7582967315239886,0.3017625191027218,-8.53955064327111,-3.74018620055363,-14.64610811537671,231.5657765221974,228.2136572727644,224.4292481157726,224.4292481157726,-0.04775745012944865,23.282902593981493,46.83721012757048,-21.384824435072428,5.335463800744343,645213.4,-58.71629448489446,266.36077880859375,198.79344177246094
SYK,Stryker Corporation,ok,Health Care,Health Care Equipment,2026-10-01,273.9649963378906,28.423235,753.0,False,False,-0.5174546042876815,-0.1734149682860231,1.8841789459288716,-13.41128545869873,-15.834949484759742,-25.06823940742937,335.6262760465107,353.57843795715576,341.3942793887925,341.3942793887925,3.050955283136636,24.09141217058451,49.08402061021089,-28.686346820085586,1.8841789459288765,3162909.05,-49.44271318835425,384.1690673828125,268.8984680175781
SMCI,Supermicro,ok,Information Technology,"Technology Hardware, Storage & Peripherals",2026-10-01,41.810001373291016,12.861963,753.0,False,False,1.8018059020342703,0.07181090203622897,0.7227247985750695,13.892678877716236,53.60030282138353,-12.786811491485405,34.35646812499515,37.26326693576645,45.42132535177081,45.42132535177081,44.74140357644711,100.23702110599535,54.79529750256042,-28.749145951174736,103.65319033081117,37746106.75,-43.678602032248,58.68000030517578,20.530000686645508
SYF,Synchrony Financial,ok,Financials,Consumer Finance,2026-10-01,71.29000091552734,7.3088207,753.0,False,False,0.450894306495897,-0.3215824081856389,-0.36338522032262066,-6.9564103889208635,-6.199617716273842,2.0093191447923653,74.10796064043802,67.77376904430618,58.210206301563765,58.210206301563765,149.51652137318266,35.37213973719616,30.252128855886625,-18.411897665907233,12.712966229316603,2834653.35,-44.91859119211172,87.37793731689453,63.2491569519043
SNPS,Synopsys,ok,Information Technology,Application Software,2026-10-01,491.80999755859375,85.62021,753.0,False,False,13.0753655212132,17.767777306513977,15.744509030124787,18.559854605614646,12.501142245099928,-0.320236940946117,443.45523931109716,476.9278892121942,498.2354329021803,498.2354329021803,6.0346664206767375,45.882268690894435,76.95996974903548,-7.99723140437835,33.75305445507658,2181874.5,118.22015885881613,534.5599975585938,367.70001220703125
SYY,Sysco,ok,Consumer Staples,Food Distributors,2026-10-01,77.88999938964844,21.26366,753.0,False,False,-0.08978924531332089,-0.8654706730520378,-0.38368466861556927,-5.139448531645863,-8.181070719800033,-2.7204769186439215,78.3092019217355,75.57628047988709,73.61053424242483,73.61053424242483,29.86922058035495,22.568896573045876,23.71542366121878,-13.342096004298435,13.993277106375471,4728020.2,-64.79913516443945,89.88216400146484,68.3285903930664
TMUS,T-Mobile US,ok,Communication Services,Wireless Telecommunication Services,2026-10-01,161.73500061035156,16.91841,753.0,False,False,-0.8247493289192498,-2.832680339043059,-2.1862747866491894,-11.212671629961301,-8.36612795621685,-31.008584983000244,193.92991492861793,213.4748524213692,195.85965831092946,195.85965831092946,22.147763384613395,25.18014743306568,19.797596542859807,-29.19846411693905,0.0,5048930.55,-60.28840206566122,228.43431091308594,161.73500061035156
TROW,T. Rowe Price,ok,Financials,Asset Management & Custody Banks,2026-10-01,106.03500366210938,10.639558,753.0,False,False,1.9077371957059608,2.1433447219375568,1.692727607045863,-1.4919292420172758,-9.444033741174064,8.740771596590168,100.77536107623388,98.65404314443884,97.78345469237956,97.78345469237956,17.335818357099985,25.979352835913623,54.357849823737375,-11.773426980589509,26.049725094780673,1493969.1,-17.489458115298373,120.18488311767578,84.12156677246094
TTWO,Take-Two Interactive,ok,Communication Services,Interactive Home Entertainment,2026-10-01,204.07000732421875,19.857815,753.0,False,False,-1.6530085184487953,0.85001293245488,0.5370044436018295,-5.819635304506798,-19.96940941683709,-21.01330744134733,229.81444452679347,219.36157363344475,196.8869322717269,196.8869322717269,46.8129549095099,29.266208566804675,38.34833323040204,-22.196804805369435,7.580792186058603,2461847.15,-32.25237399486803,262.2900085449219,189.69000244140625
TPR,"Tapestry, Inc.",ok,Consumer Discretionary,"Apparel, Accessories & Luxury Goods",2026-10-01,119.06999969482422,16.357634,753.0,False,False,3.5031282573233513,4.953726661752111,6.1987127880748005,-2.1439585329841804,-17.11992217736831,6.521202006483784,132.07808258419945,104.19798294006591,81.90274417162891,81.90274417162891,344.9176367120823,39.33931241564687,51.521516016126604,-27.46609575543955,22.055781043948784,3116408.0,-43.846890394325776,164.15771484375,97.55375671386719
TRGP,Targa Resources,ok,Energy,Oil & Gas Storage & Transportation,2026-10-01,278.3450012207031,26.575527,753.0,False,False,2.972514422211736,0.3298160145183804,-1.6969778489692944,-5.983583220960009,8.022122200082805,69.70888762156042,228.90902722071087,200.7455753767158,168.6183499644002,168.6183499644002,255.9822496921778,29.714741835961423,36.717627999746675,-7.9090153115953274,94.3474208155113,1092560.4,-34.62988407780475,302.25,143.22032165527344
TGT,Target Corporation,ok,Consumer Staples,Consumer Staples Merchandise Retail,2026-10-01,156.58999633789062,16.219917,753.0,False,False,-0.06382417637208482,-1.1613939424058972,0.2817819139320221,-4.372521320372136,21.182630620528474,81.63978768446343,118.93323111155676,113.86038822006894,120.01510215850465,120.01510215850465,63.81767380027643,35.20476796472417,51.61426027682294,-7.828596797657175,92.28332136982456,3223526.0,-43.71318860154998,169.88999938964844,81.43711853027344
TEL,TE Connectivity,ok,Information Technology,Electronic Manufacturing Services,2026-10-01,217.9600067138672,21.35812,753.0,False,False,3.2594299901130164,1.5136695535253208,2.0077730058900567,4.788464766282297,10.82408391586689,0.36440891790070484,216.3925031631712,188.1289914347736,170.87381539718405,170.87381539718405,84.93402055435695,29.13460111419769,56.53594423597056,-11.514059340142255,12.161395201509615,1849836.85,-51.22072522233515,246.32162475585938,194.32711791992188
TDY,Teledyne Technologies,ok,Information Technology,Electronic Equipment & Instruments,2026-10-01,613.0900268554688,29.634605,753.0,False,False,1.0349251532014492,0.3699899648665461,0.17483207902877496,0.4226002929639483,-5.979326035535138,4.615734393953397,603.8086104620071,551.0233861307698,504.04049119278096,504.04049119278096,52.40380548768688,23.622265393057294,58.039466047591404,-11.313461929486161,26.54860472489235,272535.55,-45.61773684203767,691.2999877929688,484.4700012207031
TER,Teradyne,ok,Information Technology,Semiconductor Materials & Equipment,2026-10-01,414.5450134277344,57.247932,753.0,False,False,3.4010151009144396,3.300529787605866,6.9241682681113526,23.622568422002942,12.358572758275077,201.76402453599582,298.98871061537,202.1096518923087,172.87408035906503,172.87408035906503,316.2638102473753,59.41115488429829,60.74415351798234,-14.288967434591585,214.46696656114455,2424788.6,-58.82643130209372,483.6542053222656,131.8246612548828
TSLA,"Tesla, Inc.",ok,Consumer Discretionary,Automobile Manufacturers,2026-10-01,357.0,336.78302,753.0,False,False,0.6172324501776627,-0.12589514384199196,-5.540562604153731,0.25555440238929084,-9.264204111360264,-19.724770862547725,402.4548011658684,364.30790810755997,312.5875031571306,312.5875031571306,41.89188844976408,58.066301259660534,43.76662237039735,-27.12501093295278,19.670149917905754,38146280.25,-38.64721580553061,489.8800048828125,298.32000732421875
TXN,Texas Instruments,ok,Information Technology,Semiconductors,2026-10-01,281.80499267578125,42.83283,753.0,False,False,0.6123018887906673,1.2557921554548823,4.121558851231066,11.235887246136066,-3.3547593839445278,57.35204706902357,230.07953867836605,206.5380604960529,192.86482806161422,192.86482806161422,91.97674371465021,36.8083592530776,65.83302730915521,-14.756274228176258,86.88142689210851,5730176.35,-68.48391934743859,330.5873718261719,150.79347229003906
TPL,Texas Pacific Land Corporation,ok,Energy,Oil & Gas Exploration & Production,2026-10-01,337.7900085449219,43.008278,753.0,False,False,3.6706326813181978,-0.10645729944112059,-0.13599156099870502,-8.688126069039203,-16.912501614841247,9.207088301465038,377.32194652254617,383.6080961189422,324.73928097424755,324.73928097424755,79.58908544777479,47.30092465650154,36.71166200393741,-37.22566043848052,24.00707651382544,390309.0,-54.912646134216736,538.10205078125,272.395751953125
TXT,Textron,ok,Industrials,Aerospace & Defense,2026-10-01,77.12999725341797,14.523541,753.0,False,False,1.2204728903171258,-0.3102048399173274,1.4601429352375517,-3.2122878552738987,-16.595154993384263,-8.627550896824587,88.13330138675751,83.12536548143365,83.79425037682927,83.79425037682927,0.08010698618650114,25.943176882516823,29.90655390283031,-23.40695811710627,1.4601429352375577,1910353.85,-63.13368855722724,100.7010498046875,76.0199966430664
TMO,Thermo Fisher Scientific,ok,Health Care,Life Sciences Tools & Services,2026-10-01,658.9124755859375,35.483036,753.0,False,False,-2.3905655134950465,-2.9011937383288,-2.871141768292962,9.811418020607343,25.97767983838444,36.330047457044934,545.4842955574156,518.2376544846006,528.1307353593439,528.1307353593439,34.19410671340837,27.834700843539643,72.13378226907359,-3.0454981845091886,50.585971650040506,2280218.1,-29.881181102807663,679.6099853515625,437.5656433105469
TJX,TJX Companies,ok,Consumer Discretionary,Apparel Retail,2026-10-01,133.61619567871094,24.748148,753.0,False,False,0.9872255643710748,2.584411269643705,1.5089194881263701,0.25976693565810116,-13.109178940691935,-6.4298077512839225,150.39129581148663,136.70006705660268,123.63345095772509,123.63345095772509,56.66167669357556,18.747175578351747,68.603314126799,-20.409846972479333,8.772549383002822,9123609.0,-66.15725202603487,167.88031005859375,122.83999633789062
TKO,TKO Group Holdings,ok,Communication Services,Movies & Entertainment,2026-10-01,175.36000061035156,61.251747,753.0,False,False,-2.425996316902601,-3.425488026203638,-5.241541703344598,-3.3971323076116167,-9.434188717030057,-11.79297970732266,193.5663223872109,173.5279498461233,146.5197416105435,146.5197416105435,111.42881584962798,31.908830313070695,29.14749745545417,-21.10766081435775,0.9365470552690378,1191758.5,-34.1502494003609,222.27760314941406,173.73291015625
TSCO,Tractor Supply,ok,Consumer Discretionary,Other Specialty Retail,2026-10-01,31.565000534057617,16.481676,753.0,False,False,0.8788737950909065,-1.5746777847587712,0.3975826904474511,-9.060785460584864,0.07263045484284802,-43.15993855325658,42.3285553493197,47.94343214300999,47.546308383207084,47.546308383207084,-17.825807595271094,28.891142781248718,39.110805756822685,-42.655767400137606,9.070238905735412,9260916.8,-31.942634448459795,55.044769287109375,28.940067291259766
TT,Trane Technologies,ok,Industrials,Building Products,2026-10-01,459.1199951171875,34.18741,753.0,False,False,1.5797123672080637,1.5617390604614645,4.692841285006155,4.5564965794966605,-3.7488967021470754,9.574914465406525,439.41984412783665,415.2183064616534,371.13889779829253,371.13889779829253,138.27458434832107,27.725081304980804,61.572787103302346,-8.591462376173917,22.828221669821783,1122749.25,-46.84610121093379,502.2725524902344,373.7903137207031
TDG,TransDigm Group,ok,Industrials,Aerospace & Defense,2026-10-01,1096.43994140625,33.20518,753.0,False,False,1.27840071424552,-1.1521636496297338,-0.7998052671094213,-5.132559342609932,-18.691280666037223,-16.811586686202563,1261.9571814158605,1275.65693549046,1191.4353948139733,1191.4353948139733,55.59679803098603,26.346502646508597,36.80061218809509,-24.383452316810345,1.898674868747273,393863.55,-35.21334990252335,1450.0,1076.010009765625
TRV,Travelers Companies (The),ok,Financials,Property & Casualty Insurance,2026-10-01,361.635986328125,9.901534,753.0,False,False,1.437821217381785,-0.41965451002757836,-0.2080709428608274,-0.28785882010027297,6.006962950796857,31.495969151385683,308.9150647360181,280.3086772477959,252.59915805527888,252.59915805527888,134.4977461668808,22.299750989826077,32.24411594101001,-8.646987909268091,40.36894370252145,1364212.75,-62.72905380777301,395.86651611328125,257.6324768066406
TRMB,Trimble Inc.,ok,Information Technology,Application Software,2026-10-01,57.900001525878906,13.996789,753.0,False,False,1.3832969831629738,0.6781485232624007,0.3640195946766678,-1.764501399833418,9.162896920178621,-29.08756834802073,66.2540078692966,69.21701187346561,64.32589637077504,64.32589637077504,9.57608129954406,31.586509225801713,51.51134584368483,-30.67528274297937,18.47759932751421,2299831.1,-25.37617218934034,83.5199966430664,48.869998931884766
TFC,Truist Financial,ok,Financials,Diversified Banks,2026-10-01,46.01499938964844,10.577011,753.0,False,False,-0.6155504365191966,-2.2828642163008728,-2.4692685629328803,-6.927587646028488,-8.844591575412808,4.956636252223667,47.900958833240324,44.26601733629447,40.52296603026776,40.52296603026776,93.00628473546982,27.66803856629857,20.941028718657066,-15.005010893752777,16.783103923167968,7691061.2,-25.578228398442604,54.138484954833984,39.402103424072266
TYL,Tyler Technologies,ok,Information Technology,Application Software,2026-10-01,332.3500061035156,43.693825,753.0,False,False,4.315756351722255,2.5708343226603425,1.682729049195153,-11.710009146436873,4.479723271480474,-36.472585219798795,373.91829354422435,477.23322615300515,472.6113140617867,472.6113140617867,-13.079292071335601,31.817937863600864,47.46478479737692,-35.9251181747889,20.73601168597015,722435.45,-53.75240791409115,518.6900024414062,275.2699890136719
TSN,Tyson Foods,ok,Consumer Staples,Packaged Foods & Meats,2026-10-01,50.209999084472656,30.98148,753.0,False,False,-0.6332865674940957,-1.4524075905511413,-1.818537966905076,-8.808576403652324,-13.943390445714032,-4.280720218266643,57.72484317658439,56.330662146032566,54.606363319305785,54.606363319305785,13.180262844602296,23.680556029544395,19.5604804666835,-25.664178122460317,2.475488915659105,3900760.75,-52.30379099769193,67.5448226928711,48.9970817565918
USB,U.S. Bancorp,ok,Financials,Diversified Banks,2026-10-01,56.9900016784668,11.375249,753.0,False,False,-1.333096719948046,-2.1362979037722996,-1.4995168134225967,-6.021425316955275,-6.81308145971925,22.454577235195927,54.44652848016648,48.88830136302933,44.79837172914786,44.79837172914786,101.47856176473127,26.82529347425574,21.416894206855773,-12.06926284930774,30.70295549948763,7785386.7,-27.631931243697892,64.8123779296875,43.60268783569336
UBER,Uber,ok,Industrials,Passenger Ground Transportation,2026-10-01,67.9749984741211,14.893443,753.0,False,False,-0.7809132176722633,-0.2714277846952773,-1.7986170537796276,-9.655767671342218,-8.672580685997676,-30.616517681785492,78.38299608987475,79.15240047652408,74.75889118797434,74.75889118797434,48.80691335376191,37.850427312010545,30.54236669835207,-32.092907582116794,3.086132783393699,18794997.95,-37.69215069267937,100.0999984741211,65.94000244140625
UDR,"UDR, Inc.",ok,Real Estate,Multi-Family Residential REITs,2026-10-01,33.58000183105469,21.25,753.0,False,False,0.08942651170316118,-0.738989022963954,0.08942651170316118,-8.548327142567146,-17.330246974449825,-5.477137833375833,35.953703819759305,37.58097547553925,36.540957801687135,36.540957801687135,9.202147125484284,21.58800358564948,28.145986831183322,-17.630950221011116,3.6991643795305382,4221588.4,-50.936287393626536,40.76774215698242,32.38213348388672
ULTA,Ulta Beauty,ok,Consumer Discretionary,Other Specialty Retail,2026-10-01,536.7899780273438,19.504189,753.0,False,False,-1.7174149397286564,-2.247195881802555,-2.1848556123468144,-1.6255535596777393,16.357053226857076,-1.8216775441529443,552.1961496746729,488.5401591266769,468.71240351906175,468.71240351906175,33.215029598149506,35.47527210445489,44.55345716059809,-24.055633334510595,19.08818148138519,494126.0,-65.8143874234507,706.8200073242188,450.75
UNP,Union Pacific Corporation,ok,Industrials,Rail Transportation,2026-10-01,271.8349914550781,21.995142,753.0,False,False,-0.10840900394699649,-0.8263460773445197,-0.8154908634335323,-6.463768487276534,-3.2430535324285747,17.427827113858395,254.16171155657088,238.84335767890352,233.50511155248796,233.50511155248796,43.31267558137233,21.49123523220658,28.750165155493903,-12.080200328089559,28.28217533714347,2385121.7,-50.491666735496146,309.1851806640625,211.90394592285156
UAL,United Airlines Holdings,ok,Industrials,Passenger Airlines,2026-10-01,111.62000274658203,10.456938,753.0,False,False,0.603880862342332,0.09864640681933601,0.3867256909202643,6.6806897416177735,-16.276630202145746,15.668396628582414,106.89103159828791,97.08416333141555,79.62915001574108,79.62915001574108,168.18838445733547,49.857981616497874,53.437745522027924,-17.992798291051507,30.994019417753897,3793860.2,-25.63500363033936,136.11000061035156,85.20999908447266
UPS,United Parcel Service,ok,Industrials,Air Freight & Logistics,2026-10-01,94.01000213623047,17.459108,753.0,False,False,0.6100167807483237,-0.2546396432567932,2.1292765013495973,-8.425872995630456,-13.691584507143373,19.939076946138236,99.2232299683586,99.37558457575946,107.68629547767588,107.68629547767588,-28.03084736271134,29.544167444933823,35.21924348488888,-18.86773880135721,20.894288227913215,4708945.0,-46.59738009256851,115.87252807617188,77.76215362548828
URI,United Rentals,ok,Industrials,Trading Companies & Distributors,2026-10-01,1028.9200439453125,24.808092,753.0,False,False,2.8118081720923227,-1.4368916553522793,0.7096284667682085,3.9155702242387846,-6.180142219416296,8.658848623280502,929.4468042282831,843.8860255997495,766.4321901035182,766.4321901035182,141.78124251283265,39.21710675421815,60.37107111093581,-11.66703083826013,45.37200370875766,472734.8,-29.094282883341783,1164.8199462890625,707.7841796875
UNH,UnitedHealth Group,ok,Health Care,Managed Health Care,2026-10-01,364.45001220703125,23.40167,753.0,False,False,-0.7164581185132635,-3.541268517784857,-2.815924184315388,-7.470562279350268,-13.79204752565817,8.356331183560584,348.21315099322607,385.24483204267887,422.13710804162906,422.13710804162906,-24.579759902859234,36.74902016120605,35.89098374234351,-15.96330202923647,42.37839183434636,5124470.6,-49.910689311009016,433.6795959472656,255.97283935546875
UHS,Universal Health Services,ok,Health Care,Health Care Facilities,2026-10-01,175.55999755859375,7.2315764,753.0,False,False,0.7460134814286423,-1.0818110295048866,-0.8079597096941948,2.816982464769402,11.012684034966359,-13.752404220603742,188.6054290892586,187.03868713986827,181.84294057493983,181.84294057493983,40.91119716465435,30.982985566720128,51.0479409835807,-27.78909482590083,24.50689081333825,769939.35,-59.8946332591002,243.1211700439453,141.00424194335938
VLO,Valero Energy,ok,Energy,Oil & Gas Refining & Marketing,2026-10-01,406.8450012207031,16.962069,753.0,False,False,4.962466550415212,4.434374713581923,6.264696439121553,12.391229646235846,52.5311143406396,144.02147257652155,239.0527690705799,184.9169075042603,168.2787244880342,168.2787244880342,219.94565134567878,34.378671519983975,57.45471881676108,-1.5570551629889593,165.6633504656657,3927771.2,-54.73962434471744,413.2799987792969,153.14306640625
VEEV,Veeva Systems,ok,Health Care,Health Care Technology,2026-10-01,284.67999267578125,46.615383,753.0,False,False,-0.2697563490351218,1.6859556239343876,3.5802635966394325,1.951789376149815,47.7015588680566,-4.440942171694795,216.32551641312855,230.4526496370475,220.28709176558738,220.28709176558738,41.50512130426775,36.8183129222816,76.74027462887742,-7.034161210585739,87.99445713855017,1509854.5,-63.9375847142887,306.2200012207031,151.42999267578125
VTR,Ventas,ok,Real Estate,Health Care REITs,2026-10-01,83.625,152.1091,753.0,False,False,-1.6407865186385817,-3.345182574490435,-3.1114247749999824,-8.625658001958215,-9.070081989516698,22.425050942975577,82.36102552262564,72.2864746154542,63.34292734255037,63.34292734255037,121.06761484012884,22.463566181641884,12.529414189071161,-16.315175872644552,27.035278382704213,3681164.1,-70.72985689499689,99.92851257324219,65.82817077636719
VLTO,Veralto,ok,Industrials,Environmental & Facilities Services,2026-10-01,94.86000061035156,23.879093,751.0,False,False,0.5725200564827615,-1.260116805956979,-1.260116805956979,-2.124922501233528,2.633989736840414,-10.520465666739476,94.36402057466053,97.83040802792249,94.84767265675389,94.84767265675389,23.622107291567552,22.839927601549913,53.91648472535569,-10.963101664630063,15.685015691714794,1690580.15,-61.3858591679312,106.54010009765625,81.99851989746094
VRSN,Verisign,ok,Information Technology,Internet Services & Infrastructure,2026-10-01,287.2149963378906,30.945477,753.0,False,False,1.8456744058806374,1.824011373090828,-1.5982624595319073,-0.4005266840704125,12.33401972570405,4.014651742604913,261.4627884153336,249.54524373818205,228.8060619865914,228.8060619865914,44.52310594133473,24.631974448318555,44.89928885786676,-7.078024965176947,36.56644714708585,708327.35,-50.863537882590585,309.0926513671875,210.31153869628906
VRSK,Verisk Analytics,ok,Industrials,Research & Consulting Services,2026-10-01,169.17999267578125,25.967863,753.0,False,False,0.7923661149260797,0.8404293779658456,0.3142595899660483,-12.71752661268465,-9.9370905291703,-32.05801814755338,196.63366226922898,239.14312984268977,240.58163067132512,240.58163067132512,-26.824223381284806,26.627680601996513,41.62346908822923,-31.524392526008043,8.452065380063189,1262643.55,-51.168245384851495,247.06607055664062,155.99517822265625
VZ,Verizon,ok,Communication Services,Integrated Telecommunication Services,2026-10-01,45.935001373291016,11.961484,753.0,False,False,0.1417101437102275,-1.595970280664638,-2.926877283316409,-8.677928290212467,9.769873685544317,11.655908064018995,44.085530114552334,41.493858656560285,38.915247763928825,38.915247763928825,76.87359058639318,23.089239714902078,21.580559658833977,-10.719143455525487,25.634047603819898,20711286.4,-52.64162828630481,51.45000076293945,36.56254196166992
VRTX,Vertex Pharmaceuticals,ok,Health Care,Biotechnology,2026-10-01,506.18499755859375,29.711853,753.0,False,False,-3.179931538730141,-4.071670939679095,-3.1002349195681456,-7.571446180401931,-4.138887466512675,29.247517778023656,463.427241976299,457.62564706992345,447.37948892094386,447.37948892094386,45.52655524236353,29.873990324961397,42.56208238540769,-9.279343030888299,25.63539469515257,966886.55,-51.46990099303792,557.9600219726562,402.8999938964844
VRT,Vertiv,ok,Industrials,Electrical Components & Equipment,2026-10-01,247.2100067138672,55.717834,753.0,False,False,2.444991593786261,1.2989729204006206,0.7786398851802545,-3.3985946570828984,-17.72181759252309,64.04164740749141,245.90728039211697,180.21673902382415,143.38902952439915,143.38902952439915,546.1016279304177,63.21680235565764,44.16379117222448,-34.26306726624214,65.10774958486513,5317293.75,-52.056908648313815,376.0595397949219,149.72647094726562
VTRS,Viatris,ok,Health Care,Pharmaceuticals,2026-10-01,17.565000534057617,6.564944,753.0,False,False,-0.8747109780081197,-3.8587843789925635,0.8323792028049226,5.622377753913943,5.968483500014732,83.71438597317193,14.087222999996609,11.870790954605042,11.232603500563785,11.232603500563785,98.24795334075453,32.267474977878024,67.79092088063649,-3.858784378992565,86.73226509961476,8790173.75,-56.89988494254735,18.270000457763672,9.406516075134277
VICI,Vici Properties,ok,Real Estate,Hotel & Resort REITs,2026-10-01,22.764999389648438,8.815504,753.0,False,False,-0.892468131624502,-1.8326913955220014,-2.1701807399266637,-9.161865326332707,-14.674294502184937,-25.295749047530524,26.85315725538466,27.821921150997817,27.09618469633429,27.09618469633429,-5.05765349041164,18.985993364807452,25.40559375335465,-25.97674268458949,0.0,10928390.85,-41.04239966856602,30.753847122192383,22.764999389648438
V,Visa Inc.,ok,Financials,Transaction & Payment Processing Services,2026-10-01,360.1499938964844,30.632425,753.0,False,False,0.22820453479015512,-2.063957290327123,-2.1278376151074863,-3.3595457321864197,-0.36200620857068655,6.341991281528148,336.3481930929517,332.9477623563364,309.2211545257771,309.2211545257771,59.31933594910159,20.232372483247666,36.875620714300716,-6.245124131082423,22.349439078581252,5998832.1,-53.54025661094932,384.1400146484375,294.3617858886719
VST,Vistra Corp.,ok,Utilities,Electric Utilities,2026-10-01,139.02000427246094,23.373789,753.0,False,False,0.4842776576706509,0.7245326539955244,0.7829504218788585,0.8456551973758053,-7.813526380781277,-28.630258298536194,160.93535777500696,159.19765873639233,126.90772940089819,126.90772940089819,338.4221990211813,56.22392579573812,32.278708517115135,-33.683860299314524,3.5132268639945377,4721860.55,-27.596104039963652,209.63223266601562,134.3016815185547
VMRK,Vivmark Residential,ok,Real Estate,Multi-Family Residential REITs,2026-10-01,60.279998779296875,23.099619,753.0,False,False,-0.7899926851482775,-1.7761123864409645,-1.261262026840848,-7.659313868715511,-13.676074468482613,-3.7093088768677784,62.464599185519745,64.00618702861892,62.07210655263062,62.07210655263062,16.66178916000476,21.612536582908216,23.804732815030235,-14.06985392999729,6.319058097075339,6135884.3,-62.259946785502464,70.1500015258789,56.697265625
VMC,Vulcan Materials Company,ok,Materials,Construction Materials,2026-10-01,243.61000061035156,28.740257,753.0,False,False,-0.41695795777364486,-1.0318884213342594,0.7902373546650798,-6.191998798522413,-19.501754902558922,-20.216575089012355,285.1746014186314,274.28480183270824,261.7973732106081,261.7973732106081,23.9730821075391,25.637036321271587,37.41383009604584,-25.837343355951113,1.154340720906974,1244071.8,7.368079559395202,328.4806823730469,240.8300018310547
WRB,W. R. Berkley Corporation,ok,Financials,Property & Casualty Insurance,2026-10-01,68.9000015258789,14.31185,753.0,False,False,2.013622433989193,1.8326896196488862,2.3926297940947805,1.8880435005800278,-4.2749914115400305,-7.566595603107307,69.24552284725128,66.46824034276712,60.732472124644325,60.732472124644325,76.35264275757211,22.249606822787836,45.25034500638483,-9.734284268115792,9.56996312406232,3777644.35,-77.49425511694874,76.3302001953125,62.882198333740234
GWW,W. W. Grainger,ok,Industrials,Industrial Machinery & Supplies & Components,2026-10-01,1274.22998046875,32.50306,753.0,False,False,2.285349544049131,1.4764822470216599,-0.40954382317354154,-2.67183885797061,-4.933922718874594,34.81774824676089,1150.0670190235926,1094.3686708245145,1024.395866161007,1024.395866161007,88.10223824445704,23.030133403744482,48.0599754398177,-8.937870255056161,39.59344356300352,267206.25,-30.11952377610928,1399.29736328125,912.8150634765625
WAB,Wabtec,ok,Industrials,Construction Machinery & Heavy Transportation Equipment,2026-10-01,287.3900146484375,38.63172,753.0,False,False,0.0731325224641921,-1.7033144823065505,-0.9785329670901621,2.7126616106519563,9.724496692895368,44.02795769639594,248.5844359019446,220.6011120313667,194.22908677586204,194.22908677586204,177.19282831099198,25.234937917367116,55.68276053662314,-5.920191172746295,51.14529459919203,754836.65,-37.17408925494012,305.4747009277344,190.1415557861328
WMT,Walmart,ok,Consumer Staples,Consumer Staples Merchandise Retail,2026-10-01,104.54989624023438,38.97015,753.0,False,False,0.6061374926749075,-3.8444835718223658,-2.8256345395799576,-1.293525257171535,-6.294535274077373,2.2997879287187217,115.29711944337875,103.98775558167719,89.40337150948615,89.40337150948615,102.17723661811222,23.180990834557992,42.61329819169389,-21.907456251625554,4.790934898089791,21874091.35,-46.84383998423779,133.87948608398438,99.76998138427734
DIS,Walt Disney Company (The),ok,Communication Services,Movies & Entertainment,2026-10-01,101.6500015258789,20.978352,753.0,False,False,-3.09818870612526,-3.7314091757363443,-3.704050893468902,-4.302390926666167,2.1608055536471493,-9.93719484550375,104.31522675166055,105.47266679740997,102.10349961644309,102.10349961644309,28.371539616107167,27.603582548540732,36.8421031066218,-11.607791243833562,10.829793373721328,8453014.05,-35.204402032195844,114.99882507324219,91.71721649169922
WBD,Warner Bros. Discovery,ok,Communication Services,Broadcasting,2026-10-01,30.94099998474121,497.3481,753.0,False,False,-0.029081673590847235,0.13268727092912158,0.3274962115875413,9.254944626274163,16.846678699482087,58.42805374757858,26.529765916249108,18.641276917134622,15.44580478592223,15.44580478592223,194.395806954545,50.098271884908186,84.70925819683167,-0.02908167359084532,80.94151634212926,48174853.1,-22.350854039241487,30.950000762939453,17.100000381469727
WM,Waste Management,ok,Industrials,Environmental & Facilities Services,2026-10-01,202.68499755859375,28.578392,753.0,False,False,-0.6056299634371265,-1.8189327835714808,-2.5365498100465733,-7.366442267438977,-11.640288683837053,-6.684006568218326,220.0669547792465,218.9786647781433,208.58368185380223,208.58368185380223,40.33062810465664,18.903153760453424,26.752949867559664,-16.727117072341382,4.726188903118867,2155520.05,-30.132823399160678,243.3985595703125,193.53802490234375
WAT,Waters Corporation,ok,Health Care,Life Sciences Tools & Services,2026-10-01,429.3500061035156,108.47595,753.0,False,False,-2.2849878718693817,-3.068134795454236,-0.22077195361441815,5.792925778082081,13.198343333809381,43.207367866245036,363.6494455488901,356.39229149077516,341.7020189910929,341.7020189910929,58.71285802906661,35.75635558303179,63.94161683679834,-3.138113828374531,51.542423762606596,676173.1,-45.47816232263602,443.260009765625,283.32000732421875
WEC,WEC Energy Group,ok,Utilities,Electric Utilities,2026-10-01,101.48999786376953,19.700583,753.0,False,False,0.7045039621676574,0.039429193425943865,0.5847337254393459,-4.435027513953815,-13.847781413913495,-8.403256844211416,109.56997532314725,104.02538583763092,94.78517412284457,94.78517412284457,46.68426768007572,17.20078868451135,33.91961548955497,-13.862274665861312,0.7045039621676505,2806941.45,-45.03166426930637,117.82293701171875,100.77999877929688
WFC,Wells Fargo,ok,Financials,Diversified Banks,2026-10-01,79.92500305175781,11.674707,753.0,False,False,-0.15615239879400722,-1.095154725372005,-2.7439732843076547,-8.17440003323835,-5.994775478471038,-2.567533771187125,84.0055285862514,77.93542281374988,68.59567774434488,68.59567774434488,117.01496980341642,28.088864389161827,16.27074746228874,-15.716601534859537,9.484978217820126,13543293.65,-20.540946108777614,94.8288803100586,73.00088500976562
WELL,Welltower,ok,Real Estate,Health Care REITs,2026-10-01,227.47000122070312,102.50676,753.0,False,False,-1.2030942522467836,-2.356630037321017,-2.628311876035483,-5.386405892550627,-3.2751358886952575,29.571631051318636,206.84464487953792,175.33713729068103,148.18884943016022,148.18884943016022,195.10275067124488,21.210200696778628,36.44831453262089,-9.41853249928361,39.09781044781969,2561849.55,-42.21397583632497,251.12200927734375,163.53240966796875
WST,West Pharmaceutical Services,ok,Health Care,Health Care Supplies,2026-10-01,365.8999938964844,46.763428,753.0,False,False,-1.3108252619296379,-2.5955011735436795,-2.0610310709946233,8.046655984387696,0.10909474986735557,39.9159394190608,295.6553652929881,278.2439028675338,299.8264482759068,299.8264482759068,-0.41524755465328633,43.37698546743859,64.54665520771456,-2.848952777850703,58.65554049031951,612855.0,-37.24453582005531,376.6300048828125,230.6254119873047
WDC,Western Digital,ok,Information Technology,"Technology Hardware, Storage & Peripherals",2026-10-01,456.989990234375,16.95409,753.0,False,False,0.5567044023383483,0.829596266113164,1.4834209127040365,1.4867016087324991,-15.187997655678853,281.34478574508597,346.40916233971006,202.16103265010028,150.10956296882782,150.10956296882782,1236.179425230806,58.120629501639854,53.65580934938435,-38.740506293901284,304.704821026065,6710135.05,-31.01329607367589,745.990478515625,112.9193344116211
WY,Weyerhaeuser,ok,Real Estate,Timber REITs,2026-10-01,18.53499984741211,28.022728,753.0,False,True,-2.7034089778152803,-6.009125290079975,-7.9692134601616065,-19.993614425930637,-21.37246252324597,-22.50680221115722,23.47496501226274,25.082848902242592,26.447846824271114,26.447846824271114,-32.04171481820137,25.984252898615186,15.06445094299319,-29.781063280572965,0.0,7078089.0,15.772491699383838,26.396013259887695,18.53499984741211
WSM,"Williams-Sonoma, Inc.",ok,Consumer Discretionary,Homefurnishing Retail,2026-10-01,230.60000610351562,23.689548,753.0,False,False,1.166975359137834,-0.18611984506480272,0.848422290884332,3.817761197885039,1.6876708745060531,19.64560912880533,203.11888279990544,187.28012735435212,164.7223450558119,164.7223450558119,213.60833079214595,42.804852777485394,54.913437998068204,-8.412102938465347,37.197559157281766,1134367.2,-17.63302041878503,251.77999877929688,168.07879638671875
WMB,Williams Companies,ok,Energy,Oil & Gas Storage & Transportation,2026-10-01,69.11000061035156,27.557768,753.0,False,False,1.6772096059654018,0.18845643243201593,-2.0827446621804024,-7.467942297514563,-4.82380282786713,12.414810597244319,67.86358865102132,61.18313705018792,52.59655563384888,52.59655563384888,134.78776270832137,23.236434483357947,28.205125925109172,-11.680200398816421,26.02155644737026,7311961.65,-39.27302668497995,78.24972534179688,54.83982467651367
WTW,Willis Towers Watson,ok,Financials,Insurance Brokers,2026-10-01,292.45001220703125,18.10409,753.0,False,False,1.4641088921525602,0.450575717003443,-0.06941852676930482,-12.271303979730952,2.5177006941633273,-14.230586406512924,302.09450646052284,306.18086494962535,287.44702681380596,287.44702681380596,45.85911196887691,24.156602291398162,27.278212768466403,-16.343213614150503,21.631527372704344,541319.75,-53.854445547202005,349.5831298828125,240.43931579589844
WDAY,"Workday, Inc.",ok,Information Technology,Application Software,2026-10-01,186.1300048828125,38.238213,753.0,False,False,-2.273444123920332,-1.3096506578835543,-2.5446360911935306,-6.175017490919188,37.466774943219036,-22.68100852148207,172.2758725786966,209.11723119424158,222.6094820850874,222.6094820850874,-12.88495661679101,41.541406551961494,50.416270672098186,-24.235760870233587,65.44889322916667,2508747.4,-34.83807895525871,245.6699981689453,112.5
WYNN,Wynn Resorts,ok,Consumer Discretionary,Casinos & Gaming,2026-10-01,77.08000183105469,18.46163,753.0,False,False,-2.9585779492537156,-4.27222423674547,-3.8782897065304356,-14.922733852946202,-19.436245177193477,-39.34532286767593,106.96174948556083,100.45583781208175,96.52888241548779,96.52888241548779,-14.188862931491009,34.88289392104326,20.951871372072404,-41.66304239120418,0.0,2305733.8,-15.585398453195243,132.12893676757812,77.08000183105469
XEL,Xcel Energy,ok,Utilities,Multi-Utilities,2026-10-01,70.49500274658203,19.306849,753.0,False,False,0.0212817663649556,1.5924533313923517,1.3441708177184486,-6.360203151452016,-13.295221690718218,-9.875839251846031,77.08192250085256,71.50881436716513,65.3347105403662,65.3347105403662,41.73218768569913,20.569334572204244,28.4489489433397,-14.040737596316596,1.5924533313923586,5845086.5,-60.63651068294712,82.00978088378906,69.38999938964844
XYL,Xylem Inc.,ok,Industrials,Industrial Machinery & Supplies & Components,2026-10-01,100.6449966430664,23.952381,753.0,False,False,-0.6171620625236685,-0.2626171929696164,-1.9627965587017404,-5.842457463038231,-14.470021744050921,-30.809612659446007,125.11178749326676,125.11437714717303,123.04905543637624,123.04905543637624,13.767598555316308,23.991088306586636,22.721364551351925,-33.27504564163484,0.0,2791730.1,-31.66954069091421,150.8356170654297,100.6449966430664
YUM,Yum! Brands,ok,Consumer Discretionary,Restaurants,2026-10-01,136.9600067138672,17.434395,753.0,False,False,0.4547531118014758,-0.9545791705830697,-0.2766780502080124,-9.458324229547344,-16.43870380816097,-8.144930621150237,151.01295416695731,145.01596200038713,138.65743945604302,138.65743945604302,16.067659715197635,21.51033776538008,43.11865258843073,-17.815684240038195,1.0199675077108692,2270045.0,-61.90383891068238,166.64981079101562,135.57716369628906
ZBRA,Zebra Technologies,ok,Information Technology,Electronic Equipment & Instruments,2026-10-01,376.4725036621094,34.572018,753.0,False,False,0.8471528017460095,1.2376660137561002,3.114899306621588,9.535202295930457,40.905948791963965,26.69016658452581,267.58877951001364,298.81771361210434,293.97932567824404,293.97932567824404,61.140476734118934,42.433701753931494,69.51371255312887,-1.7197029025398918,88.89738981305496,547174.1,-61.130835688312004,383.05999755859375,199.3000030517578
ZBH,Zimmer Biomet,ok,Health Care,Health Care Equipment,2026-10-01,88.09500122070312,21.379854,753.0,False,False,-0.8274238378937038,-3.594101590655563,-1.5195874032480572,-11.139756096584941,0.9798646108618358,-9.605763668005086,91.6777735513354,96.21765306936317,101.7736068462154,101.7736068462154,-18.657771527203547,27.25276365074806,37.755708112960214,-14.369762263640224,11.286490437493953,2111545.75,-46.70657739715088,102.87837982177734,79.16055297851562
ZTS,Zoetis,ok,Health Care,Pharmaceuticals,2026-10-01,69.84500122070312,11.373572,753.0,False,False,0.021479864320683717,-2.2189543296947334,-0.6048035330384671,-9.58575893760113,-5.973420128662643,-51.34880277246315,104.3582211146279,131.91569529681567,145.43965804466055,145.43965804466055,-57.8718935624656,30.285908699129138,34.33582522207486,-51.747830089052314,0.021479864320677985,4475480.4,-31.0306889066032,144.74996948242188,69.83000183105469
AA,Alcoa,ok,Materials,Aluminum,2026-10-01,42.02000045776367,8.727651,753.0,False,False,0.04762013753254468,-0.5443776147605384,-1.5463913840039756,-17.445974070551664,-13.513668208880446,28.76811853414667,53.80923386225625,43.54526709370404,39.519893707032224,39.519893707032224,50.72288287834652,52.643408812586856,13.972282203151664,-49.75349528990806,25.3383391487345,3723769.8,-13.660183827689886,83.6277084350586,33.5252571105957
AAL,American Airlines Group,ok,Industrials,Passenger Airlines,2026-10-01,13.114999771118164,7.083232,753.0,False,False,-1.907255920894535,-2.9955671074917922,-1.7603041470901526,1.2741309983261617,-26.813617660260125,16.681495001609537,13.683432571471684,13.393994029299671,13.153565727223755,13.153565727223755,2.8627433028875604,48.393890593264466,51.68538706651416,-27.741046574301947,28.8310351469258,69693612.55,-34.27066079099382,18.149999618530273,10.180000305175781
AAON,AAON,ok,Industrials,Building Products,2026-10-01,81.98999786376953,43.131577,753.0,False,False,-0.9304062984356154,-3.9254729527492427,-2.705587836859691,8.95192530929345,-23.71745784319571,-11.875647048066785,97.2128542339991,97.68066539992374,90.94493857354598,90.94493857354598,45.596080150920585,53.47232751440064,53.898174622122305,-44.585184259306814,11.92806545003775,1210833.45,-50.59857323895371,147.95681762695312,73.25240325927734
ACI,Albertsons,ok,Consumer Staples,Food Retail,2026-10-01,11.779999732971191,73.59375,753.0,False,False,1.4642556530669149,1.20274386184831,-1.4225948034086167,-5.457466316965675,-15.37372214215955,-29.85843837245922,15.574465744079106,17.357510224756492,17.990220957701585,17.990220957701585,-42.87859008134751,28.621359087678382,44.3609003686703,-37.78222139212967,6.7996375172891295,7944982.7,-50.49638056480601,18.933494567871094,11.029999732971191
ACM,AECOM,ok,Industrials,Construction & Engineering,2026-10-01,60.25,21.114437,753.0,False,False,2.2052573710530377,1.3968392067175595,2.956253466684333,-9.029145483664768,-11.056979775571453,-53.206506622891304,88.20785445258731,97.63543727768369,94.33641814678947,94.33641814678947,-23.21945399207721,28.750197155293613,39.77556062279478,-54.64845565269086,2.9562534666843363,1557590.85,-58.74288809541992,132.85104370117188,58.52000045776367
ADC,Agree Realty,ok,Real Estate,Retail REITs,2026-10-01,65.50499725341797,35.215054,753.0,False,False,-1.9533009322912576,-2.2814983865278915,-2.1069442404816785,-9.290269687482011,-14.88132031306617,-3.766533160246488,73.0358757745652,71.11049444646949,65.85461171974698,65.85461171974698,38.88889158496347,17.682714597181835,10.311615613263797,-18.35448436601818,0.0,1587146.05,-18.449786016857118,80.2309799194336,65.50499725341797
AEIS,Advanced Energy,ok,Information Technology,Semiconductor Materials & Equipment,2026-10-01,294.9100036621094,54.463955,753.0,False,False,4.64480732300574,6.1438265005803405,6.071289054031914,10.453184892175793,-5.222718903238343,73.5889202555474,283.19494150555323,202.77350177232964,168.84475184183512,168.84475184183512,190.93705433040688,50.32064721229761,54.23392082359065,-24.147438699534607,74.1210779400669,510889.5,-42.885888240020584,388.7937316894531,169.3706512451172
AFG,American Financial Group,ok,Financials,Multi-line Insurance,2026-10-01,137.9250030517578,12.041922,753.0,False,False,0.8518635505382788,-0.184534402619152,-0.3576037593811754,-3.1561544551175547,-2.773870278579893,-0.3152089822759718,133.4065704648457,127.70198563655534,121.10603996165403,121.10603996165403,49.95873628942813,20.751112821720444,30.9400317139974,-6.000813011765584,12.523783876677443,398491.2,-56.705693877305194,146.72999572753906,122.57408905029297
AGCO,AGCO,ok,Industrials,Agricultural & Farm Machinery,2026-10-01,111.20999908447266,15.387275,753.0,False,False,-2.6437925095951886,-5.441715409119386,-4.302555751993009,-9.082734334589492,-4.243719731518791,4.95330945807031,113.73471069335938,106.183235366031,105.70772541345036,105.70772541345036,0.049659276277314035,34.956263706371075,31.002689486265908,-20.398316497213276,12.960896426374442,1083943.5,-52.56487077047836,139.70809936523438,98.44999694824219
AGNC,AGNC Investment,ok,Financials,Mortgage REITs,2026-10-01,8.954999923706055,4.4527364,753.0,False,False,-1.2679137264336227,-4.120756002384018,-5.715414318086342,-14.432295063024869,-15.699593867669337,4.78984553817241,9.872225095355322,8.802666330717475,8.082334833157807,8.082334833157807,52.65527983759035,22.683099521798116,15.824595085385155,-18.871005562564463,3.8353054489219205,41207349.6,-2.3106499428927174,11.03797721862793,8.624234199523926
AHR,American Healthcare REIT,ok,Real Estate,Health Care REITs,2026-10-01,50.689998626708984,74.4853,665.0,False,False,-1.1119775916667796,-1.860307752664625,-2.6295150549277557,-9.914217666104674,-7.459120999195978,23.126727579194494,49.378664304339694,40.318754310151974,34.12172505228143,34.12172505228143,321.4326802323225,26.58075378918305,21.648245384135706,-11.75589386836605,28.734533879709108,3205579.2,-53.6843762899385,57.442928314208984,39.37560272216797
AIT,Applied Industrial Technologies,ok,Industrials,Trading Companies & Distributors,2026-10-01,338.510009765625,31.24192,753.0,False,False,1.8718592376400833,0.3230384371151418,1.9547078388963746,6.079416284228634,2.4613720220302726,30.545302789466366,292.111560397678,268.1770638697651,239.36622218401783,239.36622218401783,123.74281155637496,29.110977100075125,65.30230641198384,-6.476033057293789,41.363776116697196,281694.25,-66.99080652160987,361.95001220703125,239.46022033691406
ALGM,Allegro MicroSystems,ok,Information Technology,Semiconductors,2026-10-01,36.02000045776367,514.5,753.0,False,False,-0.9078350212101349,-2.4905203117146835,2.533445381691779,1.5506039417318096,-35.08155346213766,23.35616272818781,37.62968255603124,31.78851593823072,30.440252334473143,30.440252334473143,12.950771863156074,58.77726765608078,48.376253340532706,-48.2619950635781,57.98246343453602,2360098.6,-49.74057439803574,69.62000274658203,22.799999237060547
ALK,Alaska Air Group,ok,Industrials,Passenger Airlines,2026-10-01,39.48500061035156,9.341507,753.0,False,False,2.0284233383371264,-0.5415620867911808,-1.3614743581435773,-2.9614108061592814,-22.714816025790306,-20.680993212934595,45.39498014298697,50.42771914660693,46.406686570064956,46.406686570064956,7.208793503393762,47.10717825789254,42.132454835494876,-34.421190482073584,15.486990922269767,2806240.85,-36.27001046613658,60.209999084472656,34.189998626708984
ALLY,Ally Financial,ok,Financials,Consumer Finance,2026-10-01,37.45000076293945,8.810588,753.0,False,False,-0.4518824395851606,-1.9376744969349047,-3.3298938039137416,-10.513734460235359,-16.79128389920832,-1.7015428702452984,41.649747227865554,38.547712113277846,36.802312600185196,36.802312600185196,60.793658527996584,33.665484016937455,8.896743044445358,-20.19007316734903,5.580602313067847,3597401.2,-28.7784748612415,46.923988342285156,35.47053146362305
ALSN,Allison Transmission,ok,Industrials,Construction Machinery & Heavy Transportation Equipment,2026-10-01,116.20999908447266,18.35782,753.0,False,False,2.6046237794467686,2.243529245295428,3.0778794451425506,-5.297041845404504,0.08729454078275634,38.36188811363497,110.20761441427564,104.3903232437681,92.79084238809735,92.79084238809735,106.49465643991091,30.8224376310789,28.651018673943284,-14.14630800215628,48.15386845012995,790334.8,-43.45484976746564,135.35818481445312,78.438720703125
ALV,Autoliv,ok,Consumer Discretionary,Automotive Parts & Equipment,2026-10-01,112.6050033569336,13.42789,753.0,False,False,0.6390240157167382,-1.2496671381373337,-1.154314284715452,-5.540639022116545,-2.436618413014191,-6.757846182595606,117.38445945013137,108.07406386721182,105.65081879310557,105.65081879310557,27.352448357259405,28.92457323849763,32.22105823230807,-13.882852519070287,13.880827983301078,692239.4,-39.06905616756284,130.7579345703125,98.87968444824219
AM,Antero Midstream,ok,Energy,Oil & Gas Storage & Transportation,2026-10-01,20.325000762939453,24.481928,753.0,False,False,0.8184569284534149,-1.8115941361286692,-4.262829952004532,-9.586293697417458,-8.55985308691416,9.388454901165332,20.229613387395464,18.033839495533492,16.008846602116922,16.008846602116922,105.90271024993649,22.14778622154389,20.341875437304907,-12.071857773664549,22.46614473735322,2512416.85,-47.12513570349602,23.115467071533203,16.596424102783203
AMG,Affiliated Managers Group,ok,Financials,Asset Management & Custody Banks,2026-10-01,371.3550109863281,13.04073,753.0,False,False,1.5713535912432297,0.8760508681008528,0.1739957233734657,2.939711985122151,7.7669959660974675,55.770780192830415,308.41020378233895,248.9512268309574,217.53622193355486,217.53622193355486,183.45574579981067,28.910433419373266,61.05612569618707,-3.144059326463575,60.93434160415892,291995.5,-65.5782366509073,383.4096374511719,230.7493896484375
AMH,American Homes 4 Rent,ok,Real Estate,Single-Family Residential REITs,2026-10-01,30.520000457763672,24.214287,753.0,False,False,0.42777581680213395,-0.13088680915485096,-0.48907602920488236,-7.714607929523554,-9.501835835786022,-4.298664468262481,31.01780959538051,32.55182899991829,32.73009827349132,32.73009827349132,2.0008557192567666,20.39886976311984,37.800321128533206,-11.39966564887728,13.771259138839834,3298476.8,-48.74191626874562,34.44682312011719,26.825756072998047
AMKR,Amkor Technology,ok,Information Technology,Semiconductors,2026-10-01,52.8849983215332,23.755604,753.0,False,False,0.9641031751054463,-0.5547235463514433,0.37008863144165627,15.858998439305271,-23.930627027183625,87.51276061322899,52.3466666690887,37.6130386671697,35.07575242294575,35.07575242294575,145.53651207245366,60.80102918145204,52.853962798266515,-43.36470205474807,88.44168271733649,3791645.85,-43.26956986238575,93.37815856933594,28.06438446044922
AN,AutoNation,ok,Consumer Discretionary,Automotive Retail,2026-10-01,167.5500030517578,7.757766,753.0,False,False,6.421494190534038,3.8361442848241722,2.86082858344312,-17.899842439994597,-10.11748309631364,-23.412716652376442,200.7275396680075,192.79053786076398,180.24169995838585,180.24169995838585,14.776002161609592,31.851756804836782,25.013838041504414,-27.14583608817136,6.855867213504807,654069.45,-29.04591400806137,229.97999572753906,156.8000030517578
ANF,Abercrombie & Fitch,ok,Consumer Discretionary,Apparel Retail,2026-10-01,136.67250061035156,11.762953,753.0,False,False,1.4718970473014625,1.8575853857683233,1.766565528430708,-2.8486581419332135,47.88195554874599,59.757446797125894,96.76159719436887,101.32815240198873,107.80397412628133,107.80397412628133,134.38946560024368,61.98689504952275,37.06643986244152,-10.131181638082356,108.3104699572098,1308437.25,-53.024495442941564,152.0800018310547,65.61000061035156
APG,APi Group,ok,Industrials,Construction & Engineering,2026-10-01,40.06999969482422,20.14327,753.0,False,False,3.808293468427637,4.485009880414448,5.921220606261546,2.4284273744321405,-4.549785298331043,16.58423316868831,40.76166676718091,34.47472114866948,30.57609121416353,30.57609121416353,136.35470340146725,29.892385959586832,72.41374774445748,-18.886642799326697,19.11415107562218,3690929.75,-38.92609307993467,49.400001525878906,33.63999938964844
APPF,AppFolio,ok,Information Technology,Application Software,2026-10-01,206.09500122070312,46.858772,753.0,False,False,2.7802697134730936,4.135716945651691,0.8144639263195197,-8.516067854469844,20.59391959108945,-25.235798272235254,196.7127185397678,217.37267938743074,217.4379019971546,217.4379019971546,11.692497533429869,44.617366074885304,48.1753532427308,-21.4157730700594,43.780526361171525,277903.55,-55.750475299793756,262.260009765625,143.33999633789062
AR,Antero Resources,ok,Energy,Oil & Gas Exploration & Production,2026-10-01,34.03499984741211,9.755013,753.0,False,False,1.9317174889306399,-0.8881779377417853,-5.694098909635015,-14.50640875826098,-3.8015861506438764,1.415370842323993,35.797916677263046,35.34058766156079,32.78326029733199,32.78326029733199,40.698632062837326,40.40720476261636,30.73215029325145,-24.6179430848877,13.336660237066344,4039915.9,-62.31312636978408,45.150001525878906,30.030000686645508
ARMK,Aramark,ok,Consumer Discretionary,Distributors,2026-10-01,54.39500045776367,37.979023,753.0,False,False,1.577966821180321,0.24880600885845983,0.13807209749781002,-3.9297041965645763,-3.1744467813753063,43.15959800161397,46.01697479732453,41.90435991629187,38.084301881422874,38.084301881422874,124.7734484240639,26.783229137403332,23.037003297323523,-12.641278502289202,52.53407388968696,2213003.65,-37.82328375283068,62.26625061035156,35.660884857177734
ARW,Arrow Electronics,ok,Information Technology,Technology Distributors,2026-10-01,232.23500061035156,14.873401,753.0,False,False,2.3061676697583966,0.7701960621254944,2.157655716266671,12.746385778909053,17.599253410337102,91.92975257053848,165.98902826460582,142.46678322719862,135.91146767503554,135.91146767503554,85.38756831938143,31.48745190519422,54.112734955214336,-1.105055231643725,127.97191945510531,527639.65,-52.412029687306486,234.8300018310547,101.87000274658203
ARWR,Arrowhead Pharmaceuticals,ok,Health Care,Biotechnology,2026-10-01,64.83999633789062,,753.0,False,False,-0.9320101433067274,-0.9471475026786247,-1.861666963243458,-21.634036727135353,-22.800335769670944,87.99650096384974,66.75968253423297,42.886344615206774,37.53455512995422,37.53455512995422,147.00950985863096,66.4841259933428,23.70802022179825,-27.625852228696196,87.398841610896,2302339.1,-64.05907366121698,89.58999633789062,34.599998474121094
ASB,Associated Bank,ok,Financials,Regional Banks,2026-10-01,28.604999542236328,10.008741,753.0,False,False,-0.15706833121506003,-1.2258271873588078,-1.5995877449929363,-4.331103989350494,-5.903879426526104,15.204691255279347,27.310692681206596,25.112998396276954,22.944792704436566,22.944792704436566,91.9436503990278,30.638447505495442,31.192635781773248,-10.822608485103345,22.84995189545032,2171232.5,-46.046772973414875,32.076515197753906,23.284502029418945
ASH,Ashland Global,ok,Materials,Diversified Chemicals,2026-10-01,68.58999633789062,43.955128,753.0,False,False,0.9864519832270213,0.7639145664722902,-0.7380638892799274,-9.320469472032578,2.947487005642735,47.168731219171974,59.445563195243714,59.295842296098805,67.32821442501478,67.32821442501478,-7.486441550562006,34.929925686939015,34.32432655350455,-9.764407769418678,48.47026656920834,645329.55,-53.265583452671585,76.01213073730469,46.19779968261719
ATI,ATI Inc.,ok,Industrials,Aerospace & Defense,2026-10-01,189.10000610351562,55.6217,753.0,False,False,-0.15838849136009525,4.665970011627141,1.5520107864499755,-5.8969848343808255,0.5316320933289376,132.48096215542503,151.59035703870984,109.18549795264742,89.89177952091374,89.89177952091374,362.57338836276614,42.77735887971186,40.89282722105293,-18.414010225455886,136.25687648740546,1582159.65,-60.08664485913289,231.77999877929688,80.04000091552734
ATR,AptarGroup,ok,Materials,"Metal, Glass & Plastic Containers",2026-10-01,121.4800033569336,21.915163,753.0,False,False,0.26411330897333496,-2.3864955115617925,-1.5399529411415536,-7.210506373388359,-3.993113004133886,-7.736581566932966,125.32213429042271,137.74293521106006,136.57918967035505,136.57918967035505,0.9941974071480786,21.91703672091835,36.023319803108244,-16.009489572810974,8.906150492907118,435452.5,-51.05091829763293,144.63539123535156,111.54558563232422
AVAV,AeroVironment,ok,Industrials,Aerospace & Defense,2026-10-01,140.91000366210938,31.576988,753.0,False,False,-0.9211064177680917,-4.292598144963167,-11.125827215462081,-2.2612156122910676,-26.18261610736291,-55.25104096443645,228.2704367259192,211.78693242472008,192.58893762515044,192.58893762515044,29.204114080787356,61.62064768265806,43.87410051652309,-65.61744911819365,3.094828221393118,2329975.8,-56.90015321189173,409.8299865722656,136.67999267578125
AVNT,Avient,ok,Materials,Specialty Chemicals,2026-10-01,40.470001220703125,21.862162,753.0,False,False,0.546586883734479,-1.7479908473194028,-0.7601705931171598,-4.414514838004235,9.189302236159191,26.677625367076963,35.63654613494873,36.77340806527916,37.21453219865898,37.21453219865898,26.395766604729488,35.40361029971324,38.647368367707045,-12.087758376092173,51.893313846336454,650655.1,-45.285605230789706,46.0345458984375,26.643701553344727
AVT,Avnet,ok,Information Technology,Technology Distributors,2026-10-01,102.23500061035156,25.537405,753.0,False,False,2.2861468052796763,0.7737838203286218,1.3130481618837786,14.82933590205473,24.90379250387804,99.61824172060707,70.02698980058942,60.21227211211307,55.708886449238854,55.708886449238854,127.02551781372745,31.29075587574846,54.77019203821932,-0.8197528188717527,135.20491214841198,1336257.0,-53.44907454179847,103.08000183105469,43.46635437011719
AVTR,Avantor,ok,Health Care,Life Sciences Tools & Services,2026-10-01,15.125,17.181137,753.0,False,False,0.49833759677497813,-1.0791364438501372,-1.6579981309719716,6.514085937742942,46.5600818533515,21.193914701776563,11.093035731996808,14.032300806615456,17.097045152469143,17.097045152469143,-27.45803490036276,44.006698613403564,54.838705896933384,-4.634298061714034,104.1160635824075,8947484.1,-26.959557268171054,15.859999656677246,7.409999847412109
AXTA,Axalta,ok,Materials,Specialty Chemicals,2026-10-01,31.7549991607666,19.490797,753.0,False,False,-1.2593304992757903,-2.8304808316133356,-1.5654035556149415,-9.478342351010415,-9.55568610441948,10.953872220840832,31.442162687816317,32.51206170800198,32.66950193914284,32.66950193914284,19.830185512326803,29.70120272777904,30.04149945058893,-16.849959930194732,24.82310728828337,2018704.0,-43.380505512447584,38.189998626708984,25.440000534057617
AYI,Acuity Brands,ok,Industrials,Electrical Components & Equipment,2026-10-01,299.7900085449219,19.901062,753.0,False,False,-3.2342368201906724,-2.0005867882461614,-3.1216685348348094,-8.062432258938212,-16.45322669712055,-12.74023813559111,323.6386240399073,310.5155710167144,283.8164779237542,283.8164779237542,80.63982803070144,33.59388725259244,38.211792223741035,-20.3615119082556,16.442886791797534,355561.15,56.26650999413181,376.4385986328125,257.4566955566406
BAH,Booz Allen Hamilton,ok,Industrials,Research & Consulting Services,2026-10-01,71.22000122070312,11.159341,753.0,False,False,2.5929171697429254,1.3807846558051562,-3.5220786844616936,-5.518700164885204,14.907974017728298,-26.632404686435287,79.18940050639803,98.98605118709732,110.87557922606449,110.87557922606449,-33.29904544578922,35.839046838616206,37.12870144492794,-29.51661872989825,20.180930276390644,1671162.2,32.51520408970477,101.04509735107422,59.260650634765625
BBWI,"Bath & Body Works, Inc.",ok,Consumer Discretionary,Other Specialty Retail,2026-10-01,16.514999389648438,4.3307085,753.0,False,False,3.7374328549186986,2.007404847869809,-1.6964277402072958,-11.257394690991084,-24.021368676356513,-33.106285838956154,20.018525869127306,25.05611568428131,28.828744717328195,28.828744717328195,-46.221817296250435,51.84511980656576,30.029153330056175,-36.296411178367805,14.572194335444525,6392589.1,-47.60836419159179,25.924755096435547,14.414491653442383
BC,Brunswick,ok,Consumer Discretionary,Leisure Products,2026-10-01,63.9901008605957,11.831403,753.0,False,False,-0.38900531052907805,-3.2358936665639493,-3.2797803527879754,-12.784382628939305,-18.653461541930717,3.483873331890175,75.28708460974315,68.25795988257663,71.1118517466592,71.1118517466592,-12.995588841524231,38.69939531840434,16.97756717064381,-27.11821835449335,11.392684386616187,794067.0,-40.365233664161835,87.79985809326172,57.44551467895508
BCO,Brink's,ok,Industrials,Security & Alarm Services,2026-10-01,100.81500244140625,23.282408,753.0,False,False,-0.17327995451523748,-3.7565609151252954,-4.7567275439742485,-8.366655592186179,-0.4668348548632961,-12.962474933284419,111.80509982033381,103.14025348496152,98.18987278222721,98.18987278222721,43.711892871646384,30.18950138667697,16.938112220991712,-25.30237953377102,9.620395893664261,444226.2,-45.56286864664894,134.96414184570312,91.96737670898438
BDC,Belden Inc.,ok,Information Technology,Electronic Components,2026-10-01,108.1449966430664,17.554384,753.0,False,False,0.19919979364655394,-1.5252258754438475,-2.396215104300292,-3.450300248662741,-6.25284965978683,-9.9290821151914,118.52188628060478,116.85366597878506,106.71360135426717,106.71360135426717,12.732019800104544,40.62911587525475,24.371007475566103,-28.24553860059883,8.715422496900892,422657.55,-47.936337585830415,150.71536254882812,99.47530364990234
BHF,Brighthouse Financial,ok,Financials,Life & Health Insurance,2026-10-01,50.095001220703125,3.973434,753.0,False,False,0.3907809396019646,-3.7375089558153385,-6.294421850723319,-5.463295652130718,-21.73879151872622,-5.623587994311585,60.16476210336837,56.27296827703833,53.37142110979098,53.37142110979098,4.429851878100188,43.93058039319529,49.92473961284158,-24.79357339486635,10.97696477193789,1070294.1,-65.62795216753975,66.61000061035156,45.13999938964844
BILL,Bill Holdings,ok,Information Technology,Application Software,2026-10-01,44.11000061035156,10.151351,753.0,False,False,3.6906433028569996,6.033659202636543,-1.9123873404647385,-7.3708492235665,8.967394044379207,-16.726449700153424,44.822817408849325,51.426274812553984,55.92742359622383,55.92742359622383,-59.43534901884679,60.325865188058025,38.43888451300536,-21.66577955142115,38.01627620127756,1778214.4,-54.584329088775796,56.310001373291016,31.959999084472656
BIO,Bio-Rad Laboratories,ok,Health Care,Life Sciences Tools & Services,2026-10-01,358.4150085449219,43.67683,753.0,False,False,-5.10841210099443,-5.10339002141701,-7.515353088150634,-5.917939787862137,20.73537230706981,27.827308327764367,308.814820668054,298.1421410913961,302.95238358091075,302.95238358091075,1.9527865141033773,38.10756571655464,41.736761266434094,-8.178764178020199,48.283065901035854,264248.75,-35.22202091779053,390.3399963378906,241.7100067138672
BJ,BJ's Wholesale Club,ok,Consumer Staples,Consumer Staples Merchandise Retail,2026-10-01,94.5199966430664,21.467121,753.0,False,False,2.739126785941748,-2.365459119179636,2.918118915549317,3.323123277850648,5.987885534443871,1.361926694977389,93.12579379006037,97.68298815541058,90.39601599299417,90.39601599299417,33.051795361684746,29.345528391274595,56.16104715524645,-8.036585166699082,12.765446178953994,1727165.0,54.23540889260725,102.77999877929688,83.81999969482422
BKH,Black Hills Corporation,ok,Utilities,Multi-Utilities,2026-10-01,70.22000122070312,17.68262,753.0,False,False,0.1997708133426368,0.7027073572065223,0.4147017220960558,-3.011050081810507,-3.9289457093112046,18.457066907393617,70.13733276488288,63.023679224143464,58.25962615804685,58.25962615804685,66.88234681371273,21.337692037809223,44.15582807091711,-6.850704787547622,22.084524510250947,1042694.9,-47.29062163821843,75.38436126708984,57.51752853393555
BMRN,BioMarin Pharmaceutical,ok,Health Care,Biotechnology,2026-10-01,58.77000045776367,159.0946,753.0,False,False,-2.0499992370605513,-1.1604417042266113,-4.2053758443787554,-9.361499418499852,-0.372946625603221,8.511817989917958,57.64388897305443,60.08107574432495,68.77763614426571,68.77763614426571,-32.51033621728179,33.19710759457751,18.447535447891838,-16.32972345507743,18.32092334263033,1936785.2,-42.87936524917683,70.23999786376953,49.66999816894531
BRKR,Bruker,ok,Health Care,Health Care Equipment,2026-10-01,62.38999938964844,26.164127,753.0,False,False,-3.6447885874155372,-1.4064465973719575,-2.5156259536743164,11.441822637092503,1.299243449959353,92.8424395791962,47.458377308315704,46.717020517326446,54.5633342560544,54.5633342560544,1.5516350580670135,49.23721771652161,68.6026281205207,-3.644788587415541,91.05401885779463,2240889.8,-46.58389716442102,64.75,32.65568542480469
BROS,Dutch Bros Inc.,ok,Consumer Discretionary,Restaurants,2026-10-01,38.630001068115234,53.77778,753.0,False,False,0.18153447181332716,2.3582388713995206,0.3116145204164589,-16.583891335415014,-46.46618748940068,-26.194113573755462,55.60996023813883,57.52992030823848,48.89268258336689,48.89268258336689,64.59310693773502,56.17081714680258,14.913402201149083,-47.305957775759275,2.358238871399526,4279724.6,-40.529070492059226,73.30999755859375,37.7400016784668
BRX,Brixmor Property Group,ok,Real Estate,Retail REITs,2026-10-01,27.584999084472656,19.710714,753.0,False,False,-0.054352524600476126,-1.4821461268833658,-0.5229010463661088,-5.724542485668971,-11.58654355791181,4.052374105481338,28.348202735658678,26.798451754201455,24.8013765327484,24.8013765327484,54.53237410071943,21.273611651343387,24.72404489386213,-15.616395707234284,15.518480261554096,3455241.15,-38.27281780317996,32.689998626708984,23.879295349121094
BSY,Bentley Systems,ok,Information Technology,Application Software,2026-10-01,32.869998931884766,35.630432,753.0,False,False,2.8794934177668985,5.04953010587279,3.040750234965617,-7.517829011074029,2.114539721124409,-35.664994007515915,36.97770309448242,42.55980269747426,45.00659557611027,45.00659557611027,-33.01035537345442,33.28697955875394,62.26566820791491,-41.6804715770004,15.911856832595378,2719929.85,-70.12066322225185,56.361907958984375,28.35775375366211
BTSG,BrightSpring Health Services,ok,Health Care,Health Care Services,2026-10-01,56.959999084472656,50.897324,673.0,False,False,0.370042439599394,0.7428336790669787,1.6779696876612737,-3.7187301700706277,-17.48515125056643,92.69282853032269,48.14791671056596,34.26115537544646,28.423172358417936,28.423172358417936,417.81817349520594,44.641963386751485,41.99094760193614,-21.876291011525186,100.8462547905656,2529190.7,-48.51262105305069,72.91000366210938,28.360000610351562
BURL,Burlington Stores,ok,Consumer Discretionary,Apparel Retail,2026-10-01,274.95001220703125,24.71499,753.0,False,False,2.90430393903931,3.213332740677477,7.895463733236396,4.88270784229019,-12.207031535481095,8.035368254236253,302.30805624099,281.1640838987799,255.67140791488993,255.67140791488993,107.7603293149779,40.83450163542097,73.85415570706914,-26.12643800116137,20.97413484854202,1584907.0,-37.659433645002515,372.19000244140625,227.27999877929688
BWA,BorgWarner,ok,Consumer Discretionary,Automotive Parts & Equipment,2026-10-01,60.31999969482422,29.699509,753.0,False,False,0.3493579809355163,-1.2280989090353023,3.1463751145534458,-5.0676757543392625,-4.785501431391448,38.86327173712682,55.79050048949227,44.527385301324,40.64842698551902,40.64842698551902,57.39377244257313,35.188121649568195,29.461377479863287,-21.484809315528413,49.03393651489908,2355536.0,-60.72571168515361,76.82589721679688,40.474002838134766
BWXT,BWX Technologies,ok,Industrials,Aerospace & Defense,2026-10-01,136.50999450683594,35.316067,753.0,False,False,-0.35766824318544943,1.6077322703327956,-1.5647521513925455,-15.494614225321712,-28.438607858194153,-25.534354773114288,189.45323072160994,157.9936091966363,134.65172844389045,134.65172844389045,92.33549113618903,38.01071303945301,22.393483965258213,-42.57685671812699,1.607732270332804,1113257.1,-26.958292024367058,237.7264404296875,134.35000610351562
BYD,Boyd Gaming,ok,Consumer Discretionary,Casinos & Gaming,2026-10-01,65.6500015258789,2.9037263,753.0,False,False,-1.3820011614283367,-5.116347435491431,-8.61636292810739,-13.836063282182964,-25.11873701307121,-23.338718260283432,82.64690686785985,78.18527119093207,71.53365483480304,71.53365483480304,12.830484623365024,28.5795585021142,2.142654122171294,-27.87571110075308,0.0,1065700.35,-40.1982930755348,91.02342987060547,65.6500015258789
CACI,CACI International,ok,Industrials,Diversified Support Services,2026-10-01,628.5700073242188,25.997725,753.0,False,False,3.1948289209910774,1.9743644432403729,1.904931724081349,-0.14139335579220758,25.006468211871848,26.021494218406318,563.5094443427192,507.09649396797573,467.5126823030145,467.5126823030145,100.50720179431565,33.12248244827566,53.881671793479505,-7.574110173982679,42.610489472142014,252252.65,-26.758747628617574,680.0800170898438,440.760009765625
CAR,Avis Budget Group,ok,Industrials,Passenger Ground Transportation,2026-10-01,110.13500213623047,18.177578,753.0,False,False,3.248339764473651,4.96045155429008,6.369520149109942,-21.723522014897657,-32.61441477540713,-31.40997875534205,153.14081355503626,132.8964443054807,131.4478495168496,131.4478495168496,-33.330363693581575,76.46680603853926,34.18722794493114,-84.57428090039019,25.59584795293145,419805.25,-41.82897903253949,713.969970703125,87.69000244140625
CART,Maplebear Inc.,ok,Consumer Staples,Food Retail,2026-10-01,44.0,24.027323,753.0,False,False,2.0408188541593875,1.5228422821606857,1.710591093801428,-12.087910747820152,-3.888158206115644,19.69532646639367,42.04285701872811,43.17950194765372,39.123930889296815,39.123930889296815,63.204753316706764,44.54931672040454,25.492243914375308,-15.025104215351085,33.61676159196478,4136735.05,-54.73964425156985,51.779998779296875,32.93000030517578
CAVA,Cava Group,ok,Consumer Discretionary,Restaurants,2026-10-01,54.17499923706055,96.90179,753.0,False,False,0.1386335768111424,5.031014567439374,1.24276011285116,-11.304850011454082,-29.533036976465276,-10.321139920709111,68.8097419284639,84.69222111341013,78.81820051793558,78.81820051793558,74.75806205503402,57.63579033499001,44.07779705222811,-44.37313936073523,24.28309026707869,3742327.6,-48.1805922068394,97.38999938964844,43.59000015258789
CBSH,Commerce Bancshares,ok,Financials,Regional Banks,2026-10-01,54.64500045776367,13.398285,753.0,False,False,-0.17354990462211672,-2.2100941065590796,-1.999637549018618,-3.913769859106353,-5.387434508636613,-2.0091234679411762,53.20929808843704,55.53619332332535,52.58162852334153,52.58162852334153,43.58836314370696,23.150147150013357,22.032602178489853,-8.994419412986945,16.220359865587092,1047361.25,-58.54104779988758,60.04576873779297,47.01844024658203
CBT,Cabot Corp,ok,Materials,Diversified Chemicals,2026-10-01,76.80500030517578,21.467787,753.0,False,False,-0.13652756720037296,-2.0968727942101806,-2.3458374887584066,-4.767515372543851,-10.553630051324003,3.4508041726898364,75.46194444383893,79.71839852352066,81.00198301946024,81.00198301946024,20.219773107082094,32.1911813481898,36.94963151770378,-17.305210436661504,34.005009987161884,394043.4,-52.83057653040248,92.87767791748047,57.31502151489258
CCK,Crown Holdings,ok,Materials,Paper & Plastic Packaging Products & Materials,2026-10-01,106.0199966430664,15.246762,753.0,False,False,0.5786860447442477,-1.3492179781955604,0.30274333402384723,-9.12052690299957,-6.148226101394272,11.122587989638987,104.4415400066073,98.19738082581782,92.45073419294826,92.45073419294826,24.718291763869217,25.632546448324995,27.266458360297364,-12.948521351435819,18.981604165787264,1008432.65,-58.64344535056456,121.79000091552734,89.10620880126953
CDE,Coeur Mining,ok,Materials,Gold,2026-10-01,17.589000701904297,14.771092,753.0,False,False,-0.062498177994418924,-1.5724685178087339,-7.133050655009077,-12.925742388215678,1.6705287721900275,-6.1367117880506195,18.835715513380748,13.473814788567593,10.404532012394858,10.404532012394858,754.7938526452587,70.75240514534116,30.194672910156555,-35.14271455148563,27.414999518136877,34210411.3,-28.59505316733797,27.119544982910156,13.804497718811035
CDP,COPT Defense Properties,ok,Real Estate,Office REITs,2026-10-01,33.15999984741211,23.020834,753.0,False,False,-0.7185678667734119,-0.8517151327513517,-0.9983425495535325,-5.764472295593171,-11.142923235647773,18.69321193148268,31.49981899866982,29.313810530886705,27.107616444824544,27.107616444824544,60.1853925808508,20.125387512463213,25.87780775585466,-12.71848630692462,26.252731601936574,947430.7,-14.461923178127956,37.992008209228516,26.26477813720703
CELH,Celsius Holdings,ok,Consumer Staples,Soft Drinks & Non-alcoholic Beverages,2026-10-01,27.565000534057617,119.78869,753.0,False,False,0.7861065798505651,-1.5535695212227973,-3.0425598376117025,-10.270178547580056,-16.872736245778786,-52.05253134584227,39.67101191717481,38.3768824847096,45.4978463855556,45.4978463855556,-52.47413701024548,61.72267234908146,52.565063964935426,-57.500770467679764,15.965502748042379,7062586.55,-46.44269527571312,64.86000061035156,23.770000457763672
CFR,Frost Bank,ok,Financials,Regional Banks,2026-10-01,152.92999267578125,14.468336,753.0,False,False,0.17029836245117114,-2.2311760222593735,-2.0997464292374035,-3.4045063157428057,-0.6131836213979169,24.1852773631696,139.9124287499322,131.86036352332368,120.18130689724825,120.18130689724825,87.48744890353342,27.08733740124309,22.985390683476354,-9.507041713049663,31.355593997424116,514749.95,-57.31927705869617,168.99656677246094,116.42442321777344
CG,Carlyle Group (The),ok,Financials,Asset Management & Custody Banks,2026-10-01,40.39500045776367,42.03125,753.0,False,False,1.853254193594056,2.2140688002651787,2.473369695857719,-13.203696469446113,-5.0106356478138,-33.77194104378874,50.260605812072754,49.89641492015337,45.78688985513026,45.78688985513026,47.00210605750783,38.57622483146146,35.688020345034715,-37.61676561055563,2.473369695857715,3327547.0,-29.535480640844447,64.75297546386719,39.41999816894531
CGNX,Cognex,ok,Information Technology,Electronic Equipment & Instruments,2026-10-01,61.5099983215332,57.971703,753.0,False,False,1.4179666513072453,4.6978694834607815,6.603115265538961,2.380153872996993,-9.149942671050148,36.6630157034924,52.54440616426014,44.08362578965753,42.80261781396144,42.80261781396144,48.98480998623289,47.844315846870686,41.536529721164904,-14.94568109962634,77.50147317241033,1477527.1,-43.56502835041063,72.31848907470703,34.65323257446289
CHDN,Churchill Downs Inc.,ok,Consumer Discretionary,Casinos & Gaming,2026-10-01,74.83999633789062,12.679117,753.0,False,False,-1.1099418127614724,-1.1621828692890857,-5.7549516603275785,-13.62954989038414,-17.676830576255508,-22.553847754724078,93.35394995553153,103.7479907791928,111.3210215574875,111.3210215574875,-34.10672766549631,30.27699246265038,22.961606015697896,-36.35513337134514,0.0,1128638.25,-40.09905299594445,117.58999633789062,74.83999633789062
CHE,Chemed Corp.,ok,Health Care,Health Care Services,2026-10-01,500.67498779296875,25.204523,753.0,False,False,-0.8701802656099322,-2.6492320286588766,1.0138190171215422,-2.8136334798286144,2.3840087887608385,12.419442791139668,449.7035062275236,491.62447050178196,517.7921172568839,517.7921172568839,-1.7642018895794753,27.1743199129349,37.7473457545274,-9.297006546314032,36.19985221185358,153507.2,-14.307602509849705,551.993896484375,367.6031799316406
CHH,Choice Hotels,ok,Consumer Discretionary,"Hotels, Resorts & Cruise Lines",2026-10-01,102.19000244140625,14.479462,753.0,False,False,-0.21482395550829203,-0.7864053966929574,1.2183076149836936,4.147981635646647,-9.059357529903977,-3.3454107238857445,103.45992736210898,117.22745535193212,116.99992424305059,116.99992424305059,-13.492369915122826,30.32338426351182,68.13924926527476,-16.073400641712677,22.10313978116649,562192.05,-62.35432358034946,121.76116180419922,83.69154357910156
CHRD,Chord Energy,ok,Energy,Oil & Gas Exploration & Production,2026-10-01,136.5050048828125,9.217567,753.0,False,False,1.8162134896474225,1.0025978893983378,-2.510355150974497,-9.244730031743064,21.52846979476193,43.29791328033741,116.5510683513823,109.52379816366857,121.02655449774794,121.02655449774794,1.4521643998298472,35.721388992850656,30.712784320513975,-13.05413701731688,67.54342372277287,712609.15,-26.16106599248691,157.0,81.47440338134766
CHWY,Chewy,ok,Consumer Discretionary,Other Specialty Retail,2026-10-01,17.924999237060547,27.438461,753.0,False,False,-1.5109973315984182,-3.6808240237777956,-2.1561160717446293,-24.430861062594246,-14.028782210520973,-55.68603486039104,26.75926591479589,31.52184264118453,27.97918327047847,27.97918327047847,-3.577196934206428,51.97771036949317,24.925217880770774,-54.6661638289912,2.370068547995743,10825997.7,-55.10571741577222,39.540000915527344,17.510000228881836
CLF,Cleveland-Cliffs,ok,Materials,Steel,2026-10-01,11.40999984741211,15.621148,753.0,False,False,3.6330573134865096,1.6934008543799672,-8.720001220703121,-1.126517459884313,15.720083617702718,-6.475409624622053,11.609880960176861,10.837749012912887,12.915922981176085,12.915922981176085,-27.371102357056753,62.57776942581901,43.8330133005863,-29.480842817028925,45.907923234585155,13869199.4,-23.461422005368238,16.18000030517578,7.820000171661377
CLH,Clean Harbors,ok,Industrials,Environmental & Facilities Services,2026-10-01,312.2200012207031,37.888958,753.0,False,False,0.6414563916779414,-0.3319953114028107,-1.2180865043504019,-0.9611415636151865,7.218402518035449,34.45009025039474,277.20250035846044,254.19952195004163,235.28074374458546,235.28074374458546,90.57559527019457,26.808328245935975,30.11997577819419,-4.326774307666454,54.771232753305696,365668.55,-57.346345481447614,326.3399963378906,201.72999572753906
CMC,Commercial Metals,ok,Materials,Steel,2026-10-01,62.5,11.841209,753.0,False,False,0.644124856211703,-3.0857465183566246,-2.678295216457638,-6.910931533853759,1.576468779371254,10.410324227895963,67.6928831282116,59.29575782563107,56.31574768532478,56.31574768532478,33.975736523107216,35.340914644903364,34.276106903957015,-24.39998719081814,14.260225711368237,1079830.3,-49.56559377894841,82.67194366455078,54.69969940185547
CNH,CNH Industrial,ok,Industrials,Agricultural & Farm Machinery,2026-10-01,12.683799743652344,50.76,753.0,False,False,-1.2933901391711355,-4.345403282682147,-4.4894578411671215,1.4703979492187491,18.31902451218714,18.029765493110173,10.829768657684326,11.341022250186874,11.092043889312947,11.092043889312947,14.84842775105355,36.795691097628435,33.623271853262025,-11.918055002372927,38.89620157561362,17833805.55,-33.80150430091462,14.399999618530273,9.131855010986328
CNM,Core & Main,ok,Industrials,Trading Companies & Distributors,2026-10-01,41.61000061035156,17.11111,753.0,False,False,0.31340662861594204,-1.8400537639246761,-0.024022877918772334,-1.0934135674102397,-7.389271471787118,-22.701097538609726,49.568333429003516,51.41121515524815,49.53354579677303,49.53354579677303,45.84647602139251,38.47134025118564,57.31167279064775,-29.581992718053463,2.437227239042817,2884402.05,-63.69642713296504,59.09000015258789,40.619998931884766
CNO,CNO Financial Group,ok,Financials,Life & Health Insurance,2026-10-01,52.65999984741211,18.127586,753.0,False,False,-0.47250047386312444,-1.8269939474038321,-1.6068770609040772,-3.1288235843948464,0.7696803226848292,35.21246408978313,45.49925542256189,41.451142953211566,36.546783391539634,36.546783391539634,136.20538682313193,25.615277391153267,26.829308005427407,-6.90124979371528,38.93615258909117,1098125.0,-72.83551508252704,56.563594818115234,37.90230178833008
CNX,CNX Resources,ok,Energy,Oil & Gas Exploration & Production,2026-10-01,31.600000381469727,5.1290584,753.0,False,False,1.3795325765905808,-0.3154586090314493,-5.417538085031093,-15.867946682396706,-6.619384636577374,-1.6189245569957045,36.33952384524875,34.335517925095274,30.687118188318504,30.687118188318504,43.57110428378712,30.311771948755528,16.485241190529237,-25.83900509545427,1.3795325765905724,2041454.5,-64.78050331271159,42.61000061035156,31.170000076293945
COKE,Coca-Cola Consolidated,ok,Consumer Staples,Soft Drinks & Non-alcoholic Beverages,2026-10-01,187.2100067138672,24.89907,753.0,False,False,-1.0883909294091332,-3.2856332952960643,-1.2865738260708803,-3.080346259803546,-4.1697838121305235,60.80453152046652,173.67839132036482,148.2856867056919,129.44444360011127,129.44444360011127,204.68892456301216,33.54389139798263,42.60679693186272,-13.458936075618963,58.59802597148763,549998.65,-49.04114764645332,216.32505798339844,118.04056549072266
COLB,Columbia Banking System,ok,Financials,Regional Banks,2026-10-01,28.649999618530273,11.28937,753.0,False,False,0.17482250487290685,-1.410873554531955,-1.8163148769792858,-2.285129888361559,-8.576226612938665,17.01171351764723,28.438720271700905,26.216842134635286,23.693686035683115,23.693686035683115,75.04593530123384,36.34603299798574,30.1630213659421,-13.717284217545119,25.130108780387104,2837810.75,-19.141366280327187,33.204795837402344,22.896167755126953
COLM,Columbia Sportswear,ok,Consumer Discretionary,"Apparel, Accessories & Luxury Goods",2026-10-01,57.8849983215332,15.118799,753.0,False,False,0.8273793335369595,-1.371614114861197,1.606103354790811,1.8922670696283284,-8.126460214947517,13.041121933249734,57.45748351869129,63.49004488637248,67.53414287795108,67.53414287795108,-13.785071712419883,33.67823164776279,54.87128037942874,-14.184503652227418,20.752684749350447,668983.45,-18.178992320363076,67.45285034179688,47.93682098388672
CORT,Corcept Therapeutics,ok,Health Care,Pharmaceuticals,2026-10-01,114.18499755859375,254.58334,753.0,False,False,-0.906886893947978,-1.2496754554592981,-3.6494848533248803,0.7100020503409521,26.5768747560577,37.39020180487367,71.62192477877178,68.08875509467258,54.91570389888201,54.91570389888201,334.32861765765114,89.60541968974223,52.09805367354746,-7.594887237523854,255.1632725948127,1726214.35,-72.4491341414234,123.56999969482422,32.150001525878906
CR,Crane,ok,Industrials,Industrial Machinery & Supplies & Components,2026-10-01,205.64010620117188,35.888325,753.0,False,False,0.7940897435465999,-0.61854435487112,0.5280155726775204,2.8149151787229876,-5.3971013255664,12.25229657002731,193.9785515315949,181.47624033285803,163.48853955515827,163.48853955515827,140.78604763307294,32.86862247799494,57.461093262920734,-9.073600306469755,28.17573488697053,374515.2,-62.35025974913702,226.1610565185547,160.43606567382812
CRBG,Corebridge Financial,ok,Financials,Asset Management & Custody Banks,2026-10-01,33.6150016784668,21.532053,753.0,False,False,1.4945735584112274,-0.4884461420738728,-1.3933660076121623,5.243080128262734,13.765782439912243,8.492449241723076,29.1151768063742,29.819917082311623,27.700129996574574,27.700129996574574,97.86297405060769,33.853639958793224,41.54013639371936,-3.6267183225656723,53.123179245242035,4719566.15,-22.63646945599015,34.880001068115234,21.95291519165039
CROX,Crocs,ok,Consumer Discretionary,Footwear,2026-10-01,120.3499984741211,10.670807,753.0,False,False,2.591425265360625,-1.6426954284114559,-2.5032436051286577,4.397987290519256,-3.935185467123814,44.04547465972719,101.39174615769159,102.3475496968425,108.52051783304607,108.52051783304607,36.94811360436206,50.590368246665754,62.31611247089726,-14.76025469716508,63.98691848346888,1125228.8,-52.6695370754819,141.19000244140625,73.38999938964844
CRS,Carpenter Technology,ok,Industrials,Industrial Machinery & Supplies & Components,2026-10-01,383.4949951171875,36.43928,753.0,False,False,-1.3695314301537365,-0.4684642442166709,-4.32955238170718,-18.93311692039922,-35.76186592111831,56.54209207849077,410.660216619098,310.17527181313807,236.96592452516595,236.96592452516595,485.85519571861624,46.10118160882288,15.706334301555003,-38.04508368996067,61.42006492454255,686647.0,-39.17689875583815,618.9904174804688,237.57579040527344
CRUS,Cirrus Logic,ok,Information Technology,Semiconductors,2026-10-01,120.1500015258789,14.705379,753.0,False,False,0.1500377622274396,0.5187005378681775,1.1363623227626851,10.158615441511243,-17.840538147753783,-4.102481724071428,136.48694450136216,121.13494035637237,114.04747684068414,114.04747684068414,64.54397021297002,37.96233658921256,52.891157234915894,-32.83957203743649,10.757741342012425,860700.0,-69.81526664342977,178.89999389648438,108.4800033569336
CSL,Carlisle Companies,ok,Industrials,Industrial Conglomerates,2026-10-01,323.5799865722656,18.351871,753.0,False,False,0.437648783488509,-0.8396729254883661,3.008302786286987,-3.3656918996041396,-11.455568947503924,-0.34588765220932016,343.85810997372585,361.92849615940537,357.4164775833191,357.4164775833191,32.92388330028435,33.26099124791399,41.938587470466636,-21.984801740559767,10.585565689515757,539372.6,-58.646026883827616,414.76531982421875,292.6059875488281
CTRE,CareTrust REIT,ok,Real Estate,Health Care REITs,2026-10-01,36.064998626708984,22.51875,753.0,False,False,-1.4078818440858898,-2.5999251848255245,-2.33894466568767,-8.722501419479345,-12.72244796034846,8.24134066801674,37.42535464725797,32.61823414046451,29.06125933683884,29.06125933683884,103.80900868894875,22.329208203259572,22.51509468372602,-16.02050138681933,14.097552071469194,2100276.6,-51.323935142637886,42.945003509521484,31.608915328979492
CUBE,CubeSmart,ok,Real Estate,Industrial REITs,2026-10-01,37.55500030517578,25.530611,753.0,False,False,-0.06652880431273767,0.441296919552836,-0.14623851178732217,-5.47445069750967,-8.357733712345572,-2.349265195632899,38.3540368912712,39.13250763577769,39.163633420014605,39.163633420014605,14.638881429881279,23.612520959310565,31.905192438763166,-11.635293399586397,10.851261092931445,2776304.65,-39.7583042624663,42.5,33.87873077392578
CUZ,Cousins Properties,ok,Real Estate,Office REITs,2026-10-01,27.559999465942383,689.75,753.0,False,False,-0.28943533094293317,-1.7818959711915605,-3.264304361695969,-3.53517759772608,-10.34482309309177,-0.05895738254121374,26.14571502473619,26.79850305504058,24.86295488061183,24.86295488061183,59.97290861001352,27.470856030835773,40.76243693436699,-14.674922238634474,32.37590735229166,1472078.1,-62.49098468348928,32.29999923706055,20.81949806213379
CVLT,CommVault Systems,ok,Information Technology,Systems Software,2026-10-01,147.42750549316406,94.40705,753.0,False,False,-1.662548496680516,-0.4406377159794084,-1.7149963378906286,14.10797908317587,-1.701887123008039,-21.905124247022645,121.31717267112127,145.14895929283355,131.02815083456863,131.02815083456863,115.88446846783236,49.807208493504405,70.07924440510918,-20.686732504601935,96.0993680429852,572055.1,-47.69699632080896,185.8800048828125,75.18000030517578
CW,Curtiss-Wright,ok,Industrials,Aerospace & Defense,2026-10-01,541.280029296875,37.25964,753.0,False,False,-0.46706226198651724,1.6755661940710764,-0.49085078596157183,-6.306554154221155,-28.766460893945844,-0.14719517914113522,651.7213168674045,524.4252907194465,433.02061239498386,433.02061239498386,182.3371277729837,30.362981850149275,39.093611781358966,-31.69031111710891,1.6755661940710733,430159.3,-46.511443551261124,792.3912963867188,532.3599853515625
CXT,Crane NXT,ok,Information Technology,Electronic Equipment & Instruments,2026-10-01,48.42499923706055,19.895061,753.0,False,False,2.813165192919209,1.9473668148643153,2.682356644913897,-1.4951192283013337,-7.429521632675917,-26.72508846274486,49.813369584462,52.62934639919327,53.733992142189706,53.733992142189706,-7.720233826645084,34.652327468070595,37.1160004433707,-28.681647446857834,34.51287477131857,566839.9,-56.77827196003668,67.89977264404297,36.00027084350586
CYTK,Cytokinetics,ok,Health Care,Biotechnology,2026-10-01,65.83000183105469,,753.0,False,False,-0.1213804075399838,-0.49879355016372307,0.2589067308313542,-7.8011198540456235,-23.88715058735048,19.77802570534073,68.47650792863634,56.03677296733476,56.44039840495602,56.44039840495602,136.11909545425033,74.11536008743771,18.88717287332159,-24.558789572018604,20.21549278457235,2013711.05,-48.859544670026025,87.26000213623047,54.7599983215332
DAR,Darling Ingredients,ok,Consumer Staples,Agricultural Products & Services,2026-10-01,61.76499938964844,16.578146,753.0,False,False,1.7377702538058593,1.9392626408672564,0.04048867914163701,-8.766614218802927,9.26057088872394,100.08097735828328,51.41605152402605,43.13285853093364,42.79311414670501,42.79311414670501,21.680459873945136,39.62852620215243,36.17197696107466,-9.621008634144054,106.5028408717712,2160879.15,-36.14714640566549,68.33999633789062,29.90999984741211
DBX,Dropbox,ok,Information Technology,Application Software,2026-10-01,34.3650016784668,18.950277,753.0,False,False,1.5214275555711865,7.659779437120617,5.220458784508497,0.30648967331559085,20.325638379114274,13.753732935826957,28.41025800553579,28.399521972078727,27.437742405520336,27.437742405520336,25.87913054523203,34.47108894384613,44.60983589407224,-8.942765897982628,55.77970312973785,4822523.0,-37.442289025889565,37.7400016784668,22.059999465942383
DCI,Donaldson Company,ok,Industrials,Industrial Machinery & Supplies & Components,2026-10-01,88.41000366210938,22.95065,753.0,False,False,1.5739921095722753,1.0631004452311466,2.0900753116400717,-1.5040089594384964,-0.43119847812301826,9.423555617122425,89.4804932125031,79.74568943768384,75.2308656203636,75.2308656203636,54.772185665302,23.01446423853715,44.40002441406251,-19.256726390377093,12.122177927092423,673236.65,-51.26037775869749,109.49519348144531,78.85148620605469
DINO,HF Sinclair,ok,Energy,Oil & Gas Refining & Marketing,2026-10-01,112.79000091552734,10.767398,753.0,False,False,5.096907599941902,6.2152729281298,6.616882445808336,8.483215919274144,56.53675136822376,122.52436633676483,66.22985580989292,51.84368964875362,50.713999582318515,50.713999582318515,125.64932936472717,36.23240921324598,58.001947185251716,-3.2841723039377477,151.5957408335707,2752725.4,-45.083225518971126,116.62000274658203,44.82985305786133
DKS,Dick's Sporting Goods,ok,Consumer Discretionary,Specialty Stores,2026-10-01,133.83999633789062,14.742273,753.0,False,False,-0.33509343267549285,-0.23852662155906534,0.4427739871599501,1.6235270891397757,-42.79427367375352,-38.112934215829156,200.62938226972307,200.630023105211,189.82571567165581,189.82571567165581,35.32485082402499,43.994430803726516,48.3711969951897,-43.50943528679079,10.474613827636645,3032796.05,-33.32486040398265,236.9245147705078,121.1500015258789
DLB,Dolby,ok,Information Technology,Application Software,2026-10-01,58.65999984741211,24.984383,753.0,False,False,-0.18717136208058482,0.8077010341900781,1.9110466432884943,-4.509198183302443,15.351001261351893,-17.068163952278304,60.60002917335147,67.31710098084226,70.43740030113919,70.43740030113919,-23.21693730922658,26.545629912465067,25.74999308586341,-17.41052707336146,21.6286139098304,939422.1,-68.94452451139908,71.0260009765625,48.228782653808594
DOCN,DigitalOcean,ok,Information Technology,Internet Services & Infrastructure,2026-10-01,139.6199951171875,63.60909,753.0,False,False,4.67051184949816,2.4433208563328312,-1.377419019669468,28.18582213031584,7.292699514551715,308.72364092754765,92.20313465784467,63.60462136287613,53.734581566110236,53.734581566110236,483.69562989909315,69.21884754232633,64.17275876634463,-22.985272057005876,289.238916294139,2740843.85,-73.23900812518013,181.2899932861328,35.869998931884766
DOCS,Doximity,ok,Health Care,Health Care Technology,2026-10-01,28.5,33.57647,753.0,False,False,0.564572500178695,8.778622786583856,9.447000760302537,8.159391223547118,30.375110723940878,-61.03896185167227,33.48749998637608,45.80334658451764,39.86243026601682,39.86243026601682,34.49740104627836,63.05976146326257,70.79773693730117,-61.240309434053096,58.24541720047187,2891228.7,-38.5010947075892,73.52999877929688,18.010000228881836
DOCU,Docusign,ok,Information Technology,Application Software,2026-10-01,69.91000366210938,42.64939,753.0,False,False,4.110204130325745,4.374440367764598,1.3335350439588778,8.152853221259292,52.74197719666176,-3.0239877743417853,56.85597233545212,69.00633459357151,63.89704510003605,63.89704510003605,67.5293659932853,47.30131545110553,60.68206244860963,-4.416182327718485,67.44911056792665,3567086.1,-62.22064838861052,73.13999938964844,41.75
DT,Dynatrace,ok,Information Technology,Application Software,2026-10-01,59.165000915527344,118.42,753.0,False,False,2.4679584268040955,2.2908035260096105,0.8265177365869736,11.927734075623665,32.15322830149179,22.115583042021434,43.45926584516253,47.94670310913329,48.313366473275195,48.313366473275195,26.07074479179621,35.38692973221573,84.37365149341638,0.0,82.83374474536072,6799468.3,-52.42766261591365,59.165000915527344,32.36000061035156
DTM,DT Midstream,ok,Energy,Oil & Gas Storage & Transportation,2026-10-01,120.30000305175781,26.347588,753.0,False,False,0.6947366054859128,-1.3691876299348982,-3.567131822238223,-6.8027974831966205,-16.21339534662275,9.254051063781432,128.20485826522585,112.12605156461557,94.06197912917827,94.06197912917827,158.41977597829322,23.765288044175172,20.55655764870818,-19.631787519145348,16.961116195081345,870012.95,-54.39619605662192,149.68605041503906,102.85469818115234
DUOL,Duolingo,ok,Consumer Discretionary,Education Services,2026-10-01,146.5,17.26832,753.0,False,False,2.879217892731134,9.08413750634125,-0.8460236886632777,-7.728162714793852,16.49172830110386,-54.48048668065674,152.43253992474268,254.80350619008343,237.20207854697745,237.20207854697745,-11.720396086725094,61.55339390042486,52.30845328683417,-57.81380348584272,62.723538805255274,1114003.05,-65.21903598019772,347.2699890136719,90.02999877929688
DY,Dycom Industries,ok,Industrials,Construction & Engineering,2026-10-01,267.80999755859375,24.484018,753.0,False,False,-0.4719745343568338,0.38231904531766947,-1.5766293453480573,-6.783846523662119,-38.82264446631885,-8.208805664035534,372.2438091701931,288.80342640059877,238.8493626709795,238.8493626709795,209.1423364301531,44.27094688960278,20.37644136806705,-49.96076392931828,0.3823190453176698,636541.95,-55.299254039737676,535.2000122070312,266.7900085449219
EAT,Brinker International,ok,Consumer Discretionary,Restaurants,2026-10-01,194.5800018310547,17.882353,753.0,False,False,0.5425531227100544,-3.88737724663909,-5.868126597084933,-16.839043771230855,9.492991097766401,53.59962216790799,160.86476247272793,152.76410386286884,119.27424983547661,119.27424983547661,520.6698547476461,46.815426299560755,36.59229708476844,-23.37560055117673,90.22387338889736,1520533.05,-60.351996294983536,253.94000244140625,102.29000091552734
EEFT,Euronet Worldwide,ok,Financials,Transaction & Payment Processing Services,2026-10-01,63.4900016784668,10.079365,753.0,False,False,0.9861663068481352,-2.21777086083611,-1.3057673382225632,-6.824182202572859,-17.73775404583785,-27.696158246558124,73.01996034289164,86.74119523796902,91.20681277372606,91.20681277372606,-19.815608191761235,32.60414333655527,15.597791402222796,-28.758976972875157,0.9861663068481371,580786.55,-44.24268261721971,89.12000274658203,62.869998931884766
EGP,EastGroup Properties,ok,Real Estate,Industrial REITs,2026-10-01,194.88999938964844,34.23374,753.0,False,False,-1.2965295508537311,-2.8909095042409683,-2.919681065625901,-1.7405697246464236,-6.975989945610827,19.03510657958638,188.75318151807028,174.76370762068913,170.10838169943924,170.10838169943924,30.63402804697064,20.541513191164004,45.48041347563772,-11.994071251370839,21.285114210058765,545391.2,-48.85799404170804,221.45098876953125,160.68748474121094
EHC,Encompass Health,ok,Health Care,Health Care Facilities,2026-10-01,120.31500244140625,20.095995,753.0,False,False,-0.9671540398583645,-2.9874167891838055,-1.3892301165044363,-1.4215490102165718,13.014280928125954,-4.600312503459536,109.82586270286923,108.10611563754746,97.65995640647047,97.65995640647047,84.1131461589526,25.3520575078654,44.74577595962254,-4.862857403130249,28.72088727541286,840824.5,-50.8708416560174,126.46480560302734,93.46968078613281
ELAN,Elanco,ok,Health Care,Pharmaceuticals,2026-10-01,21.719999313354492,16.928837,753.0,False,False,-2.992407747021675,-3.2516767250629686,-2.81879667723659,-9.159349845393871,-13.120002746582028,7.845084268066782,23.352579351455446,18.32243028959905,16.9500929793197,16.9500929793197,98.17517552697686,48.37555228458227,26.384379391711803,-19.07600897960402,9.919023591952495,5528646.05,-25.56729147093798,26.84000015258789,19.760000228881836
ELF,e.l.f. Beauty,ok,Consumer Staples,Personal Care Products,2026-10-01,105.33000183105469,107.65102,753.0,False,False,4.31811484365674,3.4675821939829765,4.733023914362655,-0.19897582210628428,37.83041658571709,-20.493655474084992,83.27726224869016,93.76926326371759,114.75610902743193,114.75610902743193,-2.661489028541386,65.23883016574355,68.72774478194468,-27.39367442392736,112.48739656952746,1396731.55,-19.624426039491983,145.07000732421875,49.56999969482422
ELS,Equity Lifestyle Properties,ok,Real Estate,Single-Family Residential REITs,2026-10-01,57.869998931884766,27.951693,753.0,False,False,-0.7886214379047352,-2.048075256717241,-1.9268917894244675,-7.532401782221454,-11.845225781407986,-1.2782190676940086,61.96669416578989,61.792504132031446,61.72947844851065,61.72947844851065,2.0181064421761707,19.361551699539405,35.14876862334489,-13.669571307992289,0.2102329254777587,1622705.1,-68.37367430471501,67.03314208984375,57.748592376708984
ENS,EnerSys,ok,Industrials,Electrical Components & Equipment,2026-10-01,186.38999938964844,20.011267,753.0,False,False,1.5583286816183373,4.725252199120078,5.227795546532188,3.095736170900887,-9.669021336227212,66.02912496458448,176.60140122307672,135.45590963781592,121.70232374133025,121.70232374133025,104.18202526956813,35.15409968766019,60.49009846221927,-23.188965348979863,71.52598845316487,528251.1,-14.771213917017867,242.6604461669922,108.6657485961914
ENSG,Ensign Group,ok,Health Care,Health Care Facilities,2026-10-01,169.75,26.647333,753.0,False,False,-1.3081395348837233,-3.7123596190259844,-2.000876859704126,-1.9556111452279423,0.9469090139607728,-1.6030982536501481,181.31734636094836,162.84382050350843,148.82737380353262,148.82737380353262,85.38123075895044,25.48101595258062,42.35311978819154,-21.26312654451793,15.464336968323412,362112.4,-21.19905311168577,215.59149169921875,147.0150909423828
ENTG,Entegris,ok,Information Technology,Semiconductor Materials & Equipment,2026-10-01,158.09500122070312,79.06,753.0,False,False,2.619111856453671,4.955849496053766,6.368159878184287,22.071660818701044,7.888246799875387,71.58004156971289,122.38015843951513,106.90922139080398,110.85576261847143,110.85576261847143,71.20235498138794,56.54110731394433,67.61054401658167,-14.006021371436484,130.33420634745963,1952901.8,-58.8644959004083,183.84426879882812,68.63722229003906
EPR,EPR Properties,ok,Real Estate,Other Specialized REITs,2026-10-01,55.54499816894531,17.7508,753.0,False,False,-1.0422285552070587,-1.9871501068356334,-1.6938595136796408,-5.916911553760151,-4.546225118953484,2.2712757517743487,54.15300028664725,50.153565007851896,45.67708431613715,45.67708431613715,67.24603868871499,21.6761893133923,24.878295336649728,-12.292942584200391,21.15081386725668,913881.7,-47.99830218725246,63.330135345458984,45.84781265258789
EQH,Equitable Holdings,ok,Financials,Diversified Financial Services,2026-10-01,51.73500061035156,5.7339625,753.0,False,False,0.9069634258555448,-1.0992176406881993,-1.6631818852855806,4.811588271135325,14.14773297314258,4.61608337616477,45.05844570341564,46.955934714511095,42.593098226296476,42.593098226296476,102.77407746116825,32.20783155089924,39.14807678915481,-4.265359485798018,48.39633822016351,3223416.05,-55.85984006005058,54.040000915527344,34.86272048950195
ESAB,ESAB,ok,Industrials,Industrial Machinery & Supplies & Components,2026-10-01,68.0,21.30721,753.0,False,False,3.2179763736587708,1.1152416356877248,0.16202770855870963,-8.157753701838033,-26.70834135085841,-38.897800254009326,101.47828662206256,110.6790704157248,104.5437541318288,104.5437541318288,1.3416296556379548,38.323419377215444,44.4352448382423,-49.44764398202713,4.71203794818873,959292.7,-50.67678509385092,134.51400756835938,64.94000244140625
ESNT,Essent Group Ltd.,ok,Financials,Commercial & Residential Mortgage Finance,2026-10-01,58.58000183105469,8.203081,753.0,False,False,1.156971136950391,-7.660776955956905,-8.83909137309744,-13.966801319306033,-9.207255995471597,-6.232186956327402,61.92397355276441,59.43702858092775,57.19694583381156,57.19694583381156,31.709032437015704,23.061764251064005,10.591164941388996,-15.869590490068363,5.442508604576208,849468.8,-29.688294614234213,69.62999725341797,55.55634307861328
EVR,Evercore,ok,Financials,Investment Banking & Brokerage,2026-10-01,258.29998779296875,14.52898,753.0,False,False,0.31067487105582714,-1.269018953513712,0.5332172795086132,-9.757894742453633,-24.38438614968561,-22.590982169257202,321.4274201166062,292.0865849650714,256.1249189440156,256.1249189440156,100.21177948582269,37.32403090977897,27.472958788371272,-32.02525995358364,0.533217279508621,483353.0,-62.83047793227724,379.99407958984375,256.92999267578125
EWBC,East West Bancorp,ok,Financials,Regional Banks,2026-10-01,124.37999725341797,11.944284,753.0,False,False,0.3631057428661988,-1.8465940220515509,-0.9871083155964966,-1.8775677206558261,-3.2140544762401912,19.85448283857787,116.7726675972106,105.1453483399167,92.63872197773036,92.63872197773036,163.68932644987817,29.736223013395357,35.405234388911396,-8.94583331192337,35.282684248584296,819415.5,-44.80089771306498,136.60000610351562,91.94081115722656
EXEL,Exelixis,ok,Health Care,Biotechnology,2026-10-01,58.36000061035156,18.383648,753.0,False,False,-0.08560047456114273,-0.01712921315086824,0.7075061984715525,2.5839360809882583,4.494184789268196,41.307510141506796,47.28484123472183,42.192270879251545,35.71641430341865,35.71641430341865,162.64627548965086,37.396650831018576,63.27013029158431,-1.302216208108409,68.96351784436699,2102315.25,-62.72657014688925,59.130001068115234,34.540000915527344
EXLS,EXL Service,ok,Industrials,Data Processing & Outsourced Services,2026-10-01,36.94499969482422,23.392405,753.0,False,False,7.460728758056434,6.777460474332275,5.076791396924563,-1.2693706503580038,36.73204688717462,-16.091299752213615,34.59049596483745,39.79281877236537,36.89658039594551,36.89658039594551,31.805204387405283,32.97666582239067,62.565278069356474,-15.477006477567294,46.49088303210661,1932110.6,5.543233394610003,43.709999084472656,25.219999313354492
EXP,Eagle Materials,ok,Materials,Construction Materials,2026-10-01,172.6300048828125,13.603625,753.0,False,False,0.9414106947317036,-1.842264356814305,-2.7052854596797515,-9.746019176940635,-21.479239764174263,-25.554375276494245,209.83998889014833,225.05543326571643,224.7449473954767,224.7449473954767,6.08656757984638,33.18303955685255,29.775303562063826,-28.263282935666822,0.9414106947317029,456376.6,-37.74176853063894,240.64385986328125,171.02000427246094
EXPO,"Exponent, Inc.",ok,Industrials,Research & Consulting Services,2026-10-01,70.3550033569336,31.567263,753.0,False,False,7.543572800542986,9.331787140954573,9.145213087477288,0.5230888469447859,15.886748923863191,3.087100355411043,66.5130690771436,74.20675483642822,78.32319810824248,78.32319810824248,-13.62951613981842,32.028684334776855,60.424261489846366,-10.595905718599205,32.36068630098616,556148.9,-13.318537535541298,78.69326782226562,53.15400314331055
FAF,First American Financial Corporation,ok,Financials,Property & Casualty Insurance,2026-10-01,61.36000061035156,8.489597,753.0,False,False,1.0207423687058625,-5.1915954063312615,-5.594436458540953,-15.844472257092669,-10.866362793270923,-1.1587328654011242,65.05144185868521,62.26105175550241,59.257209914614,59.257209914614,25.25128660673768,27.09681488036542,20.826107343916334,-21.765985045945317,9.837267611246627,993478.3,2.9177990098022244,78.43135833740234,55.864463806152344
FBIN,Fortune Brands Innovations,ok,Industrials,Building Products,2026-10-01,38.15999984741211,30.76613,753.0,False,False,0.2890949081660432,-0.7025772979952549,0.4474813409699463,-10.778584430701699,-27.88076213527243,-26.83109421486395,46.49921789623442,54.196191597744765,59.52614188732537,59.52614188732537,-33.89656917404338,39.66571101176852,33.15859731221502,-39.71855645340226,15.779207574375187,2285343.75,-19.15111238735967,63.303062438964844,32.959285736083984
FCFS,FirstCash,ok,Financials,Consumer Finance,2026-10-01,209.72500610351562,23.829353,753.0,False,False,-0.7124885927492497,-3.330256255523356,-3.0845600652658733,-2.706899017055353,-5.327900554103526,33.554237231975236,192.0213985745869,156.4372476524566,141.2145243387615,141.2145243387615,116.65930389100558,28.615648743981957,25.8448934947765,-11.29509258534996,42.88958759919959,365146.5,-42.0150542316577,236.42999267578125,146.774169921875
FCN,FTI Consulting,ok,Industrials,Research & Consulting Services,2026-10-01,143.86000061035156,17.342615,753.0,False,False,6.951160869343753,8.754159312002564,10.279803737695747,-4.95507397579058,-6.335045223995928,-11.005254536245124,162.57424581618537,170.71135474581166,184.1767198985633,184.1767198985633,-19.07976060403451,29.93045874502675,44.91176122362491,-23.081857697003834,10.279803737695737,490608.7,-13.337452026431663,187.02999877929688,130.4499969482422
FFIN,First Financial Bankshares,ok,Financials,Regional Banks,2026-10-01,31.690000534057617,16.941177,753.0,False,False,-0.15752752810680448,-1.1232409097428286,-1.4920660932802088,-2.1421639929152247,-8.538845437370357,-3.367644330397568,31.878733339763823,33.52030443670265,31.97262653284972,31.97262653284972,38.67976215576263,29.379965909161065,33.153617612174955,-12.59821904272126,12.32534060774461,812216.25,-27.934832626163285,36.257843017578125,28.212690353393555
FHI,Federated Hermes,ok,Financials,Asset Management & Custody Banks,2026-10-01,56.165000915527344,10.436803,753.0,False,False,-0.36366510598152546,-2.4235587638658074,-2.117462757007582,-9.658995384075041,-0.16877303542416344,11.048904887456711,54.98156925988576,48.12888213837764,42.38156668218483,42.38156668218483,92.04423430716643,22.360309678263807,31.504627365692016,-14.107659520152033,21.91901334099572,684457.75,-56.74605189290354,65.38999938964844,46.067466735839844
FHN,First Horizon,ok,Financials,Regional Banks,2026-10-01,22.899999618530273,11.01202,753.0,False,False,-0.5212894737060103,-1.2505429445826777,-1.2079408238100275,-4.043632823801524,-10.209048875294236,4.126656407388629,23.51476215937781,21.41645335771173,18.698448839732215,18.698448839732215,137.49903689434007,30.785548127544544,23.024023449277564,-12.058286112246845,18.06939901527826,4949595.3,-25.34933108571523,26.039974212646484,19.39537239074707
FIVE,Five Below,ok,Consumer Discretionary,Specialty Stores,2026-10-01,222.14999389648438,19.923319,753.0,False,False,1.1750177557064978,-2.5657921506647474,-0.10343150520629729,-9.356131778706722,21.772736290843596,43.60051601733959,202.7660313560849,154.55569700415865,152.7499335594228,152.7499335594228,40.94023650446128,49.943520695605386,29.973201121175364,-15.442298696602515,60.40868299875244,1204614.2,-68.19031354602993,262.7200012207031,138.49000549316406
FLG,Flagstar Bank,ok,Financials,Regional Banks,2026-10-01,11.678799629211426,389.1667,753.0,False,False,0.07540319502958859,-3.0000027723090628,-5.740118598903909,-10.509422369259125,-19.89397133255383,1.4210078090830747,13.21852285521371,12.270567411445526,13.793266740928134,13.793266740928134,-63.3343596986462,59.47234719988911,11.285310866467384,-23.909700519672363,9.273563028851319,4831715.75,-3.01136816668075,15.348605155944824,10.687671661376953
FLR,Fluor,ok,Industrials,Construction & Engineering,2026-10-01,49.29999923706055,14.589671,753.0,False,False,2.965743812171584,0.16253152046605823,-2.6269046079326897,-12.355556911892362,-0.3033397847615915,17.185642012557032,47.98908728644962,46.765358563913296,44.86557767748991,44.86557767748991,38.56098004478141,46.54386852357701,32.449850117364804,-14.260870892068613,24.400701257425446,2302354.85,-14.856869261486782,57.5,39.630001068115234
FLS,Flowserve,ok,Industrials,Industrial Machinery & Supplies & Components,2026-10-01,72.57499694824219,25.20732,753.0,False,False,-0.7453580113074065,-2.0448096430444096,-4.279877024061173,-5.029254829255725,0.6159621294615114,38.19545361502152,73.04002757299514,62.923780471680175,56.12985956969647,56.12985956969647,95.182480553669,38.88004965720829,44.232510724071155,-20.446760282949626,49.59679844876209,1557148.5,-66.29287444325315,91.22821044921875,48.513736724853516
FN,Fabrinet,ok,Information Technology,Electronic Manufacturing Services,2026-10-01,451.010009765625,34.451797,753.0,False,False,6.302595386045895,10.013176691912617,13.216695037177884,12.172010234511799,-9.72758291685042,23.693164336934423,510.3923418559725,382.5288848876953,323.02362561067577,323.02362561067577,167.8843003864273,62.9860055022707,61.0373942503869,-39.58095737718644,24.609053081563736,756907.85,-8.633924195660015,746.469970703125,361.94000244140625
FNB,FNB Corporation,ok,Financials,Regional Banks,2026-10-01,17.184999465942383,10.235119,753.0,False,False,-0.14526217234275274,-1.4056272802281389,-1.4621620430415483,-3.8332475720264214,-9.04663037841611,9.805883717914599,17.242865482966106,15.732442219418834,14.575632824840774,14.575632824840774,78.42422535752367,28.57093301820522,23.277952353510415,-11.19329200468582,20.748993388609623,4436608.5,-10.387179756789443,19.351015090942383,14.232002258300781
FND,Floor & Decor,ok,Consumer Discretionary,Home Improvement Retail,2026-10-01,45.5890007019043,21.313084,753.0,False,False,-0.48242886872204016,-1.6630713940825825,-1.7901712619992072,-4.505657521861195,-22.782859087126937,-38.14246595706048,58.43713881477477,73.94129273615985,84.65512481122062,84.65512481122062,-50.09414180250984,44.65614066074687,43.046624670974495,-40.52315747637351,4.826394441085472,2505859.95,-16.52370676182443,76.6500015258789,43.4900016784668
FNF,Fidelity National Financial,ok,Financials,Property & Casualty Insurance,2026-10-01,39.040000915527344,13.578398,753.0,False,False,1.0090540084126687,-4.965922163092973,-4.360604587467865,-14.181114951800101,-19.10111595712607,-30.116436164964266,49.395891113886755,51.493568306425175,48.95471143279259,48.95471143279259,15.430165953177589,25.794189886815893,18.74067567306291,-29.942705423649706,1.0090540084126656,2990702.75,-16.358956101538347,55.7258186340332,38.650001525878906
FOUR,Shift4,ok,Financials,Transaction & Payment Processing Services,2026-10-01,35.904998779296875,56.078125,753.0,False,False,-0.7326497181743274,-3.038077334825562,-5.90933196313459,-12.59737785076177,-30.077897086224937,-53.611113602766615,53.789543742225284,74.59355577719639,72.79930280404263,72.79930280404263,-34.13135225668638,54.2106355420656,8.97266118496151,-54.83647952289701,0.7718150517478711,2036786.6,-58.07454742681437,79.5,35.630001068115234
FR,First Industrial Realty Trust,ok,Real Estate,Industrial REITs,2026-10-01,58.95000076293945,21.434546,753.0,False,False,-0.99093070795373,-2.9774920102692004,-3.135617878660124,-4.795792022022893,-4.750026735026147,18.326329108593242,58.98438361334422,53.90976432405145,51.36488505916925,51.36488505916925,38.44804127337456,22.264119533545905,31.03038546097615,-13.685760402438879,21.17501440843099,1061666.35,-48.804348936932975,68.29695892333984,48.648643493652344
FTI,TechnipFMC,ok,Energy,Oil & Gas Equipment & Services,2026-10-01,68.9000015258789,24.062939,753.0,False,False,1.4428789507560325,-2.435572293696031,-2.8893523756720496,-12.016340602838127,3.285681200195567,75.22235158379209,61.5676705193898,46.41043272056427,38.66041481099123,38.66041481099123,250.76927379330414,35.43894970282783,24.38017723108611,-13.961039022903998,94.33572890792227,2968806.85,-58.48039086813613,80.08000183105469,35.45410919189453
G,Genpact,ok,Industrials,Data Processing & Outsourced Services,2026-10-01,35.06999969482422,10.4375,753.0,False,False,7.8081801747373,7.576691215687914,5.09439861358556,-6.4470540060393215,21.168743085450316,-14.921519750178058,37.335655939011346,40.695121005236864,38.14930144280868,38.14930144280868,2.557709551663434,33.19577501481304,49.578822410411966,-26.51675163947497,28.21856006609677,1879887.0,-25.871076293415506,47.725162506103516,27.351734161376953
GAP,Gap Inc.,ok,Consumer Discretionary,Apparel Retail,2026-10-01,22.774999618530273,6.865964,753.0,False,False,-0.28459077768548946,-0.7625321942985708,5.002300865640796,3.522725538773974,19.407461674470227,9.750671082799744,23.259274195110986,22.320885012349283,21.3058089766686,21.3058089766686,132.47588731187818,55.065757529141166,59.73825710300272,-20.5295091457234,24.114436757881585,6456097.65,-39.818862560110134,28.658435821533203,18.350000381469727
GATX,GATX,ok,Industrials,Construction Machinery & Heavy Transportation Equipment,2026-10-01,167.08999633789062,16.598019,753.0,False,False,-1.723331290990271,-7.817498950884561,-8.883197792110364,-3.3545057001937773,-3.4268514451917143,-2.989280052374965,174.76548173692493,163.12334627554236,149.26272147331898,149.26272147331898,62.74621502889417,24.243152088723978,35.905973400527515,-16.141119638784694,11.481650705535351,252385.95,-7.475435934528052,199.25140380859375,149.88116455078125
GBCI,Glacier Bancorp,ok,Financials,Regional Banks,2026-10-01,43.33000183105469,17.758198,753.0,False,False,0.30092839310029706,-1.6568305026854802,-2.29987977037156,-4.433167875537547,-15.790121406584545,-8.44483492391024,46.451161929539275,45.92639777194931,42.529090093584806,42.529090093584806,65.70213630691839,34.047300989126214,20.93025318926209,-20.50999235870836,10.1456425867135,1019453.75,-46.16970117575221,54.5099983215332,39.33882522583008
GEF,"Greif, Inc.",ok,Materials,"Metal, Glass & Plastic Containers",2026-10-01,81.78500366210938,33.847107,753.0,False,False,2.7578934856336446,0.20215744912388534,-1.2496933549005163,-0.8288864767731496,9.605312559047285,41.40451140812247,69.49106096842932,63.907637577132874,61.99308943526837,61.99308943526837,33.772622989903844,27.28319291698377,50.323480333876496,-8.564947043496826,49.06217039829965,385654.05,-50.815763506178655,89.44600677490234,54.866371154785156
GGG,Graco Inc.,ok,Industrials,Industrial Machinery & Supplies & Components,2026-10-01,77.58000183105469,24.386793,753.0,False,False,0.9630472780217447,-0.8562276919428902,0.557356184927027,0.976181155961986,3.519465931184551,-7.393693777790933,81.40109997703915,82.35293939294093,81.75211561185272,81.75211561185272,10.634268558659766,20.71361374696272,55.339841782465705,-17.579417594177578,6.418962619385006,1507110.6,-65.4430139367343,94.1269760131836,72.90054321289062
GHC,Graham Holdings,ok,Consumer Discretionary,Education Services,2026-10-01,1148.1300048828125,9.28307,753.0,False,False,1.1862444954216844,0.7122740193182153,0.27073312547454265,4.567480765236942,-2.8149469064030264,-1.8175507419676884,1111.8787744915674,1024.491034762318,914.3472132790453,914.3472132790453,101.32305614389207,27.03341808837223,53.38720615610317,-6.9556516233702,21.618609837841095,35698.15,-54.44301735524111,1233.9599609375,944.0413818359375
GLPI,Gaming and Leisure Properties,ok,Real Estate,Other Specialized REITs,2026-10-01,37.63800048828125,10.980994,753.0,False,False,-0.8743764070274773,-2.567953798615785,-2.3150747969785,-8.11840914255063,-12.613186153691913,-13.207001444412969,43.13618582770938,43.257892221093655,41.90838706129259,41.90838706129259,2.2825422932696293,18.386472531995178,25.916301167783928,-20.280110256852574,0.0,3427390.3,-37.897180837560285,47.21281051635742,37.63800048828125
GME,GameStop,ok,Consumer Discretionary,Computer & Electronics Retail,2026-10-01,24.334999084472656,15.963816,753.0,False,False,-1.2778926528697387,1.565108573994145,-2.737815190880466,29.37267291545598,6.638910648154184,-10.79546014679732,22.330019875178262,23.94315736702239,21.966035853027506,21.966035853027506,58.12214776870268,97.30291900734296,69.67262652997222,-12.116292469761568,36.1779403560263,9886432.85,-47.38186078915207,27.690000534057617,17.8700008392334
GMED,Globus Medical,ok,Health Care,Health Care Equipment,2026-10-01,74.76499938964844,19.14322,753.0,False,False,-0.1802431688653905,-0.020058023392999225,0.666490869739711,-7.101147774483529,-6.683728374138187,30.54827796760231,82.32617058829656,76.57899395308172,70.48383127645667,70.48383127645667,50.76628183020235,40.92751605416416,53.0568688084677,-22.77938481170517,32.16369063634438,1584184.25,-48.453912478930405,96.81999969482422,56.56999969482422
GNTX,Gentex,ok,Consumer Discretionary,Automotive Parts & Equipment,2026-10-01,22.045000076293945,11.666666,753.0,False,False,1.4029453007675663,-1.3205016753760956,0.022682216692104795,-0.38408986758277086,-9.605905762913093,-20.52340589072472,23.377231507074264,24.328199162426223,26.65387029761812,26.65387029761812,-27.976376754535025,26.4428245817864,37.88616070736298,-19.499373292015278,7.636552025615384,2132689.35,-33.155431193014586,27.38488006591797,20.480960845947266
GPK,Graphic Packaging,ok,Materials,Paper & Plastic Packaging Products & Materials,2026-10-01,9.015000343322754,13.838462,753.0,False,False,-0.3867386372868986,-2.540536828943196,-3.4796552886039,-15.941178024137992,-15.941178024137992,-52.039971421587296,12.155404140078833,17.977856375781663,20.14875097262115,20.14875097262115,-55.59663675600783,34.917939762366295,41.373086418670326,-52.039971421587296,3.424438414244673,6907020.85,-13.725220620985956,18.796903610229492,8.716508865356445
GWRE,Guidewire Software,ok,Information Technology,Application Software,2026-10-01,156.0800018310547,95.65337,753.0,False,False,9.468368513556591,7.507927886189902,3.364239623215015,-22.383010257360514,16.0704993040667,-32.09779804376032,166.76714261372885,186.29599590225524,164.4173173030534,164.4173173030534,73.22974969404095,46.06778924211961,64.21605549482311,-38.60677164219156,51.99142868860302,1626389.35,-33.307052213542846,254.22999572753906,102.69000244140625
GXO,GXO Logistics,ok,Industrials,Air Freight & Logistics,2026-10-01,45.7599983215332,40.46018,753.0,False,False,2.9471260654869713,2.2112974171253352,3.599728817072423,-0.8880222301760443,-11.915307700673083,-13.48081140176891,52.47194443051777,49.82844619826967,50.81462148587859,50.81462148587859,-19.972021550704454,39.29522174899408,49.53160525481192,-30.23326593006966,3.599728817072433,1370498.95,-30.326177922281516,65.58999633789062,44.16999816894531
H,Hyatt,ok,Consumer Discretionary,"Hotels, Resorts & Cruise Lines",2026-10-01,160.86000061035156,198.23457,753.0,False,False,1.4505569419600128,-0.2047284732653587,1.1507274382831278,-1.0396815808537019,-15.832289898306106,13.73838637269662,165.27153384496296,153.22551646745538,147.70380225314562,147.70380225314562,55.89652002944876,32.38041556548023,45.51359133861536,-20.33450207972776,19.206109090316982,803376.25,-34.597892332515435,201.91928100585938,134.9427490234375
HAE,Haemonetics,ok,Health Care,Health Care Supplies,2026-10-01,104.86000061035156,50.62319,753.0,False,False,-0.41785605760141786,-0.8791003848448553,-1.0754711223098457,2.85434404042868,39.68296394915431,115.14156134442324,72.68396818070184,70.92472115930808,75.10019920926645,75.10019920926645,18.942826967485416,41.73289205393877,59.748415170492564,-3.621325671775883,115.85013721288082,553651.9,-63.58036520781379,108.80000305175781,48.58000183105469
HALO,Halozyme,ok,Health Care,Biotechnology,2026-10-01,108.5250015258789,31.891495,753.0,False,False,-1.698369541743605,-3.8665939298160534,-5.810622829277701,0.7473081099641288,36.59535015033124,47.97519354362196,75.88037720937578,67.06831687380118,59.44189253524638,59.44189253524638,187.94111297465733,41.07686139473669,52.6005979528963,-5.8106228292776985,76.09118877985087,2466082.45,-43.71441230604436,115.22000122070312,61.630001068115234
HGV,Hilton Grand Vacations,ok,Consumer Discretionary,"Hotels, Resorts & Cruise Lines",2026-10-01,34.779998779296875,19.74716,753.0,False,False,0.3462173468351093,-3.2276012569183887,-0.8551967961764273,-15.582528797954653,-34.26573638329351,-16.814164944000776,44.90182543557788,42.85796813660884,42.09747678191855,42.09747678191855,-13.910897362174712,38.927097593628176,15.565276232664388,-36.405193540613205,0.3462173468351165,1140386.35,-35.24764655417,54.689998626708984,34.65999984741211
HIMS,Hims & Hers Health,ok,Health Care,Health Care Services,2026-10-01,29.65329933166504,40.196133,753.0,False,False,-0.4588841210510064,3.0343941076580894,1.2749270364252219,4.266170094316513,-19.42038058032949,-47.71985420754643,31.112552756354923,35.33118185674052,27.999845012092337,27.999845012092337,359.7410885046756,94.87544190495603,60.63492339905366,-52.75127449853536,104.22381815979745,9586934.35,-36.76407098792743,62.7599983215332,14.520000457763672
HL,Hecla Mining,ok,Materials,Silver,2026-10-01,17.086000442504883,20.810976,753.0,False,False,0.3288300270198441,0.4467972522069985,-4.760312520233678,-10.591313988500417,4.649528632406641,41.33624189648373,18.172410552463834,12.245276409316348,9.785221610252917,9.785221610252917,377.4466634141291,63.007461707890265,30.438562912333396,-46.254090422754466,43.711665595003865,36283418.55,-46.87664015605828,31.790327072143555,11.889083862304688
HLI,Houlihan Lokey,ok,Financials,Investment Banking & Brokerage,2026-10-01,128.59500122070312,21.612606,753.0,False,False,1.7848701505274622,-0.7294983128047217,0.8667372934732853,-3.2392722900607573,-7.760319610044575,-36.27451766197191,155.35878538706945,164.60089577906635,150.87026479044758,150.87026479044758,27.77501922856207,27.374456850627283,35.58713773782672,-35.3072066400601,4.768549154346851,873065.65,-53.74769354400784,198.77793884277344,122.74198913574219
HLNE,Hamilton Lane,ok,Financials,Asset Management & Custody Banks,2026-10-01,88.72000122070312,13.503805,753.0,False,False,2.141377616027662,4.4256146148165865,3.9606339674891577,-13.262567714739838,11.999600878837068,-32.60266426984464,105.82626276167612,129.3962309483988,123.66406433389164,123.66406433389164,4.904444256804297,38.208030149176075,32.474080265526936,-41.186967728439924,21.060949040066358,622228.45,-40.107367318225315,150.85092163085938,73.285400390625
HOG,Harley-Davidson,ok,Consumer Discretionary,Motorcycle Manufacturers,2026-10-01,24.854999542236328,13.8527775,753.0,False,False,1.7396612024213054,0.7498964952179055,-2.6058029137888905,-7.824953978535698,0.26252094897167844,-7.918504714739938,23.30816197773767,24.83218174436653,27.472548843221677,27.472548843221677,-16.82384135329866,40.01210557807722,21.001404544427572,-12.036818342749314,46.70809698070958,1760525.15,-36.42788914432719,28.256139755249023,16.941804885864258
HOMB,Home BancShares,ok,Financials,Regional Banks,2026-10-01,28.395000457763672,11.743801,753.0,False,False,0.7629529817585023,-1.6112271058688177,-1.9509621704785096,-2.4226801184338953,-0.25390862907430645,3.4019986997616325,27.86660813528394,27.69698117548726,25.95674735648065,25.95674735648065,50.8130109715377,25.367218497407794,26.027427484501715,-9.541251959604798,11.398671161976004,1509678.15,-39.64521510760422,31.389999389648438,25.489532470703125
HQY,HealthEquity,ok,Health Care,Managed Health Care,2026-10-01,89.25499725341797,32.22202,753.0,False,False,0.8987092213127212,0.9215228284866539,0.7392762873333458,-7.984538914002092,-6.352954003018773,-5.819351677746343,90.25626966688368,93.15189229349691,87.544521904245,87.544521904245,20.941725694538494,35.879446519141915,24.23683613891501,-16.42008007470648,21.916402635700003,872307.35,-50.02369291053205,106.79000091552734,73.20999908447266
HR,Healthcare Realty Trust,ok,Real Estate,Health Care REITs,2026-10-01,17.424999237060547,248.78572,753.0,False,False,-1.775651285917479,-3.0867648459725783,-2.2714564687520533,-9.994841489087525,-14.40773307280102,1.6683087005986197,18.187004384540376,16.71453327581702,15.6532714775359,15.6532714775359,43.770904944291765,23.891071915852816,13.032587444010503,-19.33897948475123,10.696051381710754,3975579.95,-24.295347148030565,21.602750778198242,15.741301536560059
HRB,H&R Block,ok,Consumer Discretionary,Specialized Consumer Services,2026-10-01,42.209999084472656,7.40246,753.0,False,False,3.3292549844601282,4.63559475659745,-0.9387503406459219,-16.35017856224883,6.379840059591402,-12.836690410482376,39.67444400181846,46.06069033649338,46.15852711083563,46.15852711083563,9.655657527752105,35.16495445889858,33.33333333333333,-21.38337602442273,54.005756549188156,2021766.75,-40.258439802712154,53.69093322753906,27.408065795898438
HUBS,HubSpot,ok,Information Technology,Application Software,2026-10-01,217.88999938964844,77.63879,753.0,False,False,6.298177349593392,7.419642734901033,-1.6564353716309932,-13.229262530348496,13.413494132530035,-53.422401651263264,282.6709516616095,444.17416238974766,479.04658621779157,479.04658621779157,-56.017359290646795,54.16108644121137,46.970189560442975,-55.94443663202869,27.959831425685987,1773318.85,-56.43891114110697,494.5799865722656,170.27999877929688
HWC,Hancock Whitney,ok,Financials,Regional Banks,2026-10-01,71.66999816894531,14.062746,753.0,False,False,-0.5136073596332835,-1.5927552285392776,-2.063408212535456,-1.4921316332472512,-3.3009477277715082,17.78910189403755,66.99652208600726,60.55176598902243,54.36013645764841,54.36013645764841,119.12368765941198,30.542604172233084,29.330215790577242,-9.567361217740293,35.26734146287377,860831.75,-46.6173267888876,79.25235748291016,52.98396301269531
HXL,Hexcel,ok,Industrials,Aerospace & Defense,2026-10-01,86.16000366210938,43.53535,753.0,False,False,2.669215374212164,2.4007657322486997,0.830903147132056,-6.429189890555309,-13.090104082574051,38.54417738304363,85.38497864253937,72.15754309878406,70.00992772683679,70.00992772683679,37.68448850034838,31.069922982181225,25.374316510814467,-21.735388092031695,41.91669072123621,864113.9,-46.352211207341995,110.08807373046875,60.71167755126953
IBOC,Intl Bancshares Corp,ok,Financials,Regional Banks,2026-10-01,69.08999633789062,10.471212,753.0,False,False,0.8613085224680628,-0.6328238877191916,-0.4323433555218692,-0.789780379922822,-8.058054485753852,2.5377973614172156,69.81316004859076,66.78729756419877,61.67321630936378,61.67321630936378,71.38838906140363,27.098281349249735,35.387001829607826,-10.349506449093557,11.155362201503067,380029.9,-26.269485637840607,77.0659408569336,62.15624237060547
IDA,Idacorp,ok,Utilities,Electric Utilities,2026-10-01,132.50999450683594,21.945272,753.0,False,False,1.361584056811771,2.872445476570329,3.774760727756621,-2.8447869346548194,-13.735668926473753,2.865146439515054,136.37430366637216,123.78869449569885,112.20493262950801,112.20493262950801,61.9601445079105,18.021170142989984,40.823752310536044,-13.735668926473753,8.244239404160126,609568.6,-51.67533235799875,153.6092529296875,122.41759490966797
IDCC,InterDigital,ok,Information Technology,Communications Equipment,2026-10-01,341.2149963378906,40.102818,753.0,False,False,4.644704717846948,4.30243353280364,4.019448711294471,6.6630205839589784,21.56451786512248,-0.2646601614560762,324.704163627019,268.7769210329094,214.65108237703484,214.65108237703484,340.1567819429529,38.83379308645664,44.87555287516135,-13.348146618821474,36.423740215723086,209145.5,-53.185700863752736,393.77691650390625,250.1140899658203
IESC,IES Holdings,ok,Industrials,Construction & Engineering,2026-10-01,327.2850036621094,28.995562,753.0,False,False,1.9325455803353764,1.6129055181114405,2.1170058228110467,8.88087017181074,0.0871570832138735,64.60958565854156,271.21130928160653,200.42658370424553,153.1887981115901,153.1887981115901,906.7210721611452,66.18512781846759,38.70394859440637,-17.55630142461229,82.87143176498412,254675.65,-60.4936710674931,396.9800109863281,178.97000122070312
INGR,Ingredion,ok,Consumer Staples,Agricultural Products & Services,2026-10-01,94.68000030517578,10.294565,753.0,False,False,-1.1794147606849714,-1.8351443225200326,-1.8758395674847161,-9.16243187583331,-3.0116803510428003,-20.085747867089587,107.17447368682377,118.06997036268987,114.37750053659062,114.37750053659062,5.328342827674448,20.559910813812774,20.920993545194335,-20.31568733876394,0.8414111414026093,637270.55,-39.36468584653724,118.8188705444336,93.88999938964844
IPGP,IPG Photonics,ok,Information Technology,Electronic Manufacturing Services,2026-10-01,83.12000274658203,128.59985,753.0,False,False,6.182938225294432,7.6265688639513,7.362444733204732,10.531923031580614,-21.041127199412024,4.962748054066091,97.51281747363862,84.43966129956492,85.58990694327183,85.58990694327183,-17.498756579074904,52.78424523664301,58.11303382091904,-45.99441181935006,17.50071424465379,393153.2,-50.282994008442515,153.91000366210938,70.73999786376953
IRT,Independence Realty Trust,ok,Real Estate,Multi-Family Residential REITs,2026-10-01,14.46500015258789,80.33333,753.0,False,False,-0.4473474299920621,-0.3896111231000643,0.22400261349597717,-10.001683947000883,-15.5064769826742,-7.773148358150472,15.896846491193015,16.890641056683908,16.209309011816504,16.209309011816504,17.895516742899954,24.399366649623143,34.51649484986606,-15.603880663553005,0.4302217414833145,4112229.05,-40.64335983424853,17.139413833618164,14.403035163879395
ITT,ITT Inc.,ok,Industrials,Industrial Machinery & Supplies & Components,2026-10-01,201.25,39.355183,753.0,False,False,-0.28243350685398516,-2.8622419564717227,-5.944759147607259,3.794349763708471,7.939456246739707,13.46757239159231,192.56651197160994,170.8221814128982,154.38793657563755,154.38793657563755,113.8450131469142,29.38325190600912,46.691092843114,-8.86452197703523,19.44541750000272,872766.2,-40.86342940411761,220.82508850097656,168.48699951171875
JAZZ,Jazz Pharmaceuticals,ok,Health Care,Pharmaceuticals,2026-10-01,233.58999633789062,16.025326,753.0,False,False,0.8940877795569069,-1.9682736551254965,-1.1384808089147325,-4.1524804469182826,-4.057996809987429,77.23064562157857,198.8088495769198,159.1264943734583,144.96006659397565,144.96006659397565,82.87793799326681,33.69132775810598,30.146300991103246,-10.71401242353108,78.09544816700253,710112.2,-36.38413760529674,261.6199951171875,131.16000366210938
JEF,Jefferies,ok,Financials,Multi-Sector Holdings,2026-10-01,45.209999084472656,12.406593,753.0,False,False,-1.137110131136998,-4.073842436090058,-2.2275141795113695,-13.02424108769511,-13.447550290340505,-28.80552047018574,52.61556740412637,56.25390136384394,51.45861591982493,51.45861591982493,37.248450856111326,38.03574450655571,18.54614217973085,-30.214782357700994,27.416392577604036,2510885.1,-29.590485841028734,64.78449249267578,35.48208999633789
JLL,Jones Lang LaSalle,ok,Real Estate,Real Estate Services,2026-10-01,307.32501220703125,14.736085,753.0,False,False,0.5908036325828148,-2.1569543982280615,-5.263557956447351,-13.349028513330996,-6.148836429933469,3.032390192017864,323.5872017996652,292.5910659121327,259.3000997718112,259.3000997718112,122.29657302497739,33.88783713122789,11.370979684101798,-21.758444583275676,9.696247926126023,366430.85,18.035094479626924,392.7900085449219,280.1600036621094
KBH,KB Home,ok,Consumer Discretionary,Homebuilding,2026-10-01,46.38999938964844,13.053521,753.0,False,False,-0.1721580136715084,-3.1119499691469987,-2.6442856157017247,-11.164308109482246,-23.82678684646784,-25.82091409498155,56.08086260538253,59.14210294442348,60.581637444565814,60.581637444565814,6.043660040394894,37.179645827007285,33.21211067528496,-29.44061855777772,3.4359133523513803,1795092.55,-61.40861929375174,65.74604034423828,44.84902572631836
KBR,"KBR, Inc.",ok,Industrials,Diversified Support Services,2026-10-01,35.439998626708984,10.656627,753.0,False,False,0.7963560310353168,1.7221540513584932,1.8098168013901628,-3.680687166939678,-2.225720247850216,-23.742365214030926,38.432273842039564,45.71951237332773,49.94620397651338,49.94620397651338,-37.05799375578709,30.28560119662762,41.55012047483759,-24.508600911141183,18.976272511793564,1427173.15,-35.89684615353084,46.945743560791016,29.787450790405273
KD,Kyndryl,ok,Information Technology,IT Consulting & Other Services,2026-10-01,12.395000457763672,33.527027,753.0,False,False,10.079930779846414,10.37400679444147,5.579222311885301,-5.525910321031347,1.1836772062340462,-58.72460814402915,17.4866071012285,25.81375498030765,24.439887098740456,24.439887098740456,-17.75049297432484,56.97337601167022,41.7305653023723,-59.5331348436986,17.044384128121955,3928636.45,87.2310938824589,30.6299991607666,10.59000015258789
KEX,Kirby Corporation,ok,Industrials,Marine Transportation,2026-10-01,133.69000244140625,20.580645,753.0,False,False,1.8590494791666634,1.595870629955276,2.5938185451140683,-5.150758896079899,2.965192708028508,60.20372358350616,127.26083337692987,117.48675309139419,111.18618867628444,111.18618867628444,64.35948913256763,31.44683556457064,36.42824357681618,-12.386129071418814,67.21702006812347,441174.05,-51.97337649392569,152.58999633789062,79.94999694824219
KNF,Knife River Corporation,ok,Materials,Construction Materials,2026-10-01,50.540000915527344,20.512194,753.0,False,False,0.2380062493852808,-5.302600848782668,-5.302600848782668,-18.220062233885514,-40.45711292304244,-34.252635475839675,75.11341294788178,83.4675100410127,78.97581676974556,78.97581676974556,5.160215296237114,42.79657080033898,28.605928224343643,-46.216877451319476,0.23800624938527534,1115242.45,-19.73503160680442,93.97000122070312,50.41999816894531
KNSL,Kinsale Capital Group,ok,Financials,Property & Casualty Insurance,2026-10-01,334.5799865722656,13.574706,753.0,False,False,3.665371517355731,2.9730311292996747,-1.7415121503890685,-10.182282945154707,-5.650496798180327,-21.119517613519978,366.4168921576606,412.5875993097921,413.5622945230796,413.5622945230796,-17.829301365394812,39.11790506898865,32.44025555362154,-29.96781852664042,15.368439196396693,205743.95,-26.715220544759642,477.75177001953125,290.0099792480469
KNX,Knight-Swift,ok,Industrials,Cargo Ground Transportation,2026-10-01,65.18000030517578,241.88887,753.0,False,False,2.500393377531984,2.564911231603384,-0.4885491524033836,-2.0411886267755586,-14.383863111557583,67.00449967252095,60.640215858580575,53.8103048089016,52.73695085279812,52.73695085279812,38.057346507210646,35.66781579820085,37.53350219370762,-20.718102328751282,69.44910272992168,3794163.15,-49.22561513992881,82.21296691894531,38.46582794189453
KRC,Kilroy Realty Corp,ok,Real Estate,Office REITs,2026-10-01,33.29999923706055,23.307695,753.0,False,False,0.09016765519722636,-0.23583916445553132,-0.6167426058228953,-6.570957158584156,-13.936924111359339,-15.991957380622846,34.82440886421809,34.2112891512563,32.64461092803266,32.64461092803266,28.679172996963587,33.626270027873176,29.141792695634123,-18.3684471527176,25.059059760024688,1433003.4,-55.745534169702594,40.79304885864258,26.627418518066406
KRG,Kite Realty Group Trust,ok,Real Estate,Retail REITs,2026-10-01,24.3799991607666,15.25,753.0,False,False,-0.041001349455060954,-1.693548746833451,-1.3354914444874355,-6.661568233387028,-14.124087108200511,15.158760032585006,24.848427939036537,23.308378717338897,22.143674397056955,22.143674397056955,34.63884807213242,22.044707596773733,13.17074668470427,-18.27020039181532,18.938001993878416,2067316.0,-51.975411596485486,29.829999923706055,20.49807357788086
KRYS,Krystal Biotech,ok,Health Care,Biotechnology,2026-10-01,327.45001220703125,41.043858,753.0,False,False,-1.5365604369365515,-2.8568810813008105,-5.075944944858069,-10.001644815614153,-12.696295141515733,85.49255903888557,280.6430948651026,220.82463148200654,198.18157373354887,198.18157373354887,193.49288617253785,48.719149762824884,35.16917329787225,-13.407373398856077,82.31168147335285,274902.45,-55.89380887656694,378.1499938964844,179.61000061035156
KTOS,Kratos Defense & Security Solutions,ok,Industrials,Aerospace & Defense,2026-10-01,42.880001068115234,252.58823,753.0,False,False,0.44507483607032494,-2.7002465054447033,-8.804762546455624,-13.09282339784068,-22.529354561475213,-53.069935669100886,72.00523809402708,55.67675296053943,43.60411683116776,43.60411683116776,184.53883169514822,55.80030857947346,31.268459260781853,-67.19706191272282,0.4450748360703274,4050365.2,-18.63933652204992,130.72000122070312,42.689998626708984
LAD,Lithia Motors,ok,Consumer Discretionary,Automotive Retail,2026-10-01,306.62249755859375,10.155132,753.0,False,False,5.068879713176799,1.1721681949789842,-0.9617275472295517,-17.041608800978914,0.31503058201831635,-2.209573341656912,310.99716374230763,319.1841936757365,303.59851763194615,303.59851763194615,8.554615934551357,38.003451137796674,26.51420685823709,-28.13822365610963,26.665606855273595,309047.55,-32.065146609316265,426.6837158203125,242.07241821289062
LAMR,Lamar Advertising Company,ok,Real Estate,Other Specialized REITs,2026-10-01,143.0399932861328,26.09489,753.0,False,False,-0.7424934561702345,-1.3721337033122394,-0.46622600823365,-4.245508125721409,-8.183617700640566,22.583177373578444,135.2129100012401,124.61452395982477,115.60685107875788,115.60685107875788,104.7707551889952,24.646871019572014,31.94807686482011,-11.966229584433176,29.244963051670858,488919.0,-23.529255357226862,162.48309326171875,110.67355346679688
LEA,Lear,ok,Consumer Discretionary,Automotive Parts & Equipment,2026-10-01,121.87000274658203,11.345438,753.0,False,False,3.2534135448611945,1.3556261741282327,3.0613131049319398,-2.0337610516592775,-6.286337064339498,24.192085477613045,122.03273655119396,107.4083345420807,111.36198808282495,111.36198808282495,-0.48401896976576486,32.26837844696691,35.038446675245794,-17.52464980460971,29.106902043605594,647745.25,-59.84455308626346,147.76536560058594,94.39464569091797
LECO,Lincoln Electric,ok,Industrials,Industrial Machinery & Supplies & Components,2026-10-01,268.7049865722656,26.852499,753.0,False,False,1.559074839121788,-0.6227805000934561,1.160337916320553,0.30189932747601844,4.28012877550874,15.36262660599279,256.1419267805796,229.07806554543544,220.00267071362987,220.00267071362987,56.43987429624777,29.508277604521325,75.12176107127281,-9.269089049772898,23.304789770194606,414137.2,-49.74032760157745,296.15594482421875,217.91934204101562
LFUS,Littelfuse,ok,Information Technology,Electronic Components,2026-10-01,434.55499267578125,21.589647,753.0,False,False,2.5522732549798643,1.2453114622478445,3.1804988358814956,6.2715484541832955,4.044393449853034,69.27786181208828,357.3339835272895,293.07546978832715,275.3680881738346,275.3680881738346,82.54109755165813,36.92329784778996,51.2666438566093,-10.980459772126949,86.03731577622659,185561.85,-66.13689721243887,488.1568603515625,233.58485412597656
LIVN,LivaNova,ok,Health Care,Health Care Equipment,2026-10-01,74.75,22.100294,753.0,False,False,-2.287581699346408,-3.1861146401274576,-0.9146373529642537,-6.749006256179369,-10.607513101217393,42.7071372197849,68.10561510116335,57.59906376690503,55.638930940058124,55.638930940058124,41.94834830344851,40.17126155135613,37.07609224968565,-12.393785322555523,50.796853863618075,655751.4,-23.79307158170002,85.32499694824219,49.56999969482422
LNTH,Lantheus Holdings,ok,Health Care,Health Care Supplies,2026-10-01,99.63999938964844,23.84091,753.0,False,False,0.11052005596370318,-0.1002591500529948,-0.0802264641750483,-1.2291811038164124,-9.327509379316224,94.2678838196,81.38279754396468,83.26308755000748,80.91136780393076,80.91136780393076,47.28750501436729,55.12223610877985,37.2384776959861,-10.18568848303928,96.56737441130505,996212.6,-69.38886338116984,110.94000244140625,50.689998626708984
LOPE,Grand Canyon Education,ok,Consumer Discretionary,Education Services,2026-10-01,154.64500427246094,18.620773,753.0,False,False,2.0153097225233507,5.631837923303729,2.285205222080533,3.034851119801374,1.30691808433967,-29.5531153140282,163.89561498732795,169.94228083393963,158.55620851554718,158.55620851554718,31.032883130950516,29.144416315389865,56.30837648410528,-29.88211193260811,13.110739388322562,336531.35,-45.79197450698129,220.5500030517578,136.72000122070312
LPX,Louisiana-Pacific,ok,Industrials,Building Products,2026-10-01,64.01000213623047,83.03896,753.0,False,False,-0.836562184349332,-3.1032326644350516,-3.4248592107329,-6.975723866689487,-18.96348173333281,-26.814073327249275,77.7804299611894,87.07838391307816,83.06271745294214,83.06271745294214,20.15385570499666,38.531707876543926,36.55736187648367,-34.28180204015068,0.0,1098852.65,13.732537296970637,97.40072631835938,64.01000213623047
LSCC,Lattice Semiconductor,ok,Information Technology,Semiconductors,2026-10-01,129.77000427246094,517.2004,753.0,False,False,3.3036152166393995,4.627917076237353,6.177387478604368,16.198069410684603,-4.951288777028107,76.99127770403089,103.51202404688276,79.73940248983315,74.64567069956664,74.64567069956664,51.40591023057222,58.096948348871166,60.72423493954928,-16.423004636010525,110.22194270983414,1687757.4,-53.0946805506526,155.27000427246094,61.72999954223633
LSTR,Landstar System,ok,Industrials,Cargo Ground Transportation,2026-10-01,170.24749755859375,44.107517,753.0,False,False,0.9472301926615634,2.9245473607304673,3.0678684510896614,-2.9431081441969043,-18.04632867261281,42.26850592974583,164.60107978941903,156.70758514100336,162.3615508972411,162.3615508972411,4.084926681927392,29.025222742540908,43.94935202616685,-24.28639540528718,43.82930867610941,335717.75,-25.12907047661317,224.85720825195312,118.36773681640625
M,Macy's,ok,Consumer Discretionary,Broadline Retail,2026-10-01,22.780000686645508,8.340659,753.0,False,False,0.043918439529178066,-0.999563406990478,2.1066841414344895,4.7668083261643845,-1.1812382643587527,31.568040877557912,20.838680127310376,17.022350626637735,16.512424070046716,16.512424070046716,123.09805351854975,47.975973309476636,59.94397280339377,-12.341231855986704,42.884012985474044,6890883.6,-29.118349931204758,25.987133026123047,15.943001747131348
MANH,Manhattan Associates,ok,Information Technology,Application Software,2026-10-01,206.34500122070312,59.100285,753.0,False,False,3.84751101654639,2.21170805919213,-1.5670484117699446,-4.5626960764214015,36.616135058877774,0.6659213199411207,165.91097244383798,193.8812453281357,206.84283539466807,206.84283539466807,3.763954836255756,41.65929865676947,55.27819307988039,-7.782889575285889,70.70235432592928,617235.95,-56.64235046581456,223.75999450683594,120.87999725341797
MAT,Mattel,ok,Consumer Discretionary,Leisure Products,2026-10-01,15.1899995803833,11.347014,753.0,False,False,19.984200343322755,13.868061518998708,15.601211442146411,4.112401792463216,13.868061518998708,-9.744505946269888,16.578055525582933,17.625079658401916,17.994674630690696,17.994674630690696,-30.257120746111323,39.59353916848383,61.847381867435836,-31.453070013638918,19.984200343322758,5739105.25,303.18837156715324,22.15999984741211,12.65999984741211
MEDP,Medpace,ok,Health Care,Life Sciences Tools & Services,2026-10-01,603.7999877929688,35.466545,753.0,False,False,-3.265084610521718,-1.9709735689057428,-2.7054961143309297,3.530454732356758,8.285511877665218,17.434265468043254,532.8273420787993,443.65878520828795,412.25942247449007,412.25942247449007,148.92809773677232,52.77586649083816,57.48711450894223,-4.187628262301922,53.47464978516609,236579.8,-43.36118299195451,630.1900024414062,393.4200134277344
MIDD,Middleby,ok,Industrials,Industrial Machinery & Supplies & Components,2026-10-01,102.99500274658203,15.691489,753.0,False,True,-0.5647799518548213,-3.454253419621489,-4.6607387666468885,-7.7105697537571904,-26.894246919431485,-3.6915744402045036,117.54192540002248,116.47095047240238,114.11108849311414,114.11108849311414,1.267828141702454,35.715526501755704,35.458291742177835,-28.55871482155609,14.633584243801929,593049.55,-53.63102459145277,144.16734313964844,89.8471450805664
MKSI,MKS Instruments,ok,Information Technology,Semiconductor Materials & Equipment,2026-10-01,274.2300109863281,43.580284,753.0,False,False,3.3426387264131607,6.134377971973626,6.298937633916601,11.276581833149946,-24.91381687464592,122.49184671407738,245.1045782603915,172.0572976572105,150.96752347604212,150.96752347604212,220.1217863470045,56.69756675424702,53.67226349929925,-38.290228252089065,127.09726252209363,1247821.05,-42.04930266242904,444.3866882324219,120.75443267822266
MLI,Mueller Industries,ok,Industrials,Industrial Machinery & Supplies & Components,2026-10-01,61.45000076293945,15.996094,753.0,False,False,1.385910153652814,0.7872716624997222,2.382539643901005,0.9522902908942754,9.064210565655939,22.87112861052547,60.00782379271492,50.24119923504225,42.12133729537011,42.12133729537011,245.19814272833784,32.30352038172746,60.65934692426615,-12.25678371464017,28.130158216047885,1818622.95,-68.96778411379884,70.03390502929688,47.95904541015625
MMS,Maximus Inc.,ok,Industrials,Data Processing & Outsourced Services,2026-10-01,54.06999969482422,7.993343,753.0,False,False,1.6544483753254902,3.7811924729357793,2.7556077392104195,-6.193615080893555,-2.439157685869686,-39.648986227794566,70.66478863973467,72.3692824679067,75.05566971615491,75.05566971615491,-23.46631343629958,29.259259277938277,37.8309272412881,-44.468532853188,3.7811924729357833,716802.8,-20.06783455644984,97.36821746826172,52.099998474121094
MOG-A,Moog Inc.,ok,Industrials,Aerospace & Defense,2026-10-01,392.95001220703125,33.32188,753.0,False,False,3.009413833222041,0.766750645571701,2.6649280749918347,7.648690113443335,-5.796042305716109,89.94039961106739,314.83147696843224,251.8645414375214,219.73719321525746,219.73719321525746,256.5638606590936,33.57242576579301,67.31669180925114,-11.771968229596775,101.73335265617227,273896.6,-49.31225871368976,445.3800048828125,194.78683471679688
MOH,Molina Healthcare,ok,Health Care,Managed Health Care,2026-10-01,182.4250030517578,,753.0,False,False,-3.5298798711322243,-3.8045751746002443,-5.630849228859258,-10.162018494500192,-20.63992390187431,-4.6692085755095984,177.99660731118823,227.07636481357287,268.7298475673316,268.7298475673316,-45.128734963464915,46.780060972777385,30.21505459712985,-24.89089287536193,48.73624197490654,581812.4,-5.287683796357734,242.8800048828125,122.6500015258789
MORN,"Morningstar, Inc.",ok,Financials,Financial Exchanges & Data,2026-10-01,192.5500030517578,18.302568,753.0,False,False,1.3207797591561876,0.5168122289525678,-1.9652769911822077,-8.248354859549123,16.38743210671563,-16.149321032445318,191.79449475000774,246.05527870208618,258.6243889189336,258.6243889189336,-14.260150361533409,31.199208101540055,51.63916685139376,-14.931973660438617,36.16280072265046,296199.05,-65.40130699271319,226.3482666015625,141.41160583496094
MP,MP Materials,ok,Materials,Diversified Metals & Mining,2026-10-01,45.63999938964844,52.247944,753.0,False,False,-3.4891129074542726,-1.7438134768283597,-7.423934896657681,-15.07257542953142,-14.38754790106861,-31.951692862210546,58.62472213260711,45.74360553011951,35.672350564325946,35.672350564325946,146.30327953814373,75.52113129983684,36.53953334189478,-53.73542961611037,19.790029442255193,5239961.55,-5.239171077505322,98.6500015258789,38.099998474121094
MSA,MSA Safety,ok,Industrials,Office Services & Supplies,2026-10-01,179.6699981689453,22.667929,753.0,False,False,1.0062925775789378,-1.4534933352437496,-1.339850877617077,-4.119750918324394,5.075059331339493,5.665936582955178,172.70219960288395,167.47947366114155,168.78081471923178,168.78081471923178,19.882522824033778,22.91039850147418,44.282479803853555,-10.767013134956517,18.4872267665534,244904.2,-63.665792583385674,201.34930419921875,151.6365966796875
MSM,MSC Industrial Direct,ok,Industrials,Trading Companies & Distributors,2026-10-01,128.41000366210938,31.013287,753.0,False,False,3.7908199120042063,5.133456937770653,6.361302154916837,9.06234583992902,5.348772258906154,44.63032209139206,100.01912092784094,89.23194467308987,87.30439570858817,87.30439570858817,47.69227907218363,27.179584570040284,69.32486186649228,0.0,62.757321826151404,729009.2,0.6412539101015469,128.41000366210938,78.8966064453125
MTDR,Matador Resources,ok,Energy,Oil & Gas Exploration & Production,2026-10-01,53.290000915527344,9.146655,753.0,False,False,3.315236571866742,3.576287901463515,0.6041149470450646,-9.998308158220837,7.01568381651434,22.415263011369134,49.999611112806534,49.28160579271051,51.40742329044013,51.40742329044013,0.7104407232644938,41.10276930484333,30.020603684620028,-17.394460975159774,47.89239645926035,1801808.6,-52.42158351336541,64.51141357421875,36.032955169677734
MTG,MGIC Investment Corporation,ok,Financials,Reinsurance,2026-10-01,26.334999084472656,8.228125,753.0,False,False,1.9156305300377152,-7.1075882535582835,-8.336235627998366,-14.190294473120279,-6.197486656004059,-5.085369811424256,27.55585992147052,26.160833643727095,23.962641006763555,23.962641006763555,69.0095026750009,23.796664191106277,13.62508792548769,-16.317128506268403,6.51829483693713,2423007.2,27.360083783490197,31.469999313354492,24.723451614379883
MTN,Vail Resorts,ok,Consumer Discretionary,"Hotels, Resorts & Cruise Lines",2026-10-01,137.4149932861328,29.584053,753.0,False,False,0.17130822488595765,-0.4888138675202436,-0.2938717287491843,3.7955993048197634,-2.320869746683263,-2.1273985127663986,136.28722163609095,142.72295783905395,154.8652171708673,154.8652171708673,-24.27076494807927,33.14908061784657,44.84087582304848,-14.120993685639945,17.260130102127675,1055951.55,-65.95194163974664,160.00999450683594,117.18816375732422
MTSI,MACOM Technology Solutions,ok,Information Technology,Semiconductors,2026-10-01,300.7550048828125,96.08306,753.0,False,False,5.594760602774129,7.967765479158628,5.55029209865272,14.78760111182238,-6.673184457001902,141.58969398644481,248.3260908278208,186.49732050192785,155.81393744682728,155.81393744682728,267.9410481317363,50.43187634352297,60.9429898717376,-26.587822139308486,146.15731227009329,1312500.25,-45.249153285875565,409.67999267578125,122.18000030517578
MTZ,MasTec,ok,Industrials,Construction & Engineering,2026-10-01,212.1649932861328,33.7914,753.0,False,False,-0.6811168730981865,3.9565863555964143,0.1014372922794271,-10.757555151047827,-43.18480104774596,-0.303089272055157,285.1212490626744,217.48226059385505,174.1106571131652,174.1106571131652,204.96621275954556,48.20362579315373,33.43304185699503,-51.50625390267298,11.618787480182961,1511087.05,-50.430321006324554,437.510009765625,190.0800018310547
MUR,Murphy Oil,ok,Energy,Oil & Gas Exploration & Production,2026-10-01,37.869998931884766,18.737623,753.0,False,False,2.2960520356850367,3.3287785953962645,1.3108556708616437,0.7180863529808512,20.004177677241675,38.74058250150394,33.99701353103396,29.614640361284355,32.15509795635978,32.15509795635978,-2.8143467247518927,42.94061950495263,47.668389539652665,-9.710638006833234,48.34850581445739,1679536.45,-37.73109240945619,41.94292449951172,25.527725219726562
MUSA,Murphy USA,ok,Consumer Discretionary,Automotive Retail,2026-10-01,511.57000732421875,15.748306,753.0,False,False,1.4959444007664136,-1.643849087371152,-1.4847522603740226,-4.637898092396842,-8.666190976725552,32.503831697764205,477.4107182820638,466.250758197678,450.2149149576823,450.2149149576823,49.27141351477174,32.489727344039146,44.17837764273584,-17.76320947034175,44.191094299217454,249925.55,-59.263468660967234,622.0695190429688,354.7861328125
MZTI,The Marzetti Company,ok,Consumer Staples,Packaged Foods & Meats,2026-10-01,100.37000274658203,14.365329,753.0,False,False,1.189636330408228,-0.7220531538642105,-0.7613176267679655,-9.38791351842796,-12.486832144600946,-40.0742693502254,135.78893728104848,153.4849911268014,159.69187728658932,159.69187728658932,-33.700961469070556,29.04586820590068,39.67452197475449,-40.8218334498391,1.1896363304082322,447195.7,-39.575894848720594,169.60647583007812,99.19000244140625
NBIX,Neurocrine Biosciences,ok,Health Care,Biotechnology,2026-10-01,141.0399932861328,20.635963,753.0,False,False,-0.5640179585538418,0.42722218334971807,1.5114371727553255,-10.028069514902672,-19.063469682021573,0.47014416609492127,146.79742092556424,136.0390239882754,134.5121513457887,134.5121513457887,26.16512401024833,34.21567082364554,26.93008554659147,-23.967658605858322,14.573513431670094,1258147.3,-0.03189610628262507,185.5,123.0999984741211
NEU,NewMarket Corporation,ok,Materials,Specialty Chemicals,2026-10-01,916.1400146484375,19.701012,753.0,False,False,2.0746049906398945,0.4055074522304025,2.556814862597112,1.7884683654651123,16.866521407891554,12.418859777562519,744.4342707073878,672.3229985332109,624.0365841322212,624.0365841322212,113.17234151968916,27.34607048114357,67.10553463073717,-4.433625500838798,58.61385159318281,118507.25,-18.8699425562571,958.6426391601562,577.5914306640625
NFG,National Fuel Gas,ok,Utilities,Gas Utilities,2026-10-01,76.27999877929688,10.625349,753.0,False,False,0.5536490450383624,-1.1924008202925496,-2.718682897065239,-8.346906582555302,-3.1600863698761916,-15.195877358961074,81.93509643796891,77.10660106917301,67.98184235510756,67.98184235510756,65.52264639636843,20.47727382478343,28.72415137897238,-19.379762200999455,1.9624632026676625,846203.2,-50.9498427800793,94.61643981933594,74.81184387207031
NJR,New Jersey Resources,ok,Utilities,Gas Utilities,2026-10-01,50.875,14.091413,753.0,False,False,0.5434812928295951,0.942457261389551,-0.3623215203981345,-5.052064263079281,-10.65084257989507,9.695671814200523,51.21710209619431,47.777681768652926,44.96718505717527,44.96718505717527,45.08989397232792,18.593427669834476,27.67919041057668,-14.459898780208249,19.68832839709106,733578.8,-59.516823550516996,59.47502899169922,42.50623321533203
NLY,Annaly Capital Management,ok,Financials,Mortgage REITs,2026-10-01,18.725000381469727,4.5253625,753.0,False,False,-0.8734728084169752,-4.45888380320344,-5.6183706142621475,-14.04678877547777,-13.818183829272924,6.031954876255097,20.440450350443523,18.235796290089883,16.635375908171515,16.635375908171515,53.506423325775245,21.442876618493987,14.045850542692449,-18.101866991457555,4.787549770465864,11675660.75,42.79547305277775,22.86376953125,17.869489669799805
NNN,NNN Reit,ok,Real Estate,Retail REITs,2026-10-01,40.18000030517578,19.788177,753.0,False,False,-2.214650387035344,-2.946862743327461,-2.428363265151101,-11.184794839871682,-14.360966352785354,-0.1681974983252288,42.56550193968273,40.77029646915268,39.43169700197015,39.43169700197015,36.29734013076615,18.5612479334858,7.192604977160499,-17.918467753668732,7.231838602275245,2072081.35,-17.106198557310503,48.95132827758789,37.47021484375
NOV,NOV Inc.,ok,Energy,Oil & Gas Equipment & Services,2026-10-01,18.90999984741211,69.99999,753.0,False,False,0.9610267462627498,-3.0256418081430314,-4.974873317064321,-11.0947406442782,5.383816046875212,45.95738488245167,18.169939673136152,15.778849820216813,16.32069003597832,16.32069003597832,-0.23090937194583105,37.80983415808238,21.40991412946964,-12.528026794555224,57.102781220563394,3166441.45,-19.890228824537402,21.61835289001465,12.03670597076416
NOVT,Novanta,ok,Information Technology,Electronic Equipment & Instruments,2026-10-01,144.01499938964844,91.16455,753.0,False,False,1.2834917482994257,1.3619070479001127,1.7558119351267054,0.2401344923088411,-10.94793575155385,43.79929824807316,134.45240078275165,136.4716833046233,144.8105511608352,144.8105511608352,1.4833314588244884,43.56131160867781,46.56220409405012,-14.657778139467592,45.147145351574984,351096.0,-62.85346457948824,168.75,99.22000122070312
NTNX,Nutanix,ok,Information Technology,Systems Software,2026-10-01,71.62000274658203,13.862669,753.0,False,False,1.7185045043873526,4.250372529914004,4.4175631585761765,7.392412842550544,39.66459526418118,-3.723614283900445,53.06906751602415,61.48950202151599,58.854654745276704,58.854654745276704,106.04144477824877,45.01782347912942,76.09890820068651,-6.890269823879212,108.13717833238641,2268106.85,-47.41707164281084,76.91999816894531,34.40999984741211
NVST,Envista Holdings,ok,Health Care,Health Care Supplies,2026-10-01,23.155000686645508,39.88793,753.0,False,False,-1.3421330887289362,-2.4230883551742077,-3.801408474365142,-13.081827262943191,-16.196158559698393,13.672065452486848,24.524265841832236,21.923814726065828,21.511985392526167,21.511985392526167,-16.01377967736267,39.14147793481139,29.33564694664591,-23.47983968438612,22.189972318786285,3012677.4,-58.24816822405213,30.260000228881836,18.950000762939453
NVT,nVent Electric plc,ok,Industrials,Electrical Components & Equipment,2026-10-01,165.49000549316406,46.066856,753.0,False,False,3.1926236402484154,3.1090376904449046,1.6024070064520002,12.348949127322628,8.91171762042491,68.89460960899815,132.4671353536939,101.69984076602526,89.30703832618744,89.30703832618744,227.92743270932786,41.84836987948442,53.453252987797384,-10.106773948423067,75.03552580040576,1954098.6,-44.610164502446295,184.09619140625,94.54652404785156
NWE,NorthWestern Energy,ok,Utilities,Multi-Utilities,2026-10-01,68.55500030517578,24.747293,753.0,False,False,0.25592725765877233,0.7273035032889563,0.7125027361920777,-1.9382109654615731,-2.971599972183936,21.575928357446415,66.69478534516834,59.02011438954874,54.395054106693344,54.395054106693344,67.8822266414665,21.253673490513165,46.307294434290206,-5.746860104857399,24.944168471402897,474899.35,-39.3793653328858,72.73497772216797,54.868507385253906
NXST,Nexstar Media Group,ok,Communication Services,Broadcasting,2026-10-01,158.44500732421875,30.015179,753.0,False,False,-1.9341461028278162,-2.061436197454658,-1.9098566695919028,-10.905864492272022,-11.633575022581244,-16.859365821041884,192.40780385335287,177.79659617754567,167.338301031713,167.338301031713,26.8523761918005,34.747948999361405,35.54653541982442,-36.309066377828906,3.4406974217855546,389210.65,-60.14677398986898,248.7716827392578,153.1747283935547
NXT,Nextpower,ok,Industrials,Electrical Components & Equipment,2026-10-01,78.48500061035156,20.260983,753.0,False,False,0.7121779840913556,-0.8151101547505091,-1.85694708976335,-5.519440353095762,-30.44576111529257,6.075149177403993,104.31611112564329,76.75945215871134,66.46075027080805,66.46075027080805,101.08891382282917,62.88375476641792,40.68907417752188,-49.81777258744779,3.78867728075959,2017611.9,-41.16123125562453,156.39999389648438,75.62000274658203
NYT,New York Times Company,ok,Communication Services,Publishing,2026-10-01,63.67100143432617,26.512499,753.0,False,False,-0.04552484814122071,-0.7776168752652857,0.9849360900556547,-5.992915578664149,-13.51351701461676,12.232986428734915,70.59199722229488,61.78047221210373,56.64564362686785,56.64564362686785,59.55601270829381,27.658066901423233,42.95314753138718,-25.611145324725232,17.473567169786513,3436954.0,-72.49657691083442,85.59212493896484,54.200279235839844
OC,Owens Corning,ok,Industrials,Building Products,2026-10-01,115.9800033569336,9.72987,753.0,False,False,-0.6510146657042193,-4.957793561323632,-3.9264395426104715,-13.240567241633572,-22.798755617020618,-15.926269761436984,123.35278268844363,138.69521634227252,142.30207431585507,142.30207431585507,-8.700505693556915,36.52791455111457,25.462414307509192,-27.019881265265873,20.354439884339886,1121790.45,-33.32899205907841,158.9199981689453,96.36537170410156
OGE,OGE Energy,ok,Utilities,Multi-Utilities,2026-10-01,45.78499984741211,20.06579,753.0,False,False,0.8036144719978378,2.4731413041380934,3.3988281608058557,-0.4457530410369004,-6.589818591160645,2.645356263175147,45.70920580909366,43.556553008546864,39.81398243036561,39.81398243036561,62.46913837608332,17.470386263473998,42.830380253693136,-8.338340043865582,10.716325014385795,1724928.95,-28.317105466865744,49.95000076293945,41.353431701660156
OGS,One Gas,ok,Utilities,Gas Utilities,2026-10-01,71.37999725341797,15.366381,753.0,False,False,-0.6817941762042978,-0.39074294499298334,-0.7922164266862319,-11.174717880448636,-6.900590742558799,-8.861014864180206,79.76532242790101,74.96353728457751,69.50859544508327,69.50859544508327,21.440187172152637,20.541423482549533,8.839686435346536,-19.92092850758314,0.0,608075.85,-55.54551294875467,89.13689422607422,71.37999725341797
OHI,Omega Healthcare Investors,ok,Real Estate,Health Care REITs,2026-10-01,45.40999984741211,16.156584,753.0,False,False,-1.9434279835672252,-2.7206522053575433,-1.9857585738878747,-2.949350376390525,-6.82552353880761,14.076705732450879,44.5849406075856,39.96757489846522,35.98798505116902,35.98798505116902,71.94827060596735,20.41589630641198,33.04723173165553,-11.005037981482047,22.21057558361038,2036403.15,-56.12052554524873,51.025360107421875,37.15717697143555
OKTA,"Okta, Inc.",ok,Information Technology,Application Software,2026-10-01,212.52000427246094,127.27246,753.0,False,False,1.6307224198537806,5.114260545681737,2.8455308266454926,27.69333270744454,50.27577925618203,131.7557375627969,106.4371033623105,100.08147418261524,95.92322723672368,95.92322723672368,163.28047702996523,54.122999354093,75.888835420572,0.0,237.70857022382992,3901266.9,-51.109779236073294,212.52000427246094,62.93000030517578
OLED,Universal Display,ok,Information Technology,Semiconductors,2026-10-01,77.28250122070312,18.743961,753.0,False,False,0.3147719396338955,2.401616497526682,5.232160473255143,-5.616062905405683,-1.1667017427495652,-45.05661685682148,102.10979915800549,125.51363442713522,141.3433442742701,141.3433442742701,-48.404022639213665,42.74445492093233,38.064140156262845,-47.86947488293552,5.23216047325515,749115.1,-65.79938116318841,148.24807739257812,73.44000244140625
OLLI,Ollie's Bargain Outlet,ok,Consumer Discretionary,Broadline Retail,2026-10-01,87.51000213623047,19.512306,753.0,False,False,2.1716293954642474,2.3149811588830227,3.6357172028204543,20.9704265500412,17.92211725621844,-31.845789489070597,96.42541647714282,104.79477076891409,97.13557756786169,97.13557756786169,12.394042448281105,39.56656604466861,78.02332100389256,-34.128718015983075,41.41887625357774,1822775.45,-45.82936696892642,132.85000610351562,61.880001068115234
OLN,Olin Corporation,ok,Materials,Diversified Chemicals,2026-10-01,15.875,20.08733,753.0,False,False,2.4193548387096753,-1.090337977440281,-2.367775052044463,-7.3263235391217485,-19.868694780833195,-34.13752958760622,22.252092141953725,24.491119548144095,31.737268088190046,31.737268088190046,-64.69655973644171,47.85986186876971,31.468504978851087,-46.34292101763061,2.883990188094486,2626894.7,-3.7611214488346367,29.586030960083008,15.430000305175781
ONB,Old National Bank,ok,Financials,Regional Banks,2026-10-01,24.833900451660156,10.994956,753.0,False,False,0.7869361477873316,-1.4918629372110748,-1.0207241903955055,-0.8209620265738016,-3.94891839478384,15.899405197445615,23.463961820753795,22.09658992812928,19.952868466674886,19.952868466674886,89.24085225936957,30.416420093259273,36.81996119454581,-8.489260410747427,29.7955230314222,4451035.6,35.930433807359364,27.1376895904541,19.133094787597656
ONTO,Onto Innovation,ok,Information Technology,Semiconductor Materials & Equipment,2026-10-01,308.76458740234375,115.56529,753.0,False,False,0.30686117070035657,6.935165839589619,10.379499973434992,20.4371000050948,0.3851358611721034,138.94488816401181,229.15743909563338,185.28945144714112,182.91118803188937,182.91118803188937,143.48599743460775,64.57982097982317,62.400109957813726,-18.413376286685402,154.46233453192085,817230.05,-55.385757046011705,378.45001220703125,121.33999633789062
OPCH,Option Care Health,ok,Health Care,Health Care Facilities,2026-10-01,22.65999984741211,17.155302,753.0,False,False,0.7558918542643234,-1.0480339524720383,-1.220578378931625,-4.145514245086879,3.4703207402742464,-18.37175914776695,26.981349218459357,28.200816743402367,29.096281553169646,29.096281553169646,-31.829125441676855,38.021759789963085,40.681816802536424,-38.07051174387754,16.08606206973509,2098370.65,-60.37339733092435,36.59000015258789,19.520000457763672
ORA,Ormat Technologies,ok,Utilities,Renewable Electricity,2026-10-01,89.75499725341797,43.92647,753.0,False,False,-1.8963828296673646,-0.6695477565814456,-3.0095133288917886,-16.343558125155777,-20.172966296047544,-6.354445485802607,112.7009917667934,94.9762201879129,86.1993704108128,86.1993704108128,33.93910310051837,31.06530076364013,39.04416257850364,-38.07491312124495,0.0,993353.1,-46.22637207252889,144.94125366210938,89.75499725341797
ORI,Old Republic International,ok,Financials,Property & Casualty Insurance,2026-10-01,37.3650016784668,8.360179,753.0,False,False,0.14741437456808892,-1.7227742541047864,-1.5155428810094906,-9.77098529236471,-10.094227018659996,-4.071900845224031,40.13040771181621,36.69381729825084,32.848203811037585,32.848203811037585,74.2883744268797,21.129151781087618,14.511368403452735,-15.578502509974568,6.095473254059867,1494046.8,-39.60456928123002,44.26005554199219,35.21828079223633
OSK,Oshkosh,ok,Industrials,Construction Machinery & Heavy Transportation Equipment,2026-10-01,131.32000732421875,15.03551,753.0,False,False,1.940692328721827,-1.1070005544367878,0.8834671363987079,-11.077997130917694,-7.636549713439155,2.836104267270523,142.0003801981608,124.23362520681434,117.02334472129387,117.02334472129387,46.245700324194104,36.74489615289421,27.26133473169827,-25.5985979022306,12.00980916905075,631443.15,-35.23359941429407,176.50205993652344,117.23973846435547
OVV,Ovintiv,ok,Energy,Oil & Gas Exploration & Production,2026-10-01,60.0099983215332,16.751398,753.0,False,False,3.787614386488869,0.8063153906921583,-0.8263097237966144,-9.452217742074742,13.8344270958346,52.037002047454365,50.81301840524825,44.86317085934825,44.282093235537666,44.282093235537666,41.954111980814915,37.51154360924636,40.957709593794604,-10.392717294767353,70.67704968278639,3364093.4,-40.186916332346776,66.97000122070312,35.159969329833984
OZK,Bank OZK,ok,Financials,Regional Banks,2026-10-01,46.22999954223633,7.633663,753.0,False,False,0.5874683706312167,-0.8152779728366699,-0.7939891502147578,-4.443988173650249,-6.356084682373098,-5.805320283147153,47.394848566206676,45.976170292888504,43.724333452830116,43.724333452830116,44.74043642424776,32.42186835038438,22.605364544662635,-12.92145524700506,11.60998622893346,1118442.3,-38.92881197358148,53.09000015258789,41.421024322509766
PAG,Penske Automotive Group,ok,Consumer Discretionary,Automotive Retail,2026-10-01,203.19500732421875,14.767805,753.0,False,False,1.4250828783648917,-1.9423771222728092,-2.2960012830970933,-6.3272132401720915,14.001762001096306,20.714154596313005,172.87563251313708,164.89297312094396,157.683972889367,157.683972889367,35.71165420778763,27.262881793699094,24.975404548626912,-8.457768489222541,46.74286762087928,391349.7,3.1542888623652843,221.96859741210938,138.47010803222656
PATH,UiPath,ok,Information Technology,Systems Software,2026-10-01,13.375,19.902985,753.0,False,False,4.166665428771665,9.721086631730946,6.150790437038656,-26.267913726433623,14.218616194953505,-0.03737006276645083,13.245853155378311,12.861663335822968,14.590524554410937,14.590524554410937,-22.418792473495984,59.89165391541699,46.41148351558094,-30.66355953755351,42.59061659720671,53960954.15,-34.4135337162121,19.290000915527344,9.380000114440918
PB,Prosperity Bancshares,ok,Financials,Regional Banks,2026-10-01,66.6500015258789,11.544194,753.0,False,False,0.6645558790068673,-0.9952438680667752,-0.9658268891593047,-4.930641731708918,-5.198826437961845,3.948359162715831,68.46463050539532,68.62634819152346,65.15497805936086,65.15497805936086,38.775269327420524,24.450443026619002,17.952631227524634,-10.679021307921968,11.439221196537149,1143172.25,-35.81500950534795,74.6185302734375,59.808387756347656
PBF,PBF Energy,ok,Energy,Oil & Gas Refining & Marketing,2026-10-01,81.45939636230469,7.152936,753.0,True,False,5.846410253842915,9.503155035164546,13.295402828308811,8.627015179127984,71.01394237333878,177.02766963120285,44.54297401034643,34.273684533943694,36.7666514562579,36.7666514562579,71.35777622635754,56.60066755654597,54.875697431436606,0.0,218.85097081221164,3850736.5,-46.48218594027402,81.45939636230469,25.54779624938965
PCTY,Paylocity,ok,Industrials,Human Resource & Employment Services,2026-10-01,148.27000427246094,30.066057,753.0,False,False,3.99803370654237,3.888735288878853,3.22333953110987,-4.967311747066749,28.818424185989656,-6.90651077096881,129.83142877003505,159.21121538017852,159.48352606014743,159.48352606014743,-19.880035540627496,36.934196304365344,64.72158691212104,-7.458492608411019,55.90957586903498,658207.3,-44.00760976063317,160.22000122070312,95.0999984741211
PEGA,Pegasystems,ok,Information Technology,Application Software,2026-10-01,34.650001525878906,19.633524,753.0,False,False,4.116594942408147,4.273253094203966,1.2269996764806779,-5.534347771012504,11.881530319998301,-39.41875609594727,43.300312057374015,44.955777582419344,39.43416085059582,39.43416085059582,61.8746204096297,52.37859861746147,42.659277729384684,-47.755033630005634,33.663771372939,2175640.7,-58.42999259942141,66.32218170166016,25.923255920410156
PEN,"Penumbra, Inc.",ok,Health Care,Health Care Equipment,2026-10-01,318.3900146484375,78.21867,753.0,False,False,0.01571222941580963,-0.2475023640175933,-0.4159847889364743,-1.2988939482423412,-0.05650019513546711,25.686880405359002,314.55392849634563,284.9962153339766,261.2815404641201,261.2815404641201,33.42413281380685,36.60723569886859,53.48841710674457,-11.410678893850708,41.16787449067177,376637.8,-49.060874930769025,359.3999938964844,225.5399932861328
PFGC,Performance Food Group,ok,Consumer Staples,Food Distributors,2026-10-01,91.76499938964844,40.311405,753.0,False,False,0.27865506225031034,-0.2229007593059995,1.5998668065839494,-7.494957446896877,-18.8566607470101,-11.79834815250077,97.0218056875562,92.4848706066846,84.54715149209477,84.54715149209477,56.24893598654743,26.765150264886955,42.397748460786865,-21.333049130487762,13.2481806393589,1481893.45,-59.20293729620034,116.6500015258789,81.02999877929688
PII,Polaris,ok,Consumer Discretionary,Leisure Products,2026-10-01,52.7400016784668,15.515117,753.0,False,False,1.1313521290984285,0.8413048715581128,0.6872863745905899,-14.07624509497869,-15.555147953902814,-5.4108149387349975,62.91252666049533,55.8207477820347,63.21216100715546,63.21216100715546,-41.71975572121611,47.16838346877265,23.938587162905847,-28.64578849655829,12.406412173200257,808272.9,-44.07111756437708,73.91294860839844,46.91903305053711
PINS,Pinterest,ok,Communication Services,Interactive Home Entertainment,2026-10-01,19.235000610351562,56.514706,753.0,False,False,1.826369676285866,4.481264365982174,2.7510754053803765,-9.48235006893382,-12.845487646914243,-40.2082632727045,22.942837359413268,27.94502987804641,30.39113545259473,30.39113545259473,-28.864645121716205,48.85705116910379,51.577162830509224,-45.41714048184907,24.740599968755106,14996114.3,-59.11283498285953,35.2400016784668,15.420000076293945
PK,Park Hotels & Resorts,ok,Real Estate,Hotel & Resort REITs,2026-10-01,15.475000381469727,28.287544,753.0,False,False,0.3566816141611806,0.047900772830788974,3.4025631440948834,3.334627135131174,9.067473136275783,51.43116498411517,11.766231654182313,11.151780139877502,11.348821454472434,11.348821454472434,79.94105875561142,32.696407379627765,61.1462938545776,-2.736364928897453,70.51394462334112,3107817.4,-39.26129636831301,15.91036605834961,9.075504302978516
PLNT,Planet Fitness,ok,Consumer Discretionary,Leisure Facilities,2026-10-01,41.8849983215332,14.232993,753.0,False,False,-0.7934696577072797,3.419748942057299,2.8609947591007545,-17.010110345803398,-21.6370482251238,-59.64836503844025,74.9848215315077,87.22913365155102,80.79903730009973,80.79903730009973,-13.155714868184132,38.18533478291004,23.99530464421713,-62.59266065472837,3.4197489420572915,2706155.55,-56.37312866217169,111.97000122070312,40.5
PNFP,Pinnacle Financial Partners,ok,Financials,Regional Banks,2026-10-01,94.73999786376953,13.038568,753.0,False,False,1.2071330478049536,1.3695685767554533,0.916063736165329,-2.3600957892786822,-4.334490591388008,2.803098226119838,94.62324965946259,99.86383660001108,93.10304374238885,93.10304374238885,50.93326270684291,33.867385813087566,32.93141473354015,-12.696339468025176,16.52943367932487,992052.65,-2.499832040164407,108.51778411865234,81.30134582519531
POR,Portland General Electric,ok,Utilities,Electric Utilities,2026-10-01,44.7400016784668,19.783186,753.0,False,False,0.2464723453259099,1.2675449737953315,-2.8215203306893866,-7.7141177301886295,-14.120913954425296,6.2503431208149385,48.41704522995722,44.361247537620514,42.36517232664394,42.36517232664394,31.84674452170393,19.682100531635243,30.391557574411266,-15.603866917411075,9.07640830059023,1458141.8,-46.189321230623804,53.01190948486328,41.017120361328125
POST,Post Holdings,ok,Consumer Staples,Packaged Foods & Meats,2026-10-01,72.80999755859375,13.526021,753.0,False,False,-0.054908601736691764,-2.7514426504843703,-1.7939059104448596,-12.896278563910402,-21.524036951334036,-32.25716851087469,96.39464281475733,103.69430285146036,102.5871181918647,102.5871181918647,-14.017480755555123,24.29211243721844,25.20160463342002,-36.47151455296515,0.0,935820.8,-65.78233781510306,114.61000061035156,72.80999755859375
PPC,Pilgrim's Pride,ok,Consumer Staples,Packaged Foods & Meats,2026-10-01,25.579999923706055,11.091703,753.0,False,False,-5.294336516319909,-9.000357992570907,-6.162877076559337,-17.722741080215755,-11.057024617066268,-37.18074863244232,34.573968296959286,39.086572335535784,35.51863552311344,35.51863552311344,33.786991645749275,31.34515986488658,16.523003546680428,-41.54478769456722,0.0,1414904.25,-0.6162431132707424,43.7599983215332,25.579999923706055
PR,Permian Resources,ok,Energy,Oil & Gas Exploration & Production,2026-10-01,21.950000762939453,14.167742,753.0,False,False,3.9299237250228325,3.051650465545319,0.4576676417568093,-7.127583783621505,21.397520871175146,77.44767022221278,17.79650933023483,15.43638276673883,14.777876804549381,14.777876804549381,84.36387288191256,36.80107546917844,36.92729403251526,-9.78215852128975,87.86850519440789,10169258.1,-39.73835711771343,24.329999923706055,11.683704376220703
PRI,Primerica,ok,Financials,Life & Health Insurance,2026-10-01,274.4700012207031,11.172772,753.0,False,False,0.7636060282717017,-0.3557854212732914,0.0036470764179341586,-5.46926280316693,-7.230780148544902,0.561652962827841,271.21203849429173,269.94023946936863,253.80028780143098,253.80028780143098,50.13495536849268,23.049573312586908,21.647180275361436,-15.572363169115997,12.711008883143371,195771.1,-51.002982564842306,325.094970703125,243.51658630371094
PSN,Parsons Corporation,ok,Industrials,Aerospace & Defense,2026-10-01,41.505001068115234,28.55862,753.0,False,False,1.3058331253887223,-0.2283591574287147,-2.2031045920093972,-10.491692852777446,-26.265765867724,-49.94572843145644,61.31287706465948,70.45178301685834,72.11859898358227,72.11859898358227,-23.77410378960918,43.14171050038489,28.721814747635364,-53.51663048208392,2.9389915234625645,1164495.65,-37.808870303637455,89.29000091552734,40.31999969482422
PVH,PVH Corp.,ok,Consumer Discretionary,"Apparel, Accessories & Luxury Goods",2026-10-01,75.88999938964844,6.0722184,753.0,False,False,2.484802514598883,0.21127165670487003,0.1319415132776447,4.198701980550235,0.9299364156013956,-9.230149552714305,76.85998235430036,80.1566348968749,89.05250145556283,89.05250145556283,1.4127875661889,45.99461039367008,69.69244294260264,-23.12591353655897,24.7893665534448,1027223.3,-58.639372763448804,98.7198715209961,60.814476013183594
QLYS,Qualys,ok,Information Technology,Systems Software,2026-10-01,189.72000122070312,32.975693,753.0,False,False,1.3461561503965713,9.141114434947717,3.706132441683141,7.180389304727286,28.08534126037685,43.36884953944009,129.48519827827576,132.5426092717752,141.25840603244575,141.25840603244575,24.04053939595945,43.42085185378316,73.20546687811353,-3.1447843110861005,148.9763895260624,717423.45,-44.77891683077825,195.8800048828125,76.19999694824219
R,Ryder,ok,Industrials,Cargo Ground Transportation,2026-10-01,229.94000244140625,18.699999,753.0,False,False,0.9128420194343567,-1.7056343176588662,-2.670898437500002,-5.561029047036969,-11.447631200976039,24.06025028159684,218.5036706470308,187.20810758735078,162.54847944241914,162.54847944241914,131.52091625409375,31.051767104538214,20.311089620693366,-17.645096545218077,46.08441446455322,244430.4,-56.876067788622045,279.2062072753906,157.4021453857422
RBA,RB Global,ok,Industrials,Diversified Support Services,2026-10-01,81.29000091552734,35.125,753.0,False,False,-0.12286334300404267,0.6438087087695443,-1.4188675502491255,-1.7643493467947469,-27.6568113490652,-24.463298689208013,101.24653679983956,100.09330089918646,90.38834303087131,90.38834303087131,34.11787467050635,28.61523391076365,38.00624928697283,-31.297993781586946,0.931214292866251,1648965.55,-2.2107526746086403,118.32260131835938,80.54000091552734
RBC,RBC Bearings,ok,Industrials,Industrial Machinery & Supplies & Components,2026-10-01,506.5849914550781,50.06219,753.0,False,False,1.4732648893079903,0.47302244948530525,0.542817369937798,3.661828341949236,-16.20600213364596,29.79706893951164,521.5297029283312,434.601962207323,379.05120178871107,379.05120178871107,121.08099537594894,27.43965587678099,57.89615454313624,-21.93053059545983,37.022261546488686,314129.5,-67.62800055391168,648.8900146484375,369.7099914550781
REXR,Rexford Industrial Realty,ok,Real Estate,Industrial REITs,2026-10-01,36.21500015258789,36.687866,753.0,False,False,-0.15164131370726253,-1.4757346683073602,-3.550475722946389,-1.1301323747058056,7.106617597285081,-7.500857173172948,36.538553351447696,36.464465756815265,38.91664083767064,38.91664083767064,-15.668112624264252,27.24201370819851,32.85260762392305,-14.084049447026443,15.773576567056253,2813946.5,-45.598468201154496,42.15166091918945,31.280885696411133
RGA,Reinsurance Group of America,ok,Financials,Reinsurance,2026-10-01,245.8300018310547,10.818947,753.0,False,False,-0.16650570701873812,-2.822468812584289,0.17114142157121925,-0.7629579284413768,11.678424498788198,30.20174717979449,211.25056403023856,204.46267776185297,195.62660209179558,195.62660209179558,81.02856517463874,25.14415632699431,43.40483587565369,-3.938885423316164,37.796973082970794,336771.5,-28.429216842874172,255.91000366210938,178.400146484375
RGEN,Repligen,ok,Health Care,Biotechnology,2026-10-01,180.72000122070312,247.13698,753.0,False,False,-5.987616273554863,-6.888554469294606,-5.208493571299488,6.293375296647552,26.910118656377847,35.19862624093957,145.8421425289578,141.09390397090837,147.8147407724246,147.8147407724246,16.623640546429264,49.475194532481375,63.90977813300874,-7.118263649153736,75.67803674109238,1071128.9,26.686713429168062,194.57000732421875,102.87000274658203
RGLD,Royal Gold,ok,Materials,Gold,2026-10-01,233.58999633789062,25.809736,753.0,False,False,-1.0211879924192258,-2.8004372425174617,-7.485448431258856,-8.068007515234466,14.431975089595772,17.462355552158982,230.25019727434432,194.43937075185585,169.31430986867957,169.31430986867957,134.78696706491178,33.293326713941376,32.52945921922087,-22.912040826336096,39.03079209899927,650243.95,-50.56024742713869,303.0174865722656,168.0131378173828
RH,RH,ok,Consumer Discretionary,Homefurnishing Retail,2026-10-01,120.43499755859375,21.23675,753.0,False,False,-1.08008414078542,-1.3474805437318382,-0.6229927119421719,-16.642441085262394,-28.770406757546162,-40.71913989581423,162.13398806254068,218.74947240153156,234.91195914786493,234.91195914786493,-54.03419981308115,68.57012477155746,28.850593429460403,-48.28896491421861,6.721310755012601,867992.35,-36.1345753796102,232.89999389648438,112.8499984741211
RLI,RLI Corp.,ok,Financials,Property & Casualty Insurance,2026-10-01,56.290000915527344,11.811974,753.0,False,False,1.7718306235833259,0.5537716609967491,0.2493310522599268,-11.144432089414824,-9.712102845857196,-6.222688295654322,57.389597060188414,63.073280083705704,63.037315368652344,63.037315368652344,-3.747730769438995,23.137932113885437,28.016802275848562,-15.268702188909728,23.3892821362778,680223.6,-24.837656323597123,66.43354034423828,45.61984634399414
RMBS,Rambus,ok,Information Technology,Semiconductors,2026-10-01,106.98500061035156,49.183487,753.0,False,False,0.21075165756738734,4.764000913554978,2.329026769505016,26.75947710444957,-5.255931327340358,2.6727483144675546,106.0762103247264,83.2142728752349,74.71611553865917,74.71611553865917,90.46644845628697,66.39442782358086,71.66360301707552,-37.31102876209254,34.18411652562383,2656414.55,-72.17712122529971,170.66000366210938,79.7300033569336
RNR,RenaissanceRe,ok,Financials,Reinsurance,2026-10-01,324.2149963378906,5.6171527,753.0,False,False,1.8807105379572864,-0.2108333553284103,-1.877918055106198,-1.5684102836259761,-0.5125666144626284,28.19225054152623,293.7580315726144,270.48007211267236,253.88470975716277,253.88470975716277,66.96308562795639,25.725126365762375,49.441943131216846,-3.950783971022889,40.558132322777816,306172.1,-23.362710057513404,337.5509033203125,230.66256713867188
ROIV,Roivant Sciences,ok,Health Care,Biotechnology,2026-10-01,35.90999984741211,,753.0,False,False,-1.8047575961711582,-2.8934551326917357,-0.6089156219186376,4.026649395179316,2.2203209666418644,137.3430242947427,27.85077380377149,19.697589632999374,16.705126158269753,16.705126158269753,241.51211293317468,38.843639254316884,22.006843836219446,-14.111459775382675,127.999999031188,8829376.3,-81.94973296131913,41.810001373291016,15.75
ROKU,"Roku, Inc.",ok,Communication Services,Movies & Entertainment,2026-10-01,150.93499755859375,63.98941,753.0,False,False,-0.8832422061235135,-1.1364384824525953,-1.561993245848814,-2.954414747487788,5.971358084791012,50.73904094553596,118.17992022680858,98.9379181804885,89.61189238610338,89.61189238610338,114.09219511857272,55.340112090319536,31.323083771336613,-5.523909146018766,82.00289039330158,2073111.35,-43.19036456966,159.75999450683594,82.93000030517578
RPM,RPM International,ok,Materials,Specialty Chemicals,2026-10-01,98.8499984741211,19.122824,753.0,False,False,0.1824265820574711,-1.3473039074227033,0.14182898485151085,-2.945508144275788,-10.97162353705594,-14.44557168781393,105.74464531550332,111.65350928439562,109.41896040917709,109.41896040917709,10.848556351403605,26.47612889752092,44.18803006373481,-16.881238052830348,7.136987926850797,930389.2,-44.906497194937344,118.92621612548828,92.26505279541016
RRC,Range Resources,ok,Energy,Oil & Gas Exploration & Production,2026-10-01,37.685001373291016,10.41989,753.0,False,False,1.7413618839660527,-0.4622272431044294,-3.7174196194347253,-10.907549408091333,-0.09204087622185497,1.1098246940625778,38.79465413472009,37.22330380625934,35.43336899442027,35.43336899442027,27.4961003196599,33.554028724270104,33.105803063437804,-20.51444002728236,13.560878185692307,2658876.85,-55.73179705558759,47.411128997802734,33.184844970703125
RRX,Regal Rexnord,ok,Industrials,Electrical Components & Equipment,2026-10-01,155.65499877929688,32.103092,753.0,False,False,0.3513623665790444,-0.3033801248782275,3.2395292296429012,-0.63991325745828,-28.58536805291666,9.416683175872876,178.14386237613738,160.79971021675019,155.365977202437,155.365977202437,12.994066291954741,45.76655828725277,38.588609935899925,-34.50386077715833,21.90080296624714,1147482.8,-53.93778451406854,237.6552276611328,127.68988800048828
RS,"Reliance, Inc.",ok,Materials,Steel,2026-10-01,391.93499755859375,22.773256,753.0,False,False,1.8674457592186444,0.10344003794333645,1.5981047568486062,0.4678199163209218,5.666707036852503,41.659679052887675,338.1873946416946,313.0937100596637,301.50127811102595,301.50127811102595,57.75687907115634,26.58479232535333,48.319921462464116,-8.430679029321103,49.59683868130844,271835.5,-54.343711546137285,428.0199890136719,261.9941711425781
RYAN,Ryan Specialty,ok,Financials,Insurance Brokers,2026-10-01,38.38999938964844,51.85135,753.0,False,False,3.7567551071579386,0.7082908324476334,4.491011529127653,-9.286390202068983,-8.379895795494786,-31.01809525180428,42.99430946319822,54.116379327508085,53.07168816443617,53.07168816443617,-17.020261528985625,34.214221317333724,51.10746713774063,-33.54258166033727,31.570545410641376,2102747.95,-42.00165550036561,57.76631164550781,29.17826271057129
RYN,Rayonier,ok,Real Estate,Timber REITs,2026-10-01,18.135000228881836,39.402172,753.0,False,True,-1.2254922330605433,-3.485900238058215,-4.85309162108527,-11.730494735420226,-14.523569983560014,-23.79661824938639,20.97263737330361,21.918229779399248,22.708680473317504,22.708680473317504,-15.5162538545637,25.202542010723878,18.73266388462126,-24.872291089556718,0.0,3610422.3,-31.90419857533009,24.138896942138672,18.135000228881836
SAIA,Saia,ok,Industrials,Cargo Ground Transportation,2026-10-01,342.8900146484375,33.256287,753.0,False,False,2.741662576197945,3.827407917770631,2.9019906945290552,3.3984740658558277,-17.71100515024866,14.541031342500288,369.4863095359197,374.1853982689846,400.6377555573604,400.6377555573604,-14.228175182827218,53.10237972489443,44.117670352298276,-29.611609734852784,36.893173306110214,339953.2,-16.38143132642964,487.1400146484375,250.47999572753906
SAIC,Science Applications Intl Corp,ok,Industrials,Diversified Support Services,2026-10-01,126.73999786376953,14.717113,753.0,False,False,-0.6428345174964156,-3.200179520659796,-4.296605849659841,-0.031551440221244675,14.593135944922665,29.367508899432735,104.16264739869133,109.21065711215198,113.30622829320738,113.30622829320738,23.225570229435878,34.437171675683345,42.14714609383146,-5.234041679288197,55.253640390162495,413509.05,-49.00208350941775,133.74000549316406,81.6341552734375
SANM,Sanmina Corporation,ok,Information Technology,Electronic Manufacturing Services,2026-10-01,222.1999969482422,39.77996,753.0,False,False,3.392114448797101,0.9724617892348464,0.14421852279959957,18.63320519372349,1.10569806094587,93.03274760669255,179.5861107962472,133.90812734778658,109.46719783869081,109.46719783869081,310.038757297043,54.95646288625914,53.872094878203164,-21.40633984548425,94.7755902715591,575812.6,-33.96254267447429,282.7200012207031,114.08000183105469
SARO,StandardAero,ok,Industrials,Aerospace & Defense,2026-10-01,21.28499984741211,21.907215,501.0,False,False,-0.30445214471299664,-4.207918518613263,-4.035168825289959,-12.081781692162586,-29.30920154118327,-22.004400390835222,27.37263888404483,27.65635727979466,27.65635727979466,27.65635727979466,-35.007634053703484,36.236166982726495,22.6414979979468,-35.73369404030702,0.0,3974778.9,-34.38432512560635,33.119998931884766,21.28499984741211
SBRA,Sabra Health Care REIT,ok,Real Estate,Health Care REITs,2026-10-01,19.235000610351562,74.03847,753.0,False,False,-2.4594255572538803,-2.951559502926848,-2.7061195499467727,-8.142310793798579,-3.1462942653967985,9.616349082573894,19.088400992136155,17.700211804226576,15.97944273955002,15.97944273955002,74.15151973824463,23.29183757909764,17.632255609621097,-12.792738383663075,18.586693386462485,2415395.15,-53.10899750709527,22.056650161743164,16.22020149230957
SCI,Service Corp Intl,ok,Consumer Discretionary,Specialized Consumer Services,2026-10-01,77.05000305175781,20.122715,753.0,False,False,1.1818798527181151,-0.025946079078220663,-0.9003176183179251,-4.957895410467983,-1.4857567384151782,-5.75235423183128,79.17134932866172,78.33529410799186,74.41876726289827,74.41876726289827,45.51458769946104,24.08980352923476,21.574522002664352,-11.36817027467,13.067783920929674,972460.35,-38.56746961457092,86.93265533447266,68.14496612548828
SEIC,SEI Investments Company,ok,Financials,Asset Management & Custody Banks,2026-10-01,103.7699966430664,18.315697,753.0,False,False,1.0812321657521107,-1.001720143879814,-0.9639264630627475,-5.267486054624482,13.496660064204402,23.772056553885037,88.56468863714309,84.65436784964633,77.36140667838087,77.36140667838087,82.12363609875537,21.99937065646949,36.260835413175386,-7.041118699042967,38.83610064584065,877597.55,-57.33226465821378,111.62999725341797,74.74280548095703
SF,Stifel,ok,Financials,Investment Banking & Brokerage,2026-10-01,70.26000213623047,12.548214,753.0,False,False,0.31410796377409067,-0.21304007680321702,0.5006414758790712,-10.882793759766574,-3.57117128361667,-5.485282517250845,77.42801714700366,72.6107816886142,64.38821580337179,64.38821580337179,84.21640476996102,29.030724824785985,11.001667441298167,-19.800719249973547,3.7907769973126775,1395494.05,-48.29207620053988,87.60677337646484,67.69387817382812
SFM,Sprouts Farmers Market,ok,Consumer Staples,Food Retail,2026-10-01,65.4000015258789,12.497132,753.0,False,False,-1.431796488454662,3.0732872174816794,-0.030566560113265417,-19.069417767945552,-27.284856848335714,-39.889706165939046,80.85420632740808,114.08209144926641,98.431022476865,98.431022476865,55.714289347330734,40.528976826352604,33.333316056608226,-42.69190330190587,4.656744709953905,2062410.5,-40.447840039604145,114.12000274658203,62.4900016784668
SGI,Somnigroup International,ok,Consumer Discretionary,Home Furnishings,2026-10-01,62.43000030517578,24.671936,753.0,False,False,0.5152144448230533,0.24085023895146218,0.1925837413577769,-1.9167340007165468,-20.194858227029854,-25.305582283416015,78.24532254536946,70.71888464665508,63.10124472507918,63.10124472507918,53.01768529948807,35.78923201380845,35.914121964997136,-35.832002189427854,2.0549171461103346,3196171.45,-31.779973818363217,97.29148864746094,61.17294692993164
SHC,Sotera Health,ok,Health Care,Health Care Services,2026-10-01,18.274999618530273,32.07895,753.0,False,False,-1.1627915373137343,-0.9485156486318647,-0.9485156486318647,-2.168097858827611,1.9241456078219032,16.179276226044472,16.853194482742794,15.082749015306572,14.64214474778093,14.64214474778093,24.489095630924407,38.10000468711215,48.33623054403872,-6.617271826715668,39.18506823492463,1964130.7,-57.09481044209532,19.56999969482422,13.130000114440918
SIGI,Selective Insurance Group,ok,Financials,Property & Casualty Insurance,2026-10-01,84.66500091552734,10.506203,753.0,False,False,1.2739263885703567,-0.4877772762057808,-1.2883243217759799,-7.175746337727473,-15.074843223963052,6.535676772851184,84.57873168824212,84.97992355225095,87.9945603531512,87.9945603531512,-13.400666280123264,28.83552987484752,23.39434216691646,-15.074843223963056,16.6826278148347,491267.2,-45.967489789670466,99.69366455078125,72.56007385253906
SIRI,SiriusXM,ok,Communication Services,Broadcasting,2026-10-01,25.639999389648438,10.29518,753.0,False,False,-0.9273561781330986,-1.1565194226395459,-3.717610973779939,-7.168723350552641,-15.196456137318371,15.121574911633973,24.339263772207595,23.12661294823149,27.104357880266857,27.104357880266857,-33.015707898875554,43.6361149135864,18.716568267627252,-20.60889055618184,32.875651701602834,4283281.9,-44.54397222839804,32.295806884765625,19.296236038208008
SITM,SiTime,ok,Information Technology,Semiconductors,2026-10-01,678.7249755859375,,753.0,False,False,4.094128351396531,3.3617528898400195,5.516601251522468,22.790588075248763,12.808730160098847,125.25803361501482,480.34111156160867,341.8939645318871,267.01114227983896,267.01114227983896,490.29827428249814,77.53693373258585,57.2479255526672,-24.709922539487202,168.5254748917876,466986.85,-30.161416750814286,901.47998046875,252.75999450683594
SLAB,Silicon Labs,ok,Information Technology,Semiconductors,2026-10-01,222.47000122070312,51.00672,753.0,False,False,0.40166052093772997,0.6514963802918494,0.4923644023170137,1.528845462836026,1.9475758299999368,69.65606111241955,187.45880956498402,156.8460557945221,144.26847287161576,144.26847287161576,92.29838060845228,50.184609128099744,65.46235923715192,0.0,91.6523067810515,270128.2,-62.17943924403302,222.47000122070312,116.08000183105469
SLGN,Silgan Holdings,ok,Materials,"Metal, Glass & Plastic Containers",2026-10-01,34.88999938964844,13.64902,753.0,False,False,0.40287594143435523,-2.9485433958147844,-1.5796935436922732,-15.744990296519246,-24.407676359007425,-17.18160041855591,41.02918225242978,45.604178204479446,44.89050683050675,44.89050683050675,-13.582642384680376,28.206248066792433,22.660807053843556,-27.509769635846563,0.40287594143435257,1372681.9,-35.954717549637685,48.13062286376953,34.75
SLM,SLM Corp,ok,Financials,Consumer Finance,2026-10-01,22.665000915527344,6.2980504,753.0,False,False,0.15466971303041976,-1.0261952267142105,-1.6702747690949593,-11.615141755457604,-11.028214783781799,-16.303081617572946,24.549152010963077,26.29071927545555,23.68107712126348,23.68107712126348,78.47296645484339,34.6056556274708,19.892970752417114,-25.227719672189636,23.090969321386154,2002453.2,-12.943583400600822,30.312036514282227,18.413211822509766
SMG,Scotts Miracle-Gro Company,ok,Materials,Fertilizers & Agricultural Chemicals,2026-10-01,49.744998931884766,19.820717,753.0,False,False,-0.7284008661364805,2.694055206798107,-2.7087856587082237,-15.829102849017374,-26.960145627669252,-8.711136953809506,59.670887765430265,60.79281977163368,59.658449570654554,59.658449570654554,18.721511364045007,42.11532207508941,24.61308009185217,-31.553098975528798,2.6940552067980996,1070121.65,-48.55416671553182,72.67677307128906,48.439998626708984
SMTC,Semtech,ok,Information Technology,Semiconductors,2026-10-01,187.48500061035156,123.17106,753.0,False,False,5.121947964237195,7.269139443751738,7.441261094757334,41.74415555635282,38.60057269808252,162.4002919778488,106.80950422135611,77.56066745590878,61.043127572868926,61.043127572868926,643.6930084056502,75.78732595259419,59.160216380541655,0.0,199.64040518584227,3303656.35,-27.81552475940786,187.48500061035156,62.56999969482422
SN,SharkNinja,ok,Consumer Discretionary,Household Appliances,2026-10-01,179.9499969482422,36.789795,753.0,False,False,-0.09438050941246168,-1.1209453724635998,1.7011385019239489,2.8755996066491374,18.802400143934484,74.45467211466325,126.42769861978198,113.88159369662463,97.26114728504601,97.26114728504601,296.1870549880227,44.73935445920886,73.88377428695834,-6.693976781734203,112.7823076712809,2052372.75,-72.39024928585707,192.86000061035156,84.56999969482422
SNX,TD Synnex,ok,Information Technology,Technology Distributors,2026-10-01,278.0849914550781,17.074188,753.0,False,False,8.267465387174022,8.309636399251463,7.174235999074607,10.618955459740897,13.895540153591623,71.59133107113132,201.66323022993785,164.75173571765185,145.4401113097253,145.4401113097253,192.3181971288796,30.697626259518962,54.389434301270086,-3.9656643875043813,96.73028317510706,1100513.8,-46.490811837161885,289.56829833984375,141.35342407226562
SOLS,Solstice Advanced Materials,ok,Materials,Specialty Chemicals,2026-10-01,56.599998474121094,42.92424,239.0,False,False,0.4971569261613684,-0.5796624438533238,1.0533836284031262,-8.310385721945835,-29.323605178018198,,65.27188076833302,65.27188076833302,65.27188076833302,65.27188076833302,17.31380263123978,55.25796462594369,32.870046857951166,,,2104147.75,-44.402430865418076,,
SON,Sonoco,ok,Materials,Paper & Plastic Packaging Products & Materials,2026-10-01,48.685001373291016,7.5285935,753.0,False,False,-0.27652257758518095,-2.571542557576967,-2.552037098771498,-9.992602632740565,-14.41592106980224,17.865194709435663,48.76928580753387,46.63118253761079,47.67053375649421,47.67053375649421,2.532148144291879,27.568980406466775,58.227856564470954,-18.853409204634424,29.330550632289267,1220829.9,-56.51335210580933,59.996360778808594,37.64385223388672
SPXC,SPX Technologies,ok,Industrials,Industrial Machinery & Supplies & Components,2026-10-01,167.92999267578125,29.47544,753.0,False,False,-0.9613145236388898,-1.2815283797239951,-2.6379888476721125,-12.595644403273587,-26.262409490974605,-10.092090280924126,209.90726204523963,184.70926298468237,163.042111653889,163.042111653889,106.27685188760263,36.96308372779294,13.2122092750038,-31.849360748333954,0.0,593603.4,12.089654473003343,246.41000366210938,167.92999267578125
SR,Spire,ok,Utilities,Gas Utilities,2026-10-01,76.30999755859375,16.845474,753.0,False,False,0.28913291009526887,-0.6897433687610977,-0.6250857549300215,-6.872855209279249,-3.2496912621605256,-2.59956734090917,82.99055284167093,75.68017026437707,68.75687629324823,68.75687629324823,58.82698550722796,19.72663467688996,29.374324438029518,-18.172810159621083,1.5152016469609595,548884.6,-60.15701661150632,93.25750732421875,75.17100524902344
SSB,South State Bank,ok,Financials,Regional Banks,2026-10-01,100.40499877929688,10.554096,753.0,False,False,0.8487356784092182,-1.2636479803900036,-1.467127305392979,-3.447446060311621,0.8578325337814663,4.1029274123987935,96.89263153076172,95.18086444809143,89.00270723441683,89.00270723441683,63.448449397029826,29.71720133294476,19.71750087234578,-10.023297719919237,19.823222678003983,623734.1,-25.051075450259972,111.58999633789062,83.79427337646484
SSD,Simpson Manufacturing,ok,Industrials,Building Products,2026-10-01,172.02999877929688,18.864584,753.0,False,False,0.6729833003416896,-1.5790346203159333,-0.9100868760439806,-2.725477612591909,-14.293544373716871,3.4200989568054174,181.02826624068004,175.00301196945617,174.62966032395482,174.62966032395482,17.960087067846707,30.470672269803504,46.95832127995728,-17.98339161494142,9.42225586823703,301891.9,-35.59350217743504,209.7501983642578,157.21664428710938
ST,Sensata Technologies,ok,Industrials,Electrical Components & Equipment,2026-10-01,41.95000076293945,67.64516,753.0,False,False,0.9384008103018759,0.5031123048109265,2.167558109794343,2.367011301948363,-7.2360487861539475,39.03411670508237,38.96219376155308,33.773875418887194,34.21300294326438,34.21300294326438,16.251685986200037,39.8567351529528,38.627179271016935,-21.45812414253945,48.309679338781,1293882.8,-34.65745120037147,53.4109992980957,28.285409927368164
STAG,STAG Industrial,ok,Real Estate,Industrial REITs,2026-10-01,35.720001220703125,27.46923,753.0,False,False,-0.2513268615929709,-2.4596282505266243,-3.192038074816994,-4.143150622387781,-7.814886762487316,5.460155436808156,37.10229925125364,35.18527389237605,34.58937734120079,34.58937734120079,19.134635612828177,21.50814275959356,36.24034861747228,-14.130136743850452,4.836319345243793,1622612.0,-58.63213140294784,41.59783172607422,34.07216262817383
STRL,Sterling Infrastructure,ok,Industrials,Construction & Engineering,2026-10-01,501.32000732421875,35.92816,753.0,False,False,1.9398935639111325,0.5939525763827502,-2.413759263034787,9.914492570833255,-28.459506625156084,47.585968598015185,499.76222216893757,347.4771312090505,264.69496659865257,264.69496659865257,593.2928007887049,69.21083826637819,47.183914133452255,-49.55219551887192,76.78879796022868,524163.25,-54.77267816849045,993.739990234375,283.57000732421875
STWD,Starwood Property Trust,ok,Financials,Mortgage REITs,2026-10-01,13.1850004196167,22.34746,753.0,False,False,-2.333330225061492,-4.741859653372882,-5.007202370993735,-12.163771929713096,-17.227147844297786,-23.491616408057848,16.126408402881925,16.34204074586055,15.922167080173772,15.922167080173772,-4.818575636375256,21.0122870604437,11.632294931637176,-23.88456594992707,0.0,4797494.95,26.563947711919944,17.32237434387207,13.1850004196167
SUI,Sun Communities,ok,Real Estate,Single-Family Residential REITs,2026-10-01,110.33000183105469,141.42949,753.0,False,False,-0.4062077569965461,-0.7431851246018084,0.2839483536598797,-8.229950221010796,-9.855570551395388,-11.286387725290359,121.73725370376829,119.51261161713012,116.7281853015996,116.7281853015996,8.399710897604162,23.277610391755875,38.01055984215046,-17.267824075557293,0.2839483536598728,1067011.55,-55.53647005976645,133.3580322265625,110.01760864257812
SWX,Southwest Gas Corp,ok,Utilities,Gas Utilities,2026-10-01,81.11000061035156,20.85861,753.0,False,False,-0.5273489089376526,-0.9283035430974085,-0.33177273553552933,-9.222157811402898,-9.053634253132403,6.576692964188924,84.80754131740994,78.08415289799056,73.01894690221049,73.01894690221049,51.640109470430296,22.074475313358718,23.060341283908883,-12.523586233045311,8.10846264656228,800843.95,-69.92185556249754,92.72213745117188,75.02650451660156
SYNA,Synaptics,ok,Information Technology,Semiconductors,2026-10-01,105.19999694824219,16.052155,753.0,False,False,3.747529945937389,4.822634823092464,8.655233711869093,10.53903433043224,-11.98125844798118,53.93620512957915,92.53424623277452,80.70725109662668,85.01642773287547,85.01642773287547,19.586217447367837,53.090678044605845,55.27180511653586,-28.71180339707344,79.76759419913097,561807.45,-41.181093273149,147.57000732421875,58.52000045776367
TCBI,Texas Capital Bancshares,ok,Financials,Regional Banks,2026-10-01,92.73500061035156,12.005175,753.0,False,False,-0.306381469576289,-2.074969800648019,-2.0025327042878627,-3.067834864395824,-10.604856565393284,10.154290801711863,95.860105726454,87.32743392427604,78.36153561818806,78.36153561818806,60.70664605701606,30.469792615241996,20.28985300474956,-13.74953752435492,20.80101610320842,529604.6,-40.82528739365179,107.51826477050781,76.76673889160156
TEX,Terex,ok,Industrials,Construction Machinery & Heavy Transportation Equipment,2026-10-01,54.85900115966797,26.222488,753.0,False,False,4.294682036270947,-1.1549528654631214,-3.1102045309738036,-7.473435128078987,-19.30759757575322,8.193811109349802,59.27080490475609,52.824787299471545,53.354806755643445,53.354806755643445,2.0286528169986884,45.32427120090242,30.312452754119846,-26.253766550772795,32.3559220451622,1141585.45,-16.299826701540386,74.38888549804688,41.448089599609375
THC,Tenet Health,ok,Health Care,Health Care Facilities,2026-10-01,254.52999877929688,9.8745165,753.0,False,False,-0.4030359951231133,-1.3181847761141063,1.9996816652320337,-4.254437900389673,24.941094273579935,25.359538610997735,211.0716270567879,181.86312758305158,156.7505842768655,156.7505842768655,284.66073118126826,41.703989795222505,39.43726158134035,-9.345724707456988,57.73068505979456,750435.9,-71.32093493927995,280.7699890136719,161.3699951171875
THG,Hanover Insurance,ok,Financials,Property & Casualty Insurance,2026-10-01,218.19000244140625,10.43122,753.0,False,False,1.9008067518361482,0.2849635043048915,0.11930884887965121,-3.0102414668065514,-1.123930210545121,22.521863297464662,189.76097518678696,174.3292979814142,156.90918951553812,156.90918951553812,112.24156469172408,21.771997924031556,37.868705688774895,-6.287849192335386,32.155410541009736,314649.8,-51.66181577105722,232.8300018310547,165.10107421875
THO,Thor Industries,ok,Consumer Discretionary,Leisure Products,2026-10-01,69.95500183105469,20.674555,753.0,False,False,1.237342077878334,-1.9963511868796635,-1.374592513641859,-5.9618195926627315,-8.555553162020013,-30.93359996312096,88.44722653949071,90.28483067090768,93.02488589445116,93.02488589445116,-21.76062740707778,38.23462967867914,42.864173339020546,-41.06775425794788,3.2241482901295533,877583.1,-48.41947161471091,118.70411682128906,67.7699966430664
TKR,Timken,ok,Industrials,Industrial Machinery & Supplies & Components,2026-10-01,118.32499694824219,32.071815,753.0,False,False,1.3490337886442827,1.3490337886442827,0.9685079641528427,-0.6423708230521075,-14.742812800561511,59.53309106065667,106.34938418675982,90.01875947291158,86.00929908195181,86.00929908195181,70.62880884232317,32.303180924538815,45.82846071997636,-18.356792079925103,69.4264508601817,930165.9,-16.593588305053974,144.92938232421875,69.83856201171875
TLN,Talen Energy,ok,Utilities,Independent Power Producers & Energy Traders,2026-10-01,322.7749938964844,10.430431,753.0,False,False,3.225236296759415,6.350904084508846,7.588074860783456,9.888326634593758,-11.488473959636991,-24.120788426478732,360.2801385304285,307.0131969983834,235.89821098398562,235.89821098398562,506.4918949511816,52.70358316104067,55.52010829804928,-27.602952505889235,14.398369972995484,832857.65,1.7044149141212772,445.8399963378906,282.1499938964844
TNL,Travel + Leisure Co.,ok,Consumer Discretionary,"Hotels, Resorts & Cruise Lines",2026-10-01,62.05500030517578,16.74865,753.0,False,False,0.29901628654414036,-2.841707620262557,-1.2334895802849521,-5.33618585392952,-18.227463265473343,7.8971441791435115,68.34660655733138,59.058281833907046,52.03366246166457,52.03366246166457,94.90345552990101,34.47660273300113,21.649218441301315,-20.16623640028103,10.497523758805754,718384.9,-54.913027821158266,77.73027038574219,56.159629821777344
TOL,Toll Brothers,ok,Consumer Discretionary,Homebuilding,2026-10-01,136.875,11.024577,753.0,False,False,1.5769944341373021,0.2673837139051338,0.7026205443790845,-2.378579669190861,-12.74312233330126,-0.17969399941333286,142.0683353969029,133.36425603433435,125.67271066693512,125.67271066693512,92.14799755333812,35.73136482980774,55.19532285912862,-17.30666248017879,10.452280135196377,1120678.1,-53.32629414280515,165.5211944580078,123.92229461669922
TOST,"Toast, Inc.",ok,Financials,Transaction & Payment Processing Services,2026-10-01,29.19499969482422,37.031643,753.0,False,False,0.7071401356487428,-3.900590844889551,-3.03886050142681,-13.084252568617705,1.3011797500724676,-20.035603842782646,31.08954359993102,34.950029905098845,30.525610897170594,30.525610897170594,59.36135470063579,48.25083461178041,31.38129861855083,-25.17939684181784,30.743393616540583,8221233.65,-37.59971777471621,39.02000045776367,22.329999923706055
TREX,Trex,ok,Industrials,Building Products,2026-10-01,43.10499954223633,25.376469,753.0,False,False,-1.0445404424015314,-3.0040484377294896,-0.26608439430517716,-0.5422256795666658,-11.068705474212425,-16.576347842521734,41.959385024176704,52.57761952981531,61.100830052795004,61.100830052795004,-29.359227763243958,45.035955861785276,39.102183366756044,-19.535188001128528,43.06339443369438,1582054.7,-15.490026988320949,53.56999969482422,30.1299991607666
TRU,TransUnion,ok,Industrials,Research & Consulting Services,2026-10-01,62.78499984741211,16.522427,753.0,False,False,2.72415076018393,-5.144285342802901,-7.040273917174423,-24.96115546621921,-19.704901672756925,-24.579977009296815,76.45503068348718,83.66687915999576,80.37183301097369,80.37183301097369,-9.582326630035299,42.18874146754056,19.789353309560695,-28.27454523110392,2.724150760183922,2716447.3,-9.497747296625258,87.53517150878906,61.119998931884766
TTC,Toro,ok,Industrials,Agricultural & Farm Machinery,2026-10-01,97.02749633789062,25.967915,753.0,False,False,0.6300541179028674,-0.04378629552613811,0.19361834685100998,-0.9519219633494669,-0.05408476738127943,29.728548651821907,88.62589209420341,82.15513458859873,83.16407832618096,83.16407832618096,23.573910582177504,29.19923418336564,72.65316177780488,-3.8238481023992335,44.67236812722844,986338.85,-66.40333086342487,100.88519287109375,67.06705474853516
TTEK,Tetra Tech,ok,Industrials,Construction & Engineering,2026-10-01,33.779998779296875,20.349398,753.0,False,False,2.5189620550508884,-0.3245813288068722,0.4161694179207309,-5.484059337218261,13.206187229604026,2.029182949540087,33.036268627832804,34.84271635002349,35.679691109524306,35.679691109524306,13.861975131913562,31.7175951781198,27.072732917610935,-20.221503828505167,29.29201018950035,2063766.0,-52.51787266579642,42.34223556518555,26.126903533935547
TTMI,TTM Technologies,ok,Information Technology,Electronic Manufacturing Services,2026-10-01,125.48999786376953,56.291477,753.0,False,False,2.1572790661680497,1.0467794482704962,-1.1734174309129153,8.809499585023929,-19.547377034827274,117.86458539604041,112.40916674477714,71.5454781368909,53.133346636140175,53.133346636140175,870.533603263233,59.95866690449988,48.8966263894848,-43.33769938497717,134.21051432483563,1866197.85,-31.552970120504643,221.47000122070312,53.58000183105469
TWLO,Twilio,ok,Information Technology,Systems Software,2026-10-01,303.94000244140625,41.721153,753.0,False,False,3.925326992321776,5.909816295841641,1.428284965291171,32.92806059684723,45.21045625463829,203.66671351984556,163.92373033553835,135.58870535162816,110.96446223467944,110.96446223467944,425.48409688724263,53.34357116664895,78.22656870692967,0.0,195.94937826004335,2543426.1,-31.00165166976937,303.94000244140625,102.69999694824219
TXNM,TXNM Energy,ok,Utilities,Electric Utilities,2026-10-01,58.47999954223633,31.95355,753.0,False,False,0.2743481622931254,0.3603897079507812,0.532923127125895,1.0890252112920384,3.460193064024164,6.442086468003039,57.487074564373685,53.64073260181929,47.92561653410771,47.92561653410771,48.10169297654612,16.641325435597754,64.01381205624611,-0.9579123905874044,6.310489815811103,1718028.9,-63.82610327451418,59.04560470581055,55.00868225097656
TXRH,Texas Roadhouse,ok,Consumer Discretionary,Restaurants,2026-10-01,155.97000122070312,24.9424,753.0,False,True,-0.23666056406183023,-1.5651598455689197,-3.454040065395081,-18.583287958675665,-19.409952163099277,-4.5649433429481245,175.8830555507115,175.84608362205475,163.4237273420154,163.4237273420154,69.50851626214786,27.638692560825227,6.056450533552294,-26.9318892105972,0.8741973185413656,1166842.1,-50.1867476327774,213.4583740234375,154.6183319091797
UBSI,United Bankshares,ok,Financials,Regional Banks,2026-10-01,46.224998474121094,12.610353,753.0,False,False,0.6203740877920083,-1.0595092757888835,-0.6554917540885219,0.2131853016764662,0.4724631163362636,28.771792980763312,41.72837440551273,38.37074700389725,35.88676895151733,35.88676895151733,91.32828986846818,26.868278165768604,38.44363907029499,-5.612455884383884,39.65603023528047,1123994.1,-31.798396450657528,48.9736213684082,33.099178314208984
UFPI,UFP Industries,ok,Industrials,Building Products,2026-10-01,76.62000274658203,17.470318,753.0,False,False,-0.7769987887027208,-3.525554629713068,-2.7788286763789083,-7.093486586068487,-13.726037473071429,-16.72303743407033,90.39220159015959,99.19072206656772,103.25329456101376,103.25329456101376,-21.781388872727593,31.96310774688752,38.16107827507899,-32.91593792193744,0.0,452770.3,-56.68753007871762,114.21491241455078,76.62000274658203
UGI,UGI Corp,ok,Utilities,Gas Utilities,2026-10-01,36.380001068115234,12.106312,753.0,False,False,1.9904764104755612,0.38631176369845477,0.02750106275559716,-4.4086512545213115,4.538573650331101,13.932008861246658,35.434779008229576,32.59603259477957,28.68708475272494,28.68708475272494,92.5641260434184,27.41009901974388,36.612016875678634,-7.649793120331069,19.350507804125883,1962037.4,-34.52989224364428,39.393524169921875,30.481647491455078
ULS,UL Solutions,ok,Industrials,Research & Consulting Services,2026-10-01,68.00499725341797,27.288307,620.0,False,False,3.634554110042565,4.945978473334689,3.3353590278891954,-7.425812549741395,-29.747664449305944,-3.3956502876438033,82.6034351833283,70.8787135317981,65.56378785410234,65.56378785410234,98.71814321825687,36.50105444220363,40.32786154571746,-34.94412276955813,6.208025222399893,957710.15,-16.999626661573963,104.53321075439453,64.02999877929688
UMBF,UMB Financial Corp.,ok,Financials,Regional Banks,2026-10-01,129.63499450683594,10.772236,753.0,False,False,-0.2884393630062654,-2.836908794824411,-3.9669684927891247,-5.693651968179136,-9.530173969806333,11.121256532450197,125.31261783175998,116.61695060881961,104.33907723901756,104.33907723901756,125.33611236305076,30.34507572731765,20.730626302909457,-14.433294852738706,26.466001882604633,673628.4,-34.71652917246363,151.50167846679688,102.50580596923828
UNM,Unum,ok,Financials,Life & Health Insurance,2026-10-01,87.82499694824219,20.351507,753.0,False,False,0.10827947985150299,-3.6161168777658292,-3.6055357700613855,-4.21529653206626,-4.330684088833836,15.643267671807104,80.45727084931873,76.47094479595047,66.71199844177976,66.71199844177976,93.32534206746503,25.78047098457977,28.787364197118848,-9.05561020422239,25.766695822933254,1993621.45,-73.7247510052623,96.56999969482422,69.83168029785156
USFD,US Foods,ok,Consumer Staples,Food Distributors,2026-10-01,93.91000366210938,29.351562,753.0,False,False,1.8436228115340958,0.20273414311935412,0.09593260240665646,-11.953871706578045,-9.95301290851991,22.565910070133267,88.50242063734267,79.90796809557425,69.8827091181579,69.8827091181579,140.3019428404539,25.7114544212008,43.336471364517394,-15.350638547435935,34.061384112606156,2549381.6,-47.40167576325176,110.94000244140625,70.05000305175781
UTHR,United Therapeutics,ok,Health Care,Biotechnology,2026-10-01,577.5900268554688,20.641167,753.0,False,False,6.588055000458426,18.958276700287712,22.316350205905277,12.656526838980175,3.8999217064416447,37.78059650979535,510.9894444299123,424.120537807267,371.16540488842156,371.16540488842156,160.01171713444418,37.92914716123757,75.37520552880174,-3.212343755689189,39.064388681118785,886365.1,43.76716772806151,596.760009765625,415.3399963378906
VAL,Valaris,ok,Energy,Oil & Gas Drilling,2026-10-01,79.25,5.9781294,753.0,False,False,0.9297037546397435,-0.46471079354228895,-3.10551520613217,-9.98409907328508,5.175848181627174,62.49743542371493,76.40638876718188,60.480776809601196,63.11114209391681,63.11114209391681,8.621163643717722,50.721459773162515,41.011242318952924,-30.126960607112007,69.5187165775401,1305722.7,-17.78085806427352,113.41999816894531,46.75
VC,Visteon,ok,Consumer Discretionary,Automotive Parts & Equipment,2026-10-01,87.99500274658203,16.932562,753.0,False,False,1.517077107494802,1.2018468487835499,-2.0645473111202572,-12.668716870797391,-13.791815003808239,-25.584661112438788,102.1063884856209,97.41789994866724,102.03911735463744,102.03911735463744,-34.36315015513352,35.33529670048434,18.210870527176326,-28.716477925538985,4.9155390178072995,527786.1,-14.52560042790062,123.44367980957031,83.87223052978516
VFC,VF Corporation,ok,Consumer Discretionary,"Apparel, Accessories & Luxury Goods",2026-10-01,14.425000190734863,20.884058,753.0,False,False,2.596015364330362,0.034674857243155444,5.368887018848123,10.972253321528157,-10.881792315583738,2.239172889051,16.667694008539595,16.547051235974074,15.998576124984114,15.998576124984114,-7.058126656169595,61.21493334194721,68.4830677136954,-32.234174632567395,14.302696684183191,8055955.1,11.768274378788446,21.286540985107422,12.619999885559082
VIAV,Viavi Solutions,ok,Information Technology,Communications Equipment,2026-10-01,45.09000015258789,23.08903,753.0,True,False,7.562027963042572,10.325425326622373,21.112008345406032,29.53173907997746,8.233318093468146,255.31916188783632,32.32880954515366,21.413266932346907,17.09851261597389,17.09851261597389,402.6755720211739,54.30392501016941,69.42401589830843,-18.507141405369453,267.4816501254311,5706615.6,-7.4650831571693725,55.33000183105469,12.270000457763672
VICR,Vicor Corporation,ok,Industrials,Electrical Components & Equipment,2026-10-01,313.9849853515625,99.69872,753.0,False,False,8.66788353932928,10.131525299778188,13.737951216535516,78.4106912615322,10.968359005343785,531.5063910755114,187.52347237723214,118.56761959729441,91.93064416832183,91.93064416832183,439.6785556971369,77.05003617206913,85.87988009177442,-17.324507251360043,546.591796688582,897115.55,26.528962740641383,379.7799987792969,48.560001373291016
VLY,Valley Bank,ok,Financials,Regional Banks,2026-10-01,12.649999618530273,10.724577,753.0,False,False,0.23771579432041445,-1.0172153142189,-2.3919785393845094,-4.6984514137614735,-12.60214546491991,23.48125437239721,12.597361992275903,10.760464741414287,9.648952296688895,9.648952296688895,74.71807260782064,35.84328046728215,23.987907396871165,-16.054331058727854,34.66063545024536,7322997.85,2.258080002030871,15.069270133972168,9.3939847946167
VMI,Valmont Industries,ok,Industrials,Industrial Machinery & Supplies & Components,2026-10-01,469.82000732421875,18.369335,753.0,False,False,1.4773848061644834,0.42322396584879574,1.1279049686609754,0.5638739700328133,-15.260874361142774,21.96664742567036,458.30172281416634,392.507807332681,340.8014118655586,340.8014118655586,103.08582356510287,34.43214583897792,37.10578043411268,-19.24933815670821,24.70696209555455,178986.85,-13.883617707110885,581.815673828125,376.73919677734375
VNO,Vornado Realty Trust,ok,Real Estate,Office REITs,2026-10-01,33.69499969482422,,753.0,False,False,-0.5460489004090463,-1.1876797578282416,-1.9924413961880272,-8.062760458463103,-16.966490452352755,-15.025418947252977,33.97518547754439,36.34395702711615,32.897988979243344,32.897988979243344,60.908973161562386,41.40189409977245,32.497518727200784,-17.63627518821489,36.36180066067904,1378186.15,-43.039407267298394,40.90999984741211,24.709999084472656
VNOM,Viper Energy,ok,Energy,Oil & Gas Storage & Transportation,2026-10-01,40.689998626708984,16.16294,753.0,False,False,2.0055132847862422,0.3947689420949141,-2.2814620001546437,-10.354705499316063,1.4625097749076943,12.747338794758134,41.29634528689914,40.934678066299256,37.85707919309497,37.85707919309497,75.86117724470269,31.270777697174708,29.899990043636336,-17.692562094178264,18.973031792427808,1920816.5,-29.32536762361214,49.43659973144531,34.201026916503906
VNT,Vontier,ok,Information Technology,Electronic Equipment & Instruments,2026-10-01,31.71500015258789,13.182572,753.0,False,False,1.003186426383662,2.4386340130542417,2.604336166773491,-0.3158661722125311,10.899469332662104,-24.207982291031282,35.022980992756196,36.01068028225842,36.19655476401685,36.19655476401685,4.788030371511831,29.5053792100539,45.20549927524755,-26.382992401079353,14.270946726043213,1316166.6,-57.062274639092045,43.081077575683594,27.75421142578125
VOYA,Voya Financial,ok,Financials,Multi-Sector Holdings,2026-10-01,94.5199966430664,15.91737,753.0,False,False,0.04232989491090855,-1.521157181499222,-1.6338846442489952,-6.462153598695819,0.6292677233142197,29.410943182621786,80.83585163903615,74.93123520323005,72.18745261771112,72.18745261771112,53.4351336010858,28.127984775322147,20.966646417944588,-9.860770462616623,45.79252053599346,1156907.85,-61.599620920542634,104.86000061035156,64.83185577392578
VVV,Valvoline,ok,Consumer Discretionary,Automotive Retail,2026-10-01,30.709999084472656,37.975307,753.0,False,False,1.8911735446815792,7.8300546983127495,8.324510304223786,-3.5489983124996627,-21.41761093759944,-14.480648245711969,33.90888894550384,35.668685316564556,36.9341833081695,36.9341833081695,-3.153579403569484,30.356386374900907,50.824741740981196,-23.739759783012214,15.364380602164704,2941483.25,-26.25268221398167,40.27000045776367,26.6200008392334
WAL,Western Alliance Bancorporation,ok,Financials,Regional Banks,2026-10-01,75.4000015258789,8.502258,753.0,False,False,0.39947144853962335,-1.5022880209441092,-1.1277217233947368,-2.4074560690172775,-7.057577054532837,-11.24671648479547,80.07275336129325,79.93360445698895,73.10029862949732,73.10029862949732,80.27638601156539,41.32109064035143,33.77815843426316,-20.311269582858603,14.261208671654336,1118118.75,-9.671937797304619,94.61814880371094,65.98915100097656
WCC,WESCO International,ok,Industrials,Trading Companies & Distributors,2026-10-01,373.6600036621094,25.821577,753.0,False,False,3.91279164256777,2.4652397793482272,3.412397959774016,12.712014657976267,21.53817306573693,77.82139045882923,301.66146517556814,242.9622973559862,214.77061617421913,214.77061617421913,171.1729004521139,45.09728695627198,60.01385239271005,0.0,80.5618581983529,474203.1,-47.64648312083999,373.6600036621094,206.94293212890625
WEX,WEX Inc.,ok,Financials,Transaction & Payment Processing Services,2026-10-01,168.9600067138672,16.876247,753.0,False,False,0.1541255307223155,-4.574715326112022,-8.882050699700638,-10.461044278548348,15.346812972429479,7.255765900553346,159.28658712477912,161.22372500355024,172.99300128181935,172.99300128181935,-9.530942555428922,38.19068841603059,27.41289902311979,-16.870845405231396,33.186194151791874,535379.4,-50.14974427480774,203.25,126.86000061035156
WFRD,Weatherford International,ok,Energy,Oil & Gas Equipment & Services,2026-10-01,78.4000015258789,15.451675,753.0,False,False,-0.35587033326238693,-5.314011308826272,-6.8108830555159265,-17.054587060620673,-5.255887275283366,15.935015301301657,88.16187165275453,74.93771575836547,84.04596139266988,84.04596139266988,-10.689947552736246,45.87115034861253,23.163872359201164,-29.413847629095986,29.10389274925762,965059.6,-47.340868895558366,111.0699462890625,60.726287841796875
WH,Wyndham Hotels & Resorts,ok,Consumer Discretionary,"Hotels, Resorts & Cruise Lines",2026-10-01,71.30000305175781,25.768118,753.0,False,False,-0.7516610713522609,0.6635623444203542,2.9602932155347483,1.0362191267329957,-12.940396798218535,-8.735292000787897,76.57048782469734,82.21133556593936,78.66930240463925,78.66930240463925,11.210325074877536,29.155598523890173,60.38091673384774,-19.76806707885106,6.180195728334479,1226927.5,-66.61986955219442,88.86736297607422,67.1500015258789
WHR,Whirlpool Corporation,ok,Consumer Discretionary,Household Appliances,2026-10-01,30.66010093688965,10.101974,753.0,False,False,-0.06486104331223652,-2.3563652567816673,-7.034259058662706,-19.187922913350963,-19.527290906021676,-59.96478982684168,57.26045130169581,74.68484597377093,81.04087956239819,81.04087956239819,-72.84026271411872,45.406286844438426,24.91760144228232,-66.53250498242255,0.0,2893590.55,-23.75524588300857,91.61157989501953,30.66010093688965
WING,Wingstop,ok,Consumer Discretionary,Restaurants,2026-10-01,103.63999938964844,24.40071,753.0,False,False,-1.6418366820149966,1.8074619673195125,5.928049130058732,-5.437955444752984,-41.602819097345126,-58.48953549466118,190.6993405478341,244.8181640959356,270.2611453700984,270.2611453700984,-42.93597621040966,53.320259137098546,35.97917430599168,-63.347021412699156,5.928049130058724,1356584.65,-61.89010394596459,282.7601013183594,97.83999633789062
WLK,Westlake Corporation,ok,Materials,Specialty Chemicals,2026-10-01,61.689998626708984,20.706356,753.0,False,False,-0.9950292616231482,-7.704964083401933,-7.594372898873846,-16.893444918662105,-16.914682774141532,-17.77613572935236,83.51031830197289,90.47423725204163,104.87670479985981,104.87670479985981,-46.534576900895416,38.56268937184259,22.330125178900587,-49.35082388683964,12.383303990663347,738890.95,30.02175760848067,121.79862213134766,54.892494201660156
WMG,Warner Music Group,ok,Communication Services,Movies & Entertainment,2026-10-01,27.295000076293945,21.824001,753.0,False,False,-1.1408928905981885,0.5711152915671258,0.01831865371524355,-2.413297295785999,-2.76835311380359,-17.77761524051519,28.655420159536696,29.276956368252577,29.6784938037158,29.6784938037158,-5.778360662472936,29.63546313953678,37.75149879013326,-20.436604439000273,16.906609202562194,2107548.15,-14.717820325955532,34.30597686767578,23.34769630432129
WMS,Advanced Drainage Systems,ok,Industrials,Building Products,2026-10-01,127.36000061035156,21.683134,753.0,False,False,0.512983608693407,-2.6150773825261098,-1.1487082968069107,-2.592733758813337,-16.186134298558642,-7.702184229720754,144.9733421688988,134.47460663936053,138.56520177833588,138.56520177833588,13.337287013044774,38.08893198310193,48.9291669979126,-27.09211743924871,1.6197229311727936,766404.45,-65.55487119105324,174.68618774414062,125.33000183105469
WPC,W. P. Carey,ok,Real Estate,Diversified REITs,2026-10-01,63.92499923706055,21.91267,753.0,False,False,-1.0908216715422192,-1.460264992955973,-1.6544937542665616,-7.555795955362132,-9.05937172998762,-0.009630549104200359,67.86586290692526,61.762328926785536,57.89046174818143,57.89046174818143,45.012541174729705,19.858646023505358,16.611441170137596,-15.427237533336926,5.288278454491895,1623450.2,-53.7648891231773,75.58580017089844,60.71426010131836
WSO,Watsco,ok,Industrials,Trading Companies & Distributors,2026-10-01,302.3399963378906,25.73637,753.0,False,False,-0.11563186781611279,-3.473598378267728,-5.5807112813637705,-4.012957714001142,-24.65255415740961,-22.72357688698635,364.3728562612382,408.24177806595884,407.1405764474653,407.1405764474653,-12.752796521059107,31.58637906605352,40.34145944486789,-33.25337319819363,0.5119709466151358,453412.8,-48.48932363620965,452.9667053222656,300.79998779296875
WTFC,Wintrust Financial,ok,Financials,Regional Banks,2026-10-01,143.0050048828125,11.480321,753.0,False,False,0.8355644460549927,-0.704762782625834,-0.9111712684798157,-3.8557216609859113,-10.978433301902147,9.556695208916333,145.0342550126333,132.97893820530865,119.24065643351075,119.24065643351075,102.11001934089148,28.933881792611498,21.96015605575984,-14.024042872866627,20.672725125961815,444011.55,19.84620670340671,166.33139038085938,118.50648498535156
WTRG,Essential Utilities,ok,Utilities,Water Utilities,2026-10-01,38.65999984741211,19.828205,753.0,False,False,-1.352382745264169,-0.7700185937122073,-2.7176693141406916,-5.959622297652167,-0.9292785956916183,0.466670737747199,38.572817620776945,37.38658032664265,36.20679393580868,36.20679393580868,30.372796953225834,21.84770219123279,23.39957541517441,-7.952381315685455,7.6249585301690095,2541035.7,-9.056216722968525,42.0,35.92103576660156
WTS,Watts Water Technologies,ok,Industrials,Building Products,2026-10-01,358.0199890136719,31.283844,753.0,False,False,1.0841934658363916,0.0027874215174694683,1.0214433350822283,0.640917198483848,-2.6895255114449013,29.123920605666044,312.20357719300284,268.9670440552244,243.45434381857336,243.45434381857336,113.73136117571572,26.925170428057832,53.3333265516631,-8.564428039724861,36.83070272408776,185737.95,-61.90385432810043,391.55438232421875,261.65179443359375
WWD,"Woodward, Inc.",ok,Industrials,Electrical Components & Equipment,2026-10-01,336.1000061035156,37.32611,753.0,False,False,2.2855259896294555,3.117139223785781,3.1361240541217805,-0.14260517199436995,-19.52560454121449,33.48910440823456,343.27730172777933,272.53491232214697,231.80972585893406,231.80972585893406,176.30729818737802,32.848620599262084,48.79867057638908,-22.92203576681528,36.59162059383169,755089.5,-46.166646470385295,436.052001953125,246.06195068359375
XPO,"XPO, Inc.",ok,Industrials,Cargo Ground Transportation,2026-10-01,178.89999389648438,52.714703,753.0,False,False,1.6592784633693292,1.2679668221106555,1.5784685761813133,-3.344320365162312,-13.294241114304995,38.392502501523,180.57273786030117,153.46886436492798,136.69452850625493,136.69452850625493,143.63338302189064,45.065003435860646,44.66145522892179,-21.66221582450782,44.67086252505188,1098198.55,-50.43054828291296,228.3699951171875,123.66000366210938
XRAY,Dentsply Sirona,ok,Health Care,Health Care Supplies,2026-10-01,8.734999656677246,5.785694,753.0,False,True,-1.4108352691164616,-5.872845818708361,-8.34207868383734,-18.81970751979273,-25.02145971933323,-30.170486791013207,11.626755604668269,13.986443044654877,18.635428201946446,18.635428201946446,-72.06130540132195,42.82606667951305,26.594304767800452,-40.497278780045285,0.0,4777884.5,-17.20205877726847,14.680000305175781,8.734999656677246
YETI,Yeti Holdings,ok,Consumer Discretionary,Leisure Products,2026-10-01,41.290000915527344,18.114035,753.0,False,False,0.6582166132389045,-4.708056379691339,-1.6670653368857202,2.8137476902606373,-16.904805681895386,24.442436816634007,42.90432540954105,39.09416332852793,39.78593621880885,39.78593621880885,-10.647042342397528,43.95350916208075,54.30242900671062,-21.62110729625295,28.58922494762068,1760513.2,-61.189498607565106,52.68000030517578,32.11000061035156
ZION,Zions Bancorporation,ok,Financials,Regional Banks,2026-10-01,62.279998779296875,7.932484,753.0,False,False,-0.5905869713813128,-1.440101071670974,-0.8596003154260345,-6.148284800374526,-9.591262812907841,13.433955368672045,60.48504982297383,55.47659396745294,49.83453466661106,49.83453466661106,106.14614023224247,35.70351004153184,18.377302429922153,-14.474889198331608,36.758853483582435,1523650.7,-24.056478299127214,72.82071685791016,45.54001235961914
AAMI,Acadian Asset Management Inc.,ok,Financials,Asset Management & Custody Banks,2026-10-01,94.66999816894531,33.427563,753.0,False,False,3.2275641849546233,0.9382634020982161,1.4466336032317395,5.209765630199881,29.66610569148593,97.47400219505987,64.19508372412787,47.996566422907,39.10007937432602,39.10007937432602,399.4688664316963,35.36983297680942,59.00346541193687,-2.607175710083229,126.81489731343605,467347.6,-29.120851374865296,97.20428466796875,41.7388801574707
AAP,"Advance Auto Parts, Inc.",ok,Consumer Discretionary,Automotive Retail,2026-10-01,38.459999084472656,21.463686,753.0,False,False,-1.1565170000106817,-3.2939435710649723,-7.1687212136759,-10.056125832201312,-37.20848934845494,-36.103529179135975,51.27386853051564,47.91241953952379,51.598231451128264,51.598231451128264,-24.261434921287407,62.37846759227546,25.58868813317548,-38.69309038861923,0.7419811063408329,1734929.8,-33.06380465653424,62.73354721069336,38.176734924316406
AAT,American Assets Trust,ok,Real Estate,Diversified REITs,2026-10-01,21.290000915527344,70.966995,753.0,False,False,0.14111329408525997,-1.5718828406427354,-0.930660110381254,-3.533545237442326,-15.256241088768396,11.78828942693,20.130754152933758,20.17195960724971,19.781368103635263,19.781368103635263,34.51313953695059,26.70312415883017,44.67005665908888,-16.37085779926354,25.67184965888627,494149.6,-49.14657423581846,25.45763397216797,16.940946578979492
ABCB,Ameris Bancorp,ok,Financials,Regional Banks,2026-10-01,79.82499694824219,14.432187,753.0,False,False,0.3835517078110584,-1.7388103084437723,-2.159293141000085,-4.2203363376173915,-11.202937626195098,9.979434347320403,80.93042122371612,72.17605415283447,64.13158533772625,64.13158533772625,118.65284941609207,29.267198778055842,20.685933043231827,-14.109786520236261,16.158908267539733,488725.25,-57.070971880417474,92.93840789794922,68.72051239013672
ABG,Asbury Automotive Group,ok,Consumer Discretionary,Automotive Retail,2026-10-01,178.55999755859375,6.7357244,753.0,False,False,3.633194658130945,-0.6233276729972093,-0.7669250106083991,-14.711503134297821,-13.067184583957292,-26.954387487106178,216.10817433917333,230.12774886173082,227.31640090030504,227.31640090030504,-18.409873164849166,35.630562156937216,25.737430043253866,-30.25817349141335,3.633194658130955,261165.45,-40.80036237565115,256.0299987792969,172.3000030517578
ABM,"ABM Industries, Inc.",ok,Industrials,Environmental & Facilities Services,2026-10-01,48.52000045776367,17.59058,753.0,False,False,0.8731850248780093,-1.01999183054029,-2.0589431548516,4.546435288275963,9.600180610015506,8.008034180166646,43.585287639072966,46.11939348167632,45.27239802792411,45.27239802792411,30.157651780515483,29.93620261437238,42.42928368089826,-4.110668140476759,31.603950262271987,563312.4,-72.5644242874824,50.599998474121094,36.868194580078125
ABR,Arbor Realty Trust,ok,Financials,Mortgage REITs,2026-10-01,3.684999942779541,40.77778,753.0,False,False,-4.533677644360134,-9.681372262568988,-9.459464684117657,-25.555553843009015,-27.74052394444476,-65.57596566080072,6.703510049789671,8.480076073650345,8.971764069312755,8.971764069312755,-62.788527163346416,40.15564786321364,11.808083929057815,-66.26665822751657,0.0,5150634.0,3.384942513873046,10.923910140991211,3.684999942779541
ACA,"Arcosa, Inc.",ok,Industrials,Construction & Engineering,2026-10-01,146.52499389648438,32.63363,753.0,False,False,0.25658571033919664,-0.0034156028486997947,0.0034054217021184385,0.7183105579013249,1.1074727190791611,56.63635125425228,121.13422390771291,106.65285037523248,98.09505728104833,98.09505728104833,109.67392188427132,32.94126901986888,75.54441172862225,-0.06479417805681573,64.64826135055077,733511.85,-46.744282318002085,146.6199951171875,88.99273681640625
ACAD,Acadia Pharmaceuticals,ok,Health Care,Pharmaceuticals,2026-10-01,20.09000015258789,9.017938,753.0,False,True,-0.29776410460676805,-2.143207595428054,-9.422904074984084,-30.460364911650608,-22.6415068010531,-5.857544475455001,24.1635714182778,21.669721134155395,21.219668005883772,21.219668005883772,-6.427569654872933,49.1896443715838,8.476403215887473,-34.28197463806546,0.14955477290237523,2206531.8,-40.9554849832665,30.56999969482422,20.059999465942383
ACHC,Acadia Healthcare,ok,Health Care,Health Care Facilities,2026-10-01,26.96500015258789,14.557928,753.0,False,False,-1.9454539905894852,-3.385882121070105,-3.0035939114685606,-4.548672026237554,-15.496708613194354,8.90549233975364,23.24835312934149,27.746125454921646,43.29384463210188,43.29384463210188,-61.24604851540407,54.97580623369647,40.27875175781613,-24.27688938385088,130.86472130175235,1387934.55,-62.95999692492704,35.61000061035156,11.680000305175781
ACIW,ACI Worldwide,ok,Information Technology,Application Software,2026-10-01,49.959999084472656,22.947248,753.0,False,False,2.209488528554693,1.9591818050462395,0.6852078998522693,-2.4790171171417352,-8.96501801728472,-5.324997818675592,47.02646826183985,48.82856574951415,43.94715804597771,43.94715804597771,126.26811257745257,33.965621607004586,35.66621879510055,-16.982388117110318,29.86742266487385,727119.6,-58.71490742375806,60.18000030517578,38.470001220703125
ACLS,"Axcelis Technologies, Inc.",ok,Information Technology,Semiconductor Materials & Equipment,2026-10-01,135.6300048828125,45.52349,753.0,False,False,3.392294904322579,9.370214133064003,16.781475456853844,23.19920918748506,-6.138404925389274,38.90824019934567,112.23337297590952,91.79956173231878,101.96989375059981,101.96989375059981,-16.602102434575706,56.8662228628801,74.05721846604217,-29.211899497781978,82.98704783718716,347478.3,-33.789822270915906,191.60000610351562,74.12000274658203
ACMR,"ACM Research, Inc.",ok,Information Technology,Semiconductor Materials & Equipment,2026-10-01,83.75,36.81498,753.0,False,False,3.497283607379953,10.269918848151228,9.93699089590303,19.574527277644926,-14.339774086573698,114.03015004832957,60.61468245491149,42.02394419552321,35.07956838037863,35.07956838037863,349.7851569562446,81.95468038811542,64.60352848563073,-33.99795066368939,182.27165414440114,1085378.6,-21.265077457764512,126.88999938964844,29.670000076293945
ACT,"Enact Holdings, Inc.",ok,Financials,Commercial & Residential Mortgage Finance,2026-10-01,44.19499969482422,9.310127,753.0,False,False,2.161353235248753,-5.847888820181712,-6.46560911148314,-8.744581011078301,-2.0524802282269494,17.714882459412063,41.86169840797545,37.98170007272545,34.837811828451166,34.837811828451166,75.89925444261061,20.70183545530336,19.792267413551883,-11.733573069319,29.20666646815234,458578.5,-38.53396964750855,50.06999969482422,34.204891204833984
ADAM,"Adamas Trust, Inc.",ok,Real Estate,Mortgage REITs,2026-10-01,7.735000133514404,4.604167,753.0,False,False,-0.5784071347095021,-3.433209581890617,-4.975432343078112,-16.709680692230744,-12.426705856210996,26.184543328441734,7.639760323933193,6.432520357261141,6.010274957375698,6.010274957375698,34.800573490355944,33.62287991871073,15.602845304912378,-21.757577371217753,33.663558954868826,1234091.5,-42.902937099882784,9.885941505432129,5.786917686462402
ADEA,"Adeia, Inc.",ok,Information Technology,IT Consulting & Other Services,2026-10-01,25.3700008392334,23.302752,753.0,False,False,-0.820950293584799,1.8057815471980376,1.4394266575648684,4.103405685526673,-12.920803759600119,52.54907398359774,22.76760034334092,18.07460817587803,15.580972522695067,15.580972522695067,146.73013433906155,53.44155807428449,39.90964794180057,-24.27647505086971,118.29851167345589,1002936.45,-21.13956971052353,33.50345993041992,11.62170124053955
ADIG,ADI Global Distribution,ok,Information Technology,Electronic Equipment & Instruments,2026-10-01,17.979999542236328,32.071426,45.0,False,False,0.33481844691369833,-2.9681658069530603,-12.121210426243035,-11.602756109376411,,,21.714666748046874,21.714666748046874,21.714666748046874,21.714666748046874,-14.38095456077939,81.46320214762846,31.332338234821847,,,745125.75,-48.86567804159231,,
ADMA,"ADMA Biologics, Inc.",ok,Health Care,Biotechnology,2026-10-01,10.114999771118164,14.392858,753.0,False,False,0.8474580300092738,-0.04940824602234217,6.249992486809841,8.413717618770278,13.01675962771538,-31.002729356073367,12.733214279961965,15.561354572554508,13.15009295291318,13.15009295291318,186.54390518694143,57.39491751223129,63.38880706751956,-50.368006930096044,33.0921039216406,3066256.4,-31.283372127653774,20.3799991607666,7.599999904632568
ADNT,Adient,ok,Consumer Discretionary,Automotive Parts & Equipment,2026-10-01,17.6200008392334,32.10909,753.0,False,False,4.63183301412049,3.0409382816573904,3.647063760196456,-3.452050195981382,-6.07675573422094,-26.827238807891263,20.948214356861417,19.78894422538727,23.14168659276063,23.14168659276063,-51.43329263481612,46.28679172514401,37.98219996038147,-34.95754617945187,4.631833014120496,1001754.75,-45.67582534547503,27.09000015258789,16.84000015258789
ADT,ADT Inc.,ok,Consumer Discretionary,Specialized Consumer Services,2026-10-01,6.204999923706055,8.631945,753.0,False,False,2.0559210784299786,0.24232417361771397,-2.4371101659505734,-15.145338921351481,-8.436479985229184,-26.494412134496503,7.3060683977036245,7.425045562455379,7.046408198585865,7.046408198585865,12.598680900223336,33.98002486741463,17.870702027809585,-27.575382317206543,2.055921078429989,8133808.2,-37.73317644741119,8.56752872467041,6.079999923706055
ADUS,Addus HomeCare Corp.,ok,Health Care,Health Care Services,2026-10-01,111.9749984741211,19.69527,753.0,False,False,1.2981703878312434,0.05807774987476311,-1.8193814310509482,-2.247930605879811,6.470476774416412,-5.097889226672681,107.72200384594146,111.13166316666926,108.61828006374567,108.61828006374567,31.84386915314439,29.267326895918362,35.13514951698265,-8.778005316398295,26.53972333292035,212314.35,-43.67455614752372,122.75,88.48999786376953
AEO,American Eagle Outfitters,ok,Consumer Discretionary,Apparel Retail,2026-10-01,17.934999465942383,9.25768,753.0,False,False,0.8717591299830074,3.610629805215737,11.536066859686866,8.172494260985808,9.78384627490978,7.69983978639408,18.82490114181761,16.311777215554894,17.398057553872643,17.398057553872643,18.730743008389794,56.304675061510125,79.89744911972369,-35.17062318171417,27.71070690136037,8009303.8,-68.70919042926053,27.664926528930664,14.043457984924316
AESI,"Atlas Energy Solutions, Inc.",ok,Energy,Oil & Gas Equipment & Services,2026-10-01,11.920000076293945,149.18752,753.0,False,False,-0.7493767766253434,-3.089431776815399,8.462241351631604,-5.99369251254368,-17.622668581045343,4.837292843190033,12.719404776891073,14.534510506101814,15.825530747493424,15.825530747493424,-40.073901828607596,52.14263899404684,34.357547331404135,-39.64556923395471,47.16048783853376,3740270.9,-50.90147079988243,19.75,8.100000381469727
AGNT,"eXp World Holdings, Inc.",ok,Real Estate,Real Estate Services,2026-10-01,3.6140999794006348,12.016666,753.0,False,False,-1.5231633714231418,2.965811658695716,2.3824365068692677,-7.803573748460623,-31.30248627648038,-64.94223504603018,6.834675225000533,8.5717022827422,9.638307960226557,9.638307960226557,-75.31935657821212,53.664122424048045,33.96793564528366,-68.47593007713861,2.96581165869572,1803714.25,-40.48475250445019,11.46457290649414,3.509999990463257
AGO,Assured Guaranty Ltd.,ok,Financials,Property & Casualty Insurance,2026-10-01,67.79000091552734,9.009974,753.0,False,False,0.1033663519823147,-2.3058055745707073,-0.8918137379291924,-8.957827358254999,-18.567994809831447,-18.750852691799412,81.15816237434508,82.9179048728183,80.03094963185183,80.03094963185183,19.09590613355836,24.07563488732347,21.123579131448565,-25.387935048479864,0.10336635198231314,538622.65,-62.74701778694231,90.85662078857422,67.72000122070312
AGX,"Argan, Inc.",ok,Industrials,Construction & Engineering,2026-10-01,376.760009765625,29.695103,753.0,False,False,-0.31485709828589226,6.066839004800961,4.348311170772501,-6.915377451358862,-46.60215271792143,40.18077737336301,474.43103984045604,323.14330732489964,234.8307299822925,234.8307299822925,758.1435133016735,65.20925176091129,34.560805524962674,-52.78080124840078,47.78768668178021,435645.35,-53.67631032903255,797.8958129882812,254.93328857421875
AGYS,"Agilysys, Inc.",ok,Information Technology,Application Software,2026-10-01,100.66999816894531,66.23026,753.0,False,False,3.697977204551539,3.6766217826210257,0.9931760240154519,-10.507600603867706,-9.150798315185094,-4.351545682712288,98.39194434029716,101.17858559961813,97.39305438970031,97.39305438970031,52.23045871779788,50.73284229571872,42.47439359419758,-28.663547582078706,61.874900131787705,221628.1,24.064592892327276,141.1199951171875,62.189998626708984
AHCO,AdaptHealth Corp.,ok,Health Care,Health Care Equipment,2026-10-01,5.635000228881836,,753.0,False,False,-0.08864605890275268,-0.26548435809575777,1.1669668800220467,2.2686024465985666,-47.63011051099748,-37.03910224614282,9.587122996648153,9.575756951632252,9.484873816628221,9.484873816628221,-37.179486497960234,62.32096902592434,27.02701170134179,-57.884901489649245,7.950200294451524,2646182.9,-61.5688696348238,13.380000114440918,5.21999979019165
AIN,Albany International Corp.,ok,Industrials,Industrial Machinery & Supplies & Components,2026-10-01,59.31999969482422,18.674528,753.0,False,False,-0.48649708531790514,-1.2649835437215873,-2.176780521289956,9.184608311419717,-18.761173329410287,13.55558182807728,58.377692585899716,63.84574939530209,70.86136200133548,70.86136200133548,-27.085459369077302,37.31284663427708,43.35180801825982,-21.849294766262762,46.12537643979294,241926.4,-72.1287135260972,75.90462493896484,40.59527587890625
AIR,AAR Corp.,ok,Industrials,Aerospace & Defense,2026-10-01,100.55000305175781,20.361507,753.0,False,False,-0.9066701073002448,-12.6335856710301,-16.59754057071112,-19.22397144910012,-28.234956381601062,12.133383634416628,110.07880931430392,88.48392415141679,80.70027877989993,80.70027877989993,72.67732069759893,39.17796985163315,21.94463185467093,-34.584608249394776,29.993542385652045,603377.9,-6.930963165870018,153.7100067138672,77.3499984741211
AKR,Acadia Realty Trust,ok,Real Estate,Retail REITs,2026-10-01,18.639999389648438,53.25714,753.0,False,False,-0.5336199716706846,-2.2003678321222075,-1.945807321610249,-7.8913998729124195,-11.442358951969577,-3.7041576958511735,20.128143764677503,20.105603487843062,18.703645156515865,18.703645156515865,49.67688695879513,24.276369224796003,19.157239350899857,-17.09414042945124,2.3816522949821852,1275181.3,-45.33906668800742,22.48333168029785,18.20638656616211
ALG,Alamo Group,ok,Industrials,Construction Machinery & Heavy Transportation Equipment,2026-10-01,156.41000366210938,18.77518,753.0,False,False,1.0596364569205097,-0.8305842939733576,-1.64748483763969,-4.686168284817327,-7.936866905115347,-17.456295986238967,171.5773658146934,181.90832182135716,183.98492688993375,183.98492688993375,-8.878105309158823,30.196480562961664,22.006139937440878,-28.117854201589214,6.428650189454781,207348.55,-39.48788163698275,217.59228515625,146.96231079101562
ALGT,Allegiant Travel Company,ok,Industrials,Passenger Airlines,2026-10-01,75.63999938964844,65.12069,753.0,False,False,-0.19791730316257583,-1.1887702492893393,-1.5616827244048892,4.460703720733616,-36.2602169404578,24.469308573100477,84.8562302513728,75.17406375474664,70.56490323394735,70.56490323394735,3.358652727447109,59.48624151779156,42.4814183272285,-36.522325390209325,30.34637425605842,492124.95,-44.66872691579648,119.16000366210938,58.029998779296875
ALHC,"Alignment Healthcare, Inc.",ok,Health Care,Health Care Services,2026-10-01,7.804999828338623,40.815792,753.0,False,False,-4.3504905111741206,-1.5762925940212558,1.760101052175056,-42.568066661483094,-67.20588202295006,-55.272209243022004,17.97023812362126,16.172519943153716,13.261965489482499,13.261965489482499,11.024176321488355,64.7182868657129,15.89779913749662,-68.22068404699316,1.760101052175061,11806311.6,-24.00478401738948,24.559999465942383,7.670000076293945
ALKS,Alkermes plc,ok,Health Care,Pharmaceuticals,2026-10-01,40.6349983215332,106.92106,753.0,False,False,0.28380518872255234,1.207962085236014,-0.38000144769582134,-13.908903252732497,-25.549657460046326,35.44999440511067,37.235813557155545,33.52554783688124,31.142662717051714,31.142662717051714,44.763087863609144,37.62648532828517,24.16459859907124,-26.41253635775311,49.39337199173613,2212447.95,-47.39948571445489,55.220001220703125,27.200000762939453
ALRM,"Alarm.Com, Inc.",ok,Financials,Application Software,2026-10-01,55.0,24.283186,753.0,False,False,0.9730104046618449,2.2875200516363936,2.9191643214439233,-1.0969260990046026,10.686257838688729,3.617178038268287,49.58037700350322,53.623515930783704,56.7992961625179,56.7992961625179,-8.256881901491987,29.514537316101098,46.17020378613008,-4.513886359370718,30.548299562292247,458075.8,-68.36418776106487,57.599998474121094,42.130001068115234
AMN,"Amn Healthcare Services, Inc.",ok,Health Care,Health Care Services,2026-10-01,35.90999984741211,13.345725,753.0,False,False,0.11151635550172845,4.8161167738348665,3.9062454296208804,7.066186246845252,3.3381290573010425,85.48553055422663,24.254880935426744,24.35304780405356,36.93054444666403,36.93054444666403,-57.55820873612105,58.74401296350567,71.89098664919833,-1.8852422280751309,137.81456251802348,603928.35,-42.51520068564425,36.599998474121094,15.100000381469727
AMPH,"Amphstar Pharmaceuticals, Inc.",ok,Health Care,Pharmaceuticals,2026-10-01,25.690000534057617,15.201183,753.0,False,False,-0.46493194253300896,-6.206640720968048,-2.20784131556665,11.890250690084736,30.80448743597175,-3.6022480233176113,23.01805555252802,27.558745023263878,34.14823372018923,34.14823372018923,-43.834718864578,45.421565803353225,63.43178399050564,-12.619044668743168,52.282153266478524,542020.75,-50.958519576971916,29.399999618530273,16.8700008392334
AMR,"Alpha Metallurgical Resources, Inc.",ok,Materials,Steel,2026-10-01,170.75999450683594,9.361774,753.0,False,False,1.5099234738444434,-2.723025499667986,-0.7267019591412849,-26.841184256167217,6.7249965667724565,4.064841439334654,184.80472225613065,172.8763745524494,214.58581290682,214.58581290682,-31.971694545019513,56.55275175167661,27.442514174532207,-31.600240864560014,24.49693055382194,316674.3,-36.15332851450213,249.64999389648438,137.16000366210938
AMRX,Amneal Pharmaceuticals,ok,Health Care,Pharmaceuticals,2026-10-01,20.110000610351562,41.90625,753.0,False,False,-0.14895124233367252,-1.9024360470655477,1.5400166648625202,13.74434538026792,17.25948138577833,100.89910240289717,14.18218255421472,11.261952200733807,9.533227096040886,9.533227096040886,369.8598043118333,40.26867709846163,72.96297227731557,-1.9024360470655488,106.89300471077816,2795824.8,-42.349892596989626,20.5,9.720000267028809
AMSF,"Amerisafe, Inc.",ok,Financials,Property & Casualty Insurance,2026-10-01,23.600000381469727,9.518145,753.0,False,False,-0.12695209632797022,-0.6734000247088368,-0.9651680359743731,-7.48261073888985,-31.411802348070385,-41.775009947924445,32.73264554190257,38.41182307893062,38.87978963611294,38.87978963611294,-38.02402003075057,25.35655595249235,27.058832329170826,-41.03526285806819,0.3828164683610943,629464.8,-50.65712967587703,40.023921966552734,23.510000228881836
AMTM,Amentum,ok,Industrials,Diversified Support Services,2026-10-01,18.5049991607666,22.228916,507.0,False,False,2.1247147003415456,0.08112163241811299,-4.613404512177388,-7.428717495520498,-12.876650846628424,-22.734870266052432,25.43001977981083,24.180647375099213,24.223126198883357,24.223126198883357,-37.29244656983936,56.10566713462526,38.95952579510069,-50.69277974244236,2.124714700341544,1685614.6,-49.88225659649602,37.529998779296875,18.1200008392334
ANDE,"The Andersons, Inc.",ok,Consumer Staples,Food Distributors,2026-10-01,65.72000122070312,12.716635,753.0,False,False,0.030447904703390094,-1.098563974514033,-1.6020357540906471,-2.2896236494435063,-0.8748141845512425,67.47810296322076,63.608825047810875,51.907840006854904,51.336029255374335,51.336029255374335,35.30885583575609,36.309978698179975,22.45544456168271,-18.73377149912267,64.91786942485383,375032.45,-63.83006323852776,80.87000274658203,39.85013961791992
ANIP,"ANI Pharmaceuticals, Inc.",ok,Health Care,Pharmaceuticals,2026-10-01,73.48999786376953,16.017427,753.0,False,False,1.1562234277330496,-1.790730902707327,-0.7428458197688448,2.182980721351213,-14.576311860352009,-19.770743353743626,80.46726169283428,73.28906360185479,68.97381132817364,68.97381132817364,29.224545883658504,36.15847807379318,59.47186341712095,-22.95030406793601,4.701517748368903,404531.9,-64.9130266364655,95.37999725341797,70.19000244140625
AORT,Artivion,ok,Health Care,Health Care Equipment,2026-10-01,22.049999237060547,29.532427,753.0,False,False,-3.3742351799343595,-3.921575145793732,-4.2553253163958304,-18.604654437574364,-8.010013063388987,-47.921589141248944,34.347499960944766,32.245617524561176,28.39078352397498,28.39078352397498,44.87515670303641,43.224370558308166,24.95867674797435,-53.70565034099612,9.701486659614854,613277.15,-60.58176959633993,47.630001068115234,20.100000381469727
AOSL,"Alpha and Omega Semiconductor, Ltd.",ok,Information Technology,Semiconductors,2026-10-01,28.31999969482422,90.06349,753.0,False,False,2.9818170720880666,3.5087685053246886,3.698279929083781,19.796956116780095,-23.68633999180112,1.2875558731741288,28.87579366139003,29.47125500226876,29.110225771211216,29.110225771211216,-4.6143510090606465,78.4290023109777,63.98677292078604,-46.88672194877517,62.10647285587311,539830.9,-47.44317155612989,53.31999969482422,17.469999313354492
APAM,"Artisan Partners Asset Management, Inc.",ok,Financials,Asset Management & Custody Banks,2026-10-01,36.33000183105469,8.693046,753.0,False,False,0.5814033925248596,1.395478577862197,1.5371801859201284,-12.877695044690052,4.581668581789811,-7.743937944264257,38.13839164612785,38.12568941534278,36.563391334665404,36.563391334665404,26.842002149351572,29.050596405595684,34.6899186122761,-16.750682082565994,9.01492376034439,830748.95,-20.459845299834555,43.63999938964844,33.325714111328125
APLE,"Apple Hospitality REIT, Inc.",ok,Real Estate,Hotel & Resort REITs,2026-10-01,16.350000381469727,22.074324,753.0,False,False,1.175745890171176,0.4941289290922857,1.99125518204053,5.52852505510415,-0.2974290392955936,46.20057723933944,13.174030924600268,12.626947317465367,12.718691853729695,12.718691853729695,32.3673307313673,25.10045402493025,82.35608077516443,-2.808990802346251,56.091913878856595,2526565.15,-53.62070912756791,16.82254409790039,10.474597930908203
APOG,"Apogee Enterprises, Inc.",ok,Industrials,Building Products,2026-10-01,35.52000045776367,11.147336,753.0,False,False,0.42409253720301354,-2.4443817450652827,-2.1757116101583374,-5.506782884867079,-11.837263720850167,-16.111470280754137,37.51573420327807,44.45626012642545,47.64185054622007,47.64185054622007,-17.65043566839234,39.61753844786415,33.04600756580065,-26.885479433467697,13.585918078898764,257049.2,-31.925872556693434,48.581321716308594,31.271482467651367
ARCB,ArcBest Corp.,ok,Industrials,Cargo Ground Transportation,2026-10-01,128.66000366210938,184.58572,753.0,False,False,0.9573141849742672,1.2512819478269988,1.0286652561322773,-3.059069862305297,-7.801053022807036,85.03061986491578,109.03414874606662,95.85692813766904,102.69565329988639,102.69565329988639,31.31519097274269,49.92916824718134,36.90879461406166,-25.658552395267392,116.44375700864286,229061.75,-63.66263682173039,173.06631469726562,59.44269561767578
ARLO,Arlo Technologies,ok,Information Technology,Communications Equipment,2026-10-01,12.854999542236328,45.875,753.0,False,False,3.6693543363187864,2.0238028019555987,-1.2672880931348662,2.2673019437658315,-0.9630200647793186,-24.159298149748132,14.0536706220536,13.648316753812995,12.839289525273944,12.839289525273944,24.44336531635123,54.48614611354026,44.80620310918398,-33.87346096150973,14.47016977951185,1271571.65,-37.56285774380075,19.440000534057617,11.229999542236328
AROC,"Archrock, Inc.",ok,Energy,Oil & Gas Equipment & Services,2026-10-01,30.350000381469727,16.365591,753.0,False,False,0.19808340749050135,-0.6546607547806449,-1.0756190365825535,-4.228463647855662,-16.96093817026364,18.586618328192415,31.47176826567877,27.555736849507486,23.86429553012924,23.86429553012924,173.4879641526318,35.766117058345536,31.093748277053137,-27.175036123827706,34.30859540383718,1680908.55,-65.64530533204795,41.675270080566406,22.597213745117188
ARR,Armour Residential REIT,ok,Real Estate,Mortgage REITs,2026-10-01,13.774999618530273,3.1258504,753.0,False,False,-0.39768839825881086,-1.4663800459128074,-2.374203021248422,-13.203205851073607,-15.953842306339238,9.305791314296119,15.511235316594442,14.459732864957406,13.858878741068036,13.858878741068036,12.667073368875714,25.764789941925653,15.232243439367736,-19.32302795673556,5.903267896415775,4446221.95,-16.062692281927138,17.074264526367188,13.007152557373047
ASO,Academy Sports + Outdoors,ok,Consumer Discretionary,Specialty Stores,2026-10-01,48.02000045776367,8.03859,753.0,False,False,-0.14555977251426988,-1.2137423270516257,-0.22854894641678447,12.5046261908224,0.6756494131245017,-2.9131256706551145,51.39356896233937,49.86189902256209,51.85396952331462,51.85396952331462,8.102494811350237,44.50330065382927,20.773302207579192,-20.826609579673597,16.37394960352638,2063550.85,-79.56352759613364,60.65169143676758,41.26353073120117
ASTE,"Astec Industries, Inc.",ok,Industrials,Construction Machinery & Heavy Transportation Equipment,2026-10-01,40.56999969482422,48.279762,753.0,False,False,0.820074559127093,-1.313551222354814,-0.04927434759419702,-1.4813030738974886,-29.309350547834846,-14.801959000696552,50.02696753305102,43.58404421711348,40.52806727344771,40.52806727344771,-9.433758208196942,42.744190143642605,42.55691991127976,-37.25702927530425,0.820074559127094,205579.6,-58.560090592646354,64.66062927246094,40.2400016784668
ASTH,"Astrana Health, Inc.",ok,Health Care,Health Care Facilities,2026-10-01,35.06999969482422,42.707317,753.0,False,False,-1.4056789549895754,-0.17079809697322368,1.8292714670048005,-9.145074919273688,-28.67601992921436,23.703700962723275,31.48226183179825,32.77400397494495,35.289123512359254,35.289123512359254,14.5703985479974,59.408789186776275,39.84647505153036,-29.592453868854218,93.11674003026971,413325.05,-69.87818667172483,49.810001373291016,18.15999984741211
ATEN,"A10 Networks, Inc.",ok,Information Technology,Systems Software,2026-10-01,27.479999542236328,47.482586,753.0,False,False,1.3648060625402136,7.764704087201291,5.732973390688345,10.140275358447749,-24.13138929056271,53.0373715627378,23.85444905265929,20.61731518977192,18.04493553419987,18.04493553419987,86.71858739403031,38.59282129657559,67.70025744278755,-27.73470291014675,67.2568017497179,1136976.6,-49.30133126750367,38.02655029296875,16.429824829101562
ATMU,Atmus Filtration Technologies Inc.,ok,Industrials,Industrial Machinery & Supplies & Components,2026-10-01,45.18000030517578,17.30843,753.0,False,False,4.053436689201084,2.5885544185956233,0.8707286931830316,-2.2077931621635183,-9.0025059591056,0.6332494359400087,52.49657043578133,45.860856743922746,39.52045140513386,39.52045140513386,121.8902683835108,34.89123861569096,48.301334804365986,-30.93508507983159,6.067170246191316,758236.1,-39.47505269137146,65.41671752929688,42.59564971923828
AUB,"Atlantic Union Bankshares, Corp.",ok,Financials,Regional Banks,2026-10-01,38.2400016784668,11.154518,753.0,False,False,0.7641657699531512,-0.8041441367805047,-0.7268919417690256,-3.214367747452551,-8.71670790374064,12.693567957140317,37.163046874697244,34.84194641949171,33.526117844094,33.526117844094,50.79512248358884,32.04990743707003,29.89124970068012,-11.093993009831078,25.663079377477803,1377206.55,-47.52922137932034,43.01171875,30.430578231811523
AVA,Avista Corporation,ok,Utilities,Multi-Utilities,2026-10-01,34.9900016784668,12.624549,753.0,False,False,-0.28497712649260265,0.5748800163158041,-0.1711770610548613,-7.0403766050815335,-14.401879190472133,-2.8748966795786757,38.82675349523151,37.061437128074616,35.1235522742607,35.1235522742607,30.981865009733234,20.072728414018574,23.988414770616203,-16.47979130007216,0.5748800163158074,692501.55,-53.62739621304819,41.8940544128418,34.790000915527344
AWI,"Armstrong World Industries, Inc.",ok,Industrials,Building Products,2026-10-01,162.80999755859375,22.321917,753.0,False,False,0.5434477382917358,-1.1775432117792084,0.41941198748050024,-3.628510000133678,2.870713248666301,-16.294321211421337,175.57305684165348,165.64900861033405,145.79721398625875,145.79721398625875,134.9610477979936,26.202920033486066,47.43714232588889,-19.458308703258748,7.714324421947083,355814.45,-66.81163454716355,202.1437530517578,151.14981079101562
AWR,American States Water Company,ok,Utilities,Water Utilities,2026-10-01,81.43000030517578,22.275955,753.0,False,False,-1.0931634955210545,0.09834275667519599,-1.2969693270596605,-8.700529121891698,-3.335520841220252,14.04405869834413,76.95547763885014,75.93716567446036,74.70722835789006,74.70722835789006,13.998003121777746,20.931179097037788,25.556656838821368,-10.614707278718871,18.84181597433161,223252.4,-50.03502761896401,91.0999984741211,68.5196533203125
AX,"Axos Financial, Inc.",ok,Financials,Regional Banks,2026-10-01,87.0,10.301298,753.0,False,False,0.4967082207365303,-0.8207948138208576,-1.7837003820209474,-8.111533882996769,-11.133811395291549,2.7761351822334746,89.98952390277196,82.04695220582514,72.58865874190413,72.58865874190413,132.3718033951418,38.492828590417936,20.47168378602281,-17.221692423314238,15.079367402079091,393923.7,-39.131867414933396,105.0999984741211,75.5999984741211
AZTA,"Azenta, Inc.",ok,Health Care,Life Sciences Tools & Services,2026-10-01,34.66999816894531,59.012764,753.0,False,False,-0.6305566768464832,1.2262720261176918,1.3742613904125012,9.8194441054408,34.17181874696349,20.717266705588443,29.004285645863366,33.29304776818629,40.813891090403196,40.813891090403196,-30.3395663048721,51.5649445302508,83.04498144293972,-15.459644994081684,116.4169611627159,833192.6,-52.54974660120602,41.0099983215332,16.020000457763672
AZZ,"AZZ, Inc.",ok,Industrials,Heavy Electrical Equipment,2026-10-01,135.61500549316406,20.650915,753.0,False,False,0.9115307010039153,0.3589140774265198,-1.7140094996415334,-0.09944346728245623,-9.444671543199213,25.109842995164833,128.48944809323265,110.55039877720563,96.13136386238088,96.13136386238088,211.56464421292785,33.383047125456834,45.82495229705341,-15.188832673607742,39.552526360217364,242297.1,-55.40928884415043,159.9022979736328,97.178466796875
BANC,"Banc Of California, Inc.",ok,Financials,Regional Banks,2026-10-01,17.364999771118164,8.189572,753.0,False,False,0.783518470507838,-1.6704421225528732,-2.0586564046359057,-3.7520913550839197,-13.898415526591046,7.550707984454275,18.565210278072055,16.523001494160685,15.216389634536398,15.216389634536398,56.086098971762574,37.13430194540458,30.536737666222095,-19.933026741197875,14.393576251046495,2621450.7,-53.624380576754696,21.688093185424805,15.180047988891602
BANF,Bancfirst Corp,ok,Financials,Regional Banks,2026-10-01,105.98999786376953,14.365722,753.0,False,False,0.6743912354720383,-0.7262778302289941,-0.7817576921107405,-1.1133741854071455,-6.544894850300043,-14.626220882280627,110.91158146328397,113.99810015917774,105.09613462653293,105.09613462653293,31.80130037402926,28.942653343650175,33.03508192776654,-15.136273627758618,3.972150297506006,143298.0,-29.405853535987937,124.89434814453125,101.94075775146484
BANR,Banner Corporation,ok,Financials,Regional Banks,2026-10-01,66.87480163574219,11.04538,753.0,False,False,-0.18686323023554552,-1.8999509578880192,-2.784124515621067,-2.486439413508945,0.2997981282985007,5.382646876664188,64.22543001931811,63.56642582502023,57.43476453783661,57.43476453783661,78.15891166611367,29.389166029842702,22.36041538004072,-9.640859741301579,16.956208006498535,275550.9,-54.95641640074484,74.01000213623047,57.179351806640625
BBT,Beacon Financial Corp.,ok,Financials,Regional Banks,2026-10-01,28.010000228881836,9.090909,753.0,False,False,0.07145572678535217,0.7191685249199109,0.03571510314941406,-7.831520923219514,-6.378556655918333,23.504215244886883,28.199052424657914,26.754244245855933,24.905919286517666,24.905919286517666,54.253667347602466,29.306038433330674,12.75170477165382,-14.106103328343773,26.65592147824768,1151983.75,-60.097093383478715,32.61000061035156,22.115034103393555
BCC,Boise Cascade,ok,Industrials,Building Products,2026-10-01,74.77179718017578,25.311863,753.0,False,False,0.8385645873248748,-2.373938170323875,-1.7453368207319797,-1.4084905185855812,-1.2341586991131859,-2.159022988786885,75.85206013634091,90.42883220231866,100.03586278461998,100.03586278461998,-18.40695531013925,38.08602590254003,47.38815027850227,-17.134622716274396,14.908034191641795,341322.95,-56.73921135393913,90.23285675048828,65.07099151611328
BCPC,Balchem Corporation,ok,Materials,Specialty Chemicals,2026-10-01,163.4600067138672,32.177166,753.0,False,False,-0.9093113111966811,-3.094608838374424,-2.609622092225128,-5.683452185957371,-3.163504882315238,9.599938532041197,164.39255444965664,163.75573073915277,158.33491137176554,158.33491137176554,35.05104575693216,22.50158572465684,47.33220577575611,-10.804315391502522,17.224266751611513,215346.05,-48.35243088972378,183.25999450683594,139.44212341308594
BFAM,Bright Horizons Family Solutions Inc.,ok,Consumer Discretionary,Specialized Consumer Services,2026-10-01,65.55999755859375,20.774603,753.0,False,False,2.8876275935989737,2.871486002670709,-1.1757594548605255,-10.277818759540002,-12.74953674324153,-39.61499701310293,82.35952356126573,101.25521882501731,103.21984044615807,103.21984044615807,-19.597747335676797,37.53117069187799,51.29868579869931,-39.97986309277889,10.780664448323744,1004336.1,-60.92722346632766,109.2300033569336,59.18000030517578
BFH,"Bread Financial Holdings, Inc.",ok,Financials,Consumer Finance,2026-10-01,96.19000244140625,7.4569435,753.0,False,False,-1.5959054307864484,-4.997528452932098,-5.2875100888904125,-5.742283620882871,-5.684682865728352,74.43536828322198,83.35782724713522,69.42265285628726,58.82227252742367,58.82227252742367,201.5223417492808,43.502976958395784,29.721113697134896,-14.991456543669933,79.88649065270015,600476.8,-23.20502640568296,113.15333557128906,53.47261047363281
BFS,"Saul Centers, Inc.",ok,Real Estate,Retail REITs,2026-10-01,29.892499923706055,30.871132,753.0,False,False,-0.6233377675384566,-1.0509737516999462,0.14237702409782838,-8.72519107265327,-19.16181183668294,0.7624039480774281,32.20718276311481,32.31536711734604,32.21729688910374,32.21729688910374,5.4572055724178,20.7063880137417,18.94019217155926,-19.78068556809998,6.362057545246504,143535.25,-56.52287504289016,37.26346969604492,28.104476928710938
BGC,"BGC Group, Inc.",ok,Financials,Investment Banking & Brokerage,2026-10-01,11.53499984741211,28.8625,753.0,False,False,0.043366127985411396,-1.9966066373137026,-5.21775041003294,-3.7948284603146587,4.862771297517843,22.92656790187195,10.21221641510252,9.826301873917599,9.101026349491965,9.101026349491965,124.55266807187013,34.74660367203808,33.6760840998686,-8.649183819881408,39.938047111869466,3890475.05,-78.0900535527146,12.627144813537598,8.24293327331543
BHE,"Benchmark Electronics, Inc.",ok,Information Technology,Electronic Manufacturing Services,2026-10-01,85.0,58.116436,753.0,False,False,2.5208011646075557,2.878783485570624,3.6802702786457475,20.847531129212072,-1.1107062639714838,122.91145312552362,63.69817767067561,52.05068594715985,45.36034497670127,45.36034497670127,264.81703268860974,41.303273402168536,67.31224331543123,-13.67857862591197,138.9000893319318,397563.15,-31.642809450523778,98.46918487548828,35.57972717285156
BJRI,"BJ's Restaurants, Inc.",ok,Consumer Discretionary,Restaurants,2026-10-01,59.220001220703125,31.343916,753.0,False,False,3.368825753767246,-1.3328877556798902,-4.4222044936346405,-4.097164015055665,0.8000020777925609,93.97314080836969,45.942976217421275,41.24533869450786,38.304820766170344,38.304820766170344,155.14865815018894,42.60973491806895,44.289904788926535,-20.253165207208536,106.41338486698055,394698.0,-21.899781605176617,74.26000213623047,28.690000534057617
BKE,"The Buckle, Inc.",ok,Consumer Discretionary,Apparel Retail,2026-10-01,43.0099983215332,9.899769,753.0,False,False,0.13969163568798848,-0.1393112925845319,3.538751501222004,1.2714788917096653,2.790496001770859,-20.270208920267475,48.46314807165237,44.89554567830971,40.590752486372054,40.590752486372054,68.07042707441104,31.674192366760405,70.44247835410151,-23.28443459928703,8.47414039432327,500250.6,-55.81974314473585,56.064239501953125,39.650001525878906
BKU,"BankUnited, Inc.",ok,Financials,Regional Banks,2026-10-01,42.470001220703125,11.677197,753.0,False,False,0.6398114997210769,-1.3930774979624583,-2.1203000273947836,-5.073760332146382,-11.956781761831369,14.500738174931271,44.853724025544665,40.13614548155036,35.80967670101252,35.80967670101252,114.43344876866837,34.86627746406689,22.823509348269013,-15.450748858425294,22.610372402959364,994856.2,-56.11184812438219,50.2310791015625,34.638179779052734
BL,"BlackLine Systems, Inc.",ok,Information Technology,Application Software,2026-10-01,27.809999465942383,49.714287,753.0,False,False,4.824721998372183,4.706325395837685,-0.28684089443095084,-13.660353131308733,-6.927710016612698,-47.62711814484154,39.490595280178006,47.23837651484516,49.91774899962731,49.91774899962731,-48.33736109981198,43.608900806907094,47.18749478459275,-52.72820227712066,10.225921405139152,903765.1,-42.097564953548215,58.83000183105469,25.229999542236328
BLFS,"BioLife Solutions, Inc.",ok,Health Care,Health Care Supplies,2026-10-01,37.2400016784668,37.175,753.0,False,False,-4.144136058915815,-4.8786711953243795,-3.473302459797367,4.990133625173265,32.47954774057562,45.981973125600064,26.479325468578036,25.420139491320608,23.06191239097362,23.06191239097362,177.28965623414683,51.78031513230014,64.36639119775847,-5.048443346786901,105.17907692100749,897032.8,-18.25761555207346,39.220001220703125,18.149999618530273
BLKB,Blackbaud,ok,Information Technology,Application Software,2026-10-01,42.79499816894531,13.373437,753.0,False,False,2.8231601807187756,1.0269064030359099,-1.0977635400813424,-10.433237207430757,42.223323203488675,-33.45513949063024,46.463392848060245,58.3213446567733,64.61271579332086,64.61271579332086,-38.39787330219343,37.84619159283918,34.12180956106383,-37.019867415825715,61.247161615235335,424078.15,-53.90873120909436,67.94999694824219,26.540000915527344
BMI,"Badger Meter, Inc.",ok,Information Technology,Electronic Equipment & Instruments,2026-10-01,128.0800018310547,29.947308,753.0,False,False,3.6749238156729813,1.2250083511511356,-1.9295590770980087,-3.167764652653471,-11.915243624157057,-27.451383396339857,149.60569699605307,179.2587756122726,175.24516429115894,175.24516429115894,-8.123598610993287,37.18488254074112,55.54303899994983,-31.038840183166855,13.674357946512245,373810.0,-42.91217463417244,185.7277374267578,112.6727294921875
BNL,"Broadstone Net Lease, Inc.",ok,Real Estate,Industrial REITs,2026-10-01,18.30500030517578,24.098684,753.0,False,False,-1.0540524044552413,-1.308094828468287,-1.62140153254694,-10.693779937699343,-12.500916283590225,9.002693409494778,18.791120309678334,16.934889736403505,15.777157559337844,15.777157559337844,56.28808844417246,20.85596047292148,6.230557944058887,-18.592140183380963,12.855051382246518,1904532.4,-48.59903669793173,22.485544204711914,16.219921112060547
BOH,Bank of Hawaii,ok,Financials,Regional Banks,2026-10-01,68.54000091552734,12.730483,753.0,False,False,-0.5513599296483873,-2.68351466911686,-3.6412152929841013,-8.832135358732241,-16.394991744823518,8.432978746838039,72.79631608629984,68.92540196118601,64.08573605561477,64.08573605561477,61.06692049130773,28.958582187264113,15.096148696877606,-19.433396477809886,18.982619419516254,428689.4,-25.846545307628322,85.07247161865234,57.60505294799805
BOOT,"Boot Barn Holdings, Inc.",ok,Consumer Discretionary,Apparel Retail,2026-10-01,121.0999984741211,15.341771,753.0,False,False,0.5229494870376827,-4.010783957759179,-3.8888900999038967,-18.604651520556082,-23.218363215289596,-26.924935082010926,169.80111113048736,158.4189841889765,139.7052723250066,139.7052723250066,47.26984498403284,48.470364354806996,24.875942090342235,-41.773246965171474,0.5229494870376924,694436.45,-64.4706149857197,207.97999572753906,120.47000122070312
BOX,"Box, Inc.",ok,Information Technology,Application Software,2026-10-01,34.29999923706055,50.5,753.0,False,False,2.449222538936291,9.444796011681689,6.126236265260254,-2.445963066222434,22.983148037612455,6.290668579177194,28.506944406600226,30.54043822269516,29.360637441890965,29.360637441890965,38.697937209742484,32.089554770472965,53.61366273751012,-4.616239960164206,60.50537150232037,2594881.9,-54.44732956825511,35.959999084472656,21.3700008392334
BRC,Brady Corporation,ok,Industrials,Commercial Printing,2026-10-01,84.43000030517578,19.965721,753.0,False,False,1.1258862923197777,0.3923921962450949,2.1783893399359266,-6.593648771675065,-7.915473423121167,9.514776229383127,84.25860056801447,77.84905847040305,71.99318996495302,71.99318996495302,60.97485831761307,27.052978085451944,38.36886759166749,-14.057408243986552,19.310189205209607,286836.7,-62.8938695780561,98.23999786376953,70.76512145996094
BTU,"Peabody Energy, Inc.",ok,Energy,Coal & Consumable Fuels,2026-10-01,24.739999771118164,8.670571,753.0,False,False,1.4350159500958082,-1.6302181058882592,-3.660438173235381,-14.982819770435196,11.283630436921888,-5.685647643807212,28.77630874088832,23.236955492619973,23.147435712624358,23.147435712624358,1.6262857061373648,51.046483026296066,30.786273258615125,-36.97561409356515,19.194270464131222,2500501.4,-58.65917131660075,39.25464630126953,20.756031036376953
BXMT,"Blackstone Mortgage Trust, Inc.",ok,Financials,Mortgage REITs,2026-10-01,11.279999732971191,141.31,753.0,False,False,-1.4847168482604145,-5.497421938681024,-5.344874043110249,-15.0777013016702,-32.01292589001577,-31.2585505914888,16.505754236191038,16.22631871842768,15.68774340732164,15.68774340732164,-25.71888152186419,27.478807513197417,17.841339554016628,-40.39087525993456,0.0,2600963.75,1.0654223842988975,18.923276901245117,11.279999732971191
CACC,Credit Acceptance,ok,Financials,Specialized Finance,2026-10-01,513.1199951171875,11.317399,753.0,False,False,-3.367232557968458,-6.7054554332386385,-6.262336092068754,-13.642330364163701,-21.913805860422762,9.892275751384183,516.2472606840588,501.67268827521946,500.88887066480174,500.88887066480174,12.331702865327877,35.99123341163516,9.602735381694629,-21.923313209625388,24.83456219593511,122935.45,37.23380847428468,657.2000122070312,411.0400085449219
CAG,Conagra Brands,ok,Consumer Staples,Packaged Foods & Meats,2026-10-01,13.074999809265137,8.503367,753.0,False,True,-2.7157721913243837,-7.662429730500797,-10.872530734381225,-18.83923455059505,-7.780289412417407,-22.941579033924832,15.549856817911541,18.62394968351995,20.79117265450527,20.79117265450527,-41.445584932517,26.194058511606382,21.60148354050736,-32.278861228808324,5.121668926645941,13354604.25,58.27413979714149,19.307117462158203,12.437968254089355
CAKE,"The Cheesecake Factory, Inc.",ok,Consumer Discretionary,Restaurants,2026-10-01,107.9800033569336,29.308943,753.0,False,False,2.6035780585162316,2.6816276118486915,2.789148234229155,-0.35068037216462455,36.74175964321738,101.22855705221379,68.30703128330292,59.94008139500105,51.171357720971585,51.171357720971585,290.9945976730233,36.73471446001642,58.85907251638208,-7.937588443961937,153.4205490605028,1354241.0,-68.54178835229476,117.29000091552734,42.60901641845703
CALM,"Cal-Maine Foods, Inc.",ok,Consumer Staples,Packaged Foods & Meats,2026-10-01,65.5999984741211,52.228004,753.0,False,False,-3.614456615804029,-2.6128297510139897,-4.205614400748859,-16.983040672051008,-21.76505704485201,-28.241410595018934,81.43988984728617,86.70533413526071,74.99048970641685,74.99048970641685,59.234292941017095,33.59330627830709,20.156663496807496,-29.83957382446942,0.0,1184873.15,18.726886502576257,93.5,65.5999984741211
CALX,Calix,ok,Information Technology,Application Software,2026-10-01,34.88999938964844,45.82237,753.0,False,False,1.5424876888308514,5.122027216871938,4.869248300556395,-7.453584393699419,-9.32952233704536,-43.148117978015236,47.428412679641966,45.35671319239643,42.41863219323228,42.41863219323228,-23.587386101084462,43.3987359520245,47.0388976492815,-49.00613808334707,5.280627737569082,1131957.55,-30.779117997843652,68.41999816894531,33.13999938964844
CALY,Callaway Golf Company,ok,Consumer Discretionary,Leisure Products,2026-10-01,14.359999656677246,33.406975,753.0,False,False,1.916249121117053,0.34940066802517933,0.7719274152789168,-7.533806158476352,-21.35816277831125,51.15789112291837,14.246111128065321,11.220956195398156,12.0830942973356,12.0830942973356,6.370367827238854,54.97204463235781,25.663710839224876,-26.958292125482973,71.15612716399663,2125349.9,-61.131200090865036,19.65999984741211,8.390000343322754
CARG,CarGurus,ok,Communication Services,Interactive Media & Services,2026-10-01,30.170000076293945,15.608248,753.0,False,False,-3.177149473575447,-2.0772457018569557,-2.646013878284814,-13.229796723924425,-16.749451768871037,-18.96320051772502,34.04343250819615,33.731404357697386,30.324189886470556,30.324189886470556,73.89048652999644,38.70959199075368,21.87707296509363,-22.700484191925312,11.906532273104034,1248814.2,21.48997024537358,39.029998779296875,26.959999084472656
CASH,"Pathward Financial, Inc.",ok,Financials,Regional Banks,2026-10-01,73.0199966430664,9.1627035,753.0,False,False,2.6426725745678503,1.0098156291242555,-0.6530657917463878,-9.053791890812214,-17.644066867578378,-1.0915924706285995,82.06223881433881,79.25857997605524,70.80387429063855,70.80387429063855,58.100029824811664,28.61434597422171,26.705473739531797,-26.837783805357105,10.128044050863219,235877.7,-7.64112080116095,99.80561065673828,66.30463409423828
CATY,Cathay General Bancorp,ok,Financials,Regional Banks,2026-10-01,59.79999923706055,11.706457,753.0,False,False,0.5042003984210952,-1.547583825206733,-2.1756941073380776,-1.531368865776106,-3.4375605586058233,27.975577860000556,53.757469464862154,49.03276840149169,44.771698269077824,44.771698269077824,91.15156721506975,28.912231891481333,32.03253222643045,-7.3339662313817735,36.021863510890846,487444.0,-47.444219233388864,64.5328140258789,43.96352005004883
CBRL,Cracker Barrel,ok,Consumer Discretionary,Restaurants,2026-10-01,52.029998779296875,37.228573,753.0,False,False,-1.121246987008928,-3.163969434995262,0.36650969550489076,-4.003693640400041,-2.269063328428167,21.249300494309953,37.425636526138064,43.84085439780794,47.717585466139184,47.717585466139184,-11.93831050141635,54.49083352913633,55.98872612566284,-11.873309667220651,112.19406878510401,1144091.35,-66.65240061468869,59.040000915527344,24.52000617980957
CBU,"Community Bank System, Inc.",ok,Financials,Regional Banks,2026-10-01,59.67499923706055,13.87239,753.0,False,False,0.2267355046311259,-1.347334135876499,-1.7533790121441628,-2.905641579216156,-11.048298217843444,4.957098164346108,60.55848192790198,58.763148889123684,54.09046963898151,54.09046963898151,57.15948528536403,29.6342395011708,30.854919848388846,-15.283495755738308,14.676438408884735,296542.6,-67.6768194519101,70.4408187866211,52.037715911865234
CC,Chemours,ok,Materials,Diversified Chemicals,2026-10-01,13.5600004196167,7.0147867,753.0,False,False,-0.07368662809427162,-4.033968083564821,-4.439740517240976,-10.198674986411715,-28.255390928063097,-12.522886414968603,17.083479529335385,15.961829062002113,18.429256373351,18.429256373351,-44.851165112815735,61.48734304404191,29.17847278055865,-51.012528510611375,31.269064963396843,1784491.85,-35.48096058830418,27.6805477142334,10.329928398132324
CCOI,"Cogent Communications Holdings, Inc.",ok,Communication Services,Alternative Carriers,2026-10-01,8.164999961853027,,753.0,False,False,4.813863951686059,9.892330423899253,6.871729117044234,-9.378471093931095,-37.01811717367648,-78.59626783672888,20.045204221256196,38.921612662623126,45.914814488662984,45.914814488662984,-84.17857852996593,62.193081182167695,37.32317851848208,-81.79971036413747,11.239779184122545,2247400.0,-35.7880217139806,44.86192321777344,7.340000152587891
CCS,"Century Communities, Inc.",ok,Consumer Discretionary,Homebuilding,2026-10-01,59.72999954223633,13.156044,753.0,False,False,-0.8630712991928191,-3.0514543896942636,-3.6612910609091442,-7.90934477311197,-14.269051487974615,-3.8617549480813307,61.67451669299413,64.89859662302936,70.28932989862652,70.28932989862652,-4.87231464517629,40.101717082458556,46.49350031690063,-18.96398745850736,24.703070973784484,267856.15,-45.447211124329236,73.70796966552734,47.89777755737305
CE,Celanese,ok,Materials,Specialty Chemicals,2026-10-01,44.25,7.198212,753.0,False,True,-0.2704506080087654,-3.636755739408315,-6.959632627659806,0.27192143435379457,-7.131045385318746,5.409033363054161,48.96445324307396,56.65162177674799,84.10758081058741,84.10758081058741,-62.442465917618705,51.35213425557198,43.84203687385945,-36.04864238039283,24.755911290685127,1957217.0,-59.17979457566535,69.1932144165039,35.469261169433594
CENT,Central Garden & Pet Company,ok,Consumer Staples,Household Products,2026-10-01,39.06999969482422,14.511111,753.0,False,False,0.46284471072450817,-1.5372999134579013,-1.113638687423535,-7.241213946830616,-11.103528972473331,19.6630868879339,37.401428691924565,36.965119608844894,37.60757377138176,37.60757377138176,14.117998758982143,30.800119636186608,33.03027605762752,-16.050711374633593,34.817116328392,79035.85,-44.434076434934276,46.540000915527344,28.979999542236328
CENTA,Central Garden & Pet Company (Class A),ok,Consumer Staples,Household Products,2026-10-01,33.72999954223633,12.51111,753.0,False,False,0.6264889069356183,-1.3742725444978343,-1.3454200144755402,-7.386048220624842,-12.23003051162207,14.222820040401164,33.19948423476446,32.625338668367306,33.140092989046416,33.140092989046416,6.4172149531900535,29.977325079272248,32.63887233202733,-16.921180271136667,28.39740751610065,294434.05,-47.363085213819524,40.599998474121094,26.270000457763672
CENX,Century Aluminum Company,ok,Materials,Aluminum,2026-10-01,35.939998626708984,6.1865287,753.0,False,False,-0.11117541977838652,-3.903750908030512,-5.71878375199103,-23.17229678378119,-17.870201084939698,22.411436919512482,46.25166654586792,33.006274844545764,26.282124787212844,26.282124787212844,415.638446320825,65.70461764655043,14.769792660939657,-47.738839056156095,37.22794155720775,1664108.5,-42.82404061994755,68.7699966430664,26.190000534057617
CERT,"Certara, Inc.",ok,Health Care,Health Care Technology,2026-10-01,9.40999984741211,24.124605,753.0,False,False,2.2826091576163554,3.0668097421851614,5.849263037204766,16.17283215120895,35.00717547587426,-22.995092947734662,7.892341275063772,9.654123495299503,11.555929598738631,11.555929598738631,-34.65277710630568,54.00081539628589,78.88199695949518,-30.808826592141695,110.04463855690344,2608155.05,1.2861946225168008,13.600000381469727,4.480000019073486
CFFN,Capitol Federal Savings Bank,ok,Financials,Regional Banks,2026-10-01,8.444999694824219,12.992308,753.0,False,False,2.363632664535986,-0.17730902192808484,-2.482680789563063,-1.2280759481669623,0.8947790351991447,40.02155059785159,7.392089154985216,6.490610915826136,5.958794590328161,5.958794590328161,116.47697704577027,30.949911224696475,33.33333333333333,-7.2294943868192325,47.697137958730416,998381.95,-23.9831008563406,9.103108406066895,5.7177815437316895
CHCO,City Holding Company,ok,Financials,Regional Banks,2026-10-01,140.55999755859375,15.42059,753.0,False,False,1.0350794220437276,0.4215162768772984,0.3354994881786588,-1.1811078948889997,4.914623486300185,16.64288453889875,126.48472201634966,121.57182419917498,113.83166908172973,113.83166908172973,68.7658875161566,22.688978378181993,38.111884007866266,-5.014190014309111,22.578500625152028,127955.3,-29.5019432567467,147.97999572753906,114.66937255859375
CHEF,"Chefs' Warehouse, Inc.",ok,Consumer Staples,Food Distributors,2026-10-01,112.56999969482422,53.709526,753.0,False,False,0.356602953025309,0.7247651602640515,2.0025363104839933,-2.5536677925615647,17.726413366839267,92.98816417127618,77.32099193996854,66.48890432988505,55.64092958305936,55.64092958305936,442.5060226256589,37.408060842197074,55.15564740183188,-2.5536677925615647,106.17216637502165,619885.25,-47.39268275862347,115.5199966430664,54.599998474121094
CLSK,"CleanSpark, Inc.",ok,Information Technology,Internet Services & Infrastructure,2026-10-01,12.375,,753.0,False,True,-3.920808307095569,-7.23388411956416,-13.218795221784118,11.88968834079731,-1.941362026789184,-14.655172413793105,13.244345233553933,11.862499987461652,12.041487376845057,12.041487376845057,220.59586363519287,102.05526094198464,39.77900652292055,-46.659484512740676,51.28361293788573,17389117.15,-15.299075433510422,23.200000762939453,8.180000305175781
CNK,"Cinemark Holdings, Inc.",ok,Communication Services,Movies & Entertainment,2026-10-01,36.09000015258789,20.145252,753.0,False,False,-3.243965440273855,-5.966651515884913,-2.4067047070455816,3.7665365706418763,14.738523466800512,30.376829061833167,29.002494986095126,28.825958783883024,25.343119735261833,25.343119735261833,99.32084786990178,36.057854805086464,55.73211216853599,-5.966651515884914,66.03754544707071,2089343.3,-46.93232079189668,38.380001068115234,21.736047744750977
CNMD,CONMED Corporation,ok,Health Care,Health Care Equipment,2026-10-01,46.005001068115234,25.240437,753.0,False,False,-0.48669365422668864,-1.0219416497400435,1.8260308927995794,-6.3416081667451385,35.9887631631292,-2.179455109050221,41.57093256995792,50.58095294450859,61.13788557622537,61.13788557622537,-52.59289189871051,42.27799379791866,48.09801242150477,-11.290010554044683,43.27312424056519,329003.65,-65.84445187766154,51.86000061035156,32.11000061035156
CNR,"Core Natural Resources, Inc.",ok,Energy,Coal & Consumable Fuels,2026-10-01,88.27999877929688,44.407036,753.0,False,False,2.8425006354866333,-0.1357497109849004,-0.5407879060174814,-12.801263688203424,11.378290262414371,6.2323520436099455,89.46560432797386,87.68187845085721,89.66011407555811,89.66011407555811,-11.17048925631483,45.75914479710336,28.06681675393432,-21.874340219681567,16.672488005085135,501474.5,-24.624282989464074,112.99744415283203,75.664794921875
CNS,"Cohen & Steers, Inc.",ok,Financials,Asset Management & Custody Banks,2026-10-01,73.61499786376953,22.655384,753.0,False,False,0.690736218304,-0.21011086668043522,-2.042586335252139,-5.000645382404578,-5.54951588677608,16.401852466881593,68.99917296757773,74.11084640168573,71.55001341172581,71.55001341172581,31.219605998406962,30.413909439698926,43.219919327652946,-14.05137588756847,27.75154076220239,307527.2,-57.55042155620706,85.6500015258789,57.62356948852539
CNXC,Concentrix,ok,Industrials,Data Processing & Outsourced Services,2026-10-01,27.510000228881836,2.3667166,753.0,False,False,10.260518587819,8.094300212918547,-6.396730860187638,-14.776947741008994,18.51239090849408,-37.519004439423185,31.20357124389164,39.0051202052143,48.65860121120336,48.65860121120336,-62.51265115498612,60.02775201222901,47.394720089483364,-40.25075509051766,33.37589884149318,2140725.05,-38.77770524523921,46.042423248291016,20.62591552734375
CNXN,"PC Connection, Inc.",ok,Information Technology,Technology Distributors,2026-10-01,92.93000030517578,24.670635,753.0,False,False,2.9923493824570713,3.6008957266713715,4.392275679122837,16.06094749514886,28.615354432599837,51.59463139002225,66.82763126918248,66.2460480420238,65.30763506541057,65.30763506541057,76.08178692528669,27.21920143505133,80.93179894228655,0.0,67.88609980470636,141691.05,-27.57411283210901,92.93000030517578,55.353004455566406
COCO,The Vita Coco Company,ok,Consumer Staples,Soft Drinks & Non-alcoholic Beverages,2026-10-01,57.2599983215332,31.65746,753.0,False,False,0.008728064491725362,-0.6937244657257091,-3.227986997664889,-1.377890170229712,-13.45224432880936,34.8245742305755,58.072460265386674,46.51413341157465,39.6387383434402,39.6387383434402,110.05134937917762,47.352472669812876,67.70061379866314,-31.849558903477444,46.557457816204426,1502791.25,-78.50499861507711,84.0199966430664,39.06999969482422
COHU,"Cohu, Inc.",ok,Information Technology,Semiconductor Materials & Equipment,2026-10-01,69.8499984741211,37.833443,753.0,False,False,2.5095378629140797,5.721202961641603,9.65462737444691,58.174815931786014,17.850511109573585,243.58090868791206,39.27444449682084,30.19207175699363,30.52188580856222,30.52188580856222,102.40510539386722,53.89207189400304,70.77773904736084,-5.493174112870027,272.73212020937683,968778.55,-33.8372014946037,73.91000366210938,18.739999771118164
COLL,"Collegium Pharmaceutical, Inc.",ok,Health Care,Pharmaceuticals,2026-10-01,22.170000076293945,17.47244,753.0,False,False,1.6040347679415756,-2.032695985557753,-2.075968754528268,-7.624999682108557,-40.12962244900482,-36.63904254700968,36.782638829851905,34.290139384478685,33.722284162503634,33.722284162503634,-2.5922677796777704,40.947799808846796,43.3789892696284,-55.51765648390996,1.6040347679415774,898386.65,-39.621431373674135,49.84000015258789,21.81999969482422
CON,"Concentra Group Holdings Parent, Inc.",ok,Health Care,Health Care Services,2026-10-01,35.064998626708984,22.625807,549.0,False,False,1.8739119467635845,-0.8342816135478714,1.2853833291553762,3.4670972505813857,10.086650575375057,69.23792130412237,25.10251477408031,23.053620311843446,23.014088128650993,23.014088128650993,59.41222968482711,30.058392044204084,50.94337733215669,-3.5881230230989,89.3185466219174,960748.7,-52.94565582029931,36.369998931884766,18.521692276000977
COTY,Coty,ok,Consumer Staples,Personal Care Products,2026-10-01,2.6549999713897705,10.954166,753.0,False,False,1.7241409234728389,-0.9328393561453097,0.9505648616356499,-6.5140826891064485,15.434783757972381,-34.282178305467085,2.7883134933691176,4.323396417961653,6.481573713569844,6.481573713569844,-75.2793293485019,44.872907083542444,47.09676962861465,-40.337076737353584,43.51351011748559,5073009.25,-28.59100345618333,4.449999809265137,1.850000023841858
CPB,The Campbell's Company,ok,Consumer Staples,Packaged Foods & Meats,2026-10-01,19.5049991607666,14.862596,753.0,False,False,-1.6389347664642506,-2.6696693129700133,-1.738041380720523,-17.7351332183722,-16.359350703183505,-34.31421447665488,24.077051245977007,29.549417894674963,32.93097972743223,32.93097972743223,-43.47908199687435,27.355342503166263,34.475577800268965,-35.866421368416795,0.6969453571719407,9208289.9,-50.41535345232777,30.413084030151367,19.3700008392334
CPF,Central Pacific Financial Corp.,ok,Financials,Regional Banks,2026-10-01,35.83000183105469,11.520902,753.0,False,False,-0.16717068713869576,-1.457642382838642,-2.7415806659877417,-2.873400856957431,-5.651998389198587,22.21368873413674,33.265871100955536,30.10648287055027,26.343412837500907,26.343412837500907,151.79751100971725,28.268374426782085,22.527467920905806,-9.686389573851166,34.39518361288271,179097.05,-37.10616674032319,39.67287063598633,26.66018295288086
CPK,Chesapeake Utilities Corp.,ok,Utilities,Gas Utilities,2026-10-01,125.16999816894531,19.995207,753.0,False,False,-2.5611150342301214,-1.673216678515299,-2.409166123678519,-4.850565875960589,0.7061648288383626,-4.972924757527575,127.8677474733383,124.05797996369016,116.00797251464519,116.00797251464519,45.37570369456705,21.314851092159618,36.50465704890164,-8.727739069297076,5.810458970613369,186601.55,-8.558637374662748,137.13914489746094,118.29643249511719
CRC,California Resources Corporation,ok,Energy,Oil & Gas Exploration & Production,2026-10-01,51.7599983215332,12.402678,753.0,False,False,1.8897620056897546,-0.15432451932717584,-1.277898111277398,-3.200801984014401,1.746802137372483,0.2267490114401971,53.71820787399534,49.87328886890791,49.17023417610888,49.17023417610888,3.9088859864858216,37.877750347544755,28.43559440225124,-25.132984314455552,21.351974551504977,944762.7,-59.9736526431452,69.13591766357422,42.65278625488281
CRGY,Crescent Energy Company,ok,Energy,Oil & Gas Exploration & Production,2026-10-01,13.28499984741211,166.25,753.0,False,False,3.0643870719054833,2.349771309184745,-1.005962951671735,-5.5792456605445295,43.65064829962109,55.36548552676177,10.733866277195158,10.620877281128173,10.530565180784835,10.530565180784835,28.69244753159357,48.644410300443994,34.87348125467919,-13.565387466957231,76.52071889485711,6648909.4,-50.04762735975918,15.369999885559082,7.526028633117676
CRI,"Carter's, Inc.",ok,Consumer Discretionary,"Apparel, Accessories & Luxury Goods",2026-10-01,31.71500015258789,5.9085817,753.0,False,False,1.2935186635376628,2.3064521051222364,4.808327537014767,-0.8906245231628418,-21.37344717963704,15.810736390032654,34.70984499795096,37.12213068274388,45.876257337896945,45.876257337896945,-47.19751163444271,45.80902717018319,59.017542788856915,-26.951343228031494,19.015980176164156,1551613.6,-63.36252788709766,43.41626739501953,26.647682189941406
CRK,"Comstock Resources, Inc.",ok,Energy,Oil & Gas Exploration & Production,2026-10-01,12.914999961853027,7.252809,753.0,False,False,4.829547741618656,1.7730527100847215,-6.548478675510583,-19.382025013650285,-12.023162851709623,-34.87140690094704,18.055575416201638,18.29064739652839,15.504334394042077,15.504334394042077,23.48907480757434,53.73809477088785,31.4796442141231,-52.81330081897519,4.829547741618658,2522262.8,-41.02295763946564,27.3700008392334,12.319999694824219
CRSR,Corsair Gaming,ok,Information Technology,"Technology Hardware, Storage & Peripherals",2026-10-01,14.045000076293945,45.82258,753.0,False,False,4.0370376021773735,4.0370376021773735,3.653135635359983,20.869192896882605,57.80899638525272,57.45515645925106,8.003928547813778,8.22586652007236,9.241547135559529,9.241547135559529,-1.6456558898572893,69.29036591937076,59.33457128885696,-2.12543761022913,206.6593954204475,1032303.75,-26.865033668627092,14.350000381469727,4.579999923706055
CRVL,CorVel Corporation,ok,Health Care,Health Care Services,2026-10-01,75.17500305175781,33.464443,753.0,False,False,0.8383634801008455,1.8079723457165686,1.9598530164563366,7.793239682348507,17.20455841458943,-2.8997612636059378,63.80144859495617,84.62759967059253,84.2690726200423,84.2690726200423,13.901519775390625,34.87302840842776,77.32534123975363,-3.0625401760653657,63.423919677734375,221761.6,-68.1946739201016,77.55000305175781,46.0
CSR,Centerspace Trust,ok,Real Estate,Multi-Family Residential REITs,2026-10-01,54.29499816894531,42.390625,753.0,False,False,-0.19302087130207424,-1.1020028551168903,-0.20570104174276738,5.089736488359287,-3.814623742530876,-2.8610689050560634,58.93703091333783,58.4855962122579,57.20155725061181,57.20155725061181,8.13287851975244,25.89018764463404,25.869200231863715,-18.986148916592395,5.089736488359294,417870.5,-61.46892398482304,67.01940155029297,51.665367126464844
CSW,"CSW Industrials, Inc.",ok,Industrials,Industrial Conglomerates,2026-10-01,291.4800109863281,39.81079,753.0,False,False,1.1802362442868253,-1.330351926834672,-1.0086605867127174,-3.1048454592397245,5.663950250679295,20.561360627303713,284.54665392921083,301.8171665753976,281.0413694343719,281.0413694343719,68.64932984117729,37.49705606430296,41.34635523067573,-17.025818014674744,26.24565953663437,127449.7,-36.21483612750755,351.2900085449219,230.88319396972656
CTS,CTS Corporation,ok,Information Technology,Electronic Manufacturing Services,2026-10-01,59.66999816894531,24.985355,753.0,False,False,1.6697896833658188,0.5730597124516956,0.2183359949933461,6.170135085797734,-1.3056417716528879,49.84712216345921,52.93198267618815,48.99596538771671,47.719671145536665,47.719671145536665,43.740570033790064,33.78584352760166,66.25582633550351,-12.53717222684452,64.10459885566281,230229.25,-60.00291014282504,68.2232666015625,36.36095428466797
CUBI,"Customers Bancorp, Inc.",ok,Financials,Regional Banks,2026-10-01,73.66000366210938,8.917676,753.0,False,False,-0.45945451066300436,-2.8103934921335894,-4.125989969277855,-3.6116128931778957,-5.211678638627748,12.68165912072079,73.90547660040477,64.42579701792197,59.22046496225385,59.22046496225385,123.21213230942236,41.322260118959576,19.221748084329974,-11.94261527978444,21.711835930199612,288314.7,41.85679745084103,83.6500015258789,60.52000045776367
CURB,Curbline Properties Corp.,ok,Real Estate,Retail REITs,2026-10-01,27.829999923706055,103.074066,505.0,False,False,0.0,-1.2420169541497272,-1.5545424067285651,-5.380575598118242,-7.719552202246549,28.11129603183349,26.468640516674707,24.37700383311724,24.352042351146736,24.352042351146736,48.59740271643902,27.492948114224504,29.85879162864063,-11.817674811918973,27.767513053955767,1469165.75,-43.00745167793355,31.559612274169922,21.781749725341797
CVBF,CVB Financial Corp.,ok,Financials,Regional Banks,2026-10-01,21.885000228881836,15.208332,753.0,False,False,1.2725571992744156,-0.4671796656094962,-0.9581405128888609,0.9891779860259797,-2.2911340308724437,21.603822716407684,20.02271044443524,19.344306178301927,18.13037119380348,18.13037119380348,55.54463225605908,31.5202071631939,44.23756657598554,-5.208866448847801,26.05027864653224,1425053.0,-32.79828890574596,23.087602615356445,17.362119674682617
CVCO,"Cavco Industries, Inc.",ok,Consumer Discretionary,Homebuilding,2026-10-01,576.22998046875,25.063044,753.0,False,False,2.850457006525553,3.3540706669124676,6.07867255029324,4.228996276617947,-3.7579544592680314,-0.7748868064927028,558.2889671931191,519.0952378839136,462.5705036908032,462.5705036908032,119.39082195290429,39.693272004861456,74.59089802056366,-17.41716744954995,26.43276463967885,104114.75,-39.68673987115178,697.760009765625,455.760009765625
CVI,"CVR Energy, Inc.",ok,Energy,Oil & Gas Refining & Marketing,2026-10-01,53.91999816894531,78.13043,753.0,False,False,5.746217678035226,6.246301810729671,5.107210469492562,25.775599515683822,89.9355856140645,48.72633879498534,32.76202945103721,27.822274643111513,28.048951706246708,28.048951706246708,82.73857362259132,48.79718577448402,65.32373749279941,-0.4063561566001591,161.85025940393086,1187883.05,-49.49326030033008,54.13999938964844,20.591920852661133
CVSA,Covista Inc.,ok,Consumer Discretionary,Education Services,2026-10-01,124.55500030517578,16.563417,753.0,False,False,1.9271713713143956,5.995232780932103,0.31813517349867926,-6.756251985453088,-4.09994177505717,-19.355776778088597,117.3657341003418,112.42463144553135,94.82235722332837,94.82235722332837,191.28859961262444,44.847238930684,48.77209977015503,-19.109622183929357,39.38563054435251,354138.7,-54.03665287075374,153.97999572753906,89.36000061035156
CWEN,"Clearway Energy, Inc. (Class C)",ok,Utilities,Renewable Electricity,2026-10-01,29.014999389648438,33.645348,753.0,False,False,-0.8712028156036333,-0.667578572187888,-0.5995242932763767,-7.947338298652307,-10.086452197253292,8.085884569012226,34.33282737126426,30.42851552545312,27.50286625612621,27.50286625612621,74.81475897349385,31.59793890078627,31.178035184413062,-28.609607850241115,2.3266194830964704,1203517.85,-44.17556831417166,40.642723083496094,28.35527992248535
CWEN-A,"Clearway Energy, Inc. (Class A)",no_data,Utilities,Renewable Electricity,,,,,,,,,,,,,,,,,,,,,,,,,
CWK,Cushman & Wakefield plc,ok,Real Estate,Real Estate Services,2026-10-01,12.164999961853027,,753.0,False,False,3.0059231974849387,2.5716721248306706,-0.9364802411957363,-9.148620986261601,-13.045031015888798,-23.58668402290016,14.254027790493435,13.386862548698941,12.378027887458344,12.378027887458344,69.90223772490597,43.99714812853411,35.89251334138008,-29.273259172960366,3.531914568961935,2000040.15,23.447671787988856,17.200000762939453,11.75
CWST,"Casella Waste Systems, Inc.",ok,Industrials,Environmental & Facilities Services,2026-10-01,77.48999786376953,,753.0,False,False,-3.5594283318781894,-5.036765548047184,-7.5629295345386875,-16.362658836950907,-20.514925057181333,-18.328414727079867,91.30805560520717,99.48161355432761,97.16345287794135,97.16345287794135,2.908359526235893,28.226905071200164,9.987086067159339,-27.808831276794216,3.3613400053813844,530779.7,-19.44040060311274,107.33999633789062,74.97000122070312
CWT,California Water Service Group,ok,Utilities,Water Utilities,2026-10-01,45.22999954223633,,753.0,False,False,-2.2476786367803925,-0.9417439917055792,-1.673914038616675,-9.067153164538222,-9.353246694468497,1.4017779218352455,45.66592504107763,45.610708031521376,45.94929889917057,45.94929889917057,5.4759496531067375,23.61240234803339,20.62866808612371,-13.173413229675473,9.273837165686343,431133.2,-46.86932020081033,52.09233856201172,41.39142608642578
CXM,"Sprinklr, Inc.",ok,Information Technology,Application Software,2026-10-01,5.215000152587891,,753.0,False,False,5.353542495632846,4.718878164946783,-1.603774246943701,-31.381576078585272,-3.604430689910232,-32.44818271609788,6.326646827516102,7.3043525893374746,8.732556442498844,8.732556442498844,-62.69670727218302,45.41137778973045,43.2225045848355,-36.479900994434885,8.195020059311814,3424582.65,-13.961691069129255,8.210000038146973,4.820000171661377
CXW,CoreCivic,ok,Industrials,Diversified Support Services,2026-10-01,32.470001220703125,,753.0,False,False,0.682174327761631,2.4613463979189065,-5.5005801981244495,-0.764058651201438,4.640671937456187,59.557742565300444,23.16333330245245,21.669980071930297,19.08791499372181,19.08791499372181,184.07699347129434,44.16523233334572,41.313564801344846,-8.6381531112537,101.30193992620109,2130837.0,-44.68183159950762,35.540000915527344,16.1299991607666
CZR,Caesars Entertainment,ok,Consumer Discretionary,Casinos & Gaming,2026-10-01,29.604999542236328,,753.0,False,False,-0.15177091694066336,0.0506907386653932,-0.05064583582725657,-0.2190783076861269,-2.583086091405118,9.546715856147593,26.085158771938747,28.840039857355247,32.776653418977894,32.776653418977894,-36.822451650381616,46.14512218221156,38.596467745929345,-2.647156557760676,63.20286956090183,4478965.3,-51.88384245798912,30.40999984741211,18.139999389648438
DAN,Dana Incorporated,ok,Consumer Discretionary,Automotive Parts & Equipment,2026-10-01,27.69499969482422,,753.0,False,False,1.409740887626021,2.120202204267607,1.261423431599784,-5.703102133288529,11.670752628945081,40.4278011563699,28.536867610991948,21.3855724553188,18.18367108310836,18.18367108310836,108.89374256309581,45.649614925688745,24.100999847353776,-28.296666097457614,55.22191042765743,1464209.35,-65.65470641203049,38.62442398071289,17.84219741821289
DAVE,"Dave, Inc.",ok,Financials,Consumer Finance,2026-10-01,339.67498779296875,,753.0,False,False,5.649895019002882,5.916736783186649,2.479975125946998,-0.2832981487699615,-12.310253862518994,70.39126029250642,261.09869027516197,197.81001996804045,140.73528556963046,140.73528556963046,5580.183724240128,95.27916378746927,46.29162619977704,-23.242494581169634,117.8520983722164,307860.15,-35.65162623353494,442.5299987792969,155.9199981689453
DBD,Diebold Nixdorf,ok,Information Technology,Electronic Equipment & Instruments,2026-10-01,63.22999954223633,,753.0,False,False,3.2832379638265463,3.842995854891895,1.2165812496916173,-5.131285679437914,-23.965852864619176,10.87147272601765,72.3640078287276,60.622609514639194,51.626918962435575,51.626918962435575,246.2760062961306,39.902450354965765,40.52338475156226,-30.325069374946196,15.173037859444877,228580.05,-39.18935620147077,90.75,54.900001525878906
DCH,Dauch Corporation,ok,Consumer Discretionary,Automotive Parts & Equipment,2026-10-01,5.409999847412109,,753.0,False,False,3.6398479857694177,5.870835735015523,-0.18450606533337854,-11.019738235219378,5.458084341616165,-9.983367031940315,6.291666670451089,5.749243034784538,6.2330411690006535,6.2330411690006535,-24.016854854383173,52.27915335043649,25.570772974786635,-39.88889058430989,6.286830751105625,3794715.2,-36.26915664184759,9.0,5.090000152587891
DCOM,"Dime Community Bancshares, Inc.",ok,Financials,Regional Banks,2026-10-01,39.119998931884766,,753.0,False,False,-0.761033107548148,-1.187171555674782,-2.7107689067538465,-0.8365065264199001,-2.359075537928157,35.15747842882888,34.49714233761742,31.353296374894708,27.474151408688165,27.474151408688165,121.86917881511667,37.21358619533744,28.686278821225315,-6.276958891292191,54.98817307347898,301640.0,16.728550590107403,41.7400016784668,25.24063491821289
DEA,"Easterly Government Properties, Inc.",ok,Real Estate,Office REITs,2026-10-01,23.479999542236328,,753.0,False,False,1.2068912503837348,3.0728658230514627,3.390578990776527,-4.202369143317208,-6.377885183434295,10.764975243560393,22.29238662265596,22.59633327575319,23.415278395491924,23.415278395491924,7.26474117941982,25.384104467575714,41.63263272458899,-6.7066315893657995,20.940322377661744,460789.1,8.570710548491721,25.167919158935547,19.414533615112305
DEI,Douglas Emmett,ok,Real Estate,Office REITs,2026-10-01,9.6899995803833,,753.0,False,False,1.1482218951280876,2.230123045989907,2.230123045989907,-13.359747123418032,-20.977993189488465,-32.99796600870505,10.878355408471728,12.829445010637382,12.523663053474579,12.523663053474579,-6.66692937745993,35.949353535231914,29.46276651885634,-33.93150027569992,11.716320375464083,2210193.8,-27.392068514534785,14.666595458984375,8.673754692077637
DFH,"Dream Finders Homes, Inc.",ok,Consumer Discretionary,Homebuilding,2026-10-01,10.890000343322754,,753.0,False,False,1.775705957425311,0.09191386743243601,-1.8034247656747437,-20.5689255067673,-35.13996575633469,-57.98610991022879,16.742341261061412,21.37207169931723,24.43731736820216,24.43731736820216,-50.36463045468877,57.097630279928616,36.470585595364916,-58.78122516322739,1.775705957425304,1027080.7,-55.76647482520117,26.420000076293945,10.699999809265137
DFIN,"Donnelley Financial Solutions, Inc.",ok,Financials,Financial Exchanges & Data,2026-10-01,47.82500076293945,,753.0,False,False,1.3456286389274652,0.3041116963833801,-2.8342145939990404,-0.6955961078364825,3.4949182221677644,-7.009526581460146,47.27228175269233,51.94078687082724,55.08936920773935,55.08936920773935,-15.756560899588523,40.114281924574236,49.1982037885654,-13.875379408850371,30.171471361062945,226620.7,-52.292972354246544,55.529998779296875,36.7400016784668
DGII,Digi International Inc.,ok,Information Technology,Communications Equipment,2026-10-01,73.43499755859375,,753.0,False,False,-3.666542929629324,-6.1173658750121485,-4.319221422027686,3.2405460342753267,1.781006244683092,101.41250521826746,55.5177976820204,43.690766972849566,37.94931610583626,37.94931610583626,172.99255985121832,43.375734316746076,61.03732149029035,-13.849132568072703,107.61945087986638,372836.0,-26.637985602248715,85.23999786376953,35.369998931884766
DIOD,Diodes Incorporated,ok,Information Technology,Semiconductors,2026-10-01,96.33999633789062,,753.0,False,False,-0.4649287874575525,-0.031136668917930432,1.6888310219531633,10.570411310452975,0.09350268871752832,81.05618867789804,77.04587297590952,65.3385856294062,67.17678623275452,67.17678623275452,20.094733073909833,54.164174257723886,53.350109021474125,-21.5216726446622,127.43152726571942,473572.8,-62.401556846170216,122.76000213623047,42.36000061035156
DLX,Deluxe Corporation,ok,Industrials,Commercial Printing,2026-10-01,23.014999389648438,,753.0,False,False,0.19590804370543946,-3.6222772257852753,-5.24907977695408,0.8103349389427139,-4.142130197304628,25.08627971171402,23.606223878406343,20.28122002575027,19.356085694960232,19.356085694960232,47.82658019255393,39.260154739675095,42.02897458127583,-26.019509679887605,35.13784600373926,442810.05,-60.38911040975697,31.10955238342285,17.030757904052734
DMC,Del Monte Corporation,ok,Consumer Staples,Packaged Foods & Meats,2026-10-01,29.709999084472656,,753.0,False,False,-0.8344459534031401,-3.0985021776496757,-2.62209484892717,-7.560673152839037,6.320257179243671,-11.456577923131384,34.509415694645476,32.84497059293952,29.530924681806628,29.530924681806628,28.486205666077645,28.014979475566125,33.98820216845672,-29.150175775981936,11.53746318835283,421174.55,-48.33709681650993,41.93376541137695,26.636789321899414
DNOW,NOW Inc,ok,Industrials,Trading Companies & Distributors,2026-10-01,15.319999694824219,,753.0,False,False,-1.1612922914566504,-5.080543530566272,-3.7083605169478284,-3.526450979729201,21.5872954841706,0.4590143922899692,13.912936494463967,14.321155379017986,13.755644091571945,13.755644091571945,32.98610317762283,41.08355132355523,44.69452952223014,-9.18791385477853,37.769782846126105,2230018.8,-35.01059273581011,16.8700008392334,11.119999885559082
DORM,"Dorman Products, Inc.",ok,Consumer Discretionary,Automotive Parts & Equipment,2026-10-01,122.7699966430664,,753.0,False,False,0.13866082468279028,-0.7598435440650086,0.13866082468279028,-3.467529211768605,-10.810023910795108,-21.240702593406734,126.32190456087628,128.29284838186317,115.35575026756581,115.35575026756581,63.693328857421875,34.77329232114536,33.502940131582776,-22.31222072302502,22.159200639867073,202350.45,-27.4481475084439,158.02999877929688,100.5
DRH,DiamondRock Hospitality Company,ok,Real Estate,Hotel & Resort REITs,2026-10-01,12.46500015258789,,753.0,False,False,0.849518598925858,-0.5068475997529132,1.2555125784825982,4.799455031608613,4.1054197900416645,62.821490069826204,10.147659434212578,8.94565694550594,8.582338325530884,8.582338325530884,72.1322038012106,27.35637500537492,66.26105485706199,-6.0094550727280645,72.8078764588618,3053068.45,-4.6510404966518255,13.261972427368164,7.213212966918945
DV,DoubleVerify Holdings Inc.,ok,Communication Services,Advertising,2026-10-01,13.489999771118164,,753.0,False,False,0.0,0.6716429488806464,0.8975309393135733,0.9730547738146411,17.919582744129592,12.60434295976578,11.053055547532582,13.745995996482819,18.426706511660875,18.426706511660875,-51.61405962270755,51.01014445379495,59.99995231646608,-0.22189856235012428,56.67828465772783,3664887.3,-45.306749268933864,13.520000457763672,8.609999656677246
DXC,DXC Technology,ok,Information Technology,IT Consulting & Other Services,2026-10-01,11.864999771118164,,753.0,False,False,9.55678536198854,14.637674722803284,9.759475583247701,6.317203703811303,19.727547465266436,-12.949378785791389,12.037678578543284,14.762978107330808,16.73396416521009,16.73396416521009,-43.90070929021288,46.868586865962264,55.45349453164742,-23.104345194742393,44.34305821995883,2598792.5,-6.758619628154228,15.430000305175781,8.220000267028809
DXPE,"DXP Enterprises, Inc.",ok,Industrials,Trading Companies & Distributors,2026-10-01,185.19000244140625,,753.0,False,False,2.196344340863865,-3.259672189897367,-4.3687021542589966,1.1414507199464685,17.223703918054944,55.530362741284335,145.16289635310096,116.8018524048338,92.13669308311594,92.13669308311594,432.4612102966558,48.36901624053341,47.47206682361272,-7.792269558776045,116.52052506077291,130102.4,-40.85581818629018,200.83999633789062,85.52999877929688
EBC,"Eastern Bankshares, Inc.",ok,Financials,Regional Banks,2026-10-01,20.985000610351562,,753.0,False,False,0.26278215180999265,-0.6862212786277189,-1.5251002521620594,-1.7325664636060667,-5.512086383971438,18.903375169646843,19.949972024039617,17.915886613002336,16.21960090925969,16.21960090925969,88.03540892616606,31.346978611194576,33.85831186528243,-10.66597313918028,28.99561091625567,2431419.0,-46.50119950530945,23.490489959716797,16.267995834350586
ECG,"Everus Construction Group, Inc.",ok,Industrials,Construction & Engineering,2026-10-01,119.27999877929688,,483.0,False,False,1.4976192873592087,2.2458383635714396,2.2107985420076304,4.907653457189443,-13.72775674933261,39.102039392766045,116.3970634521,89.62053822582553,89.62053822582553,89.62053822582553,143.42856893734054,62.54522670278292,49.719552408700935,-29.486878578251808,48.96965059812185,392492.0,-74.38419127014053,169.16000366210938,80.06999969482422
ECPG,"Encore Capital Group, Inc.",ok,Financials,Consumer Finance,2026-10-01,94.12999725341797,,753.0,False,False,-0.3282562261480493,-2.445849997513272,-3.5355651905089047,1.2041663170236916,3.8847771982734924,125.51507778682863,71.8732939371987,57.05482093081531,53.46760973987352,53.46760973987352,95.77785704787509,42.35776035834272,37.292024590899445,-9.263544253173528,132.24771795823617,342154.5,-77.23543019308529,103.73999786376953,40.529998779296875
EFC,"Ellington Financial, Inc.",ok,Financials,Specialized Finance,2026-10-01,11.670000076293945,,753.0,False,True,-1.3524923790699805,-3.312287335549502,-4.6410644768837495,-11.041475412839286,-10.720950778147708,1.2615488474384984,12.38909733863104,11.545319234232503,10.720335069405605,10.720335069405605,38.088403384975834,20.099847240981116,16.1080931939199,-13.129122448724603,10.788697832297775,1455337.0,23.321265109043466,13.433731079101562,10.533565521240234
EFOR,Everforth Inc.,ok,Information Technology,IT Consulting & Other Services,2026-10-01,37.1150016784668,,753.0,False,False,12.811550021577967,13.052085313497685,14.446504252863956,22.5726579815956,110.1642242307585,-21.615622229107746,35.72791674780467,52.0277390651019,65.70369862306957,65.70369862306957,-53.727712128036096,53.751278133204195,72.64340726928468,-30.339709968445693,117.55570246388977,701115.0,7.072306255036631,53.279998779296875,17.059999465942383
EGBN,Eagle Bancorp Inc,ok,Financials,Regional Banks,2026-10-01,27.90999984741211,,753.0,False,False,0.4318061458491007,-1.8980699509533183,-1.4477395897961154,4.102948166288067,1.1956651407314833,38.26759921772751,24.673510411429028,23.197527342108618,22.372009706687166,22.372009706687166,47.959396116784234,44.61565022288881,55.805224984659084,-4.154193496958788,76.84186177734864,325420.0,-54.76614836211665,29.119688034057617,15.782462120056152
EIG,"Employers Holdings, Inc.",ok,Financials,Property & Casualty Insurance,2026-10-01,48.650001525878906,,753.0,False,False,1.906157971130873,1.8634908618588408,2.270342312346485,-0.9568351307531753,-5.654805630481974,18.15336092062727,43.48963795011006,44.67741344649478,43.0450387779935,43.0450387779935,34.37163565330359,22.754087346310758,40.66544963012948,-5.6548056304819765,39.07327708886801,177348.15,-46.62306880562329,51.565956115722656,34.98155975341797
EMN,Eastman Chemical Company,ok,Materials,Specialty Chemicals,2026-10-01,64.01000213623047,,753.0,False,False,-1.2800651581393319,-3.700916261915832,-3.293549214030611,-7.5809775801844665,-5.863049498898231,6.599879524455754,67.19810985383533,73.5659912002989,76.51816080100983,76.51816080100983,-4.062385436918293,32.056801997297384,35.38600409288472,-18.455941047449866,19.232264704436137,1169635.9,-23.119835839512103,78.49744415283203,53.68513488769531
ENOV,Enovis,ok,Health Care,Health Care Equipment,2026-10-01,18.184999465942383,,753.0,False,False,-0.46524898572275486,0.13766309879037486,-0.46524898572275486,-11.42231438028406,-19.177780151367184,-40.06262566089253,25.141884970286537,31.242081664947875,37.97473441145493,37.97473441145493,-64.4546530098118,48.510607698422014,38.48578492957046,-44.67599617625039,2.162922726874308,2032495.05,-71.27663361344963,32.869998931884766,17.799999237060547
ENPH,Enphase Energy,ok,Information Technology,Semiconductor Materials & Equipment,2026-10-01,32.654998779296875,,753.0,False,False,-1.0154679664311272,5.64541876576834,-0.5027450245630671,-8.117619757769944,-24.18156719137132,-7.728173657871129,39.392242091042654,47.89580687108743,69.49788194126975,69.49788194126975,-72.05152361965025,73.74027774209159,31.061005405878902,-54.852761022222815,25.01913372930532,4692776.65,-22.254279883531225,72.33000183105469,26.1200008392334
ENR,Energizer,ok,Consumer Staples,Household Products,2026-10-01,21.270000457763672,,753.0,False,False,-0.561004840153656,-4.57604493435948,-4.189190419886469,2.4073181944158417,-0.8751684323901165,-9.064914223460974,19.98346614080762,23.3682804259646,24.48038709369472,24.48038709369472,-21.473159800160722,39.06323823843758,56.64739841907024,-10.07651185174099,35.33994348459631,903703.6,-54.72276529605503,23.6534423828125,15.715981483459473
ENVA,"Enova International, Inc.",ok,Financials,Consumer Finance,2026-10-01,169.5998992919922,,753.0,False,False,1.489975867719795,-0.2470915009480379,-1.3380422839789463,-23.306547996702598,-27.888134048450787,47.36285054182028,169.9213093348912,136.1069321195443,111.03856567240965,111.03856567240965,238.2526951665792,41.64307314008036,19.86568495993795,-36.108535885198265,63.06114393676603,407522.05,-55.9432428257563,265.45001220703125,104.01000213623047
EPAC,Enerpac Tool Group,ok,Industrials,Industrial Machinery & Supplies & Components,2026-10-01,34.97999954223633,,753.0,False,False,0.2579540102101374,-0.709622490060724,-2.941180206336591,-4.504508538808527,0.3154591732751122,-14.598685964127679,37.54915956466917,40.31316998850302,38.356632896311886,38.356632896311886,31.06330569270419,30.27358577516145,47.51035784525162,-18.68898379817751,6.225324075500654,433054.75,-65.20185958011082,43.02000045776367,32.93000030517578
EPAM,EPAM Systems,ok,Information Technology,IT Consulting & Other Services,2026-10-01,116.2300033569336,,753.0,False,False,7.262830105438578,8.07066486181185,8.636326458225918,-0.0945444253217742,31.675549764579536,-22.919286072000567,139.37115072825597,166.26017925368836,190.78847271639353,190.78847271639353,-53.847679063261566,45.7972973231408,47.51037396003184,-47.502255392438286,52.85376375265069,1093361.3,-11.637077332076784,221.39999389648438,76.04000091552734
EPC,Edgewell Personal Care,ok,Consumer Staples,Household Products,2026-10-01,26.760000228881836,,753.0,False,False,-0.8154162975803292,-5.408273726162182,-2.085619086774315,-3.702055642850921,-1.118527758558585,35.2188906226357,21.695881041269455,24.966583293747618,28.447512562056463,28.447512562056463,-21.538711648475093,35.66596789562691,48.4794274271173,-9.286422188663748,71.56377733260973,606255.5,-68.57595518721067,29.49944305419922,15.597698211669922
EPRT,"Essential Properties Realty Trust, Inc.",ok,Real Estate,Diversified REITs,2026-10-01,25.59000015258789,,753.0,False,False,-0.8523801546171716,-1.8728698272457378,-2.1323665809240167,-13.992164339249557,-16.916096375007193,-10.209005448082264,29.979588584294394,29.839220495337983,27.844625295712493,27.844625295712493,36.764760448900155,20.508963251585772,10.208491378208137,-23.54293382485185,0.0,2423538.95,-54.422890541949,33.469764709472656,25.59000015258789
ESE,ESCO Technologies Inc.,ok,Industrials,Industrial Machinery & Supplies & Components,2026-10-01,267.43499755859375,,753.0,False,False,0.8769991081052808,0.5243530930936435,-0.3669681170796246,-0.07286452216153094,-19.636096358074873,26.844337989483424,267.9341163635254,215.90925513035748,179.72144882992444,179.72144882992444,158.2866427895798,32.206941743376014,45.86164092020743,-24.627230634235588,36.99808619052487,247833.6,-64.50360241710567,354.81646728515625,195.21075439453125
ESI,Element Solutions,ok,Materials,Specialty Chemicals,2026-10-01,36.220001220703125,,753.0,False,False,-0.16537365108177937,3.1321250634198883,4.9855107846467295,5.413272925819457,-16.815500113761672,45.277147328638655,33.74386445302812,29.002979529331405,26.969731126965122,26.969731126965122,94.12080037454945,37.48145366581422,58.48376085149017,-26.050691909659445,59.05288475551719,4457619.0,-64.57795069520299,48.97949981689453,22.772300720214844
ETSY,Etsy,ok,Consumer Discretionary,Broadline Retail,2026-10-01,72.83999633789062,,753.0,False,False,1.88837391867549,5.687751411914044,5.595814428978341,-10.89908704845184,-5.365733165275854,9.715314064678049,64.93702391972617,59.27160363368304,61.48707833359757,61.48707833359757,12.668205133349186,48.085555143531536,50.22571735494135,-16.304725543420137,65.35754279107505,3374528.4,-49.88431568689716,87.02999877929688,44.04999923706055
EVTC,"EVERTEC, Inc.",ok,Financials,Transaction & Payment Processing Services,2026-10-01,27.413799285888672,,753.0,False,False,1.7209592201088864,-0.3496944463568741,-2.7879484247532726,-5.988342149042946,-7.327358532415995,-18.39878247050025,28.486206849416096,31.48440003870018,32.950854317917134,32.950854317917134,-25.614385240055903,33.76435470177387,30.099902910794896,-18.010437681895883,22.91362059904963,472726.05,-62.29930633185965,33.43571853637695,22.30330467224121
EXTR,"Extreme Networks, Inc.",ok,Information Technology,Communications Equipment,2026-10-01,21.899999618530273,,753.0,False,False,2.097896688042611,4.2857124691917825,1.201479834635344,0.5509592658476947,-26.5100665127048,6.053268876955875,20.815277758098784,18.73468127193679,17.34159360812163,17.34159360812163,-10.53921557169426,47.80222126164003,46.7532349576482,-35.03411387329954,59.38864616697186,1390262.7,-41.68339551942234,33.709999084472656,13.739999771118164
EYE,National Vision Holdings,ok,Consumer Discretionary,Specialty Stores,2026-10-01,16.434999465942383,,753.0,False,False,0.3357772160789807,1.9540856718960553,0.15234380720738905,-1.5278673454496294,-16.82692674304491,-43.69647425402838,23.305793644889953,19.743685266411163,18.715305447420118,18.715305447420118,3.756308760245064,51.0490868066774,40.73670423919454,-44.21249159303368,6.444299952075394,2277766.7,-57.53586177197165,29.459999084472656,15.4399995803833
EZPW,"EZCORP, Inc.",ok,Financials,Consumer Finance,2026-10-01,30.170000076293945,,753.0,False,False,1.3776876487191947,-2.140771485713233,-0.3961731119390022,-5.125783647400084,-15.228997058320704,58.45587513438593,26.45698414908515,20.15492032153673,16.748034533593128,16.748034533593128,263.0565409488336,33.93033297413534,37.02030208028134,-15.22899705832071,73.2912139041663,677692.3,-31.95348390412581,35.59000015258789,17.40999984741211
FA,First Advantage Corporation,ok,Industrials,Human Resource & Employment Services,2026-10-01,18.280000686645508,,753.0,False,False,2.696637472801533,-1.773239725325404,-8.232928631361503,-9.3703489464523,-10.959570992433498,18.778429362262084,15.437341273777069,16.282818716360755,16.263100920445417,16.263100920445417,33.04221973184121,46.044193968545386,26.740530109835447,-24.212271763641873,104.24582208059773,1709351.9,7.112994111978943,24.1200008392334,8.949999809265137
FBK,FB Financial Corp.,ok,Financials,Regional Banks,2026-10-01,51.869998931884766,,753.0,False,False,0.32881656950993765,-0.7652602302961942,-1.7799704922591864,-6.557376147922566,-6.887380603109483,-5.598964778718951,55.43561367761521,51.76796554474242,46.71656760561514,46.71656760561514,90.86855423910703,31.737028395588368,20.20618248573618,-16.446524803519747,2.627570187802729,638979.35,-66.79282358655252,62.08000183105469,50.54197311401367
FBNC,First Bancorp (Southern Pines NC),ok,Financials,Regional Banks,2026-10-01,61.08000183105469,,753.0,False,False,-0.0490898036282994,-2.780760352015277,-2.362781090872901,-1.5475688913123231,-3.893143296714696,17.39571971264151,57.18722995879158,50.364090421760224,44.498350480321555,44.498350480321555,137.72747363496518,31.852188946973094,31.858676580701157,-7.572839161820882,34.047033879539505,236846.75,-51.9794972909698,66.08447265625,45.566097259521484
FBP,First BanCorp (Puerto Rico),ok,Financials,Regional Banks,2026-10-01,26.510000228881836,,753.0,False,False,0.6454065121834995,-0.9342301863292879,-1.0451686341048982,-4.811490607660717,1.4048628661814444,23.201500307984357,23.22754012213813,21.326372712731835,19.574723383028353,19.574723383028353,113.30205570765001,27.952391444701096,32.121182696509194,-10.101351143761839,41.12172012668273,1407027.25,-23.978373553177455,29.4887638092041,18.785202026367188
FBRT,"Franklin BSP Realty Trust, Inc.",ok,Real Estate,Mortgage REITs,2026-10-01,6.394999980926514,,753.0,False,False,0.0782490539184888,-1.771006462715674,-9.710063816942704,-20.969234348460052,-18.32508187261823,-34.044422941131856,8.49142112807622,9.19880391877011,9.343594591614417,9.343594591614417,-31.116385803263036,25.786995530549138,19.34637776402984,-35.23711661009995,0.07824905391849338,2616932.35,-63.08475456004814,9.874483108520508,6.389999866485596
FCF,"First Commonwealth Financial, Corp.",ok,Financials,Regional Banks,2026-10-01,20.100000381469727,,753.0,False,False,-0.6426058512516986,-2.284877590313006,-4.011461944433492,-2.0944972761520186,-1.1624227358741135,21.47464438065354,18.264728277448622,17.073686035505805,15.780765643632744,15.780765643632744,82.69212949619708,27.312210557229132,21.59627986610957,-7.826644077106554,35.45730642359855,1033024.45,-28.24090465622571,21.80673599243164,14.838624000549316
FCPT,"Four Corners Property Trust, Inc.",ok,Real Estate,Other Specialized REITs,2026-10-01,21.475000381469727,,753.0,False,False,-1.3097419320512338,-1.9764494516938846,-2.4634569915951476,-13.065260711137627,-13.167378543797314,-6.458602947890135,23.661074275062198,24.304961516087747,23.31920217739475,23.31920217739475,15.218016650254107,18.854752424521497,2.4044824644331158,-17.690940917981422,0.0,1186445.85,-39.65868733073658,26.090688705444336,21.475000381469727
FELE,Franklin Electric,ok,Industrials,Industrial Machinery & Supplies & Components,2026-10-01,96.65010070800781,,753.0,False,False,0.7926804913938046,-0.952962805490476,-0.19609214897141625,-1.808289740576563,-7.840368076263326,2.623916294427686,98.57748104277111,96.76098102402402,96.03188778901321,96.03188778901321,10.579737584274994,25.811367720946976,42.569994407749974,-11.952175506787915,8.094398915858092,313475.65,-70.67938131717727,109.77000427246094,89.41268157958984
FFBC,First Financial Bancorp,ok,Financials,Regional Banks,2026-10-01,31.350000381469727,,753.0,False,False,0.09578763390112321,-1.785713325381666,-0.6339108095948509,-2.0924424319659685,-8.107562780531296,28.607385655204908,28.71301369439988,26.546781992057404,24.556121470285444,24.556121470285444,80.28334546086333,28.91598476282341,35.80250460235165,-12.653929083601229,39.61033120064214,927273.1,-40.075690753889006,35.8917121887207,22.455358505249023
FG,"F&G Annuities & Life, Inc.",ok,Financials,Life & Health Insurance,2026-10-01,21.799999237060547,,753.0,False,False,0.5535006005332743,0.8792162024186645,0.832554999260271,-6.792692833156111,-21.13741463666734,-27.578861540933687,27.085413728441512,31.555732290108367,33.397396016722496,33.397396016722496,-12.425470135031846,41.777730182526916,38.91957048291861,-35.16720760748582,8.660680264037547,706755.9,-32.477677229153656,33.62495803833008,20.062454223632812
FHB,"First Hawaiian, Inc.",ok,Financials,Regional Banks,2026-10-01,24.875,,753.0,False,False,1.0357398540793206,-0.3405412163077104,-0.9753217796503622,-1.4851485148514865,-16.2127441630734,4.283556229651708,25.74816662167746,24.689228445410254,22.880292169284694,22.880292169284694,60.56289319577821,26.414538527620863,34.93150192792696,-17.234544634842756,13.718073408206783,2070958.65,-40.42020105036863,30.0548095703125,21.874271392822266
FIBK,"First Interstate BancSystem, Inc.",ok,Financials,Regional Banks,2026-10-01,35.650001525878906,,753.0,False,False,-0.2518191056552599,-1.8717320971740836,-2.3555103675452105,-1.8447086304375415,-7.816665381059029,17.824923069067466,34.610573390173535,31.30928289177883,28.766532644649267,28.766532644649267,75.15087202154265,33.252788590355834,37.27457728702283,-10.269080401123231,28.116011646568673,1254146.95,-29.44694399647505,39.729896545410156,27.826343536376953
FIVN,"Five9, Inc.",ok,Information Technology,Application Software,2026-10-01,36.099998474121094,,753.0,False,False,6.145252148585434,4.1546411801744565,-1.5275542160989586,6.082867379012558,54.01022888915416,49.17354271081522,22.300773885515,26.76081674507415,36.70996012694015,36.70996012694015,-43.487792939095804,57.22898237471858,64.48348742094609,-6.597679045498628,165.24613802183276,2379229.4,-13.615391605366,38.650001525878906,13.609999656677246
FIZZ,National Beverage Corp.,ok,Consumer Staples,Soft Drinks & Non-alcoholic Beverages,2026-10-01,29.469999313354492,,753.0,False,False,0.9246525457551336,-0.3381818819809812,-1.3391413278888042,-7.00536820224179,-2.181057862191793,-11.692695548103949,31.27857208251953,35.4346789021891,37.3090326681555,37.3090326681555,-26.266525499921546,27.915084856382627,31.07566935823374,-13.588508434964794,5.171148187300177,436221.6,-45.04352833513975,34.1042594909668,28.020992279052734
FLO,Flowers Foods,ok,Consumer Staples,Packaged Foods & Meats,2026-10-01,5.534999847412109,,753.0,False,False,-0.27027644697734665,-2.035402584322321,-4.733220276691941,-15.536598559345261,-34.52374076046245,-53.72139037373458,8.728824382736569,12.47733547108107,14.73030512139775,14.73030512139775,-69.57264957264957,28.669790619217284,20.94239007779187,-54.10821472150865,0.0,8122067.5,-42.734408449572726,12.060981750488281,5.534999847412109
FMC,FMC Corporation,ok,Materials,Fertilizers & Agricultural Chemicals,2026-10-01,8.614999771118164,,753.0,False,True,-3.4192859032183054,-5.6298363042382675,-9.369216112135792,-26.839290703748542,-23.422977272426728,-73.70017740733745,14.427434732043555,28.433241646603285,36.750101312381496,36.750101312381496,-85.10208378947144,59.25494044418317,17.821048109749583,-72.56628261714086,0.0,3909502.85,46.654375760334844,31.40296173095703,8.614999771118164
FORM,"FormFactor, Inc.",ok,Information Technology,Semiconductor Materials & Equipment,2026-10-01,147.88999938964844,,753.0,False,False,-0.9510402465769618,12.91898756298604,14.607879017567594,55.00470989750175,19.661787985916334,306.068113193239,95.86825372302343,65.85350588308387,58.94011948118172,58.94011948118172,338.8427182241668,67.5546720944054,74.67785980019535,-7.528289775227427,287.75564173130846,1205991.75,-32.72466416125981,159.92999267578125,38.13999938964844
FOXF,Fox Factory,ok,Consumer Discretionary,Automotive Parts & Equipment,2026-10-01,18.579999923706055,,753.0,False,False,1.143163172993189,-0.8537878834913304,0.3239711903853193,-7.285433758089576,12.537853822697453,-23.50761950021657,18.485019820077078,23.356523886144874,33.91870514868423,33.91870514868423,-81.00204566059868,55.41005243743157,31.563397763166634,-27.421876379521542,40.86429503257134,521586.2,-16.23167944243924,25.600000381469727,13.1899995803833
FRPT,Freshpet,ok,Consumer Staples,Packaged Foods & Meats,2026-10-01,58.43000030517578,,753.0,False,False,1.5114644043223713,2.2039569294842076,0.20579476772184524,-16.896597448346682,3.636039727249818,6.024314385873208,61.885853055923704,81.81392423470182,89.27513929065638,89.27513929065638,-9.955307667182979,47.14770779347219,16.519522551701684,-31.660818356519556,23.29605625177292,1026841.75,-45.7039022809503,85.5,47.38999938964844
FSS,Federal Signal Corporation,ok,Industrials,Construction Machinery & Heavy Transportation Equipment,2026-10-01,112.55999755859375,,753.0,False,False,1.5976140702588904,-2.1302534841575516,-0.1950711323677634,-0.9242170989497756,-14.030535244332532,-4.910506024164718,115.19203888423858,106.14418906709588,97.20389409464194,97.20389409464194,91.9489616308006,33.85844934170928,45.997731826550535,-15.809529287752644,7.706837822169507,416678.05,-24.627419178908028,133.69683837890625,104.50589752197266
FTDR,"Frontdoor, Inc.",ok,Consumer Discretionary,Specialized Consumer Services,2026-10-01,75.33999633789062,,753.0,False,False,3.036096154157164,3.3187030028971165,4.813577096106703,-5.244630469503775,-4.025482372113853,11.96313763239334,65.385833225553,59.78153370861038,51.769548357878705,51.769548357878705,149.30508950937397,40.44755496098482,35.086782848031376,-17.053842542000307,53.44195250352141,599199.05,-49.33553382636371,90.83000183105469,49.099998474121094
FTRE,Fortrea,ok,Health Care,Biotechnology,2026-10-01,19.420000076293945,,753.0,False,False,-2.65664494424519,-3.1904257561672478,-2.997004833918715,9.593684135519487,12.384255235026064,130.64132898252464,14.357956394316657,13.020039866170086,18.640796810823925,18.640796810823925,-29.967542744763453,73.50662364751831,66.56715245203804,-6.183577968447111,118.9402517119637,1453254.85,-41.022250846092135,20.700000762939453,8.869999885559082
FUL,H.B. Fuller Company,ok,Materials,Specialty Chemicals,2026-10-01,50.189998626708984,,753.0,False,False,1.4554222523539107,1.6609271066737596,0.3799972534179741,-6.744706593642591,-13.173449026334827,-13.967201884939218,58.77440756843204,59.87843723221129,64.94829546154574,64.94829546154574,-23.390467000564573,30.3202082873415,39.55555078325669,-24.99815302990883,2.695768338701501,968599.0,-26.52480541483111,66.91835021972656,48.87250900268555
FULT,Fulton Financial Corporation,ok,Financials,Regional Banks,2026-10-01,22.434999465942383,,753.0,False,False,-0.5540780273009527,-2.329124350913958,-2.66811189359758,-3.339076471781266,-6.947329332252372,24.922069744326315,20.974750473385765,19.40449516326783,17.822959236256473,17.822959236256473,110.02757299111066,29.92532561177772,26.175847424571955,-10.936883722532647,37.272895327675634,1718684.4,-33.409065678375846,25.190000534057617,16.34335708618164
FUN,Six Flags,ok,Consumer Discretionary,Leisure Facilities,2026-10-01,10.890000343322754,,753.0,False,False,1.6806751123683794,-5.63257903534603,-12.177413884360222,-23.525277258711352,-48.11814929932879,-52.06865901214282,17.824801543402295,27.148127392468698,31.919013708552832,31.919013708552832,-69.89047128151971,53.261119527687164,18.591565868249006,-59.27449350584876,1.68067511236839,2208834.5,-37.88624724939782,26.739999771118164,10.710000038146973
GBX,"The Greenbrier Companies, Inc.",ok,Industrials,Construction Machinery & Heavy Transportation Equipment,2026-10-01,39.88999938964844,,753.0,False,True,-0.44921464074538786,-5.226896543035975,-6.537021779704633,-5.023810977027532,-15.494257131582545,-11.169582381870269,47.55541730305505,49.353224150213116,47.53208662947494,47.53208662947494,8.213704423040946,37.42249291170482,21.929821626118226,-31.293824158875434,0.0,398936.9,-60.08441435224468,58.0588264465332,39.88999938964844
GEO,"GEO Group, Inc.",ok,Industrials,Environmental & Facilities Services,2026-10-01,30.860000610351562,,753.0,False,False,1.2799517748139255,2.1178071195860237,-3.4417975770703713,1.080903754615381,2.016530943310957,50.610058345879104,21.63988094859653,23.403147404887285,19.733479411161913,19.733479411161913,258.83720048251485,53.27522246805032,46.82139610635193,-5.8285011313132395,132.7300156687393,2279282.6,-49.40285158145813,32.77000045776367,13.260000228881836
GFF,Griffon Corporation,ok,Industrials,Building Products,2026-10-01,92.98999786376953,,753.0,False,False,-0.05374360626158037,-3.2160740095723117,-3.6772353616031928,-1.5353711776281975,0.3630676565527624,23.3692528146644,84.26251904926603,78.24040697865277,72.11930386162058,72.11930386162058,142.2794259423215,39.214428990325814,40.79902683635454,-13.078585373701781,40.65831737205754,342805.75,-53.20527733271685,106.981689453125,66.11055755615234
GIII,"G-III Apparel Group, Ltd.",ok,Consumer Discretionary,"Apparel, Accessories & Luxury Goods",2026-10-01,27.584999084472656,,753.0,False,False,1.7145952464963088,1.6771099807627143,1.9778183456623522,-13.943178216868546,-17.35977488234933,5.065587151828432,30.206140457637726,28.799160968734924,28.576971071808146,28.576971071808146,12.733677587483383,41.14152263501764,47.397765732506436,-24.79088592976197,11.56405847544508,860917.4,-60.55974707910422,36.677734375,24.725704193115234
GKOS,Glaukos Corp.,ok,Health Care,Health Care Equipment,2026-10-01,163.82000732421875,,753.0,False,False,-0.22534570417558353,3.317362415877456,5.772212138145627,-7.289184972536333,10.43549370937531,100.88289539394148,125.76773788815453,119.93470107606683,112.3587116834177,112.3587116834177,130.40789147674286,48.83668167633889,45.64611061483763,-13.574252341485495,119.39200661765955,841140.55,-50.5895893379531,189.5500030517578,74.66999816894531
GNL,"Global Net Lease, Inc.",ok,Real Estate,Diversified REITs,2026-10-01,8.279999732971191,,753.0,False,False,0.2421247401352966,-2.4734987492150973,-4.055624296969096,-9.309971202796385,-8.17413496236944,11.11236386439549,8.637037634849548,7.651337975999748,7.170037941470405,7.170037941470405,30.88402781452302,27.780642066718205,4.705875753121873,-13.385127421157621,16.7410925880334,2526249.55,-16.20024237114658,9.559558868408203,7.092617988586426
GNW,"Genworth Financial, Inc.",ok,Financials,Multi-line Insurance,2026-10-01,9.225000381469727,,753.0,False,False,2.8428105557390726,-1.6524491586366041,-2.3809463739333903,-7.749996185302733,-4.006236097417681,3.6516941221298893,8.997837318314446,8.178256973327393,7.5468725119612285,7.5468725119612285,55.303035229033945,28.427950332369495,24.024647492913047,-12.971697646385854,16.18388306031203,4664241.15,-34.37253989322573,10.600000381469727,7.940000057220459
GO,Grocery Outlet,ok,Consumer Staples,Food Retail,2026-10-01,11.930000305175781,,753.0,False,False,6.044447157118049,7.477476533168881,5.575222157584303,-1.486369583852265,14.821943320172505,-25.669776496757745,10.08039681305961,12.837161355759518,16.629714472518657,16.629714472518657,-58.38855851611869,56.40874347773769,60.36585011275445,-27.565265315448496,106.04491163688562,2290637.75,37.549248020556725,16.469999313354492,5.789999961853027
GOLF,Acushnet Company,ok,Consumer Discretionary,Leisure Products,2026-10-01,83.68499755859375,,753.0,False,False,1.436360677083326,-0.1253172882041742,1.6087869577743108,-2.279462264249277,-28.604824164785413,7.824712443120219,91.13392684573219,80.11633346375241,73.66225732750152,73.66225732750152,63.949216332802216,31.508915636436154,43.93749725617596,-29.189090504377862,12.407513360021094,339453.05,-54.08466649511618,118.18093872070312,74.44786834716797
GPI,"Group 1 Automotive, Inc.",ok,Consumer Discretionary,Automotive Retail,2026-10-01,255.6300048828125,,753.0,False,False,6.317585379790525,5.531936338035437,3.163974256065516,-5.146565906192024,-11.17837619573815,-41.177656947074894,340.47317329285636,380.8130802291323,351.40585073848484,351.40585073848484,-0.3931010749455788,36.04357222197412,37.20905292435885,-42.86108754524856,6.31758537979052,283071.5,-37.95560485601695,447.3833923339844,240.44000244140625
GPOR,Gulfport Energy Corporation,ok,Energy,Oil & Gas Exploration & Production,2026-10-01,153.7050018310547,,753.0,False,False,2.1431460626533116,1.0618748977915038,-5.067631181194798,-15.82881478707927,-8.980276973188195,-15.070723030376353,185.59716264028398,180.56395387079613,167.84024546345867,167.84024546345867,31.136424393519757,32.91707586726218,27.500872106197065,-30.915997107215127,2.3403684216729053,282059.55,-71.03767626375353,222.49000549316406,150.19000244140625
GRBK,"Green Brick Partners, Inc.",ok,Consumer Discretionary,Homebuilding,2026-10-01,66.87000274658203,,753.0,False,False,1.149602373640679,-2.065020588638866,-1.3571296010037148,-5.723949726668042,-15.621447638382291,-9.463847557550487,69.09436504424565,66.8333267272706,63.51134133307266,63.51134133307266,63.29670696148237,35.267014335220395,44.186074463439354,-17.024437541583467,9.15769601494893,369620.7,-57.81783866542107,80.58999633789062,61.2599983215332
GSHD,"Goosehead Insurance, Inc.",ok,Financials,Insurance Brokers,2026-10-01,47.18000030517578,,753.0,False,False,4.0123449522372345,6.285201518110317,8.087053049022309,-31.07377296035456,-10.45738938155929,-36.60306172264393,57.138571421305336,79.45809448667731,75.67064144443547,75.67064144443547,-32.24167590713657,55.18092459789374,31.94945152344195,-39.79839396237171,37.27088091762285,537362.15,-26.22424188231345,78.37000274658203,34.369998931884766
GT,Goodyear Tire and Rubber Company,ok,Consumer Discretionary,Tires & Rubber,2026-10-01,5.050000190734863,,753.0,False,False,1.6096660748576852,0.5976137434728246,-0.39447692799504663,-15.692814963293888,-23.368739395981198,-32.48662863826591,7.228888897668748,8.392191221989483,9.592098267113228,9.592098267113228,-59.82497761862131,47.9579083671216,39.61039926133587,-52.0872845444771,1.6096660748576803,9918508.6,-19.479103945123356,10.539999961853027,4.96999979019165
GTES,Gates Corporation,ok,Industrials,Industrial Machinery & Supplies & Components,2026-10-01,26.4950008392334,,753.0,False,False,1.1259544568839486,-0.6561651164601945,0.8948994984893321,6.834684089989329,-0.7306095575958849,6.748594540710129,24.927321449158683,23.20670317083716,20.498187251299974,20.498187251299974,130.9938990620152,36.41146667656027,55.752211535818375,-11.20978316437574,25.926804592866297,1750524.5,-65.85080642973007,29.84000015258789,21.040000915527344
GTM,ZoomInfo,ok,Communication Services,Interactive Media & Services,2026-10-01,3.930000066757202,,753.0,False,False,3.693934203517113,9.470756565924955,0.25510179256709176,-4.611646215521603,31.43812890375537,-63.978000717484775,6.439742040066492,8.358396396693955,10.26291501189608,10.26291501189608,-75.68069242657475,60.87059016996278,54.08805352091726,-66.69491522684072,50.5747212535008,5279881.85,-44.71207722195526,11.800000190734863,2.609999895095825
GTY,Getty Realty Corp.,ok,Real Estate,Retail REITs,2026-10-01,27.799999237060547,,753.0,False,False,-1.5580755581578232,-2.2847153196763115,-3.169626877153986,-12.67963626834645,-17.663553460878166,10.452367095283988,30.07226184057811,28.418837353527785,26.960395638211313,26.960395638211313,24.585527118830086,19.82360373341619,7.284756950104239,-22.768818734117495,15.714047200978287,718480.45,-57.882082943245,35.99582290649414,24.02474021911621
GVA,"Granite Construction, Inc.",ok,Industrials,Construction & Engineering,2026-10-01,116.33999633789062,,753.0,False,False,0.37097115192465946,0.6048397072844214,4.994333001389939,-1.2378401375799597,-20.187606478610064,6.544319474017923,122.30085454668317,106.03423915726255,89.03696221279434,89.03696221279434,216.62574636848575,29.743475807239417,43.689611494961156,-27.323681867661552,18.60491109016084,567590.2,-44.29008816572237,160.07965087890625,98.09037017822266
HAFC,Hanmi Financial Corporation,ok,Financials,Regional Banks,2026-10-01,30.959999084472656,,753.0,False,False,0.19417303133686392,-2.025320535667996,-2.73327314269155,0.3240391190645342,-3.8647972449063928,30.286834885791226,28.40541546685355,25.298934700954483,21.90133902181192,21.90133902181192,122.30892245003666,33.88529463681828,36.874969452554005,-6.231378513386674,40.10375577825983,235929.6,-52.107747395833336,33.01744079589844,22.09790802001953
HASI,"Hannon Armstrong Sustainable Infrastructure Capital, Inc.",ok,Financials,Specialized Finance,2026-10-01,35.970001220703125,,753.0,False,False,0.4187647324312538,-0.7724104256465525,-0.525438682275281,-8.982791487703922,-5.9853559887409595,23.033812469117,35.81633180285257,31.084291028786467,28.681053326266063,28.681053326266063,116.73747727884978,41.83221711138337,36.79245350920315,-16.02369246673746,34.471695267730986,1064495.4,-0.017604585233521597,42.83351135253906,26.74912452697754
HAYW,"Hayward Holdings, Inc.",ok,Industrials,Electrical Components & Equipment,2026-10-01,12.234999656677246,,753.0,False,False,-0.040850608941322974,-2.276364142700138,-2.276364142700138,-10.102865794896676,-27.9021794240796,-19.080689488875347,15.094821411465842,14.927878497606255,14.40497346196675,14.40497346196675,-12.419474425110867,35.05732218424442,24.78384282116312,-29.318312916474987,0.0,3812431.45,-45.48809526791623,17.309999465942383,12.234999656677246
HCC,"Warrior Met Coal, Inc.",ok,Materials,Steel,2026-10-01,88.73500061035156,,753.0,False,False,0.7550822275822267,-3.286102877001018,-0.241704716432678,-16.468984461761426,9.875361514336722,39.947783129363934,86.49988381824797,70.50317008941772,66.72112502139878,66.72112502139878,82.07109127526128,49.0335948680737,33.03287616199586,-19.466576965618305,42.797461151795524,652037.45,-58.50713789522366,110.18406677246094,62.14046096801758
HCI,"HCI Group, Inc.",ok,Financials,Property & Casualty Insurance,2026-10-01,182.30999755859375,,753.0,False,False,4.884357310225518,4.004794649630639,3.0640500806415227,-2.954329305720227,0.039143636044403074,-4.087392859746086,172.3751493181501,154.35460668920996,132.860808672658,132.860808672658,250.37188935392726,36.51962092977152,44.356439233515346,-10.81149373960386,22.956023903211506,169408.8,-24.752433167580424,204.4097442626953,148.27252197265625
HCSG,"Healthcare Services Group, Inc.",ok,Industrials,Environmental & Facilities Services,2026-10-01,20.434999465942383,,753.0,False,False,-0.0733559727990607,-1.6602560601686744,-2.5512630659525137,-6.347388855419478,-18.74751580160632,21.42008056196407,20.37295637055049,16.525448221609413,14.611055792090427,14.611055792090427,98.39804939347702,43.00766722798986,20.34550448061937,-19.261162002630197,34.61791208907192,685262.5,11.205559913171959,25.309999465942383,15.180000305175781
HE,"Hawaiian Electric Industries, Inc.",ok,Utilities,Electric Utilities,2026-10-01,8.885000228881836,,753.0,False,False,-0.6152053029414906,-0.7262523102627649,-3.107959051700382,-19.810466696194993,-34.81291156066667,-19.51992518494069,13.138075366852776,11.832659345224084,11.928559080379735,11.928559080379735,-25.648532462794925,51.21584511301648,10.96605965170717,-47.98009210439182,0.0,2972918.0,-42.17263981044886,17.079999923706055,8.885000228881836
HFWA,Heritage Financial Corporation,ok,Financials,Regional Banks,2026-10-01,27.68000030517578,,753.0,False,False,0.1809668690840205,-1.7045438382004785,-2.0176980347759943,-3.0812296121223492,-6.031872244250058,18.739093438062504,26.173719678606307,24.42950813323853,22.079379076660075,22.079379076660075,92.25909093829677,30.863528094575603,38.338669438922814,-10.692691871309231,32.354303297938024,433802.75,-40.92822140938479,30.994104385375977,20.913562774658203
HIW,Highwoods Properties,ok,Real Estate,Office REITs,2026-10-01,28.875,,753.0,False,False,-0.49965697958794797,-1.8191086371569187,-3.7820733762924275,-5.016446176534528,-7.907804000556973,-2.1883419672548254,26.505582938118586,26.913051567229616,24.933024514085584,24.933024514085584,80.47447278615965,29.816633151013,30.66792698751736,-14.707637846673805,45.42317756050544,1191891.25,-65.16250958298419,33.85414505004883,19.855844497680664
HLIT,Harmonic Inc.,ok,Information Technology,Communications Equipment,2026-10-01,10.720000267028809,,753.0,False,False,1.5151500099837678,1.3232546723281446,-2.1004524771015776,-8.53242301378816,-23.80952025910661,5.30451813030377,11.218412717183432,10.939601601832416,11.300013288875341,11.300013288875341,13.559329910410177,48.89332668527886,29.617840875509373,-37.346581621141496,21.12994129892376,1420609.05,-34.41679116432491,17.110000610351562,8.850000381469727
HLX,"Helix Energy Solutions Group, Inc.",ok,Energy,Oil & Gas Equipment & Services,2026-09-01,10.600000381469727,,8.0,False,False,2.9126231570822947,4.743087957892067,6.0000038146972745,,,,10.06250011920929,10.06250011920929,10.06250011920929,10.06250011920929,10.647186491511796,31.86293279780172,,,,,,,
HMN,Horace Mann Educators Corporation,ok,Financials,Multi-line Insurance,2026-10-01,44.77000045776367,,753.0,False,False,0.3811703799524224,-0.4447426228829543,-2.4193561127071717,-11.049471425060108,-16.252703583108374,2.217472394493236,45.67967920454721,42.54011344149768,38.80972801704964,38.80972801704964,71.10694706317378,22.894925544777646,25.732027481599957,-16.67051025150819,9.502686953078436,360912.15,-60.366255333881114,53.726478576660156,40.88484191894531
HNI,HNI Corporation,ok,Industrials,Office Services & Supplies,2026-10-01,46.970001220703125,,753.0,False,False,3.640780090445017,0.23474308348017114,0.6212530283449702,-1.0324438963797644,14.171805195214638,3.766405193737432,40.871093901376874,43.45982570572203,42.527884991203805,42.527884991203805,50.82973538380728,31.065692775352012,50.59103040622039,-8.291331210156452,63.51607046292155,566769.7,-51.12759203605979,51.21653366088867,28.725006103515625
HOPE,"Hope Bancorp, Inc.",ok,Financials,Regional Banks,2026-10-01,13.375,,753.0,False,False,0.6395789194202584,-1.9428177173945627,-2.5145791568087272,-1.8708738980181439,-0.5337249562215041,29.998178596703774,11.958612006808083,11.2367634260322,10.743701263569582,10.743701263569582,78.20473837658093,31.208693610307154,31.596114478135405,-7.758620689655173,40.3874695858267,866216.95,-23.328791938324457,14.5,9.527203559875488
HP,"Helmerich & Payne, Inc.",ok,Energy,Oil & Gas Drilling,2026-10-01,38.25,,753.0,False,False,2.988693130299125,2.0816620066345326,-3.9427416043609,-17.225707081105202,22.891475895175507,78.19430859170629,33.80460674043686,28.70216003357177,30.446329927381132,30.446329927381132,6.677958257640837,45.85379850859352,24.220823159671127,-19.71032642726852,80.15159348332179,1108566.5,-64.87986963344102,47.63999938964844,21.232118606567383
HRMY,"Harmony Biosciences Holdings, Inc.",ok,Health Care,Biotechnology,2026-10-01,40.28499984741211,,753.0,False,False,2.6108037944482465,0.6873320105362346,-2.1258503480169777,-2.339394309303977,8.118630333192222,46.17199066783295,34.021924578954305,34.10883465421152,33.17577027957911,33.17577027957911,24.183112061675804,48.4382379145975,41.70583840849491,-6.007934498996573,55.54054224228645,1086636.25,-45.49003863988524,42.86000061035156,25.899999618530273
HSTM,"HealthStream, Inc.",ok,Health Care,Health Care Technology,2026-10-01,30.360000610351562,,753.0,False,False,2.187820753648606,4.186689245904773,5.161065908572127,2.325583189360758,6.993180349166983,8.110283004797036,24.64716663814726,27.220811463922143,26.95418742865047,26.95418742865047,40.93743757712103,29.62985352416795,69.7160997164848,0.0,53.37859837679117,192353.45,-53.01929858809395,30.360000610351562,19.794157028198242
HTH,Hilltop Holdings Inc.,ok,Financials,Regional Banks,2026-10-01,37.720001220703125,,753.0,False,False,0.15932388086596916,-1.0493119684929164,-1.6427569191250324,-0.10592453021183168,-2.287144054263446,15.325206433298888,36.25742755617414,33.141287784652405,31.915557078631277,31.915557078631277,42.34339749104314,25.199046351158017,32.97878384520486,-5.202311252062419,24.16779583235988,353252.15,-52.68450595417467,39.790000915527344,30.37824821472168
HTLD,"Heartland Express, Inc.",ok,Industrials,Cargo Ground Transportation,2026-10-01,11.635000228881836,,753.0,False,False,0.21533654559766635,1.7045511857615159,2.5110117870780657,-2.136842258092897,-21.775151798824076,39.86063897704244,11.304385894820804,10.51368364679861,11.079738449132142,11.079738449132142,-17.993337663041263,35.081003657174364,34.82815779532413,-28.0431993875506,65.54130112436145,758503.95,-51.85535948758078,16.169424057006836,7.0284576416015625
HTO,H2O America,ok,Utilities,Water Utilities,2026-10-01,60.209999084472656,,753.0,False,False,-2.304075870570166,-1.8901741365509928,-3.168223240647272,-5.626959554103738,-2.8583973314830313,27.648739096186482,55.085531386118085,52.50628244164456,53.218056601515485,53.218056601515485,12.803111608878837,23.82841492612375,27.016869842910268,-7.327245056847138,38.65264300811165,458427.7,-45.03953404211831,64.97055053710938,43.42506408691406
HUBG,"Hub Group, Inc.",ok,Industrials,Air Freight & Logistics,2026-10-01,30.1200008392334,,753.0,False,False,1.8255609091282432,-0.33090164259832466,0.2997008009657298,-20.30703347592545,-32.72027042169031,-11.359798762212925,40.476041362399144,39.523378489976864,40.032143447187,40.032143447187,-18.80637169939783,37.558928535205446,17.221697349212292,-42.06846004661801,1.8255609091282494,1358972.7,-64.13069960860877,51.99240493774414,29.579999923706055
HWKN,"Hawkins, Inc.",ok,Materials,Commodity Chemicals,2026-10-01,126.9800033569336,,753.0,False,False,0.7777804420107781,-0.6649444277130545,0.28431574991518715,1.9264741456125556,-8.167636937266497,-30.11835964732693,144.78402921888562,138.2231995024054,119.0050261549424,119.0050261549424,114.97972688499671,38.2734870163662,56.77690614032968,-30.445730108826886,7.911961700399956,182806.0,-51.30356771659573,182.56248474121094,117.66999816894531
HZO,"MarineMax, Inc.",ok,Consumer Discretionary,Specialty Stores,2026-10-01,52.314998626708984,,753.0,False,False,0.028679521734686908,-0.10502254400905908,-0.18126544739498485,0.37413602997011797,51.7256360825227,106.53374964185444,32.49890867869059,29.404332647285614,30.072622820992237,30.072622820992237,58.770857102833006,62.47100841358713,54.4303838217352,-0.4661391555947186,144.12038208918665,818144.7,-2.157405652080857,52.560001373291016,21.43000030517578
IART,Integra Lifesciences Holdings,ok,Health Care,Health Care Equipment,2026-10-01,16.145000457763672,,753.0,False,False,-0.8292397001713692,-0.7682851658455392,1.6687678930289662,-2.858004557667859,-10.554010303698524,12.665740012008442,13.92303570868477,16.122300812922624,21.732118224084456,21.732118224084456,-57.52433262114274,56.23540901958043,57.04918709406296,-18.6649866624926,81.40450730075224,917545.4,-66.58388783813858,19.850000381469727,8.899999618530273
IBP,"Installed Building Products, Inc.",ok,Consumer Discretionary,Homebuilding,2026-10-01,192.86000061035156,,753.0,False,False,0.5107336369610582,-1.647200666969939,-1.7474108681543088,-17.469779566993093,-15.343794959451095,-20.766630702427292,254.1332018413241,225.5169143068838,215.0915434433328,215.0915434433328,63.959595126228265,48.08210963568154,38.86242054872416,-43.29537853184906,0.5107336369610677,453339.4,-20.966940001244105,340.1133728027344,191.8800048828125
ICHR,"Ichor Holdings, Ltd.",ok,Information Technology,Semiconductor Materials & Equipment,2026-10-01,62.51499938964844,,753.0,False,False,1.0588405639091913,5.208686159671849,10.704795534392675,20.778596245898527,-36.352068201286755,256.82076344893045,49.81511903187585,37.15601593374731,36.16304117813212,36.16304117813212,103.56561788781286,78.78582284275298,61.98654294380984,-44.32223007720991,338.70175010279604,689950.1,-38.7489037250665,112.27999877929688,14.25
ICUI,ICU Medical,ok,Health Care,Health Care Supplies,2026-10-01,157.3800048828125,,753.0,False,False,-1.9500278681338634,-4.0541327476518285,-5.2041917644268025,-7.862533146617656,1.5551420553176154,31.193736315377652,143.68547593979608,145.13762942918268,134.380106233189,134.380106233189,33.16974486072999,42.12001603173326,51.60257855849168,-15.956419150131218,37.89539005539517,250901.8,-41.11799915345365,187.25999450683594,114.12999725341797
IIPR,"Innovative Industrial Properties, Inc.",ok,Real Estate,Industrial REITs,2026-10-01,51.724998474121094,,753.0,False,False,-1.8128356596855633,-2.928753772505721,-3.5923127524592924,-4.587792873419039,-15.415034310208299,11.379314990087131,49.945669053092836,53.79514568830391,60.645719915747165,60.645719915747165,-2.3785767042912243,38.82379893254075,31.241509943620997,-17.12844146147915,33.86504599840757,416138.8,8.011077073322648,62.415863037109375,38.6396598815918
INDB,Independent Bank Corp.,ok,Financials,Regional Banks,2026-10-01,78.51000213623047,,753.0,False,False,1.1075345698028594,-1.294944389541497,-1.3787190601632693,-1.0086181155505525,-5.994632525891874,17.19365374238646,76.56543109530494,69.25564776568774,62.82424545794686,62.82424545794686,80.56263170916161,31.47349147619842,31.896054522193452,-9.219096161058014,25.89354705319589,363783.85,-47.31019532615315,86.48294830322266,62.362213134765625
INDV,Indivior,ok,Health Care,Pharmaceuticals,2026-10-01,35.58000183105469,,753.0,False,False,-0.7531287435376233,-3.5249435992681377,-1.1666615804036495,2.9513900961588346,-10.603008761056277,47.57362476290652,34.40448413576399,23.94514939319565,21.47626163665042,21.47626163665042,62.688616669947336,55.12318917418164,58.05023122048466,-14.941428941941822,56.533227222203855,1863155.65,-72.64785687658463,41.83000183105469,22.729999542236328
INSP,"Inspire Medical Systems, Inc.",ok,Health Care,Health Care Equipment,2026-10-01,70.41999816894531,,753.0,False,False,1.5282548288149123,0.5999973842075956,2.339777165346657,14.466836223923462,49.98934403539388,-5.0943381870131255,68.3680951708839,111.5065735972735,134.36968126334992,134.36968126334992,-63.84267808835165,67.9002849971426,44.98444457891795,-51.09382909754212,75.83021101229303,917456.6,30.15678343803947,143.99000549316406,40.04999923706055
INSW,"International Seaways, Inc.",ok,Energy,Oil & Gas Storage & Transportation,2026-10-01,114.54499816894531,,753.0,False,False,3.9994541526308325,5.75662519702167,9.246542523524326,20.644042730898548,46.06128104654519,189.81383543706247,66.64379935794406,49.66831634339108,45.916319904099424,45.916319904099424,279.49526608556806,37.113834765716035,68.48175946918566,0.0,208.49205553400355,789082.8,-53.926761551512726,114.54499816894531,37.130615234375
INVA,"Innoviva, Inc.",ok,Health Care,Pharmaceuticals,2026-10-01,20.690000534057617,,753.0,False,False,-2.451667010187275,-2.5435658022714636,0.14521145627823806,-1.8500919879504085,-7.261313180924978,13.369865940041748,21.28333327883766,20.135458121736686,18.730292142941497,18.730292142941497,59.52197461902844,23.563998738308378,50.4249392808803,-14.64521151229693,24.115179600271443,1016503.25,-59.128020495753454,24.239999771118164,16.670000076293945
INVX,"Innovex International, Inc.",ok,Energy,Oil & Gas Equipment & Services,2026-10-01,27.625,,753.0,False,False,2.2390804292621524,-4.2792813036483075,-3.273807715078436,-8.677685950413228,14.674137920386677,49.00215013939899,25.32867065308586,20.676045830031317,20.507695893367448,20.507695893367448,3.580802103390024,44.74333725529513,35.49508341419593,-12.662027401298023,60.51714973607436,829208.5,-79.20064736432393,31.6299991607666,17.209999084472656
IOSP,"Innospec, Inc.",ok,Materials,Specialty Chemicals,2026-10-01,95.0,,753.0,False,False,-0.33571096920764765,-2.942375699052646,-1.9304249959340658,2.5807141495486574,14.320098368695877,26.08928333644713,80.10122365800162,87.40219625343839,95.68010106789639,95.68010106789639,-0.36308886715249455,26.09343392425631,56.6691599681946,-3.768234577293525,45.877456207498234,216964.35,-21.74428656136366,98.72000122070312,65.12315368652344
IPAR,"Inter Parfums, Inc.",ok,Consumer Staples,Household Products,2026-10-01,111.81999969482422,,753.0,False,False,0.7750546299994499,-5.189081414189822,-3.4286218061258755,-3.830501719492907,-5.6670549236823025,17.52002390737193,97.23972160097152,108.20025333845282,112.28609150434396,112.28609150434396,-11.026668619775737,32.13669259794924,51.17751482428631,-12.388876398939876,45.301228636270444,222880.25,26.392984573554635,127.63219451904297,76.95736694335938
IRDM,Iridium Communications,ok,Communication Services,Alternative Carriers,2026-10-01,47.80500030517578,,753.0,False,False,-0.1983323959849903,-1.0862849285918408,-2.2192658989936165,2.6557828340686873,-10.770635537552742,179.4739594542006,32.66025463740031,29.572248181498857,29.75806584807823,29.75806584807823,14.533929177897553,51.02428702987854,54.58574318265844,-13.925369211081994,208.05650319148046,1090743.45,-65.5767815979092,55.53901290893555,15.518257141113281
ITGR,Integer Holdings Corporation,ok,Health Care,Health Care Equipment,2026-10-01,126.4000015258789,,753.0,False,False,0.03957503154861097,0.015828669801942752,0.182296393969672,0.8054885885212304,32.85684500396546,22.32652597117324,92.61829361083015,107.75752983245242,107.81426295752861,107.81426295752861,61.96822148003018,36.286574910317825,66.39359127492855,-0.0790501771708251,99.6209762082656,810332.35,-67.20518439131796,126.5,63.31999969482422
ITRI,"Itron, Inc.",ok,Information Technology,Electronic Equipment & Instruments,2026-10-01,86.75,,753.0,False,False,0.4748710672917156,-1.9663215117806443,-5.211972047671376,-8.780229871815736,1.9269173750293245,-30.354847703660003,96.01829374404181,105.14814753741382,99.08359906018018,99.08359906018018,47.534015519719745,40.35924036992503,26.74419211448884,-37.219565350863824,11.189443389587,594974.15,-14.721841276633619,138.17999267578125,78.0199966430664
IVT,InvenTrust Properties,ok,Real Estate,Retail REITs,2026-10-01,30.40999984741211,,753.0,False,False,0.862355662260228,-0.1918150842741273,0.29791950800943656,-5.7452397012668355,-13.800748628881564,9.671843582436068,30.57509506316412,29.016926982013352,27.198360430450236,27.198360430450236,44.31072918129022,19.40383012105779,27.824019532517198,-16.52307757392271,15.227906439576783,678376.7,-47.13350266894485,36.429229736328125,26.391176223754883
JBGS,JBG Smith,ok,Real Estate,Office REITs,2026-10-01,10.154999732971191,,753.0,False,False,1.1454160513456824,-0.1474960001005221,-2.449568858584661,-13.72133102787776,-33.368644240142196,-52.17626663432993,15.154726149543883,15.662837940383243,15.139903473822402,15.139903473822402,-17.07082121645891,33.72310502206604,23.178797351100457,-51.74248498428954,1.1454160513456733,1085364.4,-54.47722442342866,21.043354034423828,10.039999961853027
JBLU,JetBlue,ok,Industrials,Passenger Airlines,2026-10-01,4.160999774932861,,753.0,False,False,-1.6312114380495513,-1.398104696495961,-4.344830663063459,-6.912752343676076,-30.880402190757838,-15.426835154295581,4.9686944465788585,5.309065747071072,5.417146090333997,5.417146090333997,-10.323278132237023,68.25415753012241,40.19688378177084,-35.588239158487234,3.250609387207489,17738038.65,-43.11054790716672,6.460000038146973,4.03000020980835
JBSS,"John B. Sanfilippo & Son, Inc.",ok,Consumer Staples,Packaged Foods & Meats,2026-10-01,66.70999908447266,,753.0,False,False,0.30070206257479803,-1.2727550898856022,-0.5070901592990174,-9.70492479087579,-24.631040625030977,9.726790260861451,73.04532344757564,70.58170646880252,76.91064534180984,76.91064534180984,-25.12251559474281,28.982138959181047,27.950299963037736,-24.631040625030977,18.54181233619063,119698.55,-51.98688705919996,88.51123809814453,56.2755012512207
JBTM,JBT Marel Corporation,ok,Industrials,Industrial Machinery & Supplies & Components,2026-10-01,107.12999725341797,,753.0,False,False,1.4584723638016772,-3.616737937268466,-3.181205805620957,-7.9639210918738375,-26.47657705706773,-23.50148532522216,136.0154018099346,129.06435514351287,118.2511541966898,118.2511541966898,3.9796761257420377,37.81411717760907,31.129641573758406,-36.296258758971064,1.4584723638016828,565891.75,-65.05780478333533,168.16908264160156,105.58999633789062
JJSF,J&J Snack Foods Corp.,ok,Consumer Staples,Packaged Foods & Meats,2026-10-01,78.0,,753.0,False,False,2.027473006712066,0.3215434083601254,1.0624510126741038,-9.486897860308174,3.734785323127632,-15.668560043493695,82.30859032888262,104.29540939635015,118.6508462406883,118.6508462406883,-48.05863904052005,30.37350293238468,29.301931441390437,-18.375261793397346,13.837498883740423,193756.1,-44.19685367325209,95.55926513671875,68.51872253417969
JOE,St. Joe Company,ok,Real Estate,Real Estate Development,2026-10-01,66.05999755859375,,753.0,False,False,0.4256594473896591,0.10607621926086441,1.8187428408277473,1.5526432889362507,7.963412258973057,34.824361642410764,62.92815461234441,55.34300596685524,54.99030178824902,54.99030178824902,26.238370745690133,28.710914728938135,51.35867339904695,-8.59658767980637,42.27149246768927,292271.05,-59.51668836171081,72.27301025390625,46.432350158691406
JXN,"Jackson Financial, Inc.",ok,Financials,Life & Health Insurance,2026-10-01,128.89999389648438,,753.0,False,False,-0.32478611502190224,-2.207726057210335,-0.960430317802552,-2.2884557483907386,24.190080909030833,31.428390065659826,110.19032523745582,98.01646310874665,84.7728853567663,84.7728853567663,276.53663532052076,37.44353856149898,32.64017942151327,-7.742744845525486,46.8163183621678,911731.9,-68.70373845644757,139.71800231933594,87.7967758178711
KAI,Kadant Inc.,ok,Industrials,Industrial Machinery & Supplies & Components,2026-10-01,262.67999267578125,,753.0,False,False,0.44356214088427937,-2.6534256445600035,-4.278121192878936,-10.188736731119674,-14.888457131805112,-11.32373730432753,303.6321570381286,321.2668687128926,309.552739359943,309.552739359943,18.009623116318508,36.738848503320796,45.73114029152908,-24.194517573621606,6.50663177942091,165564.3,-55.85642557000512,346.5184631347656,246.6325225830078
KALU,Kaiser Aluminum Corporation,ok,Materials,Aluminum,2026-10-01,147.64999389648438,,753.0,False,False,1.9541406084381263,-2.586272506637277,-2.6504940469393667,-9.589127362818529,-15.877799258579106,95.83596181312181,137.7123800610739,104.27298579272995,92.84113252495389,92.84113252495389,125.11800130444995,44.95507375660999,38.42984113767711,-24.202725254961464,97.39649494584565,211348.25,-23.413134483015597,194.79591369628906,74.79869079589844
KFY,Korn/Ferry International,ok,Industrials,Human Resource & Employment Services,2026-10-01,72.56500244140625,,753.0,False,False,1.3619306514750962,1.7599283771974505,0.784725613064241,-13.657855166726641,5.7263414239937305,6.925388624801743,68.55463606213766,67.68450911016578,64.26678533668063,64.26678533668063,65.09900917056635,28.274217575251136,26.04413319952201,-15.289023601266564,24.803674706925104,647454.3,-43.38040538150724,85.661865234375,58.1433219909668
KGS,"Kodiak Gas Services, Inc.",ok,Energy,Oil & Gas Equipment & Services,2026-10-01,53.77000045776367,,753.0,False,False,1.5102873676126505,1.9916525279749298,1.8178357498740416,-9.706127377579765,-20.25873076162833,50.98366315269007,52.48195751129635,43.52655918759654,36.228041602004254,36.228041602004254,258.8212559242777,39.65644601400276,23.191493549407525,-28.967852339631587,67.1534010074872,1933831.75,-72.2708555178081,75.6981201171875,32.16805648803711
KLIC,"Kulicke and Soffa Industries, Inc.",ok,Information Technology,Semiconductor Materials & Equipment,2026-10-01,95.45999908447266,,753.0,False,False,1.283818657265412,4.123035304007816,7.900980860542561,22.637924296782575,-21.118738992549734,137.71674656020193,73.8578899474371,56.21329226246868,52.61126563590203,52.61126563590203,107.72197227525524,46.574157930240084,66.49498797651904,-28.475718988019928,173.75483296745927,716123.15,-68.32067221957564,133.4651641845703,34.8706169128418
KMPR,Kemper Corporation,ok,Financials,Multi-line Insurance,2026-10-01,25.905000686645508,,753.0,False,False,3.6200027465820295,2.270038549827702,2.7976186601663455,-6.34489938701428,-9.078365551847433,-47.640901596893634,32.67921603672088,45.964070719076815,47.8244197789733,47.8244197789733,-32.40401014590765,35.84729647596006,37.80598433932906,-46.815533674914434,14.46597528110645,858750.85,-53.942753011539956,48.70783233642578,22.631179809570312
KMT,Kennametal,ok,Industrials,Industrial Machinery & Supplies & Components,2026-10-01,31.690000534057617,,753.0,False,False,3.0904384190400203,-0.34590787937734957,5.387432177168394,8.564576753203923,-4.771843022524703,55.13863576646465,32.13219789474729,27.186649782249177,25.716519610340377,25.716519610340377,40.04877987103299,37.73166674109527,70.94970995528922,-25.895750595409762,58.780017060452984,1414593.85,-38.37262900584504,42.76408004760742,19.958431243896484
KMX,"CarMax, Inc.",ok,Consumer Discretionary,Automotive Retail,2026-10-01,56.040000915527344,,753.0,False,False,1.6875345579312029,-0.9018538079819671,-0.5677780187345216,-8.13114604011911,9.925463747991724,24.894143636150478,46.47380956770882,58.84370509371814,63.73070379462375,63.73070379462375,-19.644389687254982,43.72373552980767,34.89702497186988,-12.737465197273663,81.47669183465139,3184126.25,-45.96869392349,64.22000122070312,30.8799991607666
KN,Knowles Corporation,ok,Information Technology,Electronic Components,2026-10-01,38.10499954223633,,753.0,False,False,2.5706540434249137,2.3227653726710207,3.6588718229490613,10.996205970973193,3.602503553331493,63.470615252096096,29.838789690108527,24.095926307587035,21.6019588397002,21.6019588397002,156.08198420143654,36.56626872696062,58.36276245943681,-10.9696256507379,84.34929560517163,629512.5,-50.191616528663054,42.79999923706055,20.670000076293945
KNTK,"Kinetik Holdings, Inc.",ok,Energy,Oil & Gas Storage & Transportation,2026-10-01,51.22999954223633,,753.0,False,False,2.0517903658226144,0.03905576668861155,-2.493340979184999,-6.905323135297192,8.995292704503587,28.855597041633473,43.391296780298624,44.03870949612196,40.06329212214051,40.06329212214051,91.97134961007536,33.697342594553135,24.639761136142397,-7.023591722425173,70.47985918973163,1315669.95,-62.25504732398881,55.099998474121094,30.05047035217285
KOP,"Koppers Holdings, Inc.",ok,Materials,Commodity Chemicals,2026-10-01,44.88999938964844,,753.0,False,False,-1.5354261035239736,-2.772360472298707,-2.3281107835916193,-2.264317240620939,-2.6674056712508665,61.80225222404048,37.34321047010876,34.13298782789375,37.1866506979285,37.1866506979285,15.861698220768105,37.73691115037049,37.4137910622888,-14.050470728143377,71.93408244100016,163090.35,-32.916325214827246,52.22832489013672,26.108842849731445
KRMN,Karman Holdings,ok,Industrials,Aerospace & Defense,2026-10-01,31.780000686645508,,410.0,False,False,-1.9740824134680257,-5.6413289825246515,-8.991974933985636,-22.65757953606634,-43.622491948159904,-55.98337668985285,69.61999999909173,59.95573169429128,59.95573169429128,59.95573169429128,5.757076517497395,68.6729345401803,38.51706357842978,-72.43472943509592,0.0,4126298.65,-65.80778272071994,115.29000091552734,31.780000686645508
KSS,Kohl's Corp.,ok,Consumer Discretionary,Broadline Retail,2026-10-01,19.030000686645508,,753.0,True,False,3.0877661454073335,4.67546956656395,10.382836074778258,7.512269858658205,5.325374638093172,27.559199981998628,16.852987959271385,14.309197413493912,16.31199597045878,16.31199597045878,11.262326344998597,74.21519673493007,64.28572077329349,-20.656214047201484,64.7531473087545,3770776.85,-25.64829181021412,23.984235763549805,11.550614356994629
KTB,Kontoor Brands,ok,Consumer Discretionary,"Apparel, Accessories & Luxury Goods",2026-10-01,63.869998931884766,,753.0,False,False,1.3326989827957991,-1.6325294444924254,-0.8383864299363109,-13.808498598852603,-24.313727812459064,-17.56873425348251,71.5113546129257,71.5234328266159,66.91135006786817,66.91135006786817,59.76202589911801,42.78481331244326,40.99540362718492,-27.034891879345818,13.601356067350403,759433.35,-56.69573900066411,87.53498840332031,56.22291946411133
KWR,Quaker Chemical Corporation,ok,Materials,Specialty Chemicals,2026-10-01,158.7100067138672,,753.0,False,False,0.6021882860740568,-1.0412757938033201,-0.4765752185479255,-2.151658631343034,-1.1959024283295872,22.192690561544715,144.8964738997202,137.82431556124135,150.1900084192851,150.1900084192851,4.816657848991013,36.53674718028548,55.194000378127434,-11.47043565484836,39.32181268046925,144932.15,-65.81641823432551,179.27345275878906,113.91612243652344
LAUR,"Laureate Education, Inc.",ok,Consumer Discretionary,Education Services,2026-10-01,38.43000030517578,,753.0,False,False,0.7075483722308817,2.1531137594065664,0.8396738118584546,3.140102083596741,0.6020930304783345,21.845273270922604,34.1139881724403,27.658774938241418,23.181173442369438,23.181173442369438,186.43913523717103,30.177669523422274,70.1754562082265,-5.017298134531911,33.113956314648426,984610.75,-18.230122919133272,40.459999084472656,28.8700008392334
LAZ,Lazard,ok,Financials,Diversified Capital Markets,2026-10-01,36.31999969482422,,753.0,False,False,0.24841334177487795,1.4808571269606663,0.553711984644889,-14.177693864052188,-11.522343487419562,-28.272875367936877,45.57244391668411,46.215290035384584,42.43298123018992,42.43298123018992,37.68076070483182,40.461745058792054,23.965149126401116,-34.84236601568138,1.5944047407670456,1885947.55,-68.3474230235088,55.74174118041992,35.75
LBRT,"Liberty Energy, Inc.",ok,Energy,Oil & Gas Equipment & Services,2026-10-01,18.579999923706055,,753.0,False,False,1.9758541378632088,-1.9525109463689794,1.864035947666287,-7.152163181943438,-21.553535021816785,52.88409844796589,22.914152213505336,18.745964394147652,19.000515636378235,19.000515636378235,9.721362124487086,55.231539452992564,28.044288493866745,-44.837466170638606,58.0058660539737,3743166.85,-31.220351558734283,33.682281494140625,11.75905704498291
LCII,LCI Industries,ok,Consumer Discretionary,Automotive Parts & Equipment,2026-10-01,83.37000274658203,,753.0,False,False,-0.35854598891891243,-2.514024767163836,-0.21544021376549427,-17.267038281360904,-18.450732478785948,-6.794018494023035,110.37249029250373,102.16479008891193,102.10619152621285,102.10619152621285,-19.827749007079532,37.077905291332904,26.43252278949427,-45.29461980079833,2.419928085146107,325391.35,-37.94334114905021,152.39817810058594,81.40017700195312
LEG,Leggett & Platt,no_data,Consumer Discretionary,Home Furnishings,,,,,,,,,,,,,,,,,,,,,,,,,
LEU,Centrus Energy Corp.,ok,Energy,Coal & Consumable Fuels,2026-10-01,138.89999389648438,,753.0,False,False,-0.42297768545761505,-1.0472332206579504,-5.715458192452971,-17.47371165629711,-14.328014733064842,-55.20366671541815,224.4569842626178,174.08264932214502,131.40240362504247,131.40240362504247,152.86727311996123,86.02248033931743,39.34192507459602,-68.14220323475129,0.5210603986587989,748648.75,-48.657497925428984,436.0,138.17999267578125
LFST,Lifestance Health,ok,Health Care,Health Care Services,2026-10-01,11.975000381469727,,753.0,False,False,-0.4571849769100633,1.140204621131935,1.4830524398827594,-4.960317310141993,6.2555447654875085,117.72727966308594,8.160773801425147,7.284880469044841,6.956786182930428,6.956786182930428,82.2678853666083,52.969632215373366,29.89898756369871,-10.50074529861018,148.96050985293292,5789007.2,-66.77592662175303,13.380000114440918,4.809999942779541
LGIH,LGI Homes,ok,Consumer Discretionary,Homebuilding,2026-10-01,47.78219985961914,,753.0,False,False,2.4489718801844695,-2.5250929958905988,-2.4654047304891957,-11.086344683228589,-22.96920715792933,-7.595821493705934,49.85421509212918,62.258908769523956,77.39358860436347,77.39358860436347,-52.11724679703433,52.397909736184026,45.23956886142561,-27.42678840016779,39.55081050614814,293243.9,-52.061065890884684,65.83999633789062,34.2400016784668
LIF,Life360,ok,Information Technology,Application Software,2026-10-01,40.33000183105469,,582.0,False,False,0.13656189470394597,0.8754434537914468,-2.2539906163620893,-3.678044280190662,-30.11609344851679,-62.060206328105295,57.14662706284296,56.53965146038162,53.43762034321159,53.43762034321159,49.37037715205439,64.82850057270106,38.44641643448397,-63.63062309222135,5.853027417962479,550855.45,-34.02824643016602,110.88999938964844,38.099998474121094
LGND,"Ligand Pharmaceuticals, Inc.",ok,Health Care,Biotechnology,2026-10-01,306.95001220703125,,753.0,False,False,-1.7351163667697733,-2.276343125612035,2.6451322351808804,7.978338927739781,-3.9430374173886173,73.28102814985589,230.9536516098749,176.01862601170026,143.4691104964906,143.4691104964906,418.75954319047185,39.31174151042105,68.14659269007332,-4.854150167567156,72.70580070096165,259637.15,-24.339409826367298,322.6099853515625,177.72999572753906
LKFN,Lakeland Financial,ok,Financials,Regional Banks,2026-10-01,57.845001220703125,,753.0,False,False,0.32084872317132973,-1.557176866859722,-1.70772689800478,-1.657596870417677,-6.504229460762867,-6.772731959216072,58.936691178215874,60.18073435323647,59.05790070613542,59.05790070613542,37.7022300472468,29.473735977739967,28.515280388170765,-9.19152193423953,6.943757011172881,196730.6,-15.309565466683884,63.70000076293945,54.08917999267578
LKQ,LKQ Corporation,ok,Consumer Discretionary,Distributors,2026-10-01,22.760000228881836,,753.0,False,False,-0.3066127685420361,-1.9810469340026948,-1.043477265731152,-7.891537546904104,-13.268787863788734,-22.179721303010226,27.940839684198775,31.65259468792919,34.96791348451004,34.96791348451004,-48.72361152172269,32.50127615366619,34.55377434542382,-32.39815558741421,2.570759825747912,3210960.55,-60.50057357447135,33.667720794677734,22.189559936523438
LMAT,LeMaitre Vascular,ok,Health Care,Health Care Equipment,2026-10-01,80.72000122070312,,753.0,False,False,-2.264190822260137,-1.967446185617594,-0.12372986203748049,-0.44400666282875534,-21.30507581134905,-6.825542692611353,92.4597748650445,90.83652301803528,82.94291120126428,82.94291120126428,50.44419944243914,38.98911481645909,50.69521395780736,-30.861761450436802,2.4827045642592442,255282.7,-33.15097341104587,116.75160217285156,78.76451110839844
LNC,Lincoln Financial,ok,Financials,Multi-line Insurance,2026-10-01,39.63999938964844,,753.0,False,False,-1.5399874757400456,-3.033272128346265,-4.2280744764583655,-7.318216120212995,8.36972898359123,2.927392987390953,38.98126656668527,35.898009429414905,32.26661671996908,32.26661671996908,93.39154528424017,37.01456147816369,15.23176507516662,-15.659575766705453,24.64164914739827,1961395.35,-27.93360094383828,47.0,31.803173065185547
LNN,Lindsay Corporation,ok,Materials,Agricultural & Farm Machinery,2026-10-01,112.5199966430664,,753.0,False,False,0.5181295238614547,-1.2115933839552673,-0.21284630065375731,-2.0031380054615133,-7.555842692840153,-18.91326378349396,117.78075236365909,123.62497398102902,121.51145792197421,121.51145792197421,0.1879140595136386,31.56244138472025,37.01691608372799,-19.633671700948447,10.072374412422498,174704.9,-42.76176569747042,140.00888061523438,102.22364807128906
LPG,Dorian LPG Ltd.,ok,Energy,Oil & Gas Storage & Transportation,2026-10-01,56.75,,753.0,False,False,3.069376288698722,4.396613986044207,4.995376135154772,11.58080872781122,61.15097938452551,109.11933334485995,35.08444161642166,28.855924689912225,29.44100341442255,29.44100341442255,168.94455330076292,43.74132962723052,55.871351429698024,-2.67535814877476,154.08105666711472,615180.6,-47.75322888920749,58.310001373291016,22.335391998291016
LQDA,Liquidia Corporation,ok,Health Care,Pharmaceuticals,2026-10-01,26.735000610351562,,753.0,False,False,-11.649040290375867,-63.70978515699031,-62.318531697958115,-60.04334307712587,-66.12821423161905,17.56816569676227,48.60875013139513,32.13214151412842,25.188997397226483,25.188997397226483,329.133234807398,73.29964029458786,20.6299065820497,-70.6305602890638,22.07763048420441,3202854.65,491.3503755157919,91.02999877929688,21.899999618530273
LQDT,"Liquidity Services, Inc.",ok,Industrials,Diversified Support Services,2026-10-01,44.0099983215332,,753.0,False,False,2.755069904346663,1.5693433227393916,1.4055225212159517,11.899304023889524,14.728878053398597,60.44476059750146,33.63742069214109,30.70151398951314,26.865259007153757,26.865259007153757,145.04454657562934,39.67292756747807,66.45019750574681,0.0,98.60107682569674,220988.45,-22.77017192527483,44.0099983215332,22.15999984741211
LRN,"Stride, Inc.",ok,Consumer Discretionary,Education Services,2026-10-01,78.36000061035156,,753.0,False,False,0.48730089389537046,2.2175800509157018,-2.0989508820081326,-10.219979713222871,-13.35692338009501,-47.38821047006577,87.01603170425173,107.47151402173289,93.26091630588648,93.26091630588648,75.06703205717955,53.70951495645828,38.983055544009865,-48.96111428816203,28.416912524591265,693010.65,-69.8398574394203,153.52999877929688,61.02000045776367
LTC,"LTC Properties, Inc.",ok,Real Estate,Health Care REITs,2026-10-01,42.619998931884766,,753.0,False,False,-0.5831584003471058,-1.0907431400296708,-1.70664591340004,3.4050356355036726,9.991262781566101,22.788943279427464,36.90290598642258,34.70425536623039,32.6673620611548,32.6673620611548,64.01734542123174,18.779904881736613,54.879546914309906,-1.706645913400039,33.19601531770443,641407.85,-40.6996655871923,43.36000061035156,31.997953414916992
LTH,"Life Time Group Holdings, Inc.",ok,Consumer Discretionary,Leisure Facilities,2026-10-01,40.604000091552734,,753.0,False,False,1.8154438416410956,2.561252677586978,1.8665315348940448,-2.9309148597544854,-0.5047813643865862,47.115940327354934,32.09751596148052,29.971940264758835,25.54045685543957,25.54045685543957,164.86627719262668,40.73067396489275,43.798452682511595,-11.209270723803986,65.12403350790343,3286489.2,-64.51581219253664,45.72999954223633,24.59000015258789
LUMN,Lumen Technologies,ok,Communication Services,Alternative Carriers,2026-10-01,5.635000228881836,,753.0,False,False,0.6250058008092862,1.8987344500864811,-3.839588728774135,-11.67711398425839,-12.363913229873258,-7.924831139648624,7.721805551695446,6.4419621466640455,5.00875829906261,5.00875829906261,305.3957040916659,100.1747677560164,14.049592639210815,-52.366861663372475,1.8987344500864904,12660442.95,-30.05964297639364,11.829999923706055,5.53000020980835
LW,Lamb Weston,ok,Consumer Staples,Packaged Foods & Meats,2026-10-01,41.27000045776367,,753.0,False,False,-1.0074314770455173,-4.423343756167519,-6.986699456270218,-21.539920808042833,-9.44562003695102,-26.744593184264588,48.37407899281335,52.8805196617704,62.66113713379717,62.66113713379717,-51.92011421118457,43.29432226478854,17.49012494642649,-36.087209162878004,9.001880662465519,1501394.3,-30.592116940899537,64.5723648071289,37.861732482910156
LXP,Lexington Realty Trust,ok,Real Estate,Diversified REITs,2026-10-01,60.93000030517578,,753.0,False,False,0.016418477562551992,0.03283608243929148,0.0,0.19733420354348663,9.665224620505942,41.830733543859644,51.132654068961976,45.5767463592894,43.65266147426083,43.65266147426083,63.15728345396994,23.427528256212305,60.97583669064079,-0.35977304204975313,44.24555178204161,922589.4,-45.55671244434415,61.150001525878906,42.24047088623047
LYFT,"Lyft, Inc.",ok,Industrials,Passenger Ground Transportation,2026-10-01,15.125,,753.0,False,False,0.7661543595241627,1.646504594588749,2.5423728813559254,-9.809185526897934,-1.5940135808932054,-31.281236516514166,16.594702364906432,15.63980079742067,15.016772918650512,15.016772918650512,43.910558236107256,60.446903368908536,46.19883432307305,-38.44118767658695,19.565220996878434,9459159.95,-54.52345638790048,24.56999969482422,12.649999618530273
LZ,"LegalZoom.com, Inc.",ok,Industrials,Research & Consulting Services,2026-10-01,5.76200008392334,,753.0,False,False,2.70944646687048,5.724775882153144,1.9823006489458228,-6.15634838406951,-16.73410375149563,-44.48940250099709,7.546337330152118,8.124764956326123,8.67775167095392,8.67775167095392,-46.048689894410046,55.77379498875192,40.217394825413585,-47.2827088468167,6.114185379013105,2723431.6,-29.5656259551369,10.930000305175781,5.429999828338623
LZB,"La-Z-Boy, Inc.",ok,Consumer Discretionary,Home Furnishings,2026-10-01,29.31999969482422,,753.0,False,True,-1.079621124877539,-1.7096890049823177,-1.9725849401464934,-5.580328337275741,-25.973649104636067,-12.231542422848939,35.26491889499483,37.101471482995024,36.143373010642975,36.143373010642975,2.178955971076113,37.64949903397714,35.067870569512095,-29.891041012041935,2.6657619258157026,788868.1,-46.61186071537181,41.82061767578125,28.558692932128906
MAC,Macerich,ok,Real Estate,Retail REITs,2026-10-01,22.454999923706055,,753.0,False,False,0.4248627493798507,-0.5095249121537915,-0.8171354723046864,-3.8047926966439993,-11.134669368053718,27.45726221598048,20.504861702994695,18.716582982188676,16.984679377886405,16.984679377886405,133.67037195785713,37.49142870473555,50.41320750751382,-14.654424670117299,43.19272486889128,3619409.7,-32.97818702314911,26.310678482055664,15.681662559509277
MAN,ManpowerGroup,ok,Industrials,Human Resource & Employment Services,2026-10-01,56.92499923706055,,753.0,False,False,2.4199304816401757,-0.16661034714212652,-0.16661034714212652,-6.97009231143666,46.75173470870917,57.64305752091556,36.0556506126646,42.16318361882669,50.15721176724985,50.15721176724985,-10.36194617853261,45.238644410210135,52.542373588363944,-9.571090473164864,126.21739555887648,790285.5,-36.32554311068594,62.95000076293945,25.163846969604492
MARA,"MARA Holdings, Inc.",ok,Information Technology,Internet Services & Infrastructure,2026-10-01,11.135000228881836,,753.0,False,True,-1.7210917576108375,-8.051192860751344,-13.815788211079717,8.84653692220665,-10.201608294874875,-39.0197147354379,11.982400786309015,14.413356555885528,15.563791488429622,15.563791488429622,30.53927992332146,94.63556451325493,42.98755712153373,-51.247810181734245,65.45319758282531,45804259.9,-45.10008882383448,22.84000015258789,6.730000019073486
MATW,Matthews International Corporation,ok,Consumer Discretionary,Specialized Consumer Services,2026-10-01,18.670000076293945,,753.0,False,False,-2.7097469686923503,-4.35451004885431,-2.861598630122708,-8.345609685323074,-29.28788319782135,-19.983354895182927,24.756472239418635,23.810742279447883,24.94714375986046,24.94714375986046,-45.894592906774015,39.73170785147699,34.05274441185229,-34.58209884084463,0.0,1124617.5,-70.70559545801127,28.539588928222656,18.670000076293945
MATX,"Matson, Inc.",ok,Industrials,Marine Transportation,2026-10-01,226.63999938964844,,753.0,False,False,3.1870333361191605,1.427613553355811,0.8095329624311587,3.365869318482728,11.560876553022336,132.0310316616867,165.29486132424975,144.10153356301356,133.0901428668464,133.0901428668464,166.42834195563069,37.26276608507415,46.442934580121324,-5.012576030144102,159.8062247337254,306689.7,-64.68939126419961,238.60000610351562,87.23424530029297
MBC,"MasterBrand, Inc.",ok,Industrials,Building Products,2026-10-01,7.014999866485596,,753.0,False,False,0.21428380693708782,0.7902274143272381,-1.3361500034438256,-11.871861396138462,-28.99797788228512,-46.73500511884867,9.853988076013232,11.881065710607277,13.04830675011137,13.04830675011137,-41.63893844151533,46.05588382958037,40.32633467811135,-49.24023139368946,7.099231484122488,3330515.65,-60.2790336685552,13.819999694824219,6.550000190734863
MBGL,"Mobility Global, Inc.",ok,Industrials,Data Processing & Outsourced Services,2026-10-01,17.514999389648438,,68.0,False,False,2.128278596133537,-1.3795092121393737,-4.4983683537376695,-11.674233701282654,-11.281372960950165,,20.1159366719863,20.1159366719863,20.1159366719863,20.1159366719863,-16.351011331673394,48.41760992607697,17.224249586386193,,,3969695.75,-46.37586520327156,,
MBIN,Merchants Bancorp,ok,Financials,Regional Banks,2026-10-01,49.16999816894531,,753.0,False,False,0.428919706698383,-4.616878958950976,-5.858704576124907,-4.770024650440641,0.925835880826642,56.120425083998946,43.0522992194645,39.36282958832395,39.24689988722681,39.24689988722681,85.34824244351115,38.669936330218675,23.012587473604285,-11.57216294691676,63.202799320732204,227003.65,-59.660120002475736,55.60466003417969,30.128158569335938
MC,Moelis & Company,ok,Financials,Investment Banking & Brokerage,2026-10-01,56.880001068115234,,753.0,False,False,-1.1126553973489273,-2.099823473402107,-1.2842726093145518,-14.79928213296654,-16.206635605676933,-16.994454328652008,64.46878118363638,64.11061660796997,59.38765983024283,59.38765983024283,46.36233798868423,37.4277328001883,21.468490698442608,-24.633492584026136,12.923004476100001,831594.55,-21.441163846011257,75.47119140625,50.37060546875
MCRI,"Monarch Casino & Resort, Inc.",ok,Consumer Discretionary,Casinos & Gaming,2026-10-01,115.83000183105469,,753.0,False,False,0.72174072265625,-1.2195124331606522,-1.880560070574322,-1.446436625456382,-10.636281808380865,10.674612671623397,107.07635310339549,96.18804293324747,86.28223976449345,86.28223976449345,92.60048143555328,27.03144516439832,28.571459403461816,-13.259718129092393,31.54181861660788,190404.25,-53.63286271183547,133.5365753173828,88.05564880371094
MCY,Mercury General,ok,Financials,Property & Casualty Insurance,2026-10-01,100.66999816894531,,753.0,False,False,1.8411732148895243,1.8411732148895243,2.4214032264211705,-0.09124658923187479,-8.591810793411614,20.34805028215856,94.29512826223223,78.73875225872632,67.84236599946243,67.84236599946243,284.10614880476055,34.865301436210146,43.81025310971934,-9.118279075171788,33.84635453543257,309033.9,-63.70042251028123,110.77034759521484,75.21310424804688
MD,Pediatrix Medical Group,ok,Health Care,Health Care Services,2026-10-01,25.709999084472656,,753.0,False,False,-0.07773205643024639,-0.848442800284932,0.19485283459808045,-2.8711758541618337,-3.9237710591494057,53.492531847597945,22.63206346829732,18.423087627289306,15.39463477558982,15.39463477558982,100.7025623910319,46.85561727369461,39.27123817848926,-6.13362666160083,62.72151122851901,696819.1,-64.3979334091158,27.389999389648438,15.800000190734863
MDU,"MDU Resources Group, Inc.",ok,Utilities,Multi-Utilities,2026-10-01,18.424999237060547,,753.0,False,False,-0.620289497237736,-0.5666564797303764,-1.1534343327676777,-6.95542445204147,-10.369899298881503,6.381334338265554,20.148801886846147,18.234550027733306,16.058253541568995,16.058253541568995,93.2736606278689,22.803061886546224,31.325271303008194,-18.043229878670967,7.7731263302191085,2137309.05,-39.19077823583819,22.48136329650879,17.096097946166992
MFP,"Midera Food Processing, Inc.",ok,Industrials,Industrial Machinery & Supplies & Components,2026-10-01,41.6150016784668,,68.0,False,False,1.947579592322679,1.1300124795753819,-3.1758908290079213,-5.848414117314027,15.56513084751221,,45.11007348228903,45.11007348228903,45.11007348228903,45.11007348228903,-62.339364996862635,148.44057988800404,50.017262915386425,,,488215.0,-33.69724404207163,,
MGEE,"MGE Energy, Inc.",ok,Utilities,Electric Utilities,2026-10-01,70.01000213623047,,753.0,False,False,0.8063429986982174,1.5668095550169125,2.219308395197084,-9.606191226816541,-16.335277017105664,-14.778105571920497,78.18706639607747,82.85281431342501,79.38041802009897,79.38041802009897,12.980579250794788,24.04360720208029,22.514873100592595,-17.587839103056616,2.2193083951970793,201053.25,-64.90233308837335,84.95105743408203,68.48999786376953
MGY,"Magnolia Oil & Gas, Corp.",ok,Energy,Oil & Gas Exploration & Production,2026-10-01,24.1200008392334,,753.0,False,False,2.681996910403739,1.7292356414692733,-2.5060587616033914,-12.829776751977606,-3.5937988145976485,3.70820543559478,25.647592544555664,24.40368071400312,23.68928202088294,23.68928202088294,17.29885952522716,33.42616587053852,27.838824085328156,-24.483017194949404,15.753565470951186,4510148.15,-26.743803304997872,31.939836502075195,20.837371826171875
MHK,Mohawk Industries,ok,Consumer Discretionary,Home Furnishings,2026-10-01,125.625,,753.0,False,False,0.7256244150410263,0.9603790821292035,5.1519199099415935,0.46784955229475234,5.257646925935688,-2.5558472042695235,115.32220231919061,118.6286953169986,117.47407048441974,117.47407048441974,48.774273292060144,39.25699020605287,48.041028093662824,-10.331909688012779,33.176081375461806,1115007.9,-50.26420889035853,140.10000610351562,94.33000183105469
MHO,"M/I Homes, Inc.",ok,Consumer Discretionary,Homebuilding,2026-10-01,135.39500427246094,,753.0,False,False,0.19610699331968906,-1.4592355990452055,-1.716746754267362,-7.282746419048591,-13.673165369903062,-6.262114383869887,137.0472817496648,134.1920618459998,131.2380677384051,131.2380677384051,62.500005722961596,36.504907140201226,39.24901024209654,-16.935580200944212,15.043760271709901,197897.0,-45.304880821841664,163.0,117.69000244140625
MIR,"Mirion Technologies, Inc.",ok,Information Technology,Electronic Equipment & Instruments,2026-10-01,14.329999923706055,,753.0,False,False,1.4872524068625825,-0.1393760085853235,-8.726114026769583,-7.607996697372399,-17.5489032470472,-38.392090358139555,20.428412732623872,18.99569724755458,15.964727776617327,15.964727776617327,91.8340070440404,46.81824717887044,34.285712209687816,-51.83193302955949,1.4872524068625916,3703369.6,-41.653352665637264,29.75,14.119999885559082
MKTX,MarketAxess,ok,Financials,Financial Exchanges & Data,2026-10-01,164.0749969482422,,753.0,False,False,0.0945575774940588,0.08234384825276386,0.1862323183883241,0.8761162651286236,41.4794622058418,-4.021258314712384,157.48543000599696,186.8314106093935,198.09887617296116,198.09887617296116,-18.13087813705897,34.794818715038325,79.94372614524096,-14.375574180245595,51.12844377106459,901022.4,-64.23529537112506,191.62171936035156,108.56658935546875
MLKN,"MillerKnoll, Inc.",ok,Industrials,Office Services & Supplies,2026-10-01,20.059999465942383,,753.0,False,False,2.034586071387623,-1.084818605790272,0.7533883459560631,-8.818184245716443,-5.593638774442756,17.746112510431455,18.149045062443566,18.80324089194674,20.734631079918202,20.734631079918202,-5.805721076047798,43.19394324350414,32.50772092473943,-17.428162924055183,50.49106408881093,743610.75,-62.97592524045679,24.293996810913086,13.329694747924805
MMI,"Marcus & Millichap, Inc.",ok,Real Estate,Real Estate Services,2026-10-01,28.829999923706055,,753.0,False,False,1.335673639986723,-0.41451066000322,-4.851483004516077,-7.052464681380055,-8.773714712123304,-0.014731320427718853,28.447428044818697,30.946178436279297,31.81466407319939,31.81466407319939,3.754156454429225,31.19180485166428,31.609925081801975,-11.252838957191912,17.33576825072145,165029.0,-58.14069042410728,32.48554611206055,24.570512771606445
MMSI,"Merit Medical Systems, Inc.",ok,Health Care,Health Care Supplies,2026-10-01,86.1500015258789,,753.0,False,False,-0.09277725610601362,-0.9770097403690725,-1.3172983799291549,-4.995587521009648,21.184422512005916,3.50834801294293,78.34793634263296,87.17177289225666,84.56467458008137,84.56467458008137,28.1421942945568,28.687805480348764,48.672571493056864,-7.5445361196316565,42.84529856441262,593505.6,-32.87140003396767,93.18000030517578,60.310001373291016
MPT,Medical Properties Trust,ok,Real Estate,Health Care REITs,2026-10-01,3.375,,753.0,False,False,-2.4566484742727046,-3.57142857142857,-6.249997516473071,-14.274829338747253,-24.73367389811194,-28.074191050491127,4.6526522522880915,4.424736905857861,4.20898595970782,4.20898595970782,-17.0503101697132,56.09795903145852,39.18366624036765,-40.4140439198717,0.0,11251526.55,-15.215673556758402,5.66408634185791,3.375
MRCY,Mercury Systems,ok,Industrials,Electrical Components & Equipment,2026-10-01,83.47000122070312,,753.0,False,False,0.5662665309676296,4.181226109935454,0.3486425997395681,0.8091765027188558,-33.86419314935859,7.842376712091781,88.28444483923533,68.35922321000422,56.46569726698269,56.46569726698269,129.94491177697952,51.62500752899274,57.61448561302474,-33.86419314935859,26.24016599124835,675137.9,-73.74491937128697,126.20999908447266,66.12000274658203
MRP,"Millrose Properties, Inc.",ok,Real Estate,Single-Family Residential REITs,2026-10-01,25.15999984741211,,416.0,False,False,-3.1189814684587147,-4.479879644419238,-7.0214325795593835,-17.724002909798187,-13.24137983650997,-17.181933863007217,28.703960168929328,27.20982702420308,27.20982702420308,27.20982702420308,31.92774675158421,33.76160152752011,11.544994150043209,-21.42411153116728,0.0,1991254.1,29.791672494233644,32.02000045776367,25.15999984741211
MRTN,"Marten Transport, Ltd.",ok,Industrials,Cargo Ground Transportation,2026-10-01,13.0600004196167,,753.0,False,False,1.0835939821674634,1.0835939821674634,1.7133976979312404,-5.364377197894998,-24.876876637681423,24.72665501589686,13.473971926976764,13.638738957059337,14.945571663845108,14.945571663845108,-29.83045026988401,29.394690756356262,33.310804110826936,-28.003648394760983,41.295026662538206,763459.0,-43.4573434853738,18.139808654785156,9.243071556091309
MSEX,Middlesex Water Company,ok,Utilities,Water Utilities,2026-10-01,52.45000076293945,,753.0,False,False,-0.9816885893527805,0.0,-0.8693991415597346,-9.802236652397578,-8.299755814210187,-0.4823936941399043,53.268734144786045,54.26437746481117,54.603068094646154,54.603068094646154,-12.301910038335473,31.55168565515934,21.957705329976136,-13.07467669131482,10.083576374179914,123869.4,-52.21741608500565,60.339149475097656,47.6456184387207
MSGS,Madison Square Garden Sports Corp.,ok,Communication Services,Movies & Entertainment,2026-10-01,395.2950134277344,,753.0,False,False,-2.4468740249320664,-5.0547588738211635,-1.790058775718173,3.564413764915586,0.03416584785247423,74.13877243512528,319.2206141759479,263.31857524735045,237.69035156979504,237.69035156979504,125.23932389044691,24.53981733342444,52.60270099465997,-5.054758873821168,85.66295929197959,303778.55,33.706280446726744,416.3399963378906,212.91000366210938
MTCH,Match Group,ok,Communication Services,Interactive Media & Services,2026-10-01,40.38999938964844,,753.0,False,False,0.5977530626364747,2.227287029864611,-1.0049016055855398,-3.6268204803096227,7.138743814956294,17.00542039860098,34.64071805136545,33.388355038555495,33.17692318443916,33.17692318443916,10.382748258327833,36.7424249728036,38.63636757716523,-9.03153603247785,41.38355504863867,3433937.9,-53.80353267308649,44.400001525878906,28.567678451538086
MTH,Meritage Homes Corporation,ok,Consumer Discretionary,Homebuilding,2026-10-01,64.41000366210938,,753.0,False,False,2.4821085534801224,-0.9076866736778877,-0.15501235592880747,-3.8380609485741624,-20.730421869163827,-8.572655102230442,68.57775259774829,71.1197493883718,73.2215244095639,73.2215244095639,13.97625106628948,38.61840783032183,52.02469999993032,-23.820058158578767,11.164347184258766,885291.0,-40.79686792252492,84.54981994628906,57.94124221801758
MTRN,Materion Corp.,ok,Materials,Diversified Metals & Mining,2026-10-01,284.5400085449219,,753.0,False,False,5.545462520906619,8.607206057900818,11.08768340451003,21.49963942893467,7.263070426381835,136.31239096874626,182.60699217660087,139.608382722771,131.15380820873406,131.15380820873406,188.24047865480048,47.089541052315205,68.85199215542374,-4.2643201424688115,156.04394578368672,239471.75,-26.949629757998594,297.21417236328125,111.12936401367188
MTUS,Metallus Inc,ok,Materials,Steel,2026-10-01,19.3799991607666,,753.0,False,False,2.0537092909373555,2.161306601226265,2.3231183437285807,2.648305202465373,10.74285234723773,17.241369363182123,18.51365077684796,16.68195218204027,17.923718451187113,17.923718451187113,-10.236224993988186,41.227125756972654,51.82290864694482,-12.02905784512901,33.10438600438441,325281.95,-53.47451649253825,22.030000686645508,14.5600004196167
MTX,Minerals Technologies,ok,Materials,Specialty Chemicals,2026-10-01,65.26000213623047,,753.0,False,False,-0.21406634003370284,-2.393057821589928,-1.6427978341488014,-7.7727527331205355,-12.210837453590973,5.796726900391991,68.52618471781413,67.34905383501395,68.3292464450061,68.3292464450061,23.98309149982385,29.290633107971363,28.536899254127206,-20.967335694462975,19.297375286170446,177818.95,-63.51401242668455,82.57345581054688,54.703636169433594
MWA,Mueller Water Products,ok,Industrials,Industrial Machinery & Supplies & Components,2026-10-01,21.440000534057617,,753.0,False,False,0.9416231878279557,-0.9242091554147236,-0.13972417445871077,-9.036907884365952,-13.91083185188975,-15.093814444981746,25.747337924109566,25.034442772428353,22.002850545196736,22.002850545196736,76.9243415370336,30.682702281836356,15.083816741184634,-29.029706323418512,0.9416231878279547,1444238.95,-58.72712060563108,30.209823608398438,21.239999771118164
MXL,"MaxLinear, Inc.",ok,Information Technology,Semiconductors,2026-10-01,92.54000091552734,,753.0,False,False,2.4692762896895815,2.8222232394748303,8.474977803120654,60.68762054234676,-0.6228541816446387,475.49752086192234,45.50242061842056,30.314701181008996,26.459243030978705,26.459243030978705,320.4452519454999,94.02653866864958,65.97333441840277,-27.720064205380947,609.1187705976294,2912279.05,-40.80302847352488,128.02999877929688,13.050000190734863
MYRG,"MYR Group, Inc.",ok,Industrials,Construction & Engineering,2026-10-01,296.6099853515625,,753.0,False,False,1.4189954242413982,3.7351774732815146,0.48444769674884647,3.5432500870112182,-31.50043216966084,42.580390853264326,305.7175400143578,229.13402416031673,198.70417022705078,198.70417022705078,131.41920074040308,47.71812749367169,54.19342955694719,-40.81176890996105,50.892798646713054,247582.25,-66.90190835570804,501.1300048828125,196.57000732421875
NABL,"N-able, Inc.",ok,Information Technology,Systems Software,2026-10-01,4.3109002113342285,,753.0,False,False,5.143910039201827,6.441975513883258,7.236324173829201,12.85079284477122,4.888079593516648,-44.73204992411565,5.373892467173319,7.134165145961412,9.127026429689263,9.127026429689263,-66.99157677775366,51.65621793305133,61.55620823567268,-49.28352692547966,43.696673711140946,3213860.7,-64.39752351432033,8.5,3.0
NATL,NCR Atleos,ok,Financials,Transaction & Payment Processing Services,2026-10-01,45.165000915527344,,746.0,False,False,-0.033199180051179944,-1.2786865234375,-1.6441578473941565,-2.4092435029802073,1.3349814331998333,14.894427213667004,42.36863098447285,36.455408430669415,32.554390109576104,32.554390109576104,96.36956919794497,38.59496784732468,27.51165338304814,-6.1603990999121745,32.33225755073642,802742.35,-37.595543576341775,48.130001068115234,34.130001068115234
NAVI,Navient,ok,Financials,Consumer Finance,2026-10-01,9.09000015258789,,753.0,False,False,0.22051222091092892,2.5959424923601038,-2.2580648800005987,-0.3658162313861846,7.38735969816573,-25.889637905965955,9.533406021103026,11.016612217245823,12.068096931553773,12.068096931553773,-37.68148367344884,36.02609482920552,43.52941616458541,-27.558221369648127,26.887768118974936,1514483.65,-52.064652530253454,12.54800796508789,7.163811206817627
NBHC,National Bank Holdings Corporation,ok,Financials,Regional Banks,2026-10-01,39.02000045776367,,753.0,False,False,-0.43377947155490704,-1.5640740197555902,-2.4743761692104793,-4.503181901866493,-11.648077582850181,4.220016183923714,39.97337704613095,39.3048334539649,37.40692158175971,37.40692158175971,43.84640665204229,28.244407714143605,9.226137088698707,-16.47103083305882,13.151495669011219,398509.15,-61.86210529921333,46.714332580566406,34.4847412109375
NBTB,"NBT Bancorp, Inc.",ok,Financials,Regional Banks,2026-10-01,50.529998779296875,,753.0,False,False,0.7376374262566099,-0.5706432846690479,-1.1734838182753782,0.437283641424524,1.6896069851429107,25.12395371764804,44.898790949866886,43.635857000768894,40.91260437883071,40.91260437883071,75.13921348677096,28.553346900038967,38.14227029048277,-6.144197197477213,33.05769799085542,355899.65,-14.050772457910544,53.83790588378906,37.97600555419922
NE,Noble Corporation,ok,Energy,Oil & Gas Drilling,2026-10-01,42.0099983215332,,753.0,False,False,0.6468534552208638,-1.4081255109688828,-3.9551972806285307,-8.902434494927691,11.743778922296123,55.733305239311214,39.40562203573802,32.77672376670685,34.67579055117421,34.67579055117421,-1.0458028923744367,41.52800990665166,35.122818478152595,-21.075236559238427,64.94898679814254,1172895.85,-64.24942589744862,53.2279052734375,25.46847915649414
NEO,"NeoGenomics Laboratories, Inc.",ok,Health Care,Health Care Services,2026-10-01,17.850000381469727,,753.0,False,False,-2.7777789320676427,-7.465010190323529,-8.74232684643006,2.2922613240212497,17.744067025942712,131.21762780548724,11.922777792764089,11.347191234033897,12.70063746719563,12.70063746719563,50.00000801407014,63.68223257875687,53.75887154177947,-10.346556914766328,148.26147759962961,2062688.25,-32.12425581034846,19.90999984741211,7.190000057220459
NEOG,Neogen,ok,Health Care,Health Care Supplies,2026-10-01,12.380000114440918,,753.0,False,False,-3.2812505471520037,-9.76676477046512,-9.370422747213192,6.357386162300771,32.548178931353824,116.8126100128454,9.168095234840635,9.02784859896656,11.35277557119747,11.35277557119747,-29.89807349146111,56.38244074024995,56.94444628409329,-11.444917597897605,128.8354984032565,4361216.85,-64.54803663339969,13.979999542236328,5.409999847412109
NGVT,"Ingevity, Corp.",ok,Materials,Specialty Chemicals,2026-10-01,71.0875015258789,,753.0,False,False,0.47703395883944566,-2.271784968959567,-0.978547681696007,3.762223484569649,-1.934744625770768,28.805043114236263,66.65137890407017,55.45142929107544,51.51230745454867,51.51230745454867,53.20581721582685,46.634182225716344,58.6849271348229,-8.710030796808764,53.86904838084682,269649.85,-43.63171349807908,77.87000274658203,46.20000076293945
NHC,"National Healthcare, Corp.",ok,Health Care,Health Care Facilities,2026-10-01,222.0,,753.0,False,False,1.1343472076331906,-1.4623459167298458,0.4808358374708277,1.6876852084700023,1.9344148471631017,85.43055912334083,171.1725644611177,137.57885467103753,123.01577029791802,123.01577029791802,265.1202668398452,30.217818967970217,47.119250668975745,-5.949090173791619,91.87317926278273,104187.65,-43.3205375109238,236.04237365722656,115.70142364501953
NHI,"National Health Investors, Inc.",ok,Real Estate,Health Care REITs,2026-10-01,64.7699966430664,,753.0,False,True,-1.3103773371052174,-1.7109373842232434,-2.179263997315717,-9.09588042484648,-15.219496713651026,-14.412429168356589,74.97140675499325,71.53465485287853,66.08895361344337,66.08895361344337,47.94149175921434,21.74116881644498,16.991259958233428,-26.13137244409408,0.0,390938.35,-39.89666145570011,87.68268585205078,64.7699966430664
NIC,Nicolet Bankshares,ok,Financials,Regional Banks,2026-10-01,162.22999572753906,,753.0,False,False,-0.48460834512156215,-2.710647239856634,-3.192508679471917,-2.3299278951047886,-2.485835464105346,21.73984882459652,146.6779642559233,131.0483070160763,114.03724385701011,114.03724385701011,143.67414480084983,31.182947448277137,27.23716381418093,-9.185779862552577,42.33319961586293,152861.95,-32.39717274311887,178.63941955566406,113.9790267944336
NMIH,"NMI Holdings, Inc.",ok,Financials,Commercial & Residential Mortgage Finance,2026-10-01,38.09000015258789,,753.0,False,False,2.063238113773247,-7.029536202844677,-8.371420658609274,-13.959792729326681,-7.188110860454023,-0.6520605086203335,39.53964292435419,38.77567731241781,36.601062437769265,36.601062437769265,43.898757614893256,24.536922929197,12.820514074522563,-16.670310838998073,7.751065903079707,697471.15,53.199598291628256,45.709999084472656,35.349998474121094
NOG,"Northern Oil and Gas, Inc.",ok,Energy,Oil & Gas Exploration & Production,2026-10-01,23.65999984741211,,753.0,False,False,3.4090940352087484,3.9543127954777324,2.236414931696662,-8.468159940284604,34.41667927253247,3.225467685574701,22.619424774533226,25.379989422649977,27.64037339209244,27.64037339209244,-26.61694503115717,43.83978541910803,33.49480664441599,-18.644093363638845,38.904968323072964,2130631.5,-24.70636053207699,29.08209228515625,17.033227920532227
NPK,"National Presto Industries, Inc.",ok,Industrials,Aerospace & Defense,2026-10-01,149.0,,753.0,False,False,0.5669521578889114,1.859448484687909,3.4004119978762626,1.4019310768796256,20.931743451962646,33.83138764592313,126.41977724953303,108.91215483220925,97.33452123918065,97.33452123918065,118.24068293187699,29.354176161349454,39.573452575374986,-4.974491645375239,63.87368209069817,111446.25,-23.797346254360285,156.8000030517578,90.92369079589844
NPO,"EnPro Industries, Inc.",ok,Industrials,Industrial Machinery & Supplies & Components,2026-10-01,314.6300048828125,,753.0,False,False,2.7329703031071295,2.338668483056816,1.1054347551072041,9.383264581072371,-6.11623404456626,39.883824930911494,274.18514518132287,228.56454677505798,200.91763287426465,200.91763287426465,163.25867189245048,36.69035872651923,61.93451804473165,-18.746281544267326,56.07870458470208,157863.55,-56.753158027929814,387.2192077636719,201.58419799804688
NSIT,"Insight Enterprises, Inc.",ok,Industrials,Technology Distributors,2026-10-01,162.6649932861328,,753.0,False,False,4.058972405722905,4.299170481934489,1.8374742610023809,5.578623712159048,43.519497566590594,43.43090382994112,102.64740065922813,126.7680180310253,146.25820066697727,146.25820066697727,12.314431560860427,38.18330739974124,46.32022501063818,-1.6357271034191057,152.46778288943395,367662.2,-42.924782585753995,165.3699951171875,64.43000030517578
NSP,Insperity,ok,Industrials,Human Resource & Employment Services,2026-10-01,49.04999923706055,,753.0,False,False,5.280101044034913,4.5619258081632585,2.400830218262784,-3.444889192062184,9.387987159792832,7.4192709466802675,37.526387411450585,51.375011778447735,64.31236468716605,64.31236468716605,-42.18551192151286,50.68554768564404,46.819090161043846,-8.14486409998467,153.9280390330911,447151.75,-46.00602591849411,53.39929962158203,19.316495895385742
NSSC,Napco Security Technologies,ok,Information Technology,Electronic Equipment & Instruments,2026-10-01,36.36000061035156,,753.0,False,False,2.0774893336798828,3.707926942783568,1.9058304354250266,3.6745372851429536,-3.3212306810957215,-14.002842585661245,39.74441965799483,35.43420436372795,36.52220163940592,36.52220163940592,71.51949199649388,46.355838302369904,51.225518841154255,-22.05008343695654,4.936956726131511,357805.65,-53.21119160639303,46.64533615112305,34.649375915527344
NTCT,"NETSCOUT Systems, Inc.",ok,Information Technology,Communications Equipment,2026-10-01,40.22999954223633,,753.0,False,False,0.12443812016125211,2.080689413852066,2.4968141203473238,5.868419847990336,-1.7102388412416736,55.749127607678986,33.40261894559104,27.97972105033844,25.613930895983934,25.613930895983934,42.76082010846303,34.59577799184476,66.51515764529087,-10.281000434130243,57.950532496256635,646889.55,-65.0186032530592,44.84000015258789,25.469999313354492
NTST,NETSTREIT Corp.,ok,Real Estate,Retail REITs,2026-10-01,17.354999542236328,,753.0,False,False,-1.8382395776560534,-4.274680939905262,-6.036815444340482,-15.0929594482201,-18.979988657755108,0.4941088634325519,19.085373961736284,17.039440455189737,16.296958982865334,16.296958982865334,31.708082834797004,22.479695530647213,10.940163360377483,-21.163820373432703,4.6461703648704225,1591657.2,-44.244024404249856,22.01400375366211,16.584457397460938
NWBI,"Northwest Bancshares, Inc.",ok,Financials,Regional Banks,2026-10-01,14.880000114440918,,753.0,False,False,0.2695415191491968,-1.587300085546861,-1.9762858017372653,-1.7173066247419544,-0.272450044060768,27.36149545087112,13.211071487457033,12.463995084344628,11.687607137013876,11.687607137013876,76.87354119787564,25.48844269053291,31.055929686431,-5.878624603600218,37.31741723957757,1126950.7,-50.2361549622357,15.80937385559082,10.836207389831543
NWL,Newell Brands,ok,Consumer Discretionary,Housewares & Specialties,2026-10-01,5.320000171661377,,753.0,False,False,0.757575004991895,-2.2058802260453536,-4.830053194211759,-10.43770841054844,-7.7006970317310515,8.48422912389315,4.414974422681899,5.395861976175194,5.804280132253173,5.804280132253173,-28.807661182925504,63.16582486951569,29.77100903806324,-16.088327387660478,82.78371055135175,5879296.95,-49.85218428199991,6.340000152587891,2.910543918609619
NWN,NW Natural,ok,Utilities,Gas Utilities,2026-10-01,46.43000030517578,,753.0,False,False,-0.5142444250817002,-0.7905960211891716,-1.1496719214248774,-6.03116687196753,-5.706657419658678,7.607694593448366,48.36739425053672,43.53314519783415,40.321069398249286,40.321069398249286,44.48810924324857,21.961790117592255,22.91109500233921,-15.176784230118265,10.68712918342212,275207.5,-52.16336764078014,54.73737335205078,41.94706344604492
NX,Quanex Building Products Corporation,ok,Industrials,Building Products,2026-10-01,19.114999771118164,,753.0,False,False,1.2983514625785286,-1.367385970712065,-0.8558138467372189,3.7759187003992833,12.34289757533411,36.86889558879041,17.560492367971513,19.2634518896916,22.78203763746487,22.78203763746487,-28.67269672424063,50.25901075963509,27.959657121677438,-16.318507478613835,73.00227703057813,541662.6,-63.399355982857216,22.842565536499023,11.04898738861084
NXRT,"NexPoint Residential Trust, Inc.",ok,Real Estate,Multi-Family Residential REITs,2026-10-01,19.049999237060547,,753.0,False,False,-2.357770304586271,-3.981859422638656,-5.599608776147591,-16.62271301091377,-32.09628380675251,-35.92597099936752,26.515857242402575,30.185577008828698,30.147268029323136,30.147268029323136,-26.651157270796755,29.677031965073912,21.364372068947105,-35.886176797178905,0.0,917568.55,-25.218557240219276,29.712779998779297,19.049999237060547
OFG,OFG Bancorp,ok,Financials,Regional Banks,2026-10-01,50.279998779296875,,753.0,False,False,0.39935491399716305,-1.1110990235728258,-2.143189327530104,-2.856643790865332,2.326430676533242,18.293117000208746,44.02489810519748,42.314003583444546,39.824068755900875,39.824068755900875,81.02687144662522,27.395812205839505,25.207127145320882,-6.151777139556635,38.480962413585985,273550.05,-51.05063954475606,53.57586669921875,36.3082389831543
OGN,Organon & Co.,ok,Health Care,Pharmaceuticals,2026-10-01,13.729999542236328,,753.0,False,False,0.21897615612302967,0.0,0.0728810132136104,-0.21802824234361529,1.4763355301743664,29.60598719347425,10.25671002221486,11.441234861237119,13.150052300487381,13.150052300487381,-7.610480219317606,54.820300027171264,71.4287660594831,-0.3628460936412691,141.5907829687364,2442697.35,-50.50361028147839,13.779999732971191,5.683163642883301
OI,"O-I Glass, Inc.",ok,Materials,"Metal, Glass & Plastic Containers",2026-10-01,5.695000171661377,,753.0,False,False,0.7964615138828401,-1.4705888418954038,-2.8156989435778823,-18.874641208905828,-41.828394342675345,-56.09097876321017,10.93636903687129,11.716543822649466,12.530458167887938,12.530458167887938,-65.67209090246446,47.48943681589302,17.5097222840688,-65.7546574921243,0.9751827389679198,3582560.15,-31.82799736104919,16.6299991607666,5.639999866485596
OII,"Oceaneering International, Inc.",ok,Energy,Oil & Gas Equipment & Services,2026-10-01,44.560001373291016,,753.0,False,False,2.1315614999042998,-2.7923184446687066,-4.521098946728285,-13.172249340864607,15.74026330724938,79.8224380086696,35.5015476014879,29.3362748898358,27.234316078631842,27.234316078631842,80.84416589722487,44.5606188572391,23.43367637692333,-17.64923143474069,100.72072000861915,927143.2,-48.38294666886409,54.11000061035156,22.200000762939453
OMCL,Omnicell,ok,Health Care,Health Care Technology,2026-10-01,33.47999954223633,,753.0,False,False,-1.674007951823453,-1.1514597045980346,1.3624001803521413,-2.9846387406347263,-22.193817122893712,9.950734658058447,39.0206746071104,37.665338611222836,36.26880475281086,36.26880475281086,-25.863596865900128,53.416106381941,56.106193256278566,-34.85113847076586,13.645623159175436,538197.6,-63.7211314208759,51.38999938964844,29.459999084472656
OPLN,"OPENLANE, Inc.",ok,Industrials,Diversified Support Services,2026-10-01,35.08000183105469,,753.0,False,False,2.7834770970076583,1.1534069272173708,1.6811647276947506,0.08559941411472316,-13.596051355974591,21.890204982978002,31.986071442800856,26.95786855325281,23.296162030294756,23.296162030294756,134.49199025135758,32.08911585180089,48.04690876037491,-18.228436868718752,43.24214846431175,1070991.7,-27.596637770395414,42.900001525878906,24.489999771118164
OSIS,"OSI Systems, Inc.",ok,Information Technology,Electronic Equipment & Instruments,2026-10-01,197.27499389648438,,753.0,False,False,1.4945716171600676,2.1938462275401305,-1.999507746772633,-5.392772945315771,-11.041216277445741,-20.849386314952934,248.4233928862072,223.14734084292712,193.11292839303593,193.11292839303593,65.56860375166427,37.80050769102317,39.31453684123916,-36.297145904733675,2.587098682150066,229681.05,-52.49020326230658,309.67999267578125,192.3000030517578
OSW,OneSpaWorld Holdings Limited,ok,Consumer Discretionary,Leisure Facilities,2026-10-01,22.760000228881836,,753.0,False,False,1.2005356181035154,-0.08779831940654015,1.020859011214581,2.3381315787555312,-20.489707328065787,8.628726524098695,22.908774353208997,21.11606482585588,18.5958272774381,18.5958272774381,109.5554023039373,34.54519493165249,62.750017881410486,-20.489707328065784,18.25952251786014,952370.95,-59.163076110206845,28.625225067138672,19.245807647705078
OTTR,Otter Tail Corporation,ok,Utilities,Electric Utilities,2026-10-01,88.51000213623047,,753.0,False,False,0.5338496317759844,0.0,0.28325401535127526,-1.2054852615318024,-2.5447916426903694,10.771231939804649,85.55013117714533,80.88743491001813,80.42953185224596,80.42953185224596,28.81877346608308,25.65939723594323,51.81600031034846,-5.532118328825123,20.984927545239838,246325.8,-66.54187259312666,93.69322204589844,73.15787506103516
OUT,Outfront Media,ok,Real Estate,Other Specialized REITs,2026-10-01,28.059999465942383,,753.0,False,False,1.117115192585172,0.5374404132939548,0.46544632777003603,-4.8019629345840915,-13.638063372658493,60.08608933686597,26.51550379253569,21.384529636200682,18.32062239412609,18.32062239412609,255.6594594849418,36.61332257784068,40.7284320672803,-16.064673156765966,71.70822330825945,1679075.1,-46.524011939668455,33.43050003051758,16.3416748046875
PAHC,Phibro Animal Health,ok,Health Care,Pharmaceuticals,2026-10-01,36.03499984741211,,753.0,False,False,0.8254005458624425,0.9383727655838614,6.203947902456175,-5.790850072125209,8.683262458723263,-9.829267261297424,40.98134896111867,32.83881492918706,26.58069446077385,26.58069446077385,201.60015855277015,53.4173991903098,53.01380382544483,-39.072194963630466,27.281862761115132,229051.1,-56.070064714816915,59.143768310546875,28.311182022094727
PARR,"Par Pacific Holdings, Inc.",ok,Energy,Oil & Gas Refining & Marketing,2026-10-01,85.44999694824219,,753.0,False,False,4.6924700720137436,9.59342774199281,11.306500826791076,6.77245814271763,46.0933398805163,141.247886407744,55.476031606159516,38.37627484029033,35.74818056544776,35.74818056544776,139.69142578076097,51.12969461853517,51.53021271528444,-1.2024522386570642,156.76081755567762,947110.9,-51.73553593354274,86.48999786376953,33.279998779296875
PAYC,Paycom,ok,Industrials,Human Resource & Employment Services,2026-10-01,228.1199951171875,,753.0,False,False,4.8104762298696535,3.418257876300057,3.3105374029334778,-4.131120805684596,64.13622164848624,10.634376680783397,159.21594095986987,187.72726496662276,185.0221378382142,185.0221378382142,-10.101381100719397,46.37344365088292,65.46858389979323,-5.155500139284346,101.7057478103395,750446.35,-55.48955631538484,240.52000427246094,113.0954360961914
PAYO,Payoneer Global Inc.,ok,Financials,Transaction & Payment Processing Services,2026-10-01,7.14900016784668,,753.0,False,False,0.12605464326869154,0.12605464326869154,0.2664804081458527,0.6901445615814739,0.8321581662766864,18.165288305194682,5.9282896840383135,7.000276898957819,6.526698539931461,6.526698539931461,15.120774942537674,48.70446013549219,55.82335931365978,-0.43175015644974407,67.42389226651646,2835009.75,-60.59643181121335,7.179999828338623,4.269999980926514
PATK,"Patrick Industries, Inc.",ok,Consumer Discretionary,Automotive Parts & Equipment,2026-10-01,67.47000122070312,,753.0,False,False,-0.4573584599833813,-2.217389535212866,-0.4279824474389793,-17.011071724376357,-20.201879563998325,-33.54084999566379,99.88047118414016,94.94752417332623,85.93292213024529,85.93292213024529,42.613864838175445,34.401824739245015,27.79025849077415,-53.042769419669,0.0,598294.8,-41.818648599319275,143.68394470214844,67.47000122070312
PBH,Prestige Consumer Healthcare,ok,Health Care,Pharmaceuticals,2026-10-01,45.40999984741211,,753.0,False,False,-1.0028321237934623,-3.2388673511174804,-0.5257429801634128,-13.73480172125172,-8.114120740807751,-27.227566126613954,56.73210325695219,67.3860558969566,66.99543168978545,66.99543168978545,-20.653503039259924,28.155361924476747,43.19787104696665,-35.32260299166591,0.9784269841345243,607474.4,-39.373906126743776,70.20999908447266,44.970001220703125
PBI,"Pitney Bowes, Inc.",ok,Industrials,Office Services & Supplies,2026-10-01,16.334999084472656,,753.0,False,False,0.09190802652523367,-0.27472575457592185,-0.15282105712811633,-4.529523660040258,-2.3227566095921914,47.530646103460406,13.229541865606157,11.123354687633743,8.931904871625255,8.931904871625255,416.9997303093775,47.639027313347874,28.35811377862599,-11.240890376502431,84.84025068838298,1679492.9,-38.59110687517643,18.403743743896484,8.837360382080078
PCRX,"Pacira BioSciences, Inc.",ok,Health Care,Pharmaceuticals,2026-10-01,25.170000076293945,,753.0,False,False,0.4790452809909196,-0.8664801837064529,-1.5258192402081039,-4.911217494458642,-0.8664801837064529,-2.328290146727441,23.766190536438472,23.274800823029295,24.28735726066478,24.28735726066478,-15.706632411895317,50.824874900521756,48.56278016877576,-8.870386272614804,31.367433594701154,535835.25,-57.74727399886439,27.6200008392334,19.15999984741211
PDFS,"PDF Solutions, Inc.",ok,Information Technology,Semiconductor Materials & Equipment,2026-10-01,53.28499984741211,,753.0,False,False,4.378061985805148,7.10552733148162,11.288635460988395,27.506577363135975,-9.961136240900126,106.37103205734518,39.707757881709504,31.83160354796634,31.97166664001951,31.97166664001951,67.19484921323217,53.65202132433119,64.26170067439352,-24.72807012533266,122.2987124481278,596228.35,-54.603466943495725,70.79000091552734,23.969999313354492
PEB,Pebblebrook Hotel Trust,ok,Real Estate,Hotel & Resort REITs,2026-10-01,18.809999465942383,,753.0,False,False,0.26652045016273274,0.4808212526030031,1.1831064238660982,6.088266028736555,0.21330439821047875,65.59537454616773,14.300683540011208,12.818249898127826,13.229830852067803,13.229830852067803,41.544614003661515,38.20201300590282,72.68582161548981,-4.708568449169855,84.91484034363307,2199791.6,-30.846540190443495,19.739444732666016,10.172249794006348
PECO,Phillips Edison & Company,ok,Real Estate,Retail REITs,2026-10-01,37.29499816894531,,753.0,False,False,-0.12051950578114701,-0.7847884608807809,0.47144192375023763,-3.887467844634196,-10.597585895416838,12.449075831291756,37.419810930887856,35.830703913928026,34.48644599053331,34.48644599053331,25.474323103960515,18.42913348294981,33.55259442929584,-14.776151695182824,16.101554926661805,1079887.05,-34.53565352043068,43.76122283935547,32.122737884521484
PENG,"Penguin Solutions, Inc.",ok,Information Technology,Semiconductors,2026-10-01,55.084999084472656,,753.0,False,False,0.7222535521709927,0.1909777066397833,3.7773119522481524,15.749104660335234,-10.387184007538297,109.60805801068622,35.860496142553906,28.03192238978656,25.47796817541439,25.47796817541439,124.47024054354614,70.98349070855015,57.930891485804544,-32.31969591158564,239.19334889670333,1342764.25,-37.182941830630355,81.38999938964844,16.239999771118164
PENN,Penn Entertainment,ok,Consumer Discretionary,Casinos & Gaming,2026-10-01,14.444999694824219,,753.0,False,False,-1.3993169218022183,-5.216536012031813,-6.746288519915911,-11.92073151939047,-34.400547708747695,-25.000002475789994,16.55208336360871,17.47977092826509,18.306049159481866,18.306049159481866,-35.913934746678045,53.12684994250544,9.189845064257128,-34.51949209189547,22.831627667388897,3150614.05,-14.604551452438287,22.059999465942383,11.760000228881836
PFBC,Preferred Bank,ok,Financials,Regional Banks,2026-10-01,105.1449966430664,,753.0,False,False,0.396250618572469,-3.5543937986778906,-3.1635707589441564,3.346765137400709,-1.1449103407968564,20.198891749030178,95.26473638746474,89.45064784806088,82.12838152395301,82.12838152395301,88.58025795752869,28.133541747357928,57.567264573991025,-3.9596333402858295,29.184146649537805,180231.2,-35.95781418533528,109.4800033569336,81.39156341552734
PFS,"Provident Financial Services, Inc.",ok,Financials,Regional Banks,2026-10-01,22.180999755859375,,753.0,False,False,0.1399554756794208,-1.5490498009305464,-2.157037136254436,-3.5608706266983647,-4.860182273095159,20.21968056875625,21.29208647258698,19.2452000298823,17.539674183920244,17.539674183920244,70.33808043549668,31.812284866372753,23.369858288017582,-11.408565049262148,29.632878406696676,854856.25,-18.05347390277605,25.03740882873535,17.110628128051758
PGNY,"Progyny, Inc.",ok,Health Care,Health Care Services,2026-10-01,25.010000228881836,,753.0,False,False,-0.7145704698672595,-1.9984334629064793,-3.6965695412205846,-2.5331240155709867,-17.240235614996557,16.21747071041113,23.817460355304537,22.115278905131426,25.174541876135596,25.174541876135596,-26.267684024289906,52.26698950110244,25.726118747986803,-22.713226955621728,53.43559140799079,1162496.0,-42.07119852455406,32.36000061035156,16.299999237060547
PHIN,"PHINIA, Inc.",ok,Consumer Discretionary,Automotive Retail,2026-10-01,59.7400016784668,,753.0,False,False,0.5216243844845092,-1.6463614954994599,-0.3336619166238508,-10.201891573791189,-20.74614243999211,5.768472390383583,67.64295440249973,57.388384860825255,49.81765326085794,49.81765326085794,144.33861791611488,35.12240023735983,25.78243209939359,-29.540755771315965,18.16465170458571,419607.55,-38.9546255781146,84.78660583496094,50.556575775146484
PI,"Impinj, Inc.",ok,Information Technology,Electronic Equipment & Instruments,2026-10-01,183.47000122070312,,753.0,False,False,2.331422885324863,3.725687559911961,3.907794987975821,9.084962576547962,29.58751154674737,1.5048416158800038,151.2947222694518,145.8878287813103,138.60976106965367,138.60976106965367,249.93324461718788,67.94745349220234,60.161970734091355,-24.157745259279565,100.8649097619836,400216.35,-35.278256373084204,241.91000366210938,91.33999633789062
PIPR,Piper Sandler Companies,ok,Financials,Investment Banking & Brokerage,2026-10-01,65.83000183105469,,753.0,False,False,-0.21221674557814207,-8.174083429751677,-7.386043703935707,-11.625716580838963,-7.150266761649171,-22.093898644879673,79.42574019659133,75.15362020697727,65.97294186595902,65.97294186595902,95.73911765212966,35.30771485551386,24.321698871669767,-28.64952518299722,1.7150812568224847,810189.35,-25.30301712803309,92.26287841796875,64.72000122070312
PJT,"PJT Partners, Inc.",ok,Financials,Investment Banking & Brokerage,2026-10-01,141.16000366210938,,753.0,False,False,-1.0861207895992653,-5.350674373204367,-5.363368063547602,-21.403118672084386,-13.272906331897893,-20.08281752354112,161.81090939234173,159.6193416945013,139.77830281453936,139.77830281453936,82.62833399104888,31.87429852722385,10.270286617636955,-25.910426297706106,9.711157162106488,428450.95,-36.1142739909901,190.52613830566406,128.66513061523438
PLAB,"Photronics, Inc.",ok,Information Technology,Semiconductor Materials & Equipment,2026-10-01,31.350000381469727,,753.0,False,False,1.8518508190661809,2.7868864966220652,5.166054824277255,14.70911258319003,8.627857652314287,36.60130431060777,33.4508332903423,27.61241034397566,27.003957490047135,27.003957490047135,54.35746531672836,61.97484707697137,65.08951855786876,-42.958513639555804,54.58579546357646,820626.7,-51.715682660581244,54.959999084472656,20.280000686645508
PLMR,"Palomar Holdings, Inc.",ok,Financials,Property & Casualty Insurance,2026-10-01,126.66999816894531,,753.0,False,False,2.741501523496459,2.9502578238032706,0.8278284949966741,-3.9359945528460782,-9.206389795087144,8.87456541363363,124.24190503075009,124.52977514076993,107.81839098176792,107.81839098176792,155.6023556584937,38.45890166507636,37.732523887056,-12.51217502613112,25.33134367972334,231560.8,-32.14913750513904,144.78585815429688,101.0680923461914
PLUS,"ePlus, Inc.",ok,Information Technology,Technology Distributors,2026-10-01,92.6500015258789,,753.0,False,False,2.9330066959145196,3.6237531943448476,1.634486401835078,7.01085651010811,14.997422841737663,32.095833981458014,83.70730506049262,78.15644343250776,77.47229688322719,77.47229688322719,45.61649692314067,35.335823436779606,53.66071142712535,-4.23399393189126,34.73318187461397,229898.9,-49.3786181665071,96.74623107910156,68.76554107666016
PLXS,Plexus Corp.,ok,Information Technology,Electronic Manufacturing Services,2026-10-01,269.57000732421875,,753.0,False,False,3.3033127855723654,1.7398913110707293,3.042705713988414,12.994089386043717,-2.0137320789226254,86.30866181192027,213.43944464789496,176.48866551615802,152.78658708063256,152.78658708063256,188.89723971425786,36.04827300886559,61.33142940739332,-11.273121971671348,103.08120850432032,210317.15,-39.26172925032504,303.82000732421875,132.74000549316406
PMT,PennyMac Mortgage Investment Trust,ok,Real Estate,Mortgage REITs,2026-10-01,7.824999809265137,,753.0,False,True,-0.6979734057996678,-3.0359342605206674,-7.396449871095956,-15.313852780342586,-24.73226179034709,-26.78237963532657,10.651857160386585,10.744172233034416,10.586711033090335,10.586711033090335,-6.097204662965461,27.165290582451956,14.32358662629359,-39.05134224204643,0.0,1875033.9,1.1863305511436328,12.838674545288086,7.824999809265137
POOL,Pool Corporation,ok,Consumer Discretionary,Distributors,2026-10-01,159.82000732421875,,753.0,False,False,-1.2664408814522021,-2.1370340374433194,-1.168758463409525,-12.551974103807028,-26.701255432516568,-47.15971120468201,217.70256999182322,268.2855586929625,294.1056730110807,294.1056730110807,-51.74752952859561,32.612710542906584,21.75217780003561,-47.49498483645539,0.0,841565.05,-51.613841378037264,304.3899841308594,159.82000732421875
POWI,Power Integrations,ok,Information Technology,Semiconductors,2026-10-01,51.650001525878906,,753.0,False,False,-0.2895708752719939,-0.36650969550489076,1.7132783920757566,3.756534335954531,-28.94027750355752,30.69829279049827,53.36095541999454,53.8080041816985,59.03208877239253,59.03208877239253,-29.69117940603372,50.06877712021903,47.80182306931784,-40.62222099819574,69.96695999297022,748866.35,-29.169337091992443,86.98540496826172,30.388259887695312
POWL,"Powell Industries, Inc.",ok,Industrials,Electrical Components & Equipment,2026-10-01,190.14999389648438,,753.0,False,False,3.0790874603972007,1.559578184894339,-0.7671439610485997,10.462411159924144,-22.772660103635612,87.54291952552282,187.57359828646221,131.97386680846196,102.62864206068386,102.62864206068386,597.4186515739975,71.99924787266482,57.36567540900177,-40.90992588745807,102.50781910999991,517705.5,-49.15835354269947,321.7968444824219,93.8976058959961
PPLI,People Inc.,ok,Communication Services,Interactive Media & Services,2026-10-01,40.90999984741211,,753.0,False,False,-2.502381458461711,3.203835714728398,13.860282493565546,6.177007899086839,-12.491978936016878,20.076314099958736,39.172103109813875,38.35155318362779,39.33938056570917,39.33938056570917,-0.9547376092419402,35.29873910473691,62.24783980475792,-14.090716579121684,29.79060676801352,1354933.4,-57.29177537434681,47.619998931884766,31.520000457763672
PRDO,Perdoceo Education Corp.,ok,Consumer Discretionary,Education Services,2026-10-01,31.809999465942383,,753.0,False,False,2.811890487613611,5.99799807841459,0.41035088230527705,-3.5768479917799634,-7.134701225842366,-13.856710499660597,32.551405255756684,29.99698388149064,26.23479384160137,26.23479384160137,94.26630449659561,38.05878919509568,40.677969090407345,-15.356185510711114,18.356673579842067,670759.7,-59.37531727084975,37.58100891113281,26.876388549804688
PRG,"PROG Holdings, Inc.",ok,Financials,Consumer Finance,2026-10-01,30.940000534057617,,753.0,False,False,0.06468453335808366,-3.130870329615998,-4.9170262337216,-17.712761197709483,-29.65537294015611,-2.7403625608814375,34.13277408811781,34.39378910520637,33.9943083754257,33.9943083754257,0.3744332251570004,46.50005922000796,11.410290237144423,-34.6873842688497,19.629246388604777,651670.9,-55.266070650078134,47.37216567993164,25.86324119567871
PRGO,Perrigo,ok,Health Care,Pharmaceuticals,2026-10-01,14.270000457763672,,753.0,False,False,-3.3197815956625187,-5.496688097601677,-2.792914433847482,-1.1088000279162902,32.15892336685271,-31.39718274730736,12.734138738541375,18.0590690521605,20.668388131130264,20.668388131130264,-47.1538656925455,43.313564014187236,57.244661124030635,-32.1286183271119,61.54278575957501,2795956.95,-53.39202200520291,21.025062561035156,8.833573341369629
PRGS,Progress Software Corporation,ok,Information Technology,Systems Software,2026-10-01,37.1150016784668,,753.0,False,False,-7.142855779442748,-5.823390453770871,-7.742972655267333,-17.923483687403362,-3.396659429133808,-15.513313406251106,38.23684521326943,47.93710163010069,49.82999975399509,49.82999975399509,-27.93814196285467,39.793888225913406,39.362926817130926,-20.81288132221789,47.92746693004143,569358.45,140.37036773582622,46.869998931884766,25.09000015258789
PRIM,Primoris Services Corporation,ok,Industrials,Construction & Engineering,2026-10-01,75.73500061035156,,753.0,False,False,1.6304401798415968,6.603846022912219,4.936545383373114,4.936545383373114,-14.040068412991612,-44.67839728858476,121.45581145513626,100.77625278457703,81.31663550671986,81.31663550671986,143.79834935049553,57.684612176764794,51.648548624969905,-62.606404294089955,6.603846022912216,1290917.2,-41.82090067434224,202.53468322753906,71.04340362548828
PRK,Park National Corp.,ok,Financials,Regional Banks,2026-10-01,179.3699951171875,,753.0,False,False,0.39739809723775554,-1.173556409263088,-0.488213527219139,-6.290166822302434,-3.255324902898904,14.148413819355188,169.62347539265951,164.9222369251023,151.90137575917035,151.90137575917035,111.90812260942518,30.696175499008334,24.151086886396484,-15.152694505752127,23.906632738622832,107758.4,-38.68877043460185,211.40328979492188,144.76222229003906
PRKS,United Parks & Resorts,ok,Consumer Discretionary,Leisure Facilities,2026-10-01,31.56999969482422,,753.0,False,False,-2.5617339258201532,-1.4669201225751216,-3.3669988851321886,-18.465912449547872,-34.826588377694414,-38.936171704169865,39.418531864408465,44.88910369189137,46.78887124080582,46.78887124080582,-31.160053914830932,42.62096719818432,17.0013757405968,-42.818329617210566,6.189035253679939,738469.6,-43.47878368994471,55.209999084472656,29.729999542236328
PRLB,Protolabs,ok,Industrials,Industrial Machinery & Supplies & Components,2026-10-01,94.74749755859375,,753.0,False,False,-0.1080663333434928,-2.221366288327964,1.9119031026696431,20.712829834753464,24.015046683605124,89.38137091820519,65.59463292076474,52.66415834996805,45.98815071440313,45.98815071440313,254.46127639801236,50.438458629941266,75.14027654798457,-2.2213662883279635,102.40866220665194,232998.05,-52.033504143060426,96.9000015258789,46.810001373291016
PRSU,"Pursuit Attractions & Hospitality, Inc.",ok,Consumer Discretionary,"Hotels, Resorts & Cruise Lines",2026-10-01,50.95249938964844,,753.0,False,False,2.4582743990854583,2.6233591616117824,5.186830788954855,7.927346701446325,-8.027981974247622,40.83056650046339,41.28413693867032,38.60986551155607,36.915501289317014,36.915501289317014,92.8557882002693,38.56712246835678,66.27159832933476,-8.964626981638746,57.845419196011164,232090.6,-31.400927051763404,55.970001220703125,32.279998779296875
PRVA,"Privia Health Group, Inc.",ok,Health Care,Health Care Services,2026-10-01,20.079999923706055,,753.0,False,False,1.9806977098546064,1.0568650005188251,3.5585381937968563,-2.7131757873173123,-26.608189050592145,-19.357428789827104,23.2079762277149,22.556852587665695,21.72511287197807,21.72511287197807,-10.795203378354156,38.52485720563351,45.454540818304025,-28.54092650850063,5.130887553212279,1307327.9,-36.70616224131681,28.100000381469727,19.100000381469727
PSMT,PriceSmart,ok,Consumer Staples,Consumer Staples Merchandise Retail,2026-10-01,168.83999633789062,,753.0,False,False,-0.159661919157017,-2.3877000946209037,-2.5060610471417166,-1.8657405736293486,-14.35151005503592,40.49337433274174,152.96625618707566,124.8655818316091,108.89143004803702,108.89143004803702,137.27213017450768,27.516983194893662,44.456943053854886,-14.351510055035924,48.13286965634483,206629.05,-45.75738503371137,197.13131713867188,113.97875213623047
PTCT,"PTC Therapeutics, Inc.",ok,Health Care,Pharmaceuticals,2026-10-01,64.57499694824219,,753.0,False,False,-0.31645852873990465,-2.0849129092137875,3.684968230455743,-8.482144015639392,-22.488298114730853,5.222418237149862,72.11496003468831,60.125298633043506,49.82145408235223,49.82145408235223,204.025412637011,54.77505518369461,45.290197691581774,-27.88945310150426,4.136427505462904,1236232.35,-45.67793020462537,89.55000305175781,62.0099983215332
PTEN,"Patterson-UTI Energy, Inc.",ok,Energy,Oil & Gas Drilling,2026-10-01,11.3100004196167,,753.0,False,False,3.5714316904575716,4.239631538931454,1.1627916895559975,-11.57153672127067,31.641944062195893,127.83953015785801,9.009032815221756,7.7794093487272225,8.433508845756094,8.433508845756094,-2.3572781254407427,50.339716524044576,30.051822048397725,-13.992389751257072,121.01285331713234,7943658.05,-35.785742942447015,13.149999618530273,5.117349624633789
PTGX,"Protagonist Therapeutics, Inc.",ok,Health Care,Biotechnology,2026-10-01,140.3300018310547,,753.0,False,False,-0.3974714749235053,-1.481325873481032,2.1770828403168796,-4.205067534383311,6.61754067542113,111.2449212500171,104.67039686536032,76.2841931909204,60.40861219302275,60.40861219302275,758.8127326842745,54.95908605038324,33.58430649783945,-11.53069842967797,119.26562786102295,698377.8,-21.12349504809575,158.6199951171875,64.0
PTON,"Peloton Interactive, Inc.",ok,Consumer Discretionary,Leisure Products,2026-10-01,5.005000114440918,,753.0,False,False,0.30060809640863884,4.270831574168543,4.488520966599707,-1.6699417602916267,-12.956519748853601,-44.388887617323135,5.735932540325892,6.5619422282830655,5.8589774254625375,5.8589774254625375,-7.1428527195067755,77.06022630384591,52.46638190430411,-42.33871038626006,34.90566207489197,9469604.45,-49.51754294235594,8.680000305175781,3.7100000381469727
PZZA,Papa John's Pizza,ok,Consumer Discretionary,Restaurants,2026-10-01,19.510000228881836,,753.0,False,False,-1.0147075843771947,-2.8870080602330983,-3.5113704677711355,-14.090704467613701,-45.53322056085635,-57.913883104888164,34.27289186205183,38.23261002240428,43.61811346583474,43.61811346583474,-68.10576236323314,47.247537850806786,41.935487651452604,-63.36202422359123,0.0,1520506.95,-43.57546343342923,53.25075912475586,19.510000228881836
QDEL,QuidelOrtho,ok,Health Care,Health Care Supplies,2026-10-01,10.369999885559082,,753.0,False,False,-1.6129039554954372,-4.2474611393123585,-2.9934490868590347,-24.58181901411577,-43.17808281885435,-64.78777719215232,19.842103136910332,27.188744991424073,35.36746339304039,35.36746339304039,-85.73786272021339,71.56541100697396,33.09351958578041,-70.68965638074948,4.116464315680752,1427990.5,12.56447434349177,35.380001068115234,9.960000038146973
QNST,"QuinStreet, Inc.",ok,Communication Services,Interactive Media & Services,2026-10-01,14.989999771118164,,753.0,False,False,-0.1332475513570408,5.489090294702814,4.097223390399707,-20.855336069482266,-5.246523007061777,-3.102782725438402,14.343214269668337,16.39414342181141,16.023293488845724,16.023293488845724,69.37852118633201,51.84129552239322,19.34900417754281,-31.925524707093793,41.95074976769993,1087437.65,-31.880876112759193,22.020000457763672,10.5600004196167
QRVO,Qorvo,ok,Information Technology,Semiconductors,2026-10-01,112.2300033569336,,753.0,False,False,-1.9654087473991333,-3.4995697231520406,-3.532742917594933,16.42116346523612,28.160333159812588,23.22134508199756,90.06749991765098,84.79312753107443,91.98322706995098,91.98322706995098,17.987805000317223,44.59080518547532,45.049283445096705,-6.154355051706869,47.63221298717305,1680256.3,27.29760334777498,119.58999633789062,76.0199966430664
QTWO,"Q2 Holdings, Inc.",ok,Information Technology,Application Software,2026-10-01,56.875,,753.0,False,False,2.5883863795762796,3.2214184664861145,0.7528772919690896,-11.007666819290375,8.065739779086778,-21.43251764119649,58.0177580061413,72.67277884768299,65.88663345630742,65.88663345630742,77.01524466004732,43.035145349047035,34.346986524084784,-24.658893085892593,35.12710808698598,614353.3,-40.902734631685064,75.48999786376953,42.09000015258789
RAMP,"LiveRamp Holdings, Inc.",ok,Information Technology,Application Software,2026-10-01,37.69499969482422,,753.0,False,False,0.46641587133653406,0.17273086596869547,0.5736396884039596,-0.3305129587748423,-0.09276397518354074,38.89093788705684,31.46684523991176,30.367300778271193,30.919541833885162,30.919541833885162,27.649843610979687,42.10341840768704,53.55808025968385,-0.8287257053903451,68.13113098372143,1342982.45,-64.76134144567563,38.0099983215332,22.420000076293945
RAL,Ralliant Corp,ok,Information Technology,Electronic Equipment & Instruments,2026-10-01,70.56999969482422,,320.0,False,False,2.024001102991857,0.8719276991628,0.8575081658617423,15.722841213603722,3.3142887396010012,61.977938711326615,54.301779065813335,52.22674839496612,52.22674839496612,52.22674839496612,49.29448387225117,48.85695315261281,66.97340245029781,-4.080335348322714,84.32834125534767,1408771.15,-74.07506535039421,73.57198333740234,38.284942626953125
RCUS,"Arcus Biosciences, Inc.",ok,Health Care,Biotechnology,2026-10-01,25.375,,753.0,False,False,-1.7615173250096205,1.45941530498932,1.256985398127064,-14.591044153677736,-16.336959895054946,86.58087711948852,23.751130929068914,17.771165331996293,17.275836641253388,17.275836641253388,46.76112583205183,60.91664622472014,55.50104549884811,-19.623059089987464,90.07490093574378,1721582.25,-63.75746787584502,31.56999969482422,13.350000381469727
RDN,"Radian Group, Inc.",ok,Financials,Property & Casualty Insurance,2026-10-01,31.190000534057617,,753.0,False,False,1.8948053320518854,-5.484846866492066,-7.006560278243146,-12.877091623595927,-17.214302131438185,-11.309982686712805,34.66458983648391,33.456640380312244,31.693149609711384,31.693149609711384,36.22707679829682,25.42765952583204,19.278762301550245,-20.904327790370925,1.894805332051881,1503257.3,25.510516396627516,39.433258056640625,30.610000610351562
RDNT,"RadNet, Inc.",ok,Health Care,Health Care Services,2026-10-01,67.91000366210938,,753.0,False,False,-1.4940509759515774,-5.430990153289105,-4.767906342572347,-10.076792001096724,-1.2218128551136354,-10.890953315933526,68.12589282081241,65.73376484601147,59.62865868475966,59.62865868475966,141.5866317594507,43.35452613624863,30.46393400652903,-19.614108707849923,30.923472258575146,776210.85,-38.15894225132256,84.4800033569336,51.869998931884766
RELY,Remitly,ok,Financials,Transaction & Payment Processing Services,2026-10-01,21.604999542236328,,753.0,False,False,1.2417965686673194,-1.3019637065265655,2.103023147604799,-15.96654876862874,-9.03158087479441,32.54601566553481,18.467877020911565,19.21511953665441,18.675119541872387,18.675119541872387,-14.129572045849748,51.34199538484322,46.72340124362418,-19.743686920484322,77.09016295089351,4128468.05,-72.14799809338479,26.920000076293945,12.199999809265137
RES,"RPC, Inc.",ok,Energy,Oil & Gas Equipment & Services,2026-10-01,5.744999885559082,,753.0,False,False,2.0426246675055992,0.26177777374634115,-2.6271221576767867,-12.29008063716508,3.293151660181759,24.004764577366068,6.01123573477306,5.59993130182365,5.934435840621887,5.934435840621887,-25.658096939423093,44.49409680501391,27.035830821265876,-27.266950536418204,39.54199293750483,2023496.75,-20.951936295425234,7.898747444152832,4.117040157318115
REYN,Reynolds Consumer Products,ok,Consumer Staples,Household Products,2026-10-01,21.80500030517578,,753.0,False,False,0.8556866732709167,-1.2454692911254117,0.9958321031420692,-3.858024639445512,-19.06644040582529,-7.370803373805856,23.0363283914233,23.1681619735353,23.993476857543783,23.993476857543783,-3.8517095482440755,22.58561568254631,50.82459250786389,-19.066440405825297,8.141492331972557,1590222.05,-61.73861379924899,26.941852569580078,20.16339874267578
REX,REX American Resources Corporation,ok,Energy,Oil & Gas Refining & Marketing,2026-10-01,43.70000076293945,,753.0,False,False,0.5753739829924998,2.5580852780440644,0.9704297492806102,4.0723958469131905,-2.84570651917182,42.71717689487016,39.734404775831436,31.397679287123964,28.555763622045834,28.555763622045834,119.21245013122768,41.8148781400458,68.43973454032894,-14.581702710560144,42.95060909123353,247841.65,-38.939641500934165,51.15999984741211,30.56999969482422
REZI,"Resideo Technologies, Inc.",ok,Industrials,Trading Companies & Distributors,2026-10-01,18.049999237060547,,753.0,False,False,-0.5509663006693977,-0.933041068609386,-1.366120275533722,-6.185034034376491,-15.401666507245038,-39.930875488283114,24.01626421913268,20.255298454922983,17.94783811708529,17.94783811708529,64.89414800243489,48.80774104615791,30.935192567090084,-41.71269874314631,0.0,2065931.7,-34.34274714890139,30.96729278564453,18.049999237060547
RHI,Robert Half,ok,Industrials,Human Resource & Employment Services,2026-10-01,37.935001373291016,,753.0,False,False,3.2244935327646607,3.1964175881627366,5.993295341976568,-12.89322149744433,14.807714687081774,21.209819761874037,29.646029873499796,38.811210803301684,46.90077511659498,46.90077511659498,-38.397614807963976,42.11948036954223,51.50442931970636,-16.332154288434023,79.73698344021018,1756658.6,-61.75284144568558,45.34000015258789,21.1058406829834
RHP,Ryman Hospitality Properties,ok,Real Estate,Hotel & Resort REITs,2026-10-01,121.54000091552734,,753.0,False,False,1.6815880170314212,0.5377689759979098,0.6366763453044433,-0.5778725244154015,-3.9917412540859454,41.868972146003514,103.84756469726562,98.68672145220388,96.69389663432857,96.69389663432857,65.96107775323338,25.218769377215388,53.29990045417363,-9.738547885879045,47.9459732446143,586889.65,4.669250854909435,134.6532745361328,82.151611328125
RITM,Rithm Capital,ok,Financials,Mortgage REITs,2026-10-01,8.765000343322754,,753.0,False,False,-1.847703876979645,-3.4691584034147405,-3.892538889155539,-11.375125995415614,-3.57535537744309,-15.088217253979453,9.775926139619616,9.883276662028644,9.473394861259308,9.473394861259308,21.957677591979284,22.217313667931105,21.90205911016494,-23.337045211510326,5.422483392186427,6378160.9,30.865591678629478,11.433162689208984,8.314166069030762
RNG,"RingCentral, Inc.",ok,Information Technology,Application Software,2026-10-01,78.57499694824219,,753.0,False,False,5.187416543918855,3.2116114318058164,-1.5597629057154228,11.028685425182182,96.78851436354215,178.7456855274129,40.58788051302471,35.501649636196426,34.21541788980147,34.21541788980147,162.4469185272138,57.567407499205316,67.69936010974023,-1.559762905715422,218.2777063599485,1542141.05,-54.71743651464307,79.81999969482422,24.687559127807617
RNST,Renasant Corp.,ok,Financials,Regional Banks,2026-10-01,39.02000045776367,,753.0,False,False,0.3600807248003157,-2.107376165894348,-2.5717822694582226,-1.7030335540440866,-8.67850103902068,8.36905867636637,38.35289311787439,36.34934907510461,33.78731432505654,33.78731432505654,64.22867452274647,30.438914447010117,29.73580203210318,-11.399588772010304,19.692656288011484,704055.85,-34.83230059092614,44.040428161621094,32.600162506103516
ROAD,"Construction Partners, Inc.",ok,Industrials,Construction & Engineering,2026-10-01,90.54000091552734,,753.0,False,False,0.5664802211990505,-1.0167271157369262,0.7679493078733834,-9.964197380999352,-16.104519596275512,-28.70866069643516,113.6019643753294,103.632241100904,86.21368530293701,86.21368530293701,149.2841455844774,47.00931829007797,30.61571331613075,-35.549541807269364,0.767949307873374,563255.25,-37.7005363021472,140.47999572753906,89.8499984741211
ROCK,"Gibraltar Industries, Inc.",ok,Industrials,Building Products,2026-10-01,39.40999984741211,,753.0,False,False,-0.479794530378963,-2.8113425674408887,-0.7304808814967645,-8.049465034553005,-10.26866691611592,-37.2452224105206,47.44043657514784,54.98990041421229,60.854276178367584,60.854276178367584,-40.914540254037114,42.76964284680297,19.346033752291945,-47.157416358493556,16.528681854019588,360781.05,-28.1777687603049,74.58000183105469,33.81999969482422
ROG,Rogers Corporation,ok,Information Technology,Electronic Components,2026-10-01,155.63999938964844,,753.0,False,False,1.7321353038338039,13.905152286936694,14.273129865629674,26.546875431320704,8.158447526835433,93.43773447753392,114.8644839392768,98.68982069615824,105.28727756110162,105.28727756110162,18.99992918353517,38.649945167189145,70.48402491918081,-6.852592733970692,105.98200690643995,260603.0,-26.03308480715878,167.08999633789062,75.55999755859375
RRR,"Red Rock Resorts, Inc.",ok,Consumer Discretionary,Casinos & Gaming,2026-10-01,48.11000061035156,,753.0,False,False,-2.886556880800495,-4.638255931022406,-6.817742368666135,-13.833227205522657,-26.31164905694905,-18.571982817647758,58.044992446899414,53.04853901350166,51.33241360121039,51.33241360121039,30.87157311355213,35.00415583145383,24.309419609005616,-28.130300795403528,0.0,1184205.95,-10.461605094958347,66.94058990478516,48.11000061035156
RSI,"Rush Street Interactive, Inc.",ok,Consumer Discretionary,Casinos & Gaming,2026-10-01,19.739999771118164,,753.0,False,False,-2.902115862282484,0.9718697773523965,1.023535548720944,-23.339806714104217,-37.689395262117145,-3.6132802131760178,22.80769844282241,18.507211153250765,14.610810097470226,14.610810097470226,334.80176072647293,54.66249624012857,12.457916854600768,-42.815760401652696,24.229070765333525,3769015.15,-55.27470883209371,34.52000045776367,15.890000343322754
RUN,Sunrun,ok,Industrials,Building Products,2026-10-01,7.699999809265137,,753.0,False,False,-0.9009031123965339,0.3911308040779993,-1.0282827556014063,-8.004779993484934,-39.5604399717401,-55.46559050583898,14.758789677468558,12.65463147505346,13.146294818614741,13.146294818614741,-31.494662223652924,95.73254881969434,36.93007796942096,-64.03549806565805,0.3911308040779959,7449378.75,-30.485814001603828,21.40999984741211,7.670000076293945
RUSHA,Rush Enterprises,ok,Industrials,Construction Machinery & Heavy Transportation Equipment,2026-10-01,46.279998779296875,,753.0,False,False,1.0259711676845473,-2.629918014103705,-3.5431446001639944,-4.7990386385504795,-4.844579394970527,31.381686000990673,43.84412390845163,40.001919480433976,36.521762300772494,36.521762300772494,77.92953611256999,32.03049461866945,34.59785624438143,-15.882423663034476,50.492252709633576,651803.9,-36.48733921352726,55.018226623535156,30.752412796020508
RXO,"RXO, Inc.",ok,Industrials,Cargo Ground Transportation,2026-10-01,21.299999237060547,,753.0,False,False,4.1055727770065165,5.707194244672409,6.8740537426333015,5.917446994489084,-19.954908874467936,38.49154147314407,18.60019842405168,19.43854580647442,20.518857896407127,20.518857896407127,9.230765318259216,59.93562270473565,69.21442765177085,-27.303754977171053,103.24427640686078,1762267.15,-42.80986285195182,29.299999237060547,10.479999542236328
SAFE,"Safehold, Inc.",ok,Real Estate,Other Specialized REITs,2026-10-01,11.930000305175781,,753.0,False,False,1.3593869259926006,-0.8304485706541631,-2.19223049194458,-20.33814116606586,-26.122008917202866,-18.88527024838157,14.364900604126946,15.293672517951267,16.335694534686773,16.335694534686773,-20.49361219745479,37.819117633919234,17.391795735106953,-29.478146110520115,1.3593869259926072,565635.9,16.61529970074389,16.9167423248291,11.770000457763672
SABR,Sabre,ok,Consumer Discretionary,"Hotels, Resorts & Cruise Lines",2026-10-01,2.015000104904175,,753.0,False,False,-4.952820109573586,-4.047609694690236,-10.444439782036675,0.2487619136637642,-3.588507767711846,10.109292767781032,1.718686506152153,2.3705756974172782,2.673637452274363,2.673637452274363,-50.733495605636804,78.01097076505282,41.79894273336703,-13.519305970656301,146.3325255616845,6295169.45,-3.980519539470062,2.3299999237060547,0.8180000185966492
SAFT,"Safety Insurance Group, Inc.",ok,Financials,Property & Casualty Insurance,2026-10-01,103.85199737548828,,753.0,False,False,0.2625946511153998,0.27227737906245775,0.33039825350182905,0.6707965188189169,35.25393929987566,53.85891505533324,78.2568836514912,75.49689390934796,73.88860314459123,73.88860314459123,75.41729312989081,31.93944704632622,69.42483310348612,0.0,61.44112181632646,124267.55,-18.280355571506803,103.85199737548828,64.32809448242188
SAH,"Sonic Automotive, Inc.",ok,Consumer Discretionary,Automotive Retail,2026-10-01,63.77000045776367,,753.0,False,False,5.666946263650896,2.1136904382674793,2.064662171860787,-17.685749066088153,-23.42700563354837,-14.296353776765914,71.16010506947835,69.01566361051157,63.06262168529658,63.06262168529658,46.03205399568149,41.940103391108934,30.474820787517004,-43.090213916009795,11.24348994335453,349913.1,-42.53944765143116,112.0545425415039,57.324703216552734
SBCF,Seacoast Banking Corporation of Florida,ok,Financials,Regional Banks,2026-10-01,32.04499816894531,,753.0,False,False,0.6754578880131756,-1.551462611219523,-2.3613696925205208,-2.4722105607299594,-3.175528561269081,7.828062816324555,31.720751906198167,29.089245834198607,27.072362101885428,27.072362101885428,60.542945418119245,30.516571651007418,30.557095637836042,-10.813227460985319,13.930840659988606,812323.85,-24.9588695444557,35.930213928222656,28.126710891723633
SBH,"Sally Beauty Holdings, Inc.",ok,Consumer Discretionary,Specialty Stores,2026-10-01,16.18000030517578,,753.0,False,False,-1.4616307551950536,-4.373521086178678,-4.823527616613054,-1.1606629463466467,14.427156381338868,-0.6142529315232625,14.922738086609613,12.965358567902767,12.397596292128442,12.397596292128442,91.47929787447997,49.25688808113763,52.925536029746524,-5.820721666103418,36.88663894179908,1268135.3,-23.72217696329406,17.18000030517578,11.819999694824219
SBSI,"Southside Bancshares, Inc.",ok,Financials,Regional Banks,2026-10-01,30.40999984741211,,753.0,False,False,1.097074217230909,-1.1056915531313494,-1.585759796658115,-3.214513769666949,-11.855950061355202,12.778978328545666,30.979068037063357,29.838037768208174,28.64075730616353,28.64075730616353,22.97547370353401,27.720124292042307,25.730983389326866,-13.927603429032803,20.49946868249887,137907.9,-13.015860585216654,35.33072280883789,25.23662567138672
SCHL,Scholastic Corporation,ok,Consumer Discretionary,Publishing,2026-10-01,35.775001525878906,,753.0,False,False,1.749151539066518,6.536627680568774,2.71317727575211,-6.932875119767501,-22.4174814186094,33.840760327016554,35.80240383602324,28.550839448830047,30.211136329063223,30.211136329063223,1.9937843642480857,43.544813682854446,54.850999537011724,-23.941596059905937,34.78027142736318,500822.6,-48.89368011747074,47.036224365234375,26.543203353881836
SCL,Stepan Company,ok,Materials,Specialty Chemicals,2026-10-01,61.79999923706055,,753.0,False,False,-0.9297881069629366,-3.3166442312489552,-3.16515272238006,0.5695662648912192,9.59007404272636,33.55345617454668,52.50004669976613,54.87318094413119,62.625893632095966,62.625893632095966,-6.737012809449439,33.53606551276142,51.025867452065334,-6.067444512501574,50.56723995700973,159156.2,-27.10054650714204,65.79188537597656,41.04478454589844
SCSC,"ScanSource, Inc.",ok,Information Technology,Technology Distributors,2026-10-01,61.65999984741211,,753.0,False,False,4.988932961030645,6.715128331753228,6.18219419916386,9.637265304386577,21.210932066216913,40.16821435493334,44.870515838501944,43.670438219351595,42.994422327474766,42.994422327474766,99.80556911178127,36.44850261667589,66.32172919465785,0.0,79.92412904518473,252393.4,-56.7865086804964,61.65999984741211,34.27000045776367
SDGR,"Schrödinger, Inc.",ok,Health Care,Health Care Services,2026-10-01,30.780000686645508,,753.0,False,False,-0.8695605702069509,4.338985378459359,4.516128656199414,47.69673925757279,82.34598469759426,53.43968846511391,16.57797614354936,18.86868521701767,20.944608219749583,20.944608219749583,11.845930867207377,62.38644073683515,81.1440697871417,-0.8695605702069555,178.04879435576413,2550685.95,52.78709634951335,31.049999237060547,11.069999694824219
SEDG,SolarEdge,ok,Information Technology,Semiconductor Materials & Equipment,2026-10-01,30.850000381469727,,753.0,False,False,-3.2005033916033265,-2.156677102337634,-3.3218410247919494,-5.0477107179837555,-41.10347508135362,-16.621620590622367,40.91611115137736,30.210448249877686,40.018665356781696,40.018665356781696,-74.82865453981353,98.51520091228677,35.05075018615622,-60.70564317659953,8.359680806170028,3115179.25,-33.64153924689888,78.51000213623047,28.469999313354492
SEI,"Solaris Energy Infrastructure, Inc.",ok,Energy,Oil & Gas Equipment & Services,2026-10-01,71.38999938964844,,753.0,False,False,0.2950254054120638,3.239331618714747,1.8402295914508038,44.09843481407763,6.45998365765077,80.09998893289001,58.47183507586282,41.879129960717435,30.896531404568695,30.896531404568695,649.7807484081474,76.95554279927265,56.851569731171175,-13.693936910591903,76.7468981275716,2760158.4,-64.12640665840048,82.71724700927734,40.391090393066406
SEZL,Sezzle,ok,Financials,Transaction & Payment Processing Services,2026-10-01,110.54000091552734,,753.0,False,False,2.313957773801456,2.068326685733335,0.6922956318831774,-3.4753718513840237,-39.67474481458082,38.99157879064741,95.61555573296926,84.64890279807892,59.838942729144456,59.838942729144456,5041.395163363294,123.44243191615524,38.028164072145714,-41.373641407375835,116.8726668003844,466820.3,-48.28716746036965,188.5500030517578,50.970001220703125
SFBS,"ServisFirst Bancshares, Inc.",ok,Financials,Regional Banks,2026-10-01,39.63999938964844,,753.0,False,False,-0.8504256040040792,-3.364215145575522,-3.903031782670452,-4.550925704795883,-8.494922278624717,0.34592025196884535,39.464222151135644,39.980852537421114,36.87524243844933,36.87524243844933,58.08259708858052,35.19919824963391,25.63601250264081,-13.383590258247466,18.76093234651114,689155.9,-49.31219481687671,45.76499938964844,33.37797927856445
SFNC,Simmons First National Corporation,ok,Financials,Regional Banks,2026-10-01,22.614999771118164,,753.0,False,False,0.1550037534560067,-0.9417439917055792,-1.9297472035133545,2.6814247158063687,-0.060949069133831024,22.937417570112075,20.295913287571498,19.963320861299675,18.819668055530563,18.819668055530563,55.09167123991148,28.914907741716384,43.117706210320364,-5.364514820829656,36.54172807534548,1442585.85,-34.44293107408478,23.896955490112305,16.562702178955078
SHAK,"Shake Shack, Inc.",ok,Consumer Discretionary,Restaurants,2026-10-01,60.470001220703125,,753.0,False,False,3.0504446254569384,5.128652189607696,5.256745722642098,-10.573796562349758,7.083406965703265,-35.402199736748805,79.61309534405905,96.6557767419701,93.00924298614461,93.00924298614461,2.892633571036285,51.67698085869996,42.12871389965837,-42.23899148865961,15.533055109693683,1492422.2,-44.97240794193493,104.69000244140625,52.34000015258789
SHEN,Shenandoah Telecommunications Co,ok,Communication Services,Wireless Telecommunication Services,2026-10-01,11.295000076293945,,753.0,False,False,0.6684474819981245,-0.48458417028405254,-5.796494646299766,-7.418030714098045,-16.642067030986674,-15.004247395711667,13.202357897682795,12.997800409081448,14.753994043763099,14.753994043763099,-44.59883259469264,43.61160002112836,37.42331599427093,-33.9473694484026,14.090914257739836,1158242.35,-63.50962300765466,17.100000381469727,9.899999618530273
SHO,"Sunstone Hotel Investors, Inc.",ok,Real Estate,Hotel & Resort REITs,2026-10-01,11.305000305175781,,753.0,False,False,0.8474600062937432,0.8474600062937432,2.295898180383471,3.9759365542655134,0.13851443960446463,25.040460418092223,9.838122776576451,9.574226551321873,9.52071139157056,9.52071139157056,34.28143982203575,26.113962807249848,87.404669280892,-3.833227830310252,32.98854432924553,1961127.55,-47.746845940744656,11.755620002746582,8.500732421875
SHOO,"Steven Madden, Ltd.",ok,Consumer Discretionary,Footwear,2026-10-01,46.09000015258789,,753.0,False,False,2.9484022366037532,2.6503309271005415,4.205291950264223,11.785890472149507,16.042272743425556,40.55326177289831,40.05553908575149,35.9043025970459,36.878450806555676,36.878450806555676,55.12400421248731,41.152741599950566,64.03197299492062,-5.595938182311425,48.37765967735132,1177375.0,-51.62968467990232,48.822052001953125,31.0626277923584
SIG,Signet Jewelers,ok,Consumer Discretionary,Specialty Stores,2026-10-01,104.23999786376953,,753.0,False,False,1.8665063994313336,0.9099659092369539,3.72139090922341,28.27959035616765,24.40378044060221,9.525572716920117,90.55467381553045,82.718734414454,84.640147109114,84.640147109114,48.861228265334255,50.93426515560062,60.50685961179487,-0.8896896281727142,41.5315949347997,1183106.2,-37.64515814387583,105.17573547363281,73.65139770507812
SKT,"Tanger Factory Outlet Centers, Inc.",ok,Real Estate,Retail REITs,2026-10-01,34.435001373291016,,753.0,False,False,0.39359224266279913,-0.9634716136388666,-1.6423792510967705,-9.476865024902835,-12.218806483392775,5.303858908750869,35.318402138967365,33.308119720671755,30.584228074883086,30.584228074883086,72.08663115417812,24.120892254768037,12.28078524687686,-17.596991805551106,11.883289949865308,874317.85,-55.46733948071632,41.78852462768555,30.77760887145996
SKY,"Champion Homes, Inc.",ok,Consumer Discretionary,Homebuilding,2026-10-01,87.68499755859375,,753.0,False,False,2.3162201645705816,0.9963117562889146,2.340099493786818,2.340099493786818,2.8563021215175954,14.816019909751965,81.93648804558649,83.53353590794293,80.59474776877192,80.59474776877192,39.89310327325124,44.05989762476499,63.75795646445339,-10.029757457114794,36.45346194153956,516809.1,-50.02371281775031,97.45999908447266,64.26000213623047
SKYW,"SkyWest, Inc.",ok,Industrials,Passenger Airlines,2026-10-01,97.9800033569336,,753.0,False,False,1.0936908873445672,-2.720410872280965,-2.691428164429399,4.971081209652239,1.1354316006412013,-2.6237321780813727,97.32035703507681,100.07754975581074,88.19771574914535,88.19771574914535,137.58486752946285,37.023023556149084,54.271132518752054,-15.490769972641047,24.974491645375238,346641.4,-61.13332106320826,115.94000244140625,78.4000015258789
SLG,SL Green Realty,ok,Real Estate,Office REITs,2026-10-01,48.65999984741211,,753.0,False,False,-0.5314765561423296,-0.07848223703906809,-3.142113337891761,-9.724687028221036,-7.7474838336592855,-14.273174702404035,45.93225044674344,52.169412255762104,49.56024637260285,49.56024637260285,59.22661805957987,41.373096522860266,30.67389979755096,-17.631132458950127,43.60991873316323,845284.65,-9.924662656538242,59.07571792602539,33.883453369140625
SLVM,Sylvamo Corp.,ok,Materials,Paper Products,2026-10-01,33.220001220703125,,753.0,False,False,1.6523895669664945,-5.031441808362825,-7.619571561537242,-3.7659305325072,-12.80051716348326,-21.661191253251964,41.70380819411505,51.731609260893435,53.08836278117511,53.08836278117511,-14.06618180433088,40.666531234649526,39.18495422761745,-37.94213364338902,1.6523895669664963,329877.05,-15.744062825831618,53.53068542480469,32.68000030517578
SM,SM Energy Company,ok,Energy,Oil & Gas Exploration & Production,2026-10-01,35.06999969482422,,753.0,False,False,3.818830556968411,4.530552883246042,-0.08546661139883227,-7.264971361091332,31.38326142787953,46.337907160631,26.3125044429113,28.440157947312315,32.27674556190116,32.27674556190116,0.6682167578478504,48.978133276651064,40.34417365257815,-15.064182811301555,103.88430472369228,4134945.35,-63.247228890219795,41.290000915527344,17.200931549072266
SMP,"Standard Motor Products, Inc.",ok,Consumer Discretionary,Automotive Parts & Equipment,2026-10-01,37.334999084472656,,753.0,False,False,0.6334248517974705,-1.3345694135275976,0.013386694810746391,-0.9944312095048757,-0.7278194597957754,-5.500782380441005,37.97301189483158,33.98794120621396,32.91937267764473,32.91937267764473,24.207199442922466,33.64399381244746,42.02897811119191,-15.238059111283398,9.449951465647967,188481.25,-76.80140597539543,44.04689025878906,34.111480712890625
SMPL,Simply Good Foods Company,ok,Consumer Staples,Packaged Foods & Meats,2026-10-01,9.836000442504883,,753.0,False,False,3.6459502606073446,2.4583338714307956,4.3054095884415,-13.567659546652733,-28.36124711987569,-60.37066654535048,15.327980151252142,24.748916297319877,28.479237683107495,28.479237683107495,-70.9938057010769,37.07760142724175,49.91056097080372,-61.3364770596722,4.305409588441508,2258568.85,-43.336817029066886,25.440000534057617,9.430000305175781
SNDR,Schneider National,ok,Industrials,Cargo Ground Transportation,2026-10-01,32.13999938964844,,753.0,False,False,0.9105149284313052,1.7732725373504898,1.5802781594350668,-4.0917789339971815,-9.958792023527629,53.92097757530983,29.558887610359797,27.564468319197577,26.165939092952733,26.165939092952733,23.32142440771836,33.414011344333275,29.192483056944923,-16.616204407432082,60.83790718302561,662786.05,-56.015821395154596,38.54465866088867,19.982851028442383
SNEX,StoneX Group Inc.,ok,Financials,Investment Banking & Brokerage,2026-10-01,65.18000030517578,,753.0,False,False,0.8353974638400485,-1.0925663187130286,-6.242802858828211,-3.8784800886409454,-18.896725024729864,45.31807703874253,59.63962962135436,47.570181512262714,38.712155181256584,38.712155181256584,242.3674495622261,38.000003791926076,35.213670829286784,-29.666929258124657,75.19412131051597,879442.55,-40.54745247429749,92.67333221435547,37.204444885253906
SONO,"Sonos, Inc.",ok,Consumer Discretionary,Consumer Electronics,2026-10-01,17.920000076293945,,753.0,False,False,0.16769529161004826,-0.27823727863689474,0.448430061781413,18.361952905749202,31.571220461565773,13.417720632701325,15.698412683275011,14.00374501064954,14.368486032068017,14.368486032068017,39.89070639570009,47.10541346051535,80.04292763349756,-6.471815140883979,41.10236492460904,2084566.65,-59.078641117087805,19.15999984741211,12.699999809265137
SPHR,Sphere Entertainment,ok,Communication Services,Movies & Entertainment,2026-10-01,129.5800018310547,,753.0,False,False,-3.614995925390374,-6.588811497418257,-6.399884754481633,-2.790698526284896,-20.886496646541165,108.596271827275,117.19146786038837,79.21804761316672,65.88235046822395,65.88235046822395,213.82901176523194,53.031991586065665,29.89602253469478,-26.53362158757842,120.74957435582469,500301.45,18.874130786548783,176.3800048828125,58.70000076293945
SPNT,SiriusPoint Ltd.,ok,Financials,Reinsurance,2026-10-01,24.415000915527344,,753.0,False,False,0.6804161465045144,-1.671361294618845,-5.3682107073232626,0.02048778429535325,-0.8729121094804171,34.96407246870377,21.99283734578935,19.31901398312998,16.957868554519308,16.957868554519308,137.26920316849717,30.53742389558412,52.73189689938111,-7.2025792051727935,38.40703945746526,1088389.8,-77.88512902270858,26.309999465942383,17.639999389648438
SPSC,"SPS Commerce, Inc.",ok,Information Technology,Application Software,2026-10-01,84.53500366210938,,753.0,False,False,2.5412435209377193,4.351316421336571,2.231226467807268,1.9353712179275506,43.10987658514654,-18.825615366277603,73.73823415665399,112.01269925638024,136.21280883444575,136.21280883444575,-49.920022432589015,41.87839093430491,57.41111592710656,-25.216734804097545,69.3748826298436,531473.5,-54.923434564470284,113.04000091552734,49.90999984741211
SRPT,Sarepta Therapeutics,ok,Health Care,Biotechnology,2026-10-01,17.790000915527344,,753.0,False,False,-2.36003520325041,-5.372331715536394,-3.262634551574961,-16.59633858809523,-7.728214305252735,-7.68032956449699,19.513095182085795,45.543665291303654,70.80912347238852,70.80912347238852,-84.99873390261395,80.8809682996485,32.59161395241313,-27.23926232962385,19.717370972707393,2791288.7,-48.15749442184178,24.450000762939453,14.859999656677246
STAA,STAAR Surgical Company,ok,Health Care,Health Care Equipment,2026-10-01,22.44499969482422,,753.0,False,False,-0.7297696199610071,7.546711989728294,17.63626721474616,-4.570581386126671,-19.233541002572142,-16.468183871241838,24.193670651269336,23.40020918751143,28.07586321127842,28.07586321127842,-43.33501805360107,63.39588611017154,48.77212948967592,-32.67846553059475,39.409932689549876,1180711.65,-63.730941419947875,33.34000015258789,16.100000381469727
STBA,"S&T Bancorp, Inc.",ok,Financials,Regional Banks,2026-10-01,48.52000045776367,,753.0,False,False,0.3101127334944609,-1.2013849424867051,-2.1774154225446485,-1.3821144199818836,-0.5198855784017464,33.44339935406113,43.315745944068546,40.00168898001135,36.83068350681746,36.83068350681746,100.63468772870019,28.585543460970502,36.66061115441972,-8.40595650948452,44.76584465703604,291478.15,-50.60933383857418,52.972877502441406,33.51619338989258
STC,Stewart Information Services Corporation,ok,Financials,Property & Casualty Insurance,2026-10-01,50.16999816894531,,753.0,False,False,0.925365304656256,-12.808485626202371,-16.005359863649314,-26.27149752496062,-25.566321868952723,-29.37288093360072,66.73600885603163,65.80500042675976,62.52622610449316,62.52622610449316,30.61339043666791,31.0380566714654,6.9514532301053436,-32.89645173417212,0.9253653046562637,302958.2,18.255257656006663,74.76504516601562,49.709999084472656
STEP,StepStone Group,ok,Financials,Asset Management & Custody Banks,2026-10-01,44.77000045776367,,753.0,False,False,3.1566794555706545,3.8506142980974767,2.8013805788196677,-9.8832524501828,9.568534091413028,-28.94337405098898,52.95147088974241,54.46648281598946,48.15745814198042,48.15745814198042,59.748063242128936,43.12293085592338,37.30887727758976,-39.42628167940539,13.974557547154328,1068730.25,-42.41718151048873,73.90994262695312,39.280696868896484
STRA,"Strategic Education, Inc.",ok,Consumer Discretionary,Education Services,2026-10-01,79.91069793701172,,753.0,False,False,2.8848974132746896,5.2703123197177515,0.11362846721907349,-3.384004961944165,-0.5921918110756597,-4.260153978187264,79.10115920172797,81.37899675407257,85.04327075446587,85.04327075446587,14.849713677680377,33.93659008559718,45.54446402788925,-8.125491814185704,12.36737308046337,307740.3,-54.05021701740071,86.97809600830078,71.11557006835938
SUPN,"Supernus Pharmaceuticals, Inc.",ok,Health Care,Pharmaceuticals,2026-10-01,42.5099983215332,,753.0,False,False,-1.2314186401490845,-4.6860991571571535,-1.8018077558283663,-2.8120788974251965,-11.529658696132483,-11.048341688310426,48.237777603997124,42.031673226223525,37.728924245948335,37.728924245948335,56.74777657099377,36.24260614684772,54.44330536017727,-25.42105557625754,2.9796501419791923,619244.5,-62.42356613583164,57.0,41.279998779296875
SXI,Standex International Corporation,ok,Industrials,Industrial Machinery & Supplies & Components,2026-10-01,284.94500732421875,,753.0,False,False,4.352526870243856,2.325207769286375,1.911659908449459,-0.06137338522920199,-13.004469932193995,35.15213752313522,264.8360455225384,221.29871420081392,200.7681796009322,200.7681796009322,95.44117436202448,35.2291757436649,62.83875547413348,-20.252685075726863,35.64503746623521,134534.05,-46.57040355211189,357.3098449707031,210.06666564941406
SXT,Sensient Technologies,ok,Materials,Specialty Chemicals,2026-10-01,128.75999450683594,,753.0,False,False,-1.499393126961479,-0.0931179170001517,0.4211459062485323,-4.501970809007794,3.774032151519857,39.34522195555241,106.07837074521989,95.78530234834588,85.65897193088,85.65897193088,141.4992709659274,32.4270134622518,50.55706266197853,-6.322300934410741,56.26562776184015,326269.95,-62.97575060161073,137.4499969482422,82.39815521240234
TALO,"Talos Energy, Inc.",ok,Energy,Oil & Gas Exploration & Production,2026-10-01,16.729999542236328,,753.0,False,False,2.4494771610476196,1.6403430910173933,-1.7038831241338759,-3.12681471461449,23.105219679121937,74.45254719544177,13.49301589102972,11.381693234956597,11.879362552764407,11.879362552764407,7.726978943325147,48.20587020535344,40.847781155551374,-8.72886191014359,84.86186949878778,2030082.1,-45.23167314267733,18.329999923706055,9.050000190734863
TBBK,"The Bancorp, Inc.",ok,Financials,Regional Banks,2026-10-01,48.54899978637695,,753.0,False,False,0.8077241283167114,-1.242880518575351,-2.882580203454077,-24.554777097778246,-24.011582015693456,-35.17292003999193,62.296543666294646,60.013284918796494,53.2326015811834,53.2326015811834,42.16397545278723,44.8614944231437,35.25995473597064,-39.570572567377795,0.8077241283167212,707618.2,-52.62077770187369,80.33999633789062,48.15999984741211
TDC,Teradata,ok,Information Technology,IT Consulting & Other Services,2026-10-01,29.610000610351562,,753.0,False,False,2.669904485747998,3.7127894977840636,0.5091701647674807,3.3507888467837033,-14.322918305104459,37.65690513844682,28.825515906016033,27.122310779009208,30.71503320569853,30.71503320569853,-34.54907269721601,50.406362631163304,67.05201951007257,-21.832101965606295,45.00489960686388,1549095.45,-55.05060711397738,37.880001068115234,20.420000076293945
TDS,"Telephone and Data Systems, Inc.",ok,Communication Services,Integrated Telecommunication Services,2026-10-01,35.369998931884766,,753.0,False,False,4.274766630933868,1.7841695881575914,-2.6424521078590057,5.3169418713204575,-2.1620402729660926,-9.498451220648963,39.83780150943332,37.30958979253275,31.048274846982512,31.048274846982512,111.40222767268568,44.72285838575348,36.20229598477353,-25.45521640783377,7.360700797027629,1616439.5,-36.422612785693495,47.4479866027832,32.94501495361328
TDW,"Tidewater, Inc.",ok,Energy,Oil & Gas Equipment & Services,2026-10-01,82.20500183105469,,753.0,False,False,1.3625195779580768,-1.2789658399732784,-5.315593043067768,-14.467795953586993,20.67674473953156,54.14400714155938,71.46259933047824,61.06299810675511,67.82503995857391,67.82503995857391,21.911614205857877,52.81102436583023,27.936057584952252,-18.29340887351433,73.831677393906,569727.7,-46.508832201769366,100.61000061035156,47.290000915527344
TFIN,"Triumph Bancorp, Inc.",ok,Financials,Regional Banks,2026-10-01,61.290000915527344,,753.0,False,False,2.167026505563796,1.0885697439962483,0.7230935948065342,-11.812948322982242,-20.41293440414985,22.4820139771603,64.78829370226178,67.48130480701705,70.0989309820046,70.0989309820046,-2.544122260532966,41.86536704193309,22.54335744456783,-24.407992684513626,30.543130819089022,228171.6,-4.794461712149978,81.08000183105469,46.95000076293945
TFX,Teleflex,ok,Health Care,Health Care Equipment,2026-10-01,125.65499877929688,,753.0,False,False,0.4918408983258127,-1.3542145637586045,4.634026655932533,-10.553101793222764,-5.987931870035002,3.835668585090435,122.70443913293263,136.86872743705354,163.98658747375407,163.98658747375407,-34.09589113999927,36.21848493974013,37.82240745294368,-11.5417134250164,26.229441354209587,826832.9,-49.801465326307174,142.0500030517578,99.544921875
TGTX,"TG Therapeutics, Inc.",ok,Health Care,Biotechnology,2026-10-01,54.2400016784668,,753.0,False,False,-2.760841044338025,-3.4703630466281776,-5.702362227387924,-3.298267907092778,1.7445137520512688,50.14533336599805,39.53615075822861,36.32464140249913,29.670544457150644,29.670544457150644,564.7059153520531,61.19816540852495,51.341005016400274,-8.161191301637846,101.33630513442809,1753480.05,-19.166402834181095,59.060001373291016,26.940000534057617
THRM,Gentherm Incorporated,ok,Consumer Discretionary,Automotive Parts & Equipment,2026-10-01,33.63999938964844,,753.0,False,False,1.0210215026356328,0.08925551547784849,-0.7376807450647616,-12.894872294066351,-0.7083874583837191,-1.2331238012571966,34.938214173392645,34.659900391719255,39.953054491425576,39.953054491425576,-38.24123621120382,42.00426337292296,24.02791765425374,-26.244247008377446,23.6310199247491,475767.5,49.43223318112313,45.61000061035156,27.209999084472656
TILE,"Interface, Inc.",ok,Industrials,Office Services & Supplies,2026-10-01,34.26499938964844,,753.0,False,False,-0.39244805302961483,-2.5732124720324268,-2.6285856014739317,-7.315485631902819,-3.8596197546239885,18.844419152916547,30.422640482584637,26.414123930304175,22.321099957621904,22.321099957621904,258.51174959475986,41.948877182376364,51.904065528822194,-12.784157304516311,40.56795477845169,509458.2,-49.36503132150979,39.2875862121582,24.376110076904297
TMDX,"TransMedics Group, Inc.",ok,Health Care,Health Care Equipment,2026-10-01,78.58499908447266,,753.0,False,False,-5.829835879786705,-5.010279347599644,-6.334925321505313,-4.44430796964681,14.122855631603294,-29.95989195906673,105.46531799861363,101.51530907163583,102.53286863228239,102.53286863228239,48.891627324739304,68.9480429740288,42.56462660603965,-47.75628238194143,26.668275185025724,699785.65,-15.500839435618607,150.4199981689453,62.040000915527344
TMP,Tompkins Financial Corporation,ok,Financials,Regional Banks,2026-10-01,96.88999938964844,,753.0,False,False,0.6649344308035765,-0.8392177898961073,-1.2736906539372206,1.402403239238792,3.2089741888289725,51.19760332893735,81.43924420977396,72.13666262379681,63.92118473736888,63.92118473736888,121.2540603467553,34.857207206514545,42.492240682914385,-4.26835266663586,61.256344130258945,119307.0,-63.58973069476226,101.20999908447266,60.08445739746094
TNC,Tennant Company,ok,Industrials,Industrial Machinery & Supplies & Components,2026-10-01,66.87999725341797,,753.0,False,False,-0.5058077374453185,-1.9498634348427246,1.0119289808333987,-3.3805315313766293,-23.206100905178783,-16.0608289070886,76.20615488385397,78.11698370245823,83.42084377030453,83.42084377030453,-6.470674030145219,31.64113666420423,40.45174763167748,-26.29807640568543,10.68491832688036,181119.5,-28.34012903083324,90.743896484375,60.42376708984375
TNDM,Tandem Diabetes Care,ok,Health Care,Health Care Equipment,2026-10-01,16.434999465942383,,753.0,False,False,0.7664010060884241,0.09134829219699103,7.982911810754922,-22.76786214458939,7.278066536090466,35.378904457626035,18.970079391721693,21.504621547531798,25.336626834286793,25.336626834286793,-25.26148414276821,73.87551805749827,45.57376298748079,-41.84359754836185,32.43351867864541,2200262.8,-32.52369671477425,28.260000228881836,12.40999984741211
TPC,Tutor Perini Corporation,ok,Industrials,Construction & Engineering,2026-10-01,83.48999786376953,,753.0,False,False,1.175474139800059,-0.5834787730138902,0.20403044835328732,-3.5243852778958917,8.888590599752867,27.733156878134334,76.99394740755596,56.03588058274106,42.31446047893083,42.31446047893083,975.4836095384642,59.9711487580027,30.49791589721943,-15.677533942578867,42.580277782138914,413762.2,-62.64907717524704,99.01275634765625,58.55648422241211
TR,"Tootsie Roll Industries, Inc.",ok,Consumer Staples,Packaged Foods & Meats,2026-10-01,37.790000915527344,,753.0,False,False,0.5855768498540526,0.026474686483979326,0.07945602576213684,-6.251551406379752,-7.332020483746282,-6.309023108416156,39.040061496552966,35.50779304656375,33.12300450805016,33.12300450805016,39.71697728017498,24.632111005912492,37.442975664391206,-15.461505390144833,12.206406592825324,177297.65,-50.39246149060633,44.70153045654297,33.67900466918945
TRIP,TripAdvisor,ok,Communication Services,Interactive Media & Services,2026-10-01,8.470000267028809,,753.0,False,False,1.1947477041458487,0.7134413876970891,-0.5868566672352915,-10.465113817399995,-40.727779638632846,-47.90897818079999,12.375039683447945,13.823247005265072,15.781899065927046,15.781899065927046,-48.66666504831025,54.285705517646434,34.95146215372023,-49.34210158571177,5.348262527561959,4554245.2,-54.45559233393933,16.719999313354492,8.039999961853027
TRMK,Trustmark Corp.,ok,Financials,Regional Banks,2026-10-01,44.83000183105469,,753.0,False,False,0.0,-1.7316903097907232,-2.733778080628746,-0.7746756789662967,-2.812848808807966,15.836427386639752,42.598182118128214,38.80253513305786,34.556486841533605,34.556486841533605,127.23891242818368,27.57037213438563,23.32510760184431,-7.09933872627951,25.057847116753273,419818.55,-61.10915060804245,48.2558479309082,35.847412109375
TRN,"Trinity Industries, Inc.",ok,Industrials,Construction Machinery & Heavy Transportation Equipment,2026-10-01,25.73539924621582,,753.0,False,False,0.7650678296165614,-6.755801121313665,-7.559629650994937,-7.62599180757495,-23.92290620209858,-4.515722738129679,30.238045026385596,29.62712858967572,28.19613677097032,28.19613677097032,23.1000467210039,35.54550046820537,18.551170277718825,-32.39979129888289,6.3777311269214545,702640.0,-19.845155413867698,38.06999969482422,24.192468643188477
TRNO,Terreno Realty Corporation,ok,Real Estate,Industrial REITs,2026-10-01,64.0199966430664,,753.0,False,False,-0.8210788282479786,-2.995957061362886,-2.791525079530721,-2.8207839951785774,-4.090912156142268,16.664931083925417,62.97204556540837,59.93288498380745,58.67368925583473,58.67368925583473,26.400743290199436,24.122802838931523,44.20789791254782,-13.99095571572465,18.354220240318377,771905.45,-42.71202515800348,74.43402862548828,54.09185791015625
TRST,TrustCo Bank Corp NY,ok,Financials,Regional Banks,2026-10-01,54.36000061035156,,753.0,False,False,0.1289366248734103,-1.7886140759920788,-3.4458235399618675,-2.510883093086158,0.3669589204768897,54.56204945630516,46.733809455992684,39.276629227566055,34.97235212034755,34.97235212034755,126.06707110306657,27.673761460957397,24.015218089925156,-8.035865252838725,61.92216544841861,147019.25,-59.06318390278824,59.11000061035156,33.571685791015625
TRUP,Trupanion,ok,Financials,Life & Health Insurance,2026-10-01,23.520000457763672,,753.0,False,False,0.6849308357518069,1.0743446286293201,4.906335315461585,-15.63844632082494,-12.597545183466242,-45.6561896461639,30.07347225764441,38.14056779853851,35.4380677921047,35.4380677921047,-15.54757581471009,63.10441981388916,40.11544825718434,-46.56974054252759,9.599261235670443,436173.2,-55.27831604509401,44.02000045776367,21.459999084472656
UA,Under Armour (Class C),ok,Consumer Discretionary,"Apparel, Accessories & Luxury Goods",2026-10-01,4.465000152587891,,753.0,False,False,2.6436839190008277,5.306613056971687,0.7900750701020698,-6.97916718406808,-31.09567686040997,-7.556931198419148,5.5289880907724775,6.094910360427492,6.452104912969379,6.452104912969379,-28.330655876114797,50.42327345621741,26.87226816476128,-43.337562338288365,12.752528019601378,2561596.6,18.909628471555596,7.880000114440918,3.9600000381469727
UAA,Under Armour (Class A),ok,Consumer Discretionary,"Apparel, Accessories & Luxury Goods",2026-10-01,4.574999809265137,,753.0,False,False,2.5784701823891476,6.892513668124245,1.6666624281141518,-7.012200440628547,-30.99547918105988,-8.316632883532849,5.6917658855044655,6.423894437660734,6.773300144935193,6.773300144935193,-31.716418813347282,53.2016102869996,28.163250371446438,-43.796073509775574,9.712223634564817,9698713.45,0.2521525161669924,8.140000343322754,4.170000076293945
UCB,"United Community Banks, Inc.",ok,Financials,Regional Banks,2026-10-01,33.44499969482422,,753.0,False,False,0.28486124452702377,-1.6034185252419286,-1.2839473423169379,-1.2236902098361369,-5.064535151782512,10.00721971290286,32.57985599457272,30.791009230442732,28.721656951296378,28.721656951296378,48.366186057168846,30.28930964378907,29.84843372465977,-9.15988022134247,19.1681531979951,837392.55,-32.42703198159573,36.81743240356445,28.065383911132812
UCTT,"Ultra Clean Holdings, Inc.",ok,Information Technology,Semiconductor Materials & Equipment,2026-10-01,78.37999725341797,,753.0,False,False,-3.3061934195576015,0.3970764183496067,2.430737966479124,20.38088852506732,-26.38993728176461,187.6330174437357,62.305079369317916,45.476992052389804,43.17551127784597,43.17551127784597,165.69490594378973,69.0102503149152,57.74999346051897,-45.0312088740899,262.03232625617414,848588.75,-7.378574132640814,142.58999633789062,21.649999618530273
UE,Urban Edge Properties,ok,Real Estate,Retail REITs,2026-10-01,19.540000915527344,,753.0,False,False,0.0512044471594697,-1.8583572813681282,-1.3131228866239186,-7.663964793904798,-14.018097966909949,-0.7451437766107238,20.365226874275812,19.650839077998917,18.484196700897826,18.484196700897826,46.786605244497295,22.520247571179194,21.912394320929906,-16.73789269882645,9.824152079495944,835280.1,-50.91442978229698,23.468059539794922,17.79207992553711
UFCS,"United Fire Group, Inc.",ok,Financials,Property & Casualty Insurance,2026-10-01,53.470001220703125,,753.0,False,False,1.673323950488581,0.24372153682665765,0.07486602152138033,-0.9024785692182236,-0.4982244299275407,78.00233309281093,41.9834074444241,34.404780197903456,29.69242368751313,29.69242368751313,194.64651421543243,34.87298754474695,30.22773673049508,-4.483741232686927,80.31405259655135,155805.45,-69.63585035054936,55.97999954223633,29.653818130493164
UFPT,"UFP Technologies, Inc.",ok,Health Care,Health Care Equipment,2026-10-01,296.3900146484375,,753.0,False,False,-0.144866473004146,-0.9457879021189664,-0.7002131670339362,0.7923611199035951,8.822892711591624,48.49198676613522,236.66079403105238,240.65874502478368,237.15188562157618,237.15188562157618,85.26692246774246,50.05444736248409,71.58190191649886,-11.483091061395436,59.968704987683765,110302.95,-32.94920942730906,334.8399963378906,185.27999877929688
UNF,UniFirst Corporation,ok,Industrials,Diversified Support Services,2026-10-01,252.22000122070312,,753.0,False,False,0.6785873061032399,-2.782917496438797,-2.1872273525378128,-8.98259889623817,-7.678359128523848,51.78402697927245,234.3327493213472,210.47274278739533,196.49780932017373,196.49780932017373,57.48916978447043,33.859128619113896,19.665023452892243,-16.147582373464928,69.15591765158086,366478.15,-46.77363438993567,300.7903747558594,149.10504150390625
UNFI,United Natural Foods Inc,ok,Consumer Staples,Food Retail,2026-10-01,44.939998626708984,,753.0,False,False,0.3348910652279935,-1.770494805007683,-2.6218913524659437,0.6720413108475931,-1.3824908324210239,19.45773498845096,43.04511900553628,34.723505924422426,27.753864506168036,27.753864506168036,241.23005593296213,52.54274592221948,52.39959977403224,-19.056199106308235,43.0299125321,731233.8,-70.83340512979571,55.52000045776367,31.420000076293945
UNIT,Uniti Group,ok,Communication Services,Alternative Carriers,2026-10-01,7.985000133514404,,753.0,False,True,-4.7136035266375,-7.687855657141174,-10.582308391564776,-18.1025627331856,-25.720928990563685,30.473860830553722,8.885575425057183,8.568274585374324,8.226521927680311,8.226521927680311,16.670988650716055,54.90108603212902,10.586005139747598,-37.372547972436045,48.97387937710479,2268738.35,64.16467769410252,12.75,5.360000133514404
UPBD,"Upbound Group, Inc.",ok,Consumer Discretionary,Computer & Electronics Retail,2026-10-01,15.609999656677246,,753.0,False,False,-0.5732493865049482,-1.139963936736177,-1.638312733186742,-15.255159652431793,-21.51835024790738,-29.524903759255405,18.609434366226196,21.30352845704888,23.30664695623228,23.30664695623228,-35.77328423178617,42.151074689517145,9.821450112212773,-31.414764939815022,3.4364236412266442,921712.75,-22.768237718313,22.760000228881836,15.091395378112793
UPWK,"Upwork, Inc.",ok,Industrials,Human Resource & Employment Services,2026-10-01,8.34000015258789,,753.0,False,False,2.2058861340894076,3.345730705997907,3.345730705997907,-9.249178091474498,-8.951961883011228,-55.088851428940025,13.074166674462576,13.891892439815628,13.278233744075415,13.278233744075415,-28.103449324790386,54.571609762156314,33.035707443343654,-62.279511884394836,6.37755089628354,2629232.55,-36.44339295890734,22.110000610351562,7.840000152587891
URBN,"Urban Outfitters, Inc.",ok,Consumer Discretionary,Apparel Retail,2026-10-01,78.7300033569336,,753.0,False,False,3.0767297565076346,4.361082726743892,5.282167213314115,-0.7062650424110251,11.326360291246097,10.219799832800591,71.56599197690448,64.71195214868067,56.26843290088345,56.26843290088345,139.4464744506366,47.42130737111205,50.64048478909707,-5.087394510625139,32.163847171840935,983952.9,-35.80404102676054,82.94999694824219,59.56999969482422
USLM,"United States Lime & Minerals, Inc.",ok,Materials,Construction Materials,2026-10-01,112.16500091552734,,753.0,False,False,-0.835469622248175,0.7590740415196251,2.5086846943131347,-2.50760717923022,4.391649174200807,-14.553259685552645,118.13510567801339,114.50212732444247,96.33865583908668,96.33865583908668,184.20633442385775,39.400040903796764,36.12270238209356,-19.48612976773489,15.110293513145729,146753.95,-33.44029240780232,139.3114013671875,97.44132995605469
USPH,"U.S. Physical Therapy, Inc.",ok,Health Care,Health Care Facilities,2026-10-01,83.48999786376953,,753.0,False,False,-2.612860615247947,-3.0200936052041216,-0.32235466281601566,7.38263390838525,16.081962564864625,0.8180734750613761,76.2916002879067,77.50060029048844,81.3668987481876,81.3668987481876,-3.2049770992825577,34.38168745570552,68.3320363560235,-8.066818393254582,43.397491055183956,174558.45,-54.302412744842776,90.81595611572266,58.222774505615234
UTI,Universal Technical Institute,ok,Consumer Discretionary,Education Services,2026-10-01,19.3799991607666,,753.0,False,False,3.802887421378065,4.926907857295615,-6.240933288659356,-7.050365437928607,-59.82587378429264,-40.46083067583898,32.05853179901365,29.59292834688468,24.46268263724379,24.46268263724379,131.26490329480816,54.35279659798089,41.8563883162017,-62.14843970315993,4.926907857295619,1905612.05,-47.10670516593344,51.20000076293945,18.469999313354492
UTL,Unitil Corporation,ok,Utilities,Electric Utilities,2026-10-01,50.5099983215332,,753.0,False,False,-0.4925138066719459,0.3177752775789022,-0.6490988002837206,-5.782507467869302,-4.724003549726941,9.496882526369266,50.385915589711026,50.902665362415085,49.91663353503304,49.91663353503304,32.178899061962476,22.50501054839672,29.12622557794441,-8.995178650554127,12.264806678457633,140176.75,-61.59491499125211,55.5025520324707,44.99183654785156
UVV,Universal Corporation,ok,Consumer Staples,Tobacco,2026-10-01,41.564998626708984,,753.0,False,False,-0.5384117824576484,-0.728445934932942,-2.6808721196623475,-9.895951302202654,-18.16302224984834,-20.803927701121296,50.63942323412214,50.52572612838441,48.7210340259243,48.7210340259243,6.696226781656112,26.235936695312102,11.664882699074184,-26.979516831044066,0.0,342215.9,-51.458129210244174,56.92238235473633,41.564998626708984
VAC,Marriott Vacations Worldwide,ok,Consumer Discretionary,"Hotels, Resorts & Cruise Lines",2026-10-01,102.9800033569336,,753.0,False,False,0.6844002600618015,-1.5110885984620959,2.2134028356660895,4.76480650039095,3.542117803692424,61.59942762907305,75.22481391543434,73.40083562995333,74.96773493084142,74.96773493084142,17.251198568155047,49.9571503377461,50.48114495451974,-16.79280780085747,136.44881006091128,426747.8,-71.49229591810432,123.76334381103516,43.55276870727539
VCEL,Vericel,ok,Health Care,Biotechnology,2026-10-01,39.529998779296875,,753.0,False,False,-1.5196826597582702,-1.764420649986842,0.5852405768482338,-2.395064742476849,-15.857813613305161,25.61169253830289,37.94226204402863,41.64731076989041,42.21924305088808,42.21924305088808,19.102140448676906,45.109498407454836,57.90171458677926,-18.17429588989478,34.73073815171808,486874.55,-55.781011761654,48.310001373291016,29.34000015258789
VCTR,"Victory Capital Holdings, Inc.",ok,Financials,Asset Management & Custody Banks,2026-10-01,111.33000183105469,,753.0,False,False,0.6600392106735908,1.5784702381561377,4.929315204664442,-1.1055296406982884,27.455975498678818,76.27680597175934,79.27867913624597,70.3639290038333,60.10837580261636,60.10837580261636,267.5923854087781,33.70054630558068,52.54823957725392,-7.677809591729205,87.8816087709567,742255.0,-49.613003617355226,120.58856201171875,59.255401611328125
VCYT,"Veracyte, Inc.",ok,Health Care,Health Care Services,2026-10-01,44.94499969482422,,753.0,False,False,-2.3783692418082203,-0.6301124260369995,-7.406265251126376,3.4883706631424705,-21.259638659696666,30.920469844447474,41.936567382206995,37.66937243700978,33.259103559719456,33.259103559719456,104.66758455652058,57.36708419146309,60.220714629199534,-25.698465122007562,49.76674225936471,1445260.4,-39.56743020150555,60.4900016784668,30.010000228881836
VECO,Veeco Instruments Inc.,ok,Information Technology,Semiconductor Materials & Equipment,2026-10-01,52.8650016784668,,753.0,False,False,1.8593451333651867,7.733853693182047,16.314633203644814,25.71938796106923,-8.044877135100725,73.72658937987289,42.0613293799143,33.15277888765373,33.62210491074034,33.62210491074034,92.86757377876454,53.43248027947072,72.25145779355162,-36.33790812184136,100.32210269471724,641766.15,-25.935171245787892,83.04000091552734,26.389999389648438
VGNT,Versigent PLC,ok,Consumer Discretionary,Other Specialty Retail,2026-10-01,46.165000915527344,,130.0,False,False,2.725861874170832,1.685020625412026,2.0897825504515133,0.21494010974896227,15.14745721556141,,41.913913125258226,41.913913125258226,41.913913125258226,41.913913125258226,53.275754499971754,58.074752026945205,47.37983909614142,,,753555.05,-59.52505394264163,,
VIR,"Vir Biotechnology, Inc.",ok,Health Care,Biotechnology,2026-10-01,11.329999923706055,,753.0,False,False,1.3416781255437993,7.8020901709481505,5.690295163083192,-2.5795372982185483,12.848605246557575,98.4238152016353,8.366011922321622,7.581892439093723,8.184694566891329,8.184694566891329,26.028923383352254,72.10805746163061,58.91959735779531,-2.579537298218548,121.28906595607994,2024367.95,-32.29694236168874,11.630000114440918,5.119999885559082
VIRT,"Virtu Financial, Inc.",ok,Financials,Financial Exchanges & Data,2026-10-01,55.13999938964844,,753.0,False,False,-0.036258988069248765,6.0996692216402915,4.709456037642212,-15.584813767202787,-10.405779205400167,58.61400960092631,46.100708885798376,41.56551551438898,34.57304853208828,34.57304853208828,245.58876796218243,34.19454270925647,30.882347691317534,-18.530326227690928,73.89736188781828,1135026.95,-6.7476767842384655,67.68162536621094,31.708358764648438
VRRM,Verra Mobility Corporation,ok,Industrials,Data Processing & Outsourced Services,2026-10-01,3.055000066757202,,753.0,False,False,-1.451607718055714,2.1739149502721933,-5.999997945932245,-26.73860885220153,-28.953489971006086,-87.63157905913506,13.917202395106118,19.051404393526663,20.805557767075214,20.805557767075214,-83.83597815651824,55.67844196565004,27.39726116876946,-87.67648263843472,2.173914950272184,7381310.5,-65.86906891398215,24.790000915527344,2.990000009536743
VRTS,"Virtus Investment Partners, Inc.",ok,Financials,Asset Management & Custody Banks,2026-10-01,133.5500030517578,,753.0,False,False,0.9295614113179695,3.087610888285286,2.873205605530127,-16.531248092651364,-10.617532553608545,-25.29983481581459,149.23181494455488,164.5289674888094,174.3691291454462,174.3691291454462,-22.368843416943008,33.60658371445035,31.588734278562086,-26.73785681395296,9.904364740023029,141185.75,-61.17526025112308,182.2906036376953,121.51473999023438
VSAT,"Viasat, Inc.",ok,Information Technology,Communications Equipment,2026-10-01,70.19999694824219,,753.0,False,False,-0.25575491929568095,-2.023732793799038,-4.7748293735410225,5.914300303472175,-15.482784719900355,139.59043950912005,55.46682540954105,34.52039840876819,29.16731741133914,29.16731741133914,290.21677510493333,86.41516900719891,38.776621631982295,-21.83498624143445,139.4270043619216,1625927.5,-61.747986918235895,89.80999755859375,29.31999969482422
VSEC,VSE Corporation,ok,Industrials,Aerospace & Defense,2026-10-01,161.4600067138672,,753.0,False,False,-1.9672072218636316,-7.5522402768791075,-10.518729478349664,-18.557373662614285,-30.470691282029716,-2.6774849773107623,192.61633712526353,157.56752898683587,129.41774762420857,129.41774762420857,227.91235087910673,48.32059010772038,25.57564019319203,-33.68654117501075,4.406899703714287,391791.8,19.256196786150205,243.47999572753906,154.64495849609375
VSH,Vishay Intertechnology,ok,Information Technology,Electronic Components,2026-10-01,33.4900016784668,,753.0,False,False,2.8878723915175764,3.909407862632075,5.314473213686988,13.385143079727069,-26.83793865595926,122.796173242542,27.170460023577252,21.40584248850545,21.291489283243816,21.291489283243816,42.770397204438446,53.885897262323844,51.62038478095301,-48.23418316385074,188.39099514273283,3125545.4,-35.75815600054953,64.69520568847656,11.612707138061523
VSNT,"Versant Media Group, Inc.",ok,Communication Services,Cable & Satellite,2026-10-01,30.850000381469727,,200.0,False,False,-2.681389151458524,-4.95994685278065,-7.910446622478428,-23.46812371504752,-18.70882803355124,,37.11607471466064,37.11607471466064,37.11607471466064,37.11607471466064,-31.010592975983542,41.886335662830895,12.306744651082937,,,1707719.55,-6.238058819435544,,
VSTS,Vestis,ok,Industrials,Diversified Support Services,2026-10-01,13.835000038146973,,753.0,False,False,3.5553921682350165,2.862455273914777,-0.03612799411698564,14.05605859538477,-3.1162444197863404,205.4083752179846,9.59248017129444,9.830488630499973,11.886400414019784,11.886400414019784,-17.536139137726636,61.63800356696115,63.75197330077804,-16.15151492032138,199.45888270239104,1596690.35,-48.94395146811027,16.5,4.619999885559082
VSXY,Victoria's Secret,ok,Consumer Discretionary,Apparel Retail,2026-10-01,87.96499633789062,,753.0,False,False,-0.5595780598068312,-0.36811028912285826,4.957640974028199,4.508730250092219,14.672138427513248,224.1156901847303,60.06057531114609,43.44710152462659,36.12048467633576,36.12048467633576,446.3664239358269,70.39770016096693,75.93176118664462,-12.00860731841858,211.3805180102323,2106583.35,-76.15252204476029,99.97000122070312,28.25
VTOL,Bristow Group Inc.,ok,Energy,Oil & Gas Equipment & Services,2026-10-01,40.63999938964844,,753.0,False,False,-0.1964681450304373,-3.605314191804898,-3.9243495918499294,-10.385885871992716,-1.5948177521362572,13.604847409959087,42.36327928210061,38.1275161917941,35.411527608336996,35.411527608336996,49.70282599331255,36.10461625962838,33.90623351558453,-18.277432918044177,14.814093547959835,295247.3,-74.68359575176471,49.729225158691406,35.3963508605957
VVX,"V2X, Inc.",ok,Industrials,Aerospace & Defense,2026-10-01,71.2750015258789,,753.0,False,False,0.7135861336259985,-3.303483365673643,-6.450978813535557,-7.972880136444516,-3.8124116145951015,22.697540607087817,69.0854563940139,60.79594614401282,56.073379769901514,56.073379769901514,38.80234399967788,43.05073277063121,47.450771191983605,-21.51194423291355,36.64685915334637,716648.0,-72.72580123017158,90.80999755859375,52.15999984741211
VYX,NCR Voyix,ok,Information Technology,IT Consulting & Other Services,2026-10-01,6.880000114440918,,753.0,False,False,0.5847947508874407,0.7320672224507607,-2.687412342393347,-21.28146116003027,-20.919537180747927,-45.17928278981117,8.703373012088594,10.469860571789077,11.67029348312621,11.67029348312621,-58.480563764439594,48.501346926737526,26.210833138839988,-46.123728521418016,11.869918825259344,3107917.45,-50.524779865050796,12.770000457763672,6.150000095367432
WABC,Westamerica Bank,ok,Financials,Regional Banks,2026-10-01,58.650001525878906,,753.0,False,False,0.5658467640286657,-1.2293693652833393,-2.0050074834355502,0.8251734090475749,-0.6523324083778093,21.572131142874397,52.60967776888893,50.24638027783884,48.506787496417324,48.506787496417324,50.921115003004246,25.053739188573783,47.39337264039015,-5.34454753730764,34.12912988232646,263030.35,-59.20356719291138,61.96156692504883,43.72652053833008
WAFD,"WaFd, Inc.",ok,Financials,Regional Banks,2026-10-01,29.895000457763672,,753.0,False,False,-0.11693901455142042,-3.095623701449557,-3.2837249908088118,-15.503110358282868,-21.44790818637049,1.8963064515688632,33.01629433556209,31.23460475192127,29.89161439214253,29.89161439214253,29.98095763160107,29.961904178584593,12.298952455950527,-23.405713260316162,10.90331820737793,1437035.25,-51.44830302527373,39.03032684326172,26.95591163635254
WAY,Waystar Holding Corp,ok,Health Care,Health Care Technology,2026-10-01,25.100000381469727,,581.0,False,False,-0.9471182702169512,-2.486400137293532,1.8668871883760652,-2.5621111861331647,6.990628137247157,-33.808012675418745,26.86168650975303,31.617978065612306,30.595154895224383,30.595154895224383,21.256036021060808,43.9003723031264,60.70959880014998,-36.648154825491076,45.002895181217404,1980670.6,-48.91063662983638,39.619998931884766,17.309999465942383
WD,"Walker & Dunlop, Inc.",ok,Financials,Commercial & Residential Mortgage Finance,2026-10-01,34.8650016784668,,753.0,False,False,-0.6978038382959517,-5.872028032668808,-6.553201835512423,-13.421898976549041,-35.02301048181424,-55.90056984043503,53.58885849846734,67.4695286693801,73.48719927419229,73.48719927419229,-45.788134787943434,37.6646210873274,18.263318851017345,-57.36885150472244,0.0,494878.05,-27.121237242185213,81.78292846679688,34.8650016784668
WDFC,WD-40 Company,ok,Consumer Staples,Household Products,2026-10-01,203.22999572753906,,753.0,False,False,0.6238523044118205,-0.32859155909806814,3.0630322082010997,-4.429813514845837,-16.998807349637744,4.803306145396902,212.45593122452024,222.4583225326234,225.40349553527426,225.40349553527426,6.082333816266217,28.059404125001553,64.3270715957163,-22.976924793139236,9.903146728736905,127333.15,-57.93475618878509,263.8559875488281,184.9173583984375
WEN,The Wendy's Company,ok,Consumer Discretionary,Restaurants,2026-10-01,6.260000228881836,,753.0,False,False,-1.8808759154637977,-2.034423166197308,-3.8402456407123697,-24.30471726268041,-26.59017860138453,-27.290246907522143,7.557457609782143,10.10585750336666,11.990874247405317,11.990874247405317,-62.82804640385316,41.913368027034394,15.228434013733875,-30.775826822033036,2.3216292682166433,5935796.8,-34.60295002012198,9.043084144592285,6.117963790893555
WERN,Werner Enterprises,ok,Industrials,Cargo Ground Transportation,2026-10-01,34.22999954223633,,753.0,False,False,0.7357269080867868,2.0876850236322353,2.2401433998045395,-9.540170707701945,-20.50627391881995,32.319924346390124,33.9935436551533,32.516399774893344,33.88132042903824,33.88132042903824,-7.643922896393551,33.97767905484718,26.92891682869019,-27.616834680590703,49.671627565854,845905.2,-62.3830188063627,47.290000915527344,22.870065689086914
WGO,"Winnebago Industries, Inc.",ok,Consumer Discretionary,Automobile Manufacturers,2026-10-01,26.485000610351562,,753.0,False,False,0.4361007487988733,-1.9437231176654746,-1.5427472641777906,-8.593120882186566,-13.961367599661735,-17.35267985109663,33.60355524789719,36.034549576352795,43.03521750299421,43.03521750299421,-50.63733856085282,45.35638006318824,36.15686753216912,-44.980336659715725,0.43610074879886584,568964.4,-57.39838907320036,48.13733673095703,26.3700008392334
WHD,"Cactus, Inc.",ok,Energy,Oil & Gas Equipment & Services,2026-10-01,62.30500030517578,,753.0,False,False,0.13661054774196657,-3.012138267341169,-4.440179108236075,-11.861652067674855,23.83870144709521,59.5097576279918,53.201405131627645,51.41189524282022,50.443400976983995,50.443400976983995,30.432201438030802,41.67442021936462,25.36601357445376,-15.313343411669619,88.49851818758975,764325.95,-20.62038453620474,73.57121276855469,33.05331039428711
WINA,Winmark,ok,Consumer Discretionary,Other Specialty Retail,2026-10-01,300.25,,753.0,False,False,0.019986527900939244,0.20357272785418434,2.537392421944218,-7.912893347308114,-29.039073186908837,-37.63564840665754,396.51565745520213,386.5691974533507,375.7724866322471,375.7724866322471,-12.457980045393114,33.62404573571089,43.02680256505181,-40.05849763148442,5.210594597646624,101225.3,-70.55479213200653,500.905029296875,285.3800048828125
WKC,World Kinect Corporation,ok,Energy,Oil & Gas Refining & Marketing,2026-10-01,35.90999984741211,,753.0,False,False,2.1331058113050583,1.9591101726123439,0.48145452744445816,2.446659635622739,8.832221379026816,42.62889165081707,28.13129036010258,27.239547478725235,25.74934581234794,25.74934581234794,76.84069594176741,29.74984688219568,60.00276562785514,-10.20327431744989,62.49032507071933,1122023.7,-64.28114664601112,39.99032211303711,22.099777221679688
WLY,John Wiley & Sons,ok,Communication Services,Publishing,2026-10-01,48.505001068115234,,753.0,False,False,1.5598885526889594,1.879858110249799,-0.2160039928367552,-7.415534198881524,-7.4348510074188745,24.350755465878613,39.75246552815513,40.54742083986442,38.54164166342848,38.54164166342848,46.67178131542906,34.25441710107616,58.54082960220708,-12.948671921254572,71.21180947631002,557889.35,-73.06741919342966,55.720001220703125,28.330406188964844
WOR,Worthington Enterprises,ok,Industrials,Building Products,2026-10-01,59.255001068115234,,753.0,False,False,-0.4786695381756134,-2.6531918713794567,-1.7818676119882082,4.811909522457447,8.979806522142697,8.304346831765152,54.99415756407238,52.16423198806337,51.26591059062902,51.26591059062902,62.36030272164128,35.64918602742692,56.8970893906061,-4.832331418544696,27.479094809262396,521925.4,-81.77747241272412,62.2637939453125,46.48213195800781
WRBY,Warby Parker,ok,Consumer Discretionary,"Apparel, Accessories & Luxury Goods",2026-10-01,27.729999542236328,,753.0,False,False,-0.17998971624654247,12.449309463991721,5.5576667644905875,14.634141918247057,-5.228983850571822,0.5438709896490757,24.334880934821236,23.175916320299248,20.08551127723805,20.08551127723805,108.96758542319995,64.7364825872456,59.72938263108413,-8.602506912409948,68.16252229914977,3529701.65,-17.663494306948014,30.34000015258789,16.489999771118164
WRLD,World Acceptance Corporation,ok,Financials,Consumer Finance,2026-10-01,171.1199951171875,,753.0,False,False,0.19908440117160087,-0.1517153449743347,0.21668820918741005,-5.096779194631096,-17.722858624653227,1.1706253604611527,158.81250015137687,149.26045818252868,141.19674640062794,141.19674640062794,35.26202847812729,46.50880333477498,21.35977359814561,-23.549124908488512,48.06610328722799,61952.7,-35.67027748588843,223.8300018310547,115.56999969482422
WS,Worthington Steel,ok,Materials,Steel,2026-10-01,35.95500183105469,,713.0,False,False,2.057911717964034,-2.4816846415441574,1.3387888809099469,6.244399854318705,12.847334736493753,20.45371288556941,35.85603842659602,33.11392047775694,32.31869775148796,32.31869775148796,51.86628325432583,52.86417267288947,61.30859797288773,-25.147772465584083,29.064454052104427,301825.1,-33.338214747547504,48.034645080566406,27.85817527770996
WSBC,WesBanco,ok,Financials,Regional Banks,2026-10-01,37.36000061035156,,753.0,False,False,-0.16033554657824967,-2.326795789930558,-2.758973475044413,-4.491243283390101,-4.876745857534138,22.116553933367,34.95983474973648,32.50048148014631,30.165354747696227,30.165354747696227,77.40670691800476,29.763555177828078,20.25315436976183,-11.693551186623823,30.757253751876174,1119723.15,-38.1844521121136,42.30721664428711,28.57202911376953
WSC,WillScot Holdings Corp.,ok,Industrials,Office Services & Supplies,2026-10-01,17.15999984741211,,753.0,False,False,-0.11641709783699605,-3.9731447032866907,-3.3239445216219243,-12.582786990853078,-35.404382527901646,-17.635803742338197,21.68359126741924,25.920511371111015,30.69705774932902,30.69705774932902,-57.17692522396863,46.14377906735585,27.54491120550138,-40.75957325315193,16.06863167609965,2861107.95,-58.07012454738032,28.966705322265625,14.784356117248535
WSFS,WSFS Financial Corporation,ok,Financials,Regional Banks,2026-10-01,76.0199966430664,,753.0,False,False,0.5954703586865451,-0.5494581173800861,-1.6177042245441364,-0.8736546838054249,-1.2483875213378348,42.51325733507703,66.88891161055793,60.11597841574376,54.576719230864626,54.576719230864626,118.19115657423373,30.14729884889858,27.405580511884565,-7.3926191007725075,52.6462833795731,360747.65,-61.093856051453145,82.08848571777344,49.80140686035156
WT,"WisdomTree Investments, Inc.",ok,Financials,Asset Management & Custody Banks,2026-10-01,24.139999389648438,,753.0,False,False,-0.617544340161047,0.3325017684198128,0.6252589410645104,-1.3082571823453404,33.99645261183415,74.95063392468488,16.792887600641404,13.718004087052972,11.902845394722178,11.902845394722178,256.721071207871,34.8261092426308,52.201246293269186,-3.5942551636282647,126.06313679161872,2918345.6,-41.17859104829805,25.040000915527344,10.67843246459961
WU,Western Union,ok,Financials,Transaction & Payment Processing Services,2026-10-01,6.005000114440918,,753.0,False,False,1.7796613114621884,-1.879081262558857,-0.4145952652997664,-11.921671584736638,-22.36792237654036,-15.536273720089365,7.86108974994175,8.049718204247524,8.581069119897972,8.581069119897972,-38.67947827248804,30.823298038542113,26.63024866715959,-35.965379990975535,1.779661311462187,8912538.5,-35.59219968586952,9.377739906311035,5.900000095367432
WWW,"Wolverine World Wide, Inc.",ok,Consumer Discretionary,Footwear,2026-10-01,19.385000228881836,,753.0,False,False,1.4390351111831512,1.3329904824993966,0.44041966415244715,0.28453339572096503,17.271623857480336,-27.827570255990587,18.339916308720905,18.892309223038268,16.043734547943075,16.043734547943075,161.6591204665999,59.79610060688116,43.40990871933536,-28.66253559389798,34.68902904395827,688556.45,-27.743179226626946,27.173660278320312,14.392412185668945
XHR,"Xenia Hotels & Resorts, Inc.",ok,Real Estate,Hotel & Resort REITs,2026-10-01,18.06999969482422,,753.0,False,False,0.055372254582253255,-1.1450783127551767,1.5564678669643284,-0.44245537089789844,-10.52051366425344,36.23342187272056,16.05124292676411,14.39954059532439,13.743213977788391,13.743213977788391,69.05603248256756,30.66334268241222,69.3421167813593,-16.548692108910135,51.961196007320666,900716.45,-62.7930632331629,21.653345108032227,11.891193389892578
XNCR,Xencor Inc,ok,Health Care,Biotechnology,2026-10-01,24.55500030517578,,753.0,False,False,-1.5831681189781843,-4.082031487196214,2.8266380575011407,-12.020779507626589,63.70000203450521,109.33504913414822,15.621289688443381,14.96114543329672,16.708545826662426,16.708545826662426,26.052365925039634,62.39397944228073,51.09932029608275,-16.19453602539,135.87896892505788,1398935.9,-76.68099017260191,29.299999237060547,10.40999984741211
XPEL,"XPEL, Inc.",ok,Consumer Discretionary,Automotive Parts & Equipment,2026-10-01,44.71500015258789,,753.0,False,False,1.2338736840286968,4.085198104088317,2.2057146344865997,-7.172510167510914,-7.842127512937691,35.213185864002995,45.480654731629386,41.35357567988544,43.34090971218479,43.34090971218479,-42.31067098411706,57.47228976578441,37.28901134066483,-18.626024510002317,34.48120346642975,194538.2,-62.750760519013745,54.95000076293945,33.25
YELP,"Yelp, Inc.",ok,Communication Services,Interactive Media & Services,2026-10-01,18.219999313354492,,753.0,False,False,-1.5135172251108497,3.5815756412822752,-0.8165569897990554,-18.478751667223225,-31.297138013356907,-41.602567731354355,26.133849181826154,30.906454207887688,33.82873843168991,33.82873843168991,-56.660326078572965,35.706111213444814,28.925616577849752,-46.14248203608074,3.5815756412822677,1446151.1,-36.36059191878359,33.83000183105469,17.59000015258789
YOU,"Clear Secure, Inc.",ok,Information Technology,Application Software,2026-10-01,42.0,,753.0,False,False,0.11918769046774802,4.063427564041744,8.949418498620233,-1.9165825997747188,-21.646322435292852,28.039625358387287,43.72214946292696,35.707663403089306,30.31473694759536,30.31473694759536,161.25749732781728,52.257453543699995,48.78564192217136,-32.223160519356696,44.341862969433485,2119413.0,-62.944456790630234,61.96807098388672,29.09758758544922
ZD,Ziff Davis,ok,Communication Services,Advertising,2026-10-01,54.63999938964844,,753.0,False,False,-3.6161567943568618,-1.86781772598279,-3.24066192933562,-1.0861735528372551,4.215142230801194,43.41207763239654,43.00440482487754,42.44332671830379,47.631314750053335,47.631314750053335,-13.352365683913325,50.66848153971615,43.350154835743105,-7.718290433182365,106.11089746472287,714774.0,-56.1147999227728,59.209999084472656,26.510000228881836
ZWS,Zurn Elkay Water Solutions Corp.,ok,Industrials,Industrial Machinery & Supplies & Components,2026-10-01,47.189998626708984,,753.0,False,False,1.5493810783139939,0.9843763941339123,1.2660947894999275,1.179243662645968,-3.7939207583393086,1.2657632030255606,47.76352870275104,42.64276569867989,38.38014612539831,38.38014612539831,78.73389465015225,27.612316141672217,65.07459151452488,-11.066366784220873,8.48367826236343,867488.75,-57.74296784828622,53.06203842163086,43.499629974365234
