ticker,company_name,status,sector,industry,last_date,last_close,pe_ratio,data_points,rising_7day,declining_7day,pct_1d,pct_3d,pct_5d,pct_21d,pct_63d,pct_252d,avg_1y,avg_2y,avg_5y,avg_max,cum_return_from_start_pct,ann_vol_pct,rsi,pct_from_52w_high,pct_from_52w_low,avg_volume_20d,volume_vs_avg,high_52w,low_52w
AAMI,Acadian Asset Management Inc.,ok,Financials,Asset Management & Custody Banks,2026-10-07,92.86000061035156,32.90071,752.0,False,False,-0.6738659405426284,-1.391098634454202,1.2539543532430475,0.8800709215390778,15.651890010397063,107.2543605019939,64.96173991854229,48.55750921712929,39.53064240039663,39.53064240039663,414.42892816511295,35.3487908830385,56.28385647314482,-4.469231034883319,122.47837816026707,484477.55,-57.90289973188645,97.20428466796875,41.738887786865234
AAP,"Advance Auto Parts, Inc.",ok,Consumer Discretionary,Automotive Retail,2026-10-07,41.130001068115234,22.861113,752.0,False,False,-0.266732797949909,6.334024673240801,5.705477330786413,-3.359963014646883,-24.876710377871714,-28.046543322328976,50.96469372037857,47.94236136812613,51.549579554415764,51.549579554415764,-14.93471651290802,62.44577994484592,46.358191723255125,-34.43699121623343,7.735774548697107,1724102.5,-48.91545021250187,62.73354721069336,38.176734924316406
AAT,American Assets Trust,ok,Real Estate,Diversified REITs,2026-10-07,21.559999465942383,74.362076,752.0,False,False,0.2790672834529495,0.046404776036546025,1.411097054707433,-1.2368321516596392,-12.675339403656949,14.047889493607201,20.170333642808217,20.1587158142333,19.820250450296605,19.820250450296605,41.264190046726476,26.556029809928404,35.53295560607411,-15.310277893408111,27.26559840106932,489274.35,-41.46699086105781,25.45763397216797,16.940948486328125
ABCB,Ameris Bancorp,ok,Financials,Regional Banks,2026-10-07,78.8499984741211,14.258589,752.0,False,False,-1.3758580564214529,-3.180260178833605,-0.8425530649261326,-6.993193647404238,-11.935739417042534,6.35835003486096,81.04591427152118,72.34375477217108,64.40175862007953,64.40175862007953,113.43919972590638,29.280007320199168,30.472809255664856,-15.158866761842818,14.740132873944722,525825.15,-63.941816020021115,92.93840789794922,68.72050476074219
ABG,Asbury Automotive Group,ok,Consumer Discretionary,Automotive Retail,2026-10-07,167.41749572753906,6.232967,752.0,False,False,-1.3798885809945927,-4.811524289479041,-2.8337244560303843,-21.36701289375179,-20.928777638583973,-32.359298839176695,214.84324379572791,229.66451679852855,227.111618813048,227.111618813048,-22.88106382066477,35.58933744450433,30.008279538167898,-34.610203286429574,0.0,268623.0,-40.86135587794046,256.0299987792969,167.41749572753906
ABM,"ABM Industries, Inc.",ok,Industrials,Environmental & Facilities Services,2026-10-07,48.63999938964844,17.623188,752.0,False,False,0.49586333926292525,-0.6738856908894086,1.7360424041801714,-3.2904438715332107,10.139627096730063,8.033874555422083,43.377456210908434,45.83975839804843,45.06819289795896,45.06819289795896,23.094932960303293,29.872457320290625,46.7541279944514,-3.2904438715332147,32.729672994531,502145.2,-60.19000082047982,50.294925689697266,36.645912170410156
ABR,Arbor Realty Trust,ok,Financials,Mortgage REITs,2026-10-07,3.2300000190734863,35.886665,752.0,False,False,-7.4498564399078315,-9.269660927252731,-16.321240755025958,-35.52894468042014,-32.70407042059305,-69.99842325434103,6.586029800157698,8.413466919940781,8.938627247480635,8.938627247480635,-66.87747081572027,40.30543457239478,11.180092950741795,-69.52693472535242,0.0,5807174.65,-8.930016423735431,10.59952449798584,3.2300000190734863
ACA,"Arcosa, Inc.",ok,Industrials,Construction & Engineering,2026-10-07,146.7100067138672,36.207405,752.0,False,False,0.14334929274211206,0.14334929274211206,0.3831767641259365,0.7277808869227798,1.2351381629653435,60.86827290321799,122.00019896976532,107.08847466882956,98.5379458183938,98.5379458183938,108.57468098918437,32.95407305162133,69.68757748574262,-0.027252665167163542,64.85614375362694,715146.7,-64.82763606404112,146.75,88.99274444580078
ACAD,Acadia Pharmaceuticals,ok,Health Care,Pharmaceuticals,2026-10-07,19.584999084472656,8.7713,752.0,False,False,-0.7852111876530565,-1.8295822782365523,-2.8039729268184876,-28.988400512508317,-25.842486945747666,-9.286711690341997,24.136488089485773,21.70744025469776,21.210352404320492,21.210352404320492,-9.912606758664511,49.14628895593261,2.7627786560359198,-35.93392450118809,0.0,2375965.35,-63.74075909819139,30.56999969482422,19.584999084472656
ACHC,Acadia Healthcare,ok,Health Care,Health Care Facilities,2026-10-07,29.239999771118164,15.822305,752.0,False,False,0.6887012716445318,4.205275579595069,6.3272718949751505,6.3272718949751505,-6.878980489341835,10.506427750698144,23.289642822174798,27.50998004404197,43.04875000360164,43.04875000360164,-58.91527255388227,55.0231099224375,53.023910250047614,-17.888235692368077,150.3424572528563,1476807.9,-43.29269229938436,35.61000061035156,11.680000305175781
ACIW,ACI Worldwide,ok,Information Technology,Application Software,2026-10-07,50.66999816894531,23.141552,752.0,False,False,-0.07888171218601858,1.0368826066696535,3.662023448681362,-2.5202027411073247,-10.15958014523174,-5.431137668275987,46.98488094693138,48.828525915563816,44.13413564955935,44.13413564955935,140.25603509883214,33.8139843860629,46.15383287610701,-15.80259569292917,31.713014195790052,733657.8,-62.958752704598794,60.18000030517578,38.470001220703125
ACLS,"Axcelis Technologies, Inc.",ok,Information Technology,Semiconductor Materials & Equipment,2026-10-07,137.49000549316406,46.137585,752.0,False,False,-2.5929780811782766,-6.956756095332062,4.810194518746735,15.373002941769599,-3.806050137396366,56.79097008240337,113.04714281596834,92.13334660321118,101.7958643588614,101.7958643588614,-14.074113984617242,57.134497635233494,78.33879319899307,-28.24112676756262,85.49649271229185,350686.8,-55.6481738120739,191.60000610351562,74.12000274658203
ACMR,"ACM Research, Inc.",ok,Information Technology,Semiconductor Materials & Equipment,2026-10-07,72.81999969482422,34.31132,752.0,False,False,-3.357662681527196,-12.664905140856032,-10.009884648303945,-5.3179089488200715,-31.327801710570103,74.29392489812257,61.15876974378313,42.47906370466924,35.41593748077433,35.41593748077433,299.67070493493503,81.86557992845674,56.486003111334256,-42.611710895189105,145.4330957451083,1264617.7,-40.04085187167632,126.88999938964844,29.670000076293945
ACT,"Enact Holdings, Inc.",ok,Financials,Commercial & Residential Mortgage Finance,2026-10-07,45.939998626708984,9.691983,752.0,False,False,-0.8203822768109714,1.502431132111326,6.195100344795379,-6.8154171650082525,2.6297756433719233,30.20783158876239,42.01550822787814,38.07155062002965,34.96041976644638,34.96041976644638,79.2005869938047,20.71612983867925,35.794182204228775,-8.24845435048436,34.30827290635131,450234.75,-70.01675237195708,50.06999969482422,34.204891204833984
ADAM,"Adamas Trust, Inc.",ok,Real Estate,Mortgage REITs,2026-10-07,7.440000057220459,4.4285717,752.0,False,False,-3.626939644829197,-4.737514574518686,-4.370181792016503,-20.71129985649298,-16.133632460155066,24.40636364237987,7.665157302977547,6.45702270777577,6.0214257430523,6.0214257430523,26.028428829786463,33.63997122760078,12.873679112646514,-24.74161360218117,28.56585250253666,1373431.35,-41.66967282347239,9.885941505432129,5.786917686462402
ADEA,"Adeia, Inc.",ok,Information Technology,IT Consulting & Other Services,2026-10-07,24.360000610351562,23.650486,752.0,False,False,-1.0158471913846445,-5.361302148553415,-4.843749033752842,-10.441176738706003,-17.350190759111573,36.634999700447615,22.893641812460764,18.184281385277373,15.676438425449614,15.676438425449614,179.65002953789937,52.45710778052427,45.84570115015391,-27.29108975328972,109.60790596931702,1083322.6,-45.389582013704874,33.50345993041992,11.621699333190918
ADIG,ADI Global Distribution,ok,Information Technology,Electronic Equipment & Instruments,2026-10-07,17.700000762939453,9.587304,49.0,False,False,-0.6733946910202238,-0.7291035407900326,-1.2276747344746153,-15.27045820925067,,,21.39040826291454,21.39040826291454,21.39040826291454,21.39040826291454,-15.714282081240704,78.10709081923193,17.38408107377532,,,752964.65,-59.135797410940874,,
ADMA,"ADMA Biologics, Inc.",ok,Health Care,Biotechnology,2026-10-07,10.135000228881836,14.478572,752.0,False,False,-0.44204395820170994,4.2695468153509,1.04686439387911,6.236900098616327,9.331172906186014,-27.96730313640241,12.660396825699578,15.483326683956314,13.198111695178012,13.198111695178012,203.44312842302884,57.36402242878567,69.268300701129,-50.269869253024034,33.355267842885915,3310367.9,-48.20944221939803,20.3799991607666,7.599999904632568
ADNT,Adient,ok,Consumer Discretionary,Automotive Parts & Equipment,2026-10-07,17.690000534057617,32.172726,752.0,False,False,1.0279857385660174,2.195269092081098,5.047508157766267,-5.804047458651008,-9.235501581318273,-31.380915194384194,20.82436513900757,19.751613544752875,23.027885644993884,23.027885644993884,-51.37438148796048,46.2461714532792,43.72991073482017,-34.69914937461637,5.047508157766273,1060285.5,-32.43234958886073,27.09000015258789,16.84000015258789
ADT,ADT Inc.,ok,Consumer Discretionary,Specialized Consumer Services,2026-10-07,6.329999923706055,8.678082,752.0,False,False,-0.4717014021786259,1.2799987792968759,4.1118421568599794,-11.637513751960949,-4.063592927560378,-25.013638791037685,7.271591994497511,7.4218376974660565,7.05141027874135,7.05141027874135,6.384510574923152,33.9212086746499,26.760570001705872,-26.116385166253792,4.111842156859978,8199902.65,-24.23991765316873,8.56752872467041,6.079999923706055
ADUS,Addus HomeCare Corp.,ok,Health Care,Health Care Services,2026-10-07,113.32499694824219,19.84676,752.0,False,False,0.14580530292793714,1.8468593216263374,2.5194463629895303,-5.024306706264669,3.28563223426106,0.5545696689654989,107.68859115479485,111.01455161106064,108.80681501550877,108.80681501550877,35.16817974504862,29.257408116686083,33.8340588513546,-7.678210225464613,28.065317757952908,216222.05,-30.09917351167468,122.75,88.48999786376953
AEO,American Eagle Outfitters,ok,Consumer Discretionary,Apparel Retail,2026-10-07,17.704999923706055,9.08205,752.0,False,False,-1.0340943110899614,-0.028227899633181952,-0.4218265469235094,2.8164961073804173,6.946539397953,15.425948545685774,18.851093912881517,16.290184587121484,17.416659025435752,17.416659025435752,15.87381944230759,56.338440152887834,78.84417412186168,-36.001999119025285,26.072936898536042,7116366.2,-73.06878333495541,27.664926528930664,14.043457984924316
AESI,"Atlas Energy Solutions, Inc.",ok,Energy,Oil & Gas Equipment & Services,2026-10-07,12.375,154.6875,752.0,False,False,-2.6357201978090106,2.7823923522289906,3.039132091275132,-11.543958524232945,-12.913441472349652,3.991599972239257,12.733075410600692,14.46622864848589,15.784074648897699,15.784074648897699,-35.903813991699785,52.28210588798339,42.58339603168823,-37.34177215189873,52.7777705827044,3715966.75,-65.74148571162539,19.75,8.100000381469727
AGNT,"eXp World Holdings, Inc.",ok,Real Estate,Real Estate Services,2026-10-07,3.7899999618530273,12.633332,752.0,False,False,-0.7853395789016004,3.8356126802101542,3.2697515821378698,-4.773870761555665,-20.81437928969111,-63.74609532577586,6.731019045625414,8.4979518813441,9.579204480381723,9.579204480381723,-72.30093784056626,53.64007264600716,47.014928559838076,-66.94163844772473,7.977207183775962,1848738.15,-50.17341963760524,11.46457290649414,3.509999990463257
AGO,Assured Guaranty Ltd.,ok,Financials,Property & Casualty Insurance,2026-10-07,69.33000183105469,9.232356,752.0,False,False,-0.14402775987549798,1.2560254053150643,2.377437361680612,-5.027394751979886,-15.53699341907323,-15.992083646803001,80.9411737956698,82.84182717980616,80.12595425768102,80.12595425768102,18.35045609135384,24.045447964400324,40.04549865378841,-23.692955747949892,2.3774373616806117,560998.55,-64.39010403859334,90.85662078857422,67.72000122070312
AGX,"Argan, Inc.",ok,Industrials,Construction & Engineering,2026-10-07,401.44000244140625,31.679842,752.0,False,False,-4.337053562987481,4.587972926869033,6.215105033918555,-8.091028993236426,-41.560004439070255,53.05881758842512,476.5097482469347,325.5044007624288,236.96962304318205,236.96962304318205,778.8480039765469,65.44384695738115,56.692796517240794,-49.68766649646496,57.46865727672329,404660.6,-40.984617726558994,797.8958129882812,254.9332733154297
AGYS,"Agilysys, Inc.",ok,Information Technology,Application Software,2026-10-07,101.52999877929688,66.851974,752.0,False,False,2.7735578888317125,2.2869198007379854,4.583845142469589,-6.0168472400702,-6.97269621853539,-6.656245368406055,98.32626975528778,101.12884454613187,97.60448134199102,97.60448134199102,42.03972301499399,50.67162911259305,47.961629817941976,-28.054136697648467,63.25776012429816,229845.95,-27.986984325806052,141.1199951171875,62.189998626708984
AHCO,AdaptHealth Corp.,ok,Health Care,Health Care Equipment,2026-10-07,5.914999961853027,,752.0,False,False,2.5129979446417705,5.625001117587103,4.875888331160372,-4.442650934173287,-41.78149556410025,-33.98437570680731,9.533432519625103,9.536713127121033,9.472486679224257,9.472486679224257,-21.759259171656897,62.1540315898395,58.8571275983538,-55.79222786800264,13.314180068881962,2532654.35,-41.500623644122626,13.380000114440918,5.21999979019165
AIN,Albany International Corp.,ok,Industrials,Industrial Machinery & Supplies & Components,2026-10-07,59.11000061035156,18.646152,752.0,False,False,-0.3372125414070837,-2.907359439404933,-0.8387854300963893,-5.1812632889482675,-18.482286861919896,7.5826919646858615,58.47408921378,63.687487811206346,70.73431976805342,70.73431976805342,-28.21092960661452,37.38608888293539,45.19232219178708,-22.125956543646573,45.60806344109352,243383.75,9.939550195935421,75.90462493896484,40.595279693603516
AIR,AAR Corp.,ok,Industrials,Aerospace & Defense,2026-10-07,99.31999969482422,20.349384,752.0,False,False,-4.527539305719952,-3.111893839556168,-2.118854341198373,-24.02661750114181,-27.275394033598154,19.160169781720594,110.3724997989715,88.77432255535962,80.95763287645705,80.95763287645705,64.60059569715553,39.330831398996445,33.367977555936676,-35.38481858262523,28.4033634830046,689618.4,-60.301523277221136,153.7100067138672,77.3499984741211
AKR,Acadia Realty Trust,ok,Real Estate,Retail REITs,2026-10-07,18.139999389648438,53.338234,752.0,False,True,-1.3594345203770009,-2.6301652881985493,-3.201709652069684,-10.010078063119465,-13.736715952539424,-5.252749917387667,20.113259482005287,20.083318451961198,18.7452538901187,18.7452538901187,46.91948758062021,24.17150454652813,16.449096164312635,-19.318010125943555,0.0,1286092.3,-53.25016719251021,22.48333168029785,18.139999389648438
ALG,Alamo Group,ok,Industrials,Construction Machinery & Heavy Transportation Equipment,2026-10-07,156.7449951171875,18.769783,752.0,False,False,-3.3094845925387473,-2.6489035060909605,1.276081146350383,-9.149135671357534,-3.1309376555654578,-16.337266909662617,171.12778939141168,181.81364301096394,183.94848482659523,183.94848482659523,-9.19683836085392,30.31975346731881,31.07567880400157,-27.963900464287555,6.65659397536496,198928.05,-64.02669206278351,217.59228515625,146.96231079101562
ALGT,Allegiant Travel Company,ok,Industrials,Passenger Airlines,2026-10-07,75.93000030517578,64.931625,752.0,False,False,-2.076348454142407,-2.164669877546299,0.18472013188715053,-0.1709140909685436,-33.77235124760396,18.78911526950788,85.09400803702218,75.33695220187366,70.57505262151678,70.57505262151678,2.3544945004098983,59.55871550550024,43.53796918783906,-36.2789543708951,30.846117357260773,494650.6,-53.96508161518454,119.16000366210938,58.029998779296875
ALHC,"Alignment Healthcare, Inc.",ok,Health Care,Health Care Services,2026-10-07,8.444999694824219,44.42105,752.0,False,False,0.8960550811301093,6.360196901315196,3.492645254184601,-37.258546278675674,-59.843084074709665,-50.64290243382582,17.83765875536298,16.152868547287596,13.275997357799652,13.275997357799652,15.843617819136524,64.85144932232137,46.362338001212976,-65.61482134177164,10.104297403146106,13166924.15,-70.6553865125744,24.559999465942383,7.670000076293945
ALKS,Alkermes plc,ok,Health Care,Pharmaceuticals,2026-10-07,41.2400016784668,108.6579,752.0,False,False,-0.9843933550815365,-1.2215528659477948,1.776903288670062,-9.342712339383763,-23.31721343522505,33.07519194272908,37.40781754539127,33.62940242660948,31.21897610197676,31.21897610197676,46.60505833212019,37.716126994759975,28.880295254953154,-25.316912772893847,51.617648976896824,2466570.25,-50.530296065964464,55.220001220703125,27.200000762939453
ALRM,"Alarm.Com, Inc.",ok,Financials,Application Software,2026-10-07,54.45000076293945,24.112831,752.0,False,False,-2.958474121110344,-0.4206282753340784,-0.03671829872489152,-2.78521265013858,5.339528360529555,4.081051691245685,49.63043654911102,53.64307769836183,56.77089097652029,56.77089097652029,-9.791252133285367,29.609655118079818,51.5432158724384,-5.468746171229314,29.242818377586566,489319.7,-23.609452061709348,57.599998474121094,42.130001068115234
AMN,"Amn Healthcare Services, Inc.",ok,Health Care,Health Care Services,2026-10-07,36.31999969482422,13.548508,752.0,False,False,-1.1162533420144616,-0.8463045707111871,1.2545324124318524,7.678624926587152,15.155353964950757,83.52702382306283,24.519285701570055,24.330597611537492,36.62082443085123,36.62082443085123,-54.19346793359454,58.5394215923789,66.66666666666666,-1.4115104658248585,140.52979322699255,644625.55,-53.33554495319027,36.84000015258789,15.100000381469727
AMPH,"Amphstar Pharmaceuticals, Inc.",ok,Health Care,Pharmaceuticals,2026-10-07,25.5674991607666,15.136094,752.0,False,False,-1.3218861005887539,0.5406954539549647,-0.9395595125671119,11.50239346048103,34.424282573191746,-3.8092579602922783,22.998601186843146,27.387524904957804,34.023001985347015,34.023001985347015,-46.23028481388649,45.436020088969016,61.44775612519608,-13.035716011874088,51.556004083331345,537976.1,-46.53628664916527,29.399999618530273,16.8700008392334
AMR,"Alpha Metallurgical Resources, Inc.",ok,Materials,Steel,2026-10-07,169.56500244140625,9.287015,752.0,False,False,-4.189735261124206,-1.1513296735602863,0.7995489305332448,-24.21337343419929,13.065947230250519,0.07377242575479226,184.8467658512176,172.42337651651695,214.1624204047183,214.1624204047183,-32.19159676089921,56.601532722893744,39.59662864164003,-32.07890783617836,23.62569110097567,305344.8,-63.648963401374445,249.64999389648438,137.16000366210938
AMRX,Amneal Pharmaceuticals,ok,Health Care,Pharmaceuticals,2026-10-07,19.56999969482422,39.948982,752.0,False,False,-3.5723103165522074,-3.596056993458452,-2.8301872497433544,14.780061997223438,14.982368792460088,85.49762408545574,14.335972229639689,11.353555783807519,9.625113033867898,9.625113033867898,388.02988972100866,39.77408955719794,61.85660736706325,-4.536586854516006,101.33743988884004,3157368.6,-28.222761194242572,20.5,9.720000267028809
AMSF,"Amerisafe, Inc.",ok,Financials,Property & Casualty Insurance,2026-10-07,24.100000381469727,9.717742,752.0,False,False,2.1186440335509094,2.1619339787324554,1.9890022742086177,-1.5764480315470286,-28.90205223597152,-38.142765483742835,32.47881066609943,38.26825252472167,38.79907684884173,38.79907684884173,-39.33269493941259,25.39710119162441,40.59407249429369,-38.157449087848214,3.522335354975349,618757.95,-51.70017613511067,38.969932556152344,23.280000686645508
AMTM,Amentum,ok,Industrials,Diversified Support Services,2026-10-07,18.565000534057617,22.343374,511.0,False,False,-1.0921679206526758,2.342895031472314,2.4558480916883063,-7.820252747377632,-12.84036995759239,-29.3300334581036,25.31557533476088,24.12248004670162,24.17772012400767,24.17772012400767,-37.089121009603375,55.941701247632736,30.76920646070586,-50.53290397574206,2.4558480916883076,1734209.95,-45.825532831246875,37.529998779296875,18.1200008392334
ANDE,"The Andersons, Inc.",ok,Consumer Staples,Food Distributors,2026-10-07,65.8499984741211,12.727799,752.0,False,False,-1.140973020967606,-2.761374354509527,0.5343488154520459,-6.865386995541001,-6.957221686338643,59.14241012010415,63.83269794403561,51.900913078946424,51.28417487854653,51.28417487854653,34.26972685164766,36.33381695403895,24.434635878175783,-18.32439305093737,62.5961572062767,342560.2,-56.8531312160607,80.62382507324219,40.49911117553711
ANIP,"ANI Pharmaceuticals, Inc.",ok,Health Care,Pharmaceuticals,2026-10-07,71.91999816894531,15.5671,752.0,False,False,0.5592862760819051,-0.36021354271430495,-1.004822218308632,2.406371538133878,-14.156124114533075,-21.87703663236561,80.17622996133471,73.4007568207395,69.06525256278667,69.06525256278667,23.85052272586037,36.16088859066097,37.89253043505113,-24.596351184767894,2.464732394023268,418021.55,-42.244365152944866,95.37999725341797,70.19000244140625
AORT,Artivion,ok,Health Care,Health Care Equipment,2026-10-07,21.655000686645508,28.937769,752.0,False,False,-0.8470671458326917,-2.9358977811576037,-5.105166624708335,-13.828088301516228,-10.182496315043677,-46.858894020501815,34.04906742913382,32.21238047383221,28.44615025976871,28.44615025976871,39.61960262463957,43.059076520368976,30.769243450227265,-54.53495653784075,7.736319779423201,621668.8,-75.82699984300322,47.630001068115234,20.100000381469727
AOSL,"Alpha and Omega Semiconductor, Ltd.",ok,Information Technology,Semiconductors,2026-10-07,29.114999771118164,92.42857,752.0,False,False,-2.755513521120323,-3.7202381233959914,5.8727264404296875,14.131711132463387,-23.341231906176528,3.83380463798606,28.908234142121813,29.420607589630492,29.112307188358713,29.112307188358713,0.2927973905000991,78.6175499027434,67.2254037528057,-45.3957240477172,66.65713174276974,542347.4,-58.85515446372565,53.31999969482422,17.469999313354492
APAM,"Artisan Partners Asset Management, Inc.",ok,Financials,Asset Management & Custody Banks,2026-10-07,33.77000045776367,8.134939,752.0,False,False,-3.514284406389512,-3.1823411019509584,-6.50608677633886,-17.754507237472705,-5.999792729432696,-14.540149782030444,38.063069782559836,38.117477755147625,36.60912427496403,36.60912427496403,19.993732340438818,29.142654394502248,29.941853534337014,-22.61686312998887,1.333163769428498,1121268.95,104.13291565774654,43.63999938964844,33.325714111328125
APLE,"Apple Hospitality REIT, Inc.",ok,Real Estate,Hotel & Resort REITs,2026-10-07,16.114999771118164,21.770271,752.0,False,False,-1.3165961640684287,-2.392492139840652,-0.2784658212800162,6.124700433491004,-0.35313780429712116,47.66479262369976,13.256830207885258,12.654857637397797,12.741853752034777,12.741853752034777,32.021060801418955,25.057276659170846,68.4469284066826,-4.205929392514029,53.84837117569921,2637591.85,-36.16385340286823,16.82254409790039,10.47459888458252
APOG,"Apogee Enterprises, Inc.",ok,Industrials,Building Products,2026-10-07,41.130001068115234,12.990506,752.0,False,False,2.8250026702880904,15.468844192744392,16.28499380880115,6.169332178880338,6.579342376149766,-3.2175937083976147,37.4407505005125,44.20832389284415,47.62453459171539,47.62453459171539,-4.249917876991239,40.275434750317785,64.90007556474706,-15.337830229703231,31.52558760417567,344500.3,23.862301426152598,48.581321716308594,31.271482467651367
ARCB,ArcBest Corp.,ok,Industrials,Cargo Ground Transportation,2026-10-07,126.16000366210938,182.84059,752.0,False,False,-1.6219601855565813,-4.863884261032647,-1.004393247626767,-8.6459101475031,-16.292979461866942,72.47460345340467,109.9729321494935,96.08739374928265,102.8765101686437,102.8765101686437,26.787314156368613,49.98565047494211,44.73784635184783,-27.10308537927014,112.23802580143195,233636.45,-72.68020465128622,173.06631469726562,59.44269561767578
ARLO,Arlo Technologies,ok,Information Technology,Communications Equipment,2026-10-07,11.949999809265137,42.785713,752.0,False,False,-6.640627881279171,-6.494522230424882,-3.629030831522506,-15.308291282558162,-8.778630066540261,-30.401865135899975,13.980714275723411,13.656952212056316,12.858417571225065,12.858417571225065,27.12766270445408,54.38206520832737,29.532161541226472,-38.528809254251236,6.411400680123524,1272212.5,117.67196910893425,19.440000534057617,11.229999542236328
AROC,"Archrock, Inc.",ok,Energy,Oil & Gas Equipment & Services,2026-10-07,30.200000762939453,16.215054,752.0,False,False,-2.0434614412119356,-0.42861576357932085,-0.29712825971476287,-9.472421431645795,-21.061841139122617,29.089159623635364,31.56709108655415,27.639165220982527,23.984154428573365,23.984154428573365,158.2238563907579,35.69030533550069,40.07783025256796,-27.534960890338624,33.64478716051025,1714122.85,-54.34650439436124,41.675270080566406,22.59721565246582
ARR,Armour Residential REIT,ok,Real Estate,Mortgage REITs,2026-10-07,13.225000381469727,3.2549262,752.0,False,True,-1.9644135963278186,-2.685796666813567,-4.3745447980754975,-17.233548343354098,-19.120735273996136,1.4117505961883436,15.517839416625007,14.454037814501273,13.872700366568058,13.872700366568058,13.905684960188003,25.429267227906372,14.686834307399565,-22.54424569183157,0.5661251836833824,4899892.15,-14.958475157458317,17.074264526367188,13.150551795959473
ASO,Academy Sports + Outdoors,ok,Consumer Discretionary,Specialty Stores,2026-10-07,52.619998931884766,8.828858,752.0,False,False,0.5926162310369021,7.982760981306414,9.41983523585641,18.042834417701847,16.044304069016068,-1.5633524395153087,51.37246905432807,49.834638709566036,51.909405642367425,51.909405642367425,23.1322158433493,44.659565591021575,62.84964589001333,-13.242322373245358,27.521816151005464,1821022.2,-41.34920485867772,60.65169143676758,41.263526916503906
ASTE,"Astec Industries, Inc.",ok,Industrials,Construction Machinery & Heavy Transportation Equipment,2026-10-07,39.255001068115234,46.182354,752.0,False,False,-4.85942155836584,-6.535711742582773,-2.4478145359488224,-8.496504261345706,-29.26578090879277,-18.17551698978329,49.914639109656925,43.671750038268556,40.509508099961785,40.509508099961785,-11.01286839576997,42.87843027347933,40.71466072286429,-39.29072217545832,0.0,217136.5,-20.450960570885137,64.66062927246094,39.255001068115234
ASTH,"Astrana Health, Inc.",ok,Health Care,Health Care Facilities,2026-10-07,37.11000061035156,44.710846,752.0,False,False,0.29729894689611847,3.428092267615246,4.329493755242919,-2.5984196940112003,-20.722068956131466,28.541737206741846,31.613571363782125,32.597828686474806,35.32158245177979,35.32158245177979,14.962831517058373,59.430805912639975,64.38076377498051,-25.496889003800376,104.35022534231973,418592.6,-61.81203394422165,49.810001373291016,18.15999984741211
ATEN,"A10 Networks, Inc.",ok,Information Technology,Systems Software,2026-10-07,28.295000076293945,48.75,752.0,False,False,-0.9972003085126357,2.4068075849658976,4.371078713623877,15.395593589130673,-25.591462127644547,53.187335786578416,24.012551368228973,20.73139026345485,18.136664318277482,18.136664318277482,153.09894481318534,35.15840296478922,60.3541119289004,-25.591462127644547,72.21727611722412,1202580.25,-52.90917175797624,38.02655029296875,16.429826736450195
ATMU,Atmus Filtration Technologies Inc.,ok,Industrials,Industrial Machinery & Supplies & Components,2026-10-07,44.04999923706055,16.875479,752.0,False,False,-4.155787392209486,-3.610506560903559,1.4509467864644465,-7.126293582895871,-11.845934254873269,0.25070831305809005,52.51519861675444,45.92533428070555,39.67852966328885,39.67852966328885,118.14161319045891,34.96362311749881,49.08046153407684,-32.6624817579882,3.4143054102135957,765463.05,-60.44733968543616,65.4167251586914,42.59565353393555
AUB,"Atlantic Union Bankshares, Corp.",ok,Financials,Regional Banks,2026-10-07,37.619998931884766,11.131657,752.0,False,False,-1.3633992293791253,-3.091192097818196,-0.8695700248231741,-6.464451044024377,-8.684167177250746,8.288827246399855,37.22858674942501,34.87893003866492,33.605454868458686,33.605454868458686,45.69380441482858,32.068957560509595,34.191984119397546,-12.535467018776677,23.62565378573641,1282973.55,-43.204518908437365,43.01171875,30.43057632446289
AVA,Avista Corporation,ok,Utilities,Multi-Utilities,2026-10-07,35.185001373291016,12.702167,752.0,False,False,-0.014200777530515296,-0.3540073495849616,0.2707358799943327,-6.447751123920753,-13.40189798693433,-0.6787008974793118,38.82585844917903,37.06740977374681,35.17725857267988,35.17725857267988,27.724292776388324,20.07174260346726,23.16868384386632,-16.014332185271265,1.135385016869536,725863.5,-40.020403285190675,41.8940544128418,34.790000915527344
AWI,"Armstrong World Industries, Inc.",ok,Industrials,Building Products,2026-10-07,162.80999755859375,22.274965,752.0,False,False,-1.249467835023299,-0.19004264827928719,0.5434477382917358,-4.459835655296973,5.854893128872063,-17.93142489704812,175.06248298523917,165.90057617734627,146.40192382893665,146.40192382893665,134.26945612720996,26.215133002676342,58.649288992422136,-19.458308703258748,7.714324421947083,352885.3,-31.47745173856774,202.1437530517578,151.14981079101562
AWR,American States Water Company,ok,Utilities,Water Utilities,2026-10-07,81.13999938964844,22.547222,752.0,False,False,-0.5149560832730327,-2.0284959084354792,-1.4454055811248478,-8.502481833085051,-2.6460506233704217,17.882444118470552,77.16061816139826,75.95303999760236,74.76026071386134,74.76026071386134,9.188134661213553,20.93976255705714,25.43707255587826,-10.933039792862353,18.059824612837563,246602.2,-59.512121140849516,91.0999984741211,68.72786712646484
AX,"Axos Financial, Inc.",ok,Financials,Regional Banks,2026-10-07,87.6500015258789,10.336085,752.0,False,False,-1.5500362488366948,-1.4393329302871738,1.2475474585444069,-9.170982874736888,-9.611219529235605,2.358991401672972,90.0537699744815,82.27043826646539,72.90918887929713,72.90918887929713,134.67203509153944,38.426713403152824,34.330841992776485,-16.603232351653098,15.939157797579442,428693.75,-57.41132218512632,105.0999984741211,75.5999984741211
AZTA,"Azenta, Inc.",ok,Health Care,Life Sciences Tools & Services,2026-10-07,35.779998779296875,60.91915,752.0,False,False,-9.072426513998632,-7.664519279233872,2.5508724712459907,16.093443003199038,40.75530555432376,12.51572213120664,29.11976183028448,33.22430274401053,40.74743349755064,40.74743349755064,-28.838505075641475,52.87789649822662,55.845563427187905,-16.26492122020677,123.3458037259733,1159723.75,7.109559496388695,42.72999954223633,16.020000457763672
AZZ,"AZZ, Inc.",ok,Industrials,Heavy Electrical Equipment,2026-10-07,138.07000732421875,21.047256,752.0,False,False,-2.486043579852748,-0.9469775961041593,2.7383048971527657,-1.0037957153732013,-2.0085072355253253,29.983149771667208,128.9951130397736,111.02502620742615,96.71385165985595,96.71385165985595,211.41719760156724,33.46187000351538,60.347279405973204,-13.653519008847583,42.07880806847501,252231.55,-54.83078940758996,159.9022979736328,97.178466796875
BANC,"Banc Of California, Inc.",ok,Financials,Regional Banks,2026-10-07,17.200000762939453,8.054619,752.0,False,False,-1.3195613207650392,-3.043962881317863,-0.17410783571606414,-7.021798508122101,-15.424805461429447,-1.0077984008009189,18.57821120156182,16.557098802817297,15.25606786443832,15.25606786443832,51.463201651259304,37.08949395551679,26.44930741184048,-20.69380827587699,13.306636817632592,2649811.6,-61.577192884203534,21.688093185424805,15.180047035217285
BANF,Bancfirst Corp,ok,Financials,Regional Banks,2026-10-07,105.88999938964844,14.290149,752.0,False,False,-0.8427769624150705,-2.0262790565358735,0.5794078812921821,-4.3846791882984455,-6.6903826354682945,-15.216334901248008,110.65016183399018,114.06966131141937,105.2660717761263,105.2660717761263,29.25260014524047,28.957077640597838,40.84981758066355,-14.470031418021136,3.87405560375761,146839.45,-50.361432162814566,123.80455780029297,101.94075775146484
BANR,Banner Corporation,ok,Financials,Regional Banks,2026-10-07,66.04000091552734,10.89769,752.0,False,False,-1.6090610650484338,-2.710660595670511,-1.4328344544368044,-5.5491953018117375,-0.47812150046334656,8.111009437799321,64.3132514196729,63.663770242516264,57.615163884264355,57.615163884264355,65.21927928392213,29.353778908412238,21.852712651489398,-10.768816363540587,15.496231459598478,276194.9,-62.49098010137044,74.01000213623047,57.17935562133789
BBT,Beacon Financial Corp.,ok,Financials,Regional Banks,2026-10-07,27.3799991607666,7.3972974,752.0,False,False,-1.969212812028709,-3.387441731307206,-2.1793519662011596,-12.913490153707185,-7.905272634621053,18.379726404797015,28.280219721415687,26.783903205537225,24.96685201310097,24.96685201310097,48.2772319485832,29.34052777546821,16.417922663454547,-16.038029290697942,23.807175845888192,1210435.4,-57.34526600923932,32.61000061035156,22.115034103393555
BCC,Boise Cascade,ok,Industrials,Building Products,2026-10-07,72.86000061035156,24.79932,752.0,False,False,-3.4327321970169633,-2.8403751354779683,-1.7397179891859071,-5.204267458021949,1.1565002853594741,-1.9468113199875625,75.82594532436795,89.93286283272671,99.97125539373845,99.97125539373845,-17.674338373178912,38.071821286654234,40.887374466462944,-19.253359325834165,11.970017534325597,357693.45,-66.68404187999528,90.23285675048828,65.07099151611328
BCPC,Balchem Corporation,ok,Materials,Specialty Chemicals,2026-10-07,167.22999572753906,32.87992,752.0,False,False,1.1736962430919373,0.40225635132447035,1.3760844576160336,-1.9523932215762985,2.262579939987508,17.532023595232694,164.74015166267517,163.7222397336922,158.61665137270663,158.61665137270663,35.2859897967541,22.521881421123314,54.86433701456605,-8.74713481381171,19.92788953172623,231991.3,-62.91843702759543,183.25999450683594,139.44212341308594
BFAM,Bright Horizons Family Solutions Inc.,ok,Consumer Discretionary,Specialized Consumer Services,2026-10-07,66.80999755859375,21.142405,752.0,False,False,0.5871716356517176,3.9682467127176935,4.849335026199997,0.3002506326521548,-10.237810983929474,-34.615387199984596,81.71543626936655,100.6785056885495,103.16643597217316,103.16643597217316,-18.63354395083143,37.560515307831224,49.0196125572939,-38.83548887179188,12.892864505022084,958909.2,-64.01285961173383,109.2300033569336,59.18000030517578
BFH,"Bread Financial Holdings, Inc.",ok,Financials,Consumer Finance,2026-10-07,97.73500061035156,7.576357,752.0,False,False,-0.06646466194060174,-0.3212671408485024,-0.015344644141623842,-9.67190076992016,2.509728776958431,80.47318004909987,84.0530717486427,69.84019673868005,59.225412931848076,59.225412931848076,232.01963816989468,43.187228279170334,26.696331067202152,-13.626054312136132,82.7758038598112,617268.65,-49.23231562140731,113.15333557128906,53.47261428833008
BFS,"Saul Centers, Inc.",ok,Real Estate,Retail REITs,2026-10-07,29.6200008392334,30.22449,752.0,False,False,-0.9364507788265919,-1.790447648908211,-1.5292522793862506,-9.001531387107164,-16.151293424802628,0.7607301919795084,32.213723334055096,32.26639780675273,32.230979779933364,32.230979779933364,3.1553995729483475,20.722987997010854,36.67954435659664,-20.511962302916704,5.3924715431230705,146300.45,-63.90373372057297,37.26346969604492,28.104475021362305
BGC,"BGC Group, Inc.",ok,Financials,Investment Banking & Brokerage,2026-10-07,11.229999542236328,28.0875,752.0,False,False,-5.232074424258382,-4.668932115469071,-2.6019097804224844,-6.182127888758715,2.5553781682910337,25.932938336268265,10.254840188556248,9.844960872870518,9.141238210049082,9.141238210049082,98.94738985104594,34.80519956249899,38.55421236835272,-11.06461747237892,36.23790427360158,4313559.8,-58.36858457369711,12.627144813537598,8.24293327331543
BHE,"Benchmark Electronics, Inc.",ok,Information Technology,Electronic Manufacturing Services,2026-10-07,83.32499694824219,57.075344,752.0,False,False,-3.0653817639540226,-4.651564789789619,0.5005346373208042,12.953098228246752,-2.0702257933342905,118.29227501622216,64.45444916921949,52.39809294620833,45.722190727578834,45.722190727578834,255.4455308596653,41.399337376057446,72.45963077723975,-15.379621499249257,134.19234370021184,403372.75,-68.89849401081258,98.46918487548828,35.57972717285156
BJRI,"BJ's Restaurants, Inc.",ok,Consumer Discretionary,Restaurants,2026-10-07,59.29999923706055,31.663101,752.0,False,False,-3.3099666287083718,-4.246731883021537,3.508462714980398,-2.9142150305063397,-1.5440815411655762,90.06409547111083,46.41527779897054,41.4647809176806,38.52753994059056,38.52753994059056,154.07026070856938,42.683549562162625,47.867293926828545,-20.145438282812997,106.69222075010455,401031.45,-27.280266921709007,74.26000213623047,28.690000534057617
BKE,"The Buckle, Inc.",ok,Consumer Discretionary,Apparel Retail,2026-10-07,43.505001068115234,10.0149765,752.0,False,False,0.10354805474135365,1.4102552930478796,1.2922009204122675,3.6080003074287825,5.498845436072908,-19.17346919972729,48.305741900489444,44.954198415535856,40.70941368823356,40.70941368823356,73.49870863772804,31.370721682052416,82.2042377437991,-22.401513951509788,9.722570980786049,486133.4,-48.786073945958044,56.064239501953125,39.650001525878906
BKU,"BankUnited, Inc.",ok,Financials,Regional Banks,2026-10-07,42.25,11.604396,752.0,False,False,-1.5151550180873552,-2.604889442812386,0.11848160226684001,-7.244784395903103,-11.795409907923249,11.79820171349595,44.945312984406,40.21583111067692,35.95583178895585,35.95583178895585,118.085233848391,34.803405227835526,27.1062232674215,-15.888727147241873,21.975218145166973,1046399.85,-41.60004896789693,50.2310791015625,34.63818359375
BL,"BlackLine Systems, Inc.",ok,Information Technology,Application Software,2026-10-07,28.389999389648438,49.701756,752.0,False,False,0.7809702263353202,3.5753358179199557,7.010925951235292,-5.806237675641879,-2.23829719485773,-45.633859199541824,39.115753991263254,47.02849603934117,49.77819813566005,49.77819813566005,-47.75487797215917,43.55011672338069,49.06936815403384,-51.74231088556219,12.524771719167516,882098.9,-45.632173444496985,58.83000183105469,25.229999542236328
BLFS,"BioLife Solutions, Inc.",no_data,Health Care,Health Care Supplies,,,39.0,,,,,,,,,,,,,,,,,,,,,,
BLKB,Blackbaud,ok,Information Technology,Application Software,2026-10-07,44.68000030517578,13.9775,752.0,False,False,2.689041665771663,6.9923421958973275,7.352237990921173,-1.2814804195020901,52.80437980477857,-29.337338876097153,46.14226189870683,58.00567731819305,64.46773934871592,64.46773934871592,-35.85989383247927,37.94047040504998,57.12765633655351,-34.24576554549556,68.34965623168291,434615.65,-62.35455396049361,67.94999694824219,26.540000915527344
BMI,"Badger Meter, Inc.",ok,Information Technology,Electronic Equipment & Instruments,2026-10-07,124.7300033569336,29.142523,752.0,False,False,0.8082114061819023,-2.3792700680937084,0.9632527380503575,-3.031953181866065,-13.686607722194033,-30.27043550516516,148.77725044129386,178.53570194928295,175.22003693276264,175.22003693276264,-10.601735884482599,37.24692451977456,44.80775715307877,-32.84255486818646,10.70114651441201,405021.25,-34.56516170447846,185.7277374267578,112.6727294921875
BNL,"Broadstone Net Lease, Inc.",ok,Real Estate,Industrial REITs,2026-10-07,18.264999389648438,23.72078,752.0,False,False,-1.9592044420851384,-1.5894401119745272,-1.2702735694679057,-11.484141662051128,-14.146584621618995,4.439632118841574,18.807947393447634,16.953239621394182,15.81897756520738,15.81897756520738,53.06260431415035,20.8547639473503,33.5216102027494,-18.77003632484487,12.608435413827287,1936655.5,-53.70833893792675,22.485544204711914,16.219921112060547
BOH,Bank of Hawaii,ok,Financials,Regional Banks,2026-10-07,66.30999755859375,12.34637,752.0,False,False,-1.4710333555299937,-4.286953338675081,-3.7870004058235818,-12.967587040584094,-18.28545237876982,4.77731374217143,72.87761064559695,69.0096887307338,64.25317941827977,64.25317941827977,55.922687937425586,28.92219753908275,15.910960661775803,-22.054694900794296,15.111425413416319,495505.2,-41.19052635572745,85.07247161865234,57.60505294799805
BOOT,"Boot Barn Holdings, Inc.",ok,Consumer Discretionary,Apparel Retail,2026-10-07,122.52999877929688,15.520885,752.0,False,False,-1.4398334297951787,0.5333127178591912,1.7099672430647583,-19.70511541383614,-22.138906665115286,-27.859879672526723,169.0750396667965,158.07798814203636,140.01562508116376,140.01562508116376,51.70236953305025,48.40491001655876,49.49392196704534,-41.08568069218764,1.7099672430647683,737294.6,-56.802613229501475,207.97999572753906,120.47000122070312
BOX,"Box, Inc.",ok,Information Technology,Application Software,2026-10-07,35.810001373291016,51.905796,752.0,False,False,1.5310487908102077,3.8271952177037383,6.959384297826232,4.402338687515006,24.340285840042064,8.285460247208999,28.552222183772496,30.56802786488932,29.422101058858505,29.422101058858505,41.65348259744359,32.1380108540501,56.98532041383895,-0.417123790324035,67.5713615675067,2647491.75,-47.5754740312222,35.959999084472656,21.3700008392334
BRC,Brady Corporation,ok,Industrials,Commercial Printing,2026-10-07,85.19999694824219,19.827906,752.0,False,False,0.10574120226205519,0.495397705818168,2.048148434813535,-3.8591804246719597,-4.2320008369908795,13.70481292874759,84.39169901893253,77.9490042682663,72.18798580068223,72.18798580068223,59.13389404966476,27.05532220999322,49.891281272183264,-13.273616855743475,20.398291122058676,290364.35,-63.56749718069729,98.23999786376953,70.76512145996094
BTU,"Peabody Energy, Inc.",ok,Energy,Coal & Consumable Fuels,2026-10-07,24.690000534057617,8.656552,752.0,False,False,-2.9099479443087217,-0.4836716423532894,1.230017023028318,-16.162988473915174,5.702494421795934,-20.19943312724393,28.700416761731343,23.234248271501396,23.1558409498093,23.1558409498093,0.6667034763363056,50.98315953496403,34.54545916933003,-37.102985606931526,18.953380300819564,2400235.75,-67.45673836413776,39.25464630126953,20.756031036376953
BXMT,"Blackstone Mortgage Trust, Inc.",ok,Financials,Mortgage REITs,2026-10-07,11.140000343322754,139.25,752.0,False,False,-0.9777747260199643,2.201841588915965,-2.7074189616277278,-16.49449860971155,-31.344324773681663,-32.551369143222466,16.417660247711908,16.19733309460826,15.668077437167472,15.668077437167472,-26.74440160328856,27.495803341852724,16.537470471953938,-41.130701614424076,2.2018415889159595,3088029.05,-20.519497703559487,18.923276901245117,10.899999618530273
CACC,Credit Acceptance,ok,Financials,Specialized Finance,2026-10-07,533.6275024414062,11.76687,752.0,False,False,-0.5502468512432745,1.1616118372334228,0.49482155205391454,-10.130439537802982,-14.906872015081895,8.399184156300986,517.0023302350726,502.427344698355,501.47155201688724,501.47155201688724,23.02084421626205,35.95846170587765,26.842842051497527,-18.802876973577593,29.823737677128577,124758.8,-54.170767913766404,657.2000122070312,411.0400085449219
CAG,Conagra Brands,ok,Consumer Staples,Packaged Foods & Meats,2026-10-07,13.244999885559082,8.681592,752.0,False,False,-1.5241630231462078,-0.8607767520464549,-1.4508906317886816,-13.204458146134645,0.19631810487665824,-23.64933530933523,15.481025457382202,18.518395129427965,20.743196072730612,20.743196072730612,-42.40419346108506,26.06718620768579,15.135134763603943,-31.398356530853576,6.488452253481116,14731070.1,-23.62875253712898,19.307117462158203,12.437968254089355
CAKE,"The Cheesecake Factory, Inc.",ok,Consumer Discretionary,Restaurants,2026-10-07,106.87000274658203,28.956638,752.0,False,False,-1.2565837274035707,-2.5353385687283847,1.5488454160959675,-0.31713118253339223,36.647694736889335,100.14900083495051,69.17202772412982,60.48679468071318,51.63402948227335,51.63402948227335,287.2369370064221,36.64146288578578,75.11414475219806,-8.883961196700673,150.81546519879052,1326444.55,-72.5965928994167,117.29000091552734,42.60901641845703
CALM,"Cal-Maine Foods, Inc.",ok,Consumer Staples,Packaged Foods & Meats,2026-10-07,62.90999984741211,51.18699,752.0,False,False,-0.7728732912834158,-5.639715651416655,-7.566849685452814,-15.929442325224885,-26.291738755581818,-30.197368393206258,81.03477839818076,86.6562198547728,75.16942273302281,75.16942273302281,55.45260741999527,33.30533388638933,15.956165834766935,-32.716577703302555,0.0,1431928.4,-5.416499875273084,93.5,62.90999984741211
CALX,Calix,ok,Information Technology,Application Software,2026-10-07,35.81999969482422,47.76,752.0,False,False,1.5018383835282867,2.901460159976188,4.249124151740569,1.3582329942383398,-9.841429379467904,-40.76401691462094,47.023531747242764,45.33527894039078,42.36869686715146,42.36869686715146,-19.847838900097013,43.33275845042018,55.34591383583367,-47.646885920142694,8.086905113259906,1079944.0,-51.45303830568992,68.41999816894531,33.13999938964844
CALY,Callaway Golf Company,ok,Consumer Discretionary,Leisure Products,2026-10-07,13.854999542236328,15.925286,752.0,False,False,-2.976191867522082,-4.117648961125264,-1.66785385242455,-11.014773193335326,-24.986464226781802,46.92469876837466,14.317519853985498,11.251384479591096,12.085059847603453,12.085059847603453,3.938481781958725,55.02565332475251,29.45054539677244,-29.52696007238223,65.13705572447248,2192503.9,-48.81751407602969,19.65999984741211,8.390000343322754
CARG,CarGurus,ok,Communication Services,Interactive Media & Services,2026-10-07,28.600000381469727,15.223405,752.0,False,False,-0.4524857738876342,-4.730180062094935,-8.21565943029039,-12.72505345756263,-17.101448169652965,-21.08168030669996,33.91001980645316,33.729372484275544,30.404594393486672,30.404594393486672,63.89684315779971,38.793390748612424,17.363759366615312,-26.72303029473742,6.0830910708065,1494209.3,19.574011485539543,39.029998779296875,26.959999084472656
CASH,"Pathward Financial, Inc.",ok,Financials,Regional Banks,2026-10-07,71.22000122070312,8.891114,752.0,False,False,-2.5184730350079176,-3.7047024035790854,0.11245689027421513,-12.083578985833466,-20.56949986245301,-3.516713923241044,82.05534765455458,79.3252051911981,70.97731814993189,70.97731814993189,49.361856513417244,28.648365586445806,25.848783919420498,-28.64128504192988,7.413308577314022,252539.55,-18.313388932545415,99.80561065673828,66.30463409423828
CATY,Cathay General Bancorp,ok,Financials,Regional Banks,2026-10-07,59.04999923706055,11.535157,752.0,False,False,-1.8450808064609858,-2.942144824191295,-0.7563038032595837,-4.542517532437262,-3.3141728505855284,23.741562795297668,53.967300566415936,49.19657744449448,44.94442685360604,44.94442685360604,85.18660571223214,28.909651102249217,31.598504752063576,-8.496165666384305,34.31590366248429,496855.8,-49.68037003895295,64.5328140258789,43.96352005004883
CBRL,Cracker Barrel,ok,Consumer Discretionary,Restaurants,2026-10-07,56.439998626708984,40.32143,752.0,False,False,0.21306628646127201,1.2195127791336136,7.2595966787629695,6.974981846566597,14.558183038731908,33.77300751061203,37.639975562928214,43.93136453818515,47.685092388315404,47.685092388315404,-6.420047000574625,54.633134422450155,86.39495303673584,-4.403797846375992,130.17938173760817,1137116.15,-73.87927345856446,59.040000915527344,24.52000617980957
CBU,"Community Bank System, Inc.",ok,Financials,Regional Banks,2026-10-07,59.290000915527344,13.75174,752.0,False,False,-0.48674203862845156,-2.3068013558423694,-0.419885784608387,-5.3804535389495705,-9.862349513648716,3.6261130168381728,60.61077588702005,58.81281880838463,54.227719027945334,54.227719027945334,54.41470560797199,29.67388660365059,28.808862363275736,-15.830051471820253,13.936593635172406,312595.2,-46.38305386647013,70.4408187866211,52.037715911865234
CC,Chemours,ok,Materials,Diversified Chemicals,2026-10-07,13.914999961853027,7.2145543,752.0,False,False,-1.17187473541972,1.4952583744395342,2.5423749063192336,-9.935274215936186,-19.51863534415741,-10.005489991789995,17.05454203439137,15.926418994052476,18.367474870478855,18.367474870478855,-40.05259831709379,61.5184239572952,42.59521005315288,-49.73004109056013,34.70566436564622,1902569.5,-31.761231324269623,27.6805477142334,10.32992935180664
CCOI,"Cogent Communications Holdings, Inc.",ok,Communication Services,Alternative Carriers,2026-10-07,9.970000267028809,,752.0,True,False,7.089149491566649,17.84870238857088,27.984599690000756,3.4232356011753895,-20.96550381065414,-76.58198509300853,19.54357937593309,38.439939951991654,45.67163810133934,45.67163810133934,-82.10378388379294,62.47576121877078,57.3076934363008,-77.77625121776406,35.831063484564766,2332601.8,-52.23633969587094,44.86191940307617,7.340000152587891
CCS,"Century Communities, Inc.",ok,Consumer Discretionary,Homebuilding,2026-10-07,56.13999938964844,12.338461,752.0,False,False,-4.6697232611678245,-6.23016470482991,-6.821577776517119,-9.553730198697362,-12.685120658081273,-7.434342239914759,61.61309323992048,64.58842760823163,70.2922055873465,70.2922055873465,-6.813754325533394,40.17545304684961,34.87311970360015,-23.83455214495319,17.207942106296414,250887.5,-38.199392157839675,73.70796203613281,47.89777755737305
CE,Celanese,ok,Materials,Specialty Chemicals,2026-10-07,43.935001373291016,7.148331,752.0,False,False,-2.0401273845260914,-0.577047434583633,-0.9803866780829562,-1.3361720689794576,-5.736047277264489,-0.5636309008873686,48.97155148642404,55.940911175245304,83.67616084281434,83.67616084281434,-62.577270728089694,51.42896542706836,39.564429468124644,-36.503887348219976,23.86780891272422,1926591.1,-64.67221300876975,69.1932144165039,35.46926498413086
CENT,Central Garden & Pet Company,ok,Consumer Staples,Household Products,2026-10-07,39.97999954223633,14.807407,752.0,False,False,-0.09995231151873618,0.4270237706129887,2.802777499857778,-2.1057801350107708,-7.066482759599147,28.182105988041116,37.52753980576046,37.008067826350846,37.642693025000554,37.642693025000554,17.23182557301779,30.82220240784123,43.163516390911006,-14.095404478392206,37.957212469821705,79009.7,3.5239976863600253,46.540000915527344,28.979999542236328
CENTA,Central Garden & Pet Company (Class A),ok,Consumer Staples,Household Products,2026-10-07,34.5099983215332,12.801851,752.0,False,False,-0.2889404422271258,0.6709438460518191,2.9534542071888215,-2.210265156584179,-8.315624651620034,22.11605818128708,33.28761914419749,32.662231095758564,33.15691757963059,33.15691757963059,9.347271563721904,30.003281700083523,43.59753580055662,-15.000000939580643,31.366569167052806,301631.5,-14.78675138372484,40.599998474121094,26.270000457763672
CENX,Century Aluminum Company,ok,Materials,Aluminum,2026-10-07,36.0,6.2142487,752.0,False,False,-3.1737501223514375,1.0668194259126684,0.05558770988920436,-24.921794729512513,-20.195079776303647,23.54152626642978,46.36103163068257,33.1689840085003,26.467047827040897,26.467047827040897,447.9451911627053,65.68830333154814,24.212852320500346,-47.651589708737276,37.45704187056204,1806011.2,-38.299164479157156,68.7699966430664,26.190000534057617
CERT,"Certara, Inc.",ok,Health Care,Health Care Technology,2026-10-07,9.010000228881836,23.132313,752.0,False,False,-2.8047488246247587,-3.739310263176421,-2.0652128730693664,16.408275133323436,32.695144027997294,-33.01114976466225,7.8294444519376,9.63986054739629,11.526442803601002,11.526442803601002,-36.59394648350214,54.40238152581962,56.379828508362344,-30.692305931678188,101.11607568129439,2871462.3,-21.317232686634956,13.0,4.480000019073486
CFFN,Capitol Federal Savings Bank,ok,Financials,Regional Banks,2026-10-07,8.420000076293945,12.961539,752.0,False,False,-1.173713334470583,-1.8648001029701544,2.0606069853811526,-4.3181830250527025,0.24022885945731431,38.9505882415893,7.432595481948247,6.518467223026838,5.986153108325411,5.986153108325411,113.98347331574699,30.970926394699728,33.600006103515625,-7.504121661537965,47.25991211617124,1030784.7,-43.31561188286943,9.103108406066895,5.7177815437316895
CHCO,City Holding Company,ok,Financials,Regional Banks,2026-10-07,140.25999450683594,15.345732,752.0,False,False,-0.9253462948424329,-1.7924749237487991,0.8194360477716822,-3.0282113532185018,6.443049405038037,16.667064353415917,126.84178225199382,121.84116611252743,114.1786218805516,114.1786218805516,65.15555068445894,22.689589409403705,40.99498902197047,-5.216922181101559,22.31688436875642,130862.4,-52.58531098313954,147.97999572753906,114.66936492919922
CHEF,"Chefs' Warehouse, Inc.",ok,Consumer Staples,Food Distributors,2026-10-07,111.36000061035156,52.989285,752.0,False,False,0.13488133001868796,-4.3463302166100615,-0.7221160486904576,2.2965276373168253,14.733158264428248,103.91869504803265,78.23468240102132,67.06095611146722,56.1812233671229,56.1812233671229,508.52461886899437,37.39294532649751,53.41296024816795,-4.3463302166100615,99.60566191594756,587215.5,-48.041221663937684,116.41999816894531,55.790000915527344
CLSK,"CleanSpark, Inc.",ok,Information Technology,Internet Services & Infrastructure,2026-10-07,11.5600004196167,,752.0,False,False,-5.939784739643416,-9.26216148116853,-10.248444744532648,-14.243317417064993,-10.318075161223849,-33.67756616628404,13.189246026296464,11.889541821650775,12.098690152802366,12.098690152802366,212.43243974695415,101.90597332561325,34.59552134072527,-50.17241362300696,41.32029325600722,16809753.8,-26.76468586946229,23.200000762939453,8.180000305175781
CNK,"Cinemark Holdings, Inc.",ok,Communication Services,Movies & Entertainment,2026-10-07,36.099998474121094,20.403955,752.0,False,False,2.324262253958498,0.13869414179943362,-3.2171602881620354,-0.19352971625062887,22.2123600664049,35.74187207465476,29.136787240467374,28.900572244864534,25.445680445813117,25.445680445813117,93.31216651070382,35.92010673330254,59.080447573567746,-5.940600652792288,66.08354424892565,2086039.65,-63.06431663463348,38.380001068115234,21.736047744750977
CNMD,CONMED Corporation,ok,Health Care,Health Care Equipment,2026-10-07,44.02000045776367,23.805405,752.0,False,False,-1.0341706142237284,-4.965456071273566,-4.7804436650568665,-5.516204521157242,19.9782014320347,-5.272220138974171,41.54599209437295,50.41537191383392,60.82323728723729,60.82323728723729,-53.786904845527694,42.43250477603765,40.31220969416565,-15.117624489620582,37.09124765190003,341826.2,-40.69383797965165,51.86000061035156,32.11000061035156
CNR,"Core Natural Resources, Inc.",ok,Energy,Coal & Consumable Fuels,2026-10-07,88.80000305175781,44.848488,752.0,False,False,-1.5630152389144003,-0.17985165733075403,3.448283830553489,-11.35069913649297,9.75188510030074,0.8537462222717451,89.50931237235902,87.58554717744015,89.60013017755874,89.60013017755874,-16.431483502762767,45.64648347641091,39.604422522508294,-21.41414903893449,17.35974715491299,499135.05,-54.42095280625955,112.99744415283203,75.66478729248047
CNS,"Cohen & Steers, Inc.",ok,Financials,Asset Management & Custody Banks,2026-10-07,71.18000030517578,21.895386,752.0,False,False,-1.901870589650434,-2.4931502668824934,-2.6398581439794344,-8.95369656264452,-6.690418523207664,11.767956635057587,69.14737616644965,73.99149310351368,71.66673797242184,71.66673797242184,31.415123640468966,30.357351357991902,38.705253556175805,-16.894338543976623,23.525843568836688,309190.2,-55.94815100866716,85.6500015258789,57.62356948852539
CNXC,Concentrix,ok,Industrials,Data Processing & Outsourced Services,2026-10-07,26.100000381469727,2.2371862,752.0,False,False,5.072464658381115,4.777200085696687,4.609216766992952,-7.675981751524896,26.5398393921908,-42.45462618157131,30.878873174152677,38.82169033521675,48.375082061645834,48.375082061645834,-64.5268085008426,60.22047113753661,43.372783088570145,-43.077255415202025,26.539839392190807,2232020.5,-62.912078988521834,45.851619720458984,20.62591552734375
CNXN,"PC Connection, Inc.",ok,Information Technology,Technology Distributors,2026-10-07,92.49500274658203,24.469578,752.0,False,False,0.11365229746429506,0.12449176941256024,2.510250809465786,10.587043784734318,21.408992663789416,56.43691476104622,67.33389854431152,66.41023407134402,65.5374569284155,65.5374569284155,72.07858453198186,27.165309806475936,85.85857120579671,-0.08101647238784719,67.10023901382024,150684.5,-55.34378121173711,92.56999969482422,55.353004455566406
COCO,The Vita Coco Company,ok,Consumer Staples,Soft Drinks & Non-alcoholic Beverages,2026-10-07,51.17499923706055,28.325968,752.0,False,False,-6.066447013483433,-8.567092869508318,-10.619162898663504,-3.9327974520371844,-28.17543966728344,19.261243111253236,58.25557534656827,46.72045811428967,39.80112363176143,39.80112363176143,88.55932346328417,47.45406780724384,34.5720311942988,-39.091881359550534,30.98285036290884,1393918.65,-48.270080180073634,84.0199966430664,39.06999969482422
COHU,"Cohu, Inc.",ok,Information Technology,Semiconductor Materials & Equipment,2026-10-07,70.44999694824219,38.19905,752.0,False,False,-3.6251731616889993,-4.123579573034264,3.390075696045103,32.49952863340422,27.765683221004767,248.9350920491716,40.108849252973286,30.575398447029144,30.720478741412467,30.720478741412467,100.88393943909702,54.016536918272436,79.99998518564607,-4.681378084738197,275.93381968349206,1035809.45,-4.385019850900173,73.91000366210938,18.739999771118164
COLL,"Collegium Pharmaceutical, Inc.",ok,Health Care,Pharmaceuticals,2026-10-07,21.860000610351562,17.19685,752.0,False,False,-0.09140105659097841,-0.7266114626973019,0.18332225520989454,-6.461275886421269,-38.9555996312921,-35.38279802785913,36.581884868561275,34.14400392889502,33.729321774016036,33.729321774016036,-6.939119525964177,40.86836941965007,40.845077989892374,-56.13964577964291,0.183322255209894,856656.45,-58.35798586469523,49.84000015258789,21.81999969482422
CON,"Concentra Group Holdings Parent, Inc.",ok,Health Care,Health Care Services,2026-10-07,36.38999938964844,23.464516,553.0,False,False,-0.027478395085667184,2.0757302443096703,5.723420469209994,7.40849540260311,16.102086958447902,78.10063540424628,25.350409772660996,23.175352373921065,23.10902240608312,23.10902240608312,65.43593806145851,29.985985020128936,58.95831975675001,-0.027478395085664055,96.47232470652737,1046895.2,-47.26272505595593,36.400001525878906,18.521692276000977
CORT,Corcept Therapeutics Incorporated,ok,Health Care,Pharmaceuticals,2026-10-07,119.93499755859375,266.53336,752.0,False,False,0.305258731037128,3.1876401055262793,4.083132920760302,5.224595566129109,28.61661936578419,33.48358330038017,72.13732159326948,68.67546823965125,55.44931520806982,55.44931520806982,350.2064576067413,89.70814853105674,56.640056794700975,-2.941654240679522,273.04818620942507,1761203.55,-78.72074468621189,123.56999969482422,32.150001525878906
COTY,Coty,ok,Consumer Staples,Personal Care Products,2026-10-07,2.7950000762939453,11.509636,752.0,False,False,0.17921557380944364,5.075187447638663,7.0881298327150954,1.2681190562183309,31.22065380863026,-30.645163007898102,2.7685119050835807,4.273157374079958,6.435352401371966,6.435352401371966,-73.30467999035577,44.86579827867782,76.37794625183601,-37.191006829379944,51.08108325802206,5131168.4,-52.196696565250136,4.449999809265137,1.850000023841858
CPB,The Campbell's Company,ok,Consumer Staples,Packaged Foods & Meats,2026-10-07,18.94499969482422,14.469466,752.0,False,False,-0.289475290398844,-3.440372658187685,-3.243106390991468,-11.824945195947901,-10.633942837636901,-35.58166929427596,23.6078552669949,28.989780616000353,32.43326083142707,32.43326083142707,-45.92981909097362,27.327921383414065,29.222977803105508,-36.33450065170914,0.0,7525751.75,-13.830070198634969,29.757089614868164,18.94499969482422
CPF,Central Pacific Financial Corp.,ok,Financials,Regional Banks,2026-10-07,35.810001373291016,11.477565,752.0,False,False,-1.2954724967467857,-1.6748951848504778,-0.22289779247111063,-4.988053387950275,-5.3833568882725835,21.186826706376436,33.37745648338681,30.186965000106994,26.476617494796184,26.476617494796184,146.74361839045355,28.225199148390512,31.839631341380795,-9.736803011152398,34.32016365597161,189887.25,-57.95136324318773,39.67287063598633,26.66018295288086
CPK,Chesapeake Utilities Corp.,ok,Utilities,Gas Utilities,2026-10-07,127.73999786376953,20.373205,752.0,False,False,-0.26546218178045144,0.2826194207206312,-0.5604926144067601,-3.422544799447824,0.4357217839896732,-4.356816133410158,127.78220397707015,124.1386589111085,116.25538564235606,116.25538564235606,48.03872618241019,21.34851670691286,41.74656586793872,-6.853730231961966,7.982967169396369,194195.2,-46.495072998714704,137.13914489746094,118.29643249511719
CRC,California Resources Corporation,ok,Energy,Oil & Gas Exploration & Production,2026-10-07,51.9900016784668,12.531141,752.0,False,False,-0.9148075682661405,-0.8392115661794985,2.3425245261383676,-6.442321461252165,-0.4613921328456394,2.6211067375340846,53.740460093059234,49.89187837121971,49.18826526783882,49.18826526783882,3.0259957783799862,37.813584853713635,34.44303177337652,-24.800301441780277,21.891231249392394,888162.65,-68.62590427552881,69.13591766357422,42.65278244018555
CRGY,Crescent Energy Company,ok,Energy,Oil & Gas Exploration & Production,2026-10-07,13.444999694824219,122.22727,752.0,False,False,-1.284876594752482,0.41074944056211926,4.305658159186665,-5.250175529173329,42.63191888190674,52.949938611090715,10.811588047042726,10.639000983827142,10.550702100104473,10.550702100104473,31.696969917768,48.33115517272471,38.7096732409235,-12.52439951247821,78.64667210619679,6196333.1,-51.29600117850346,15.369999885559082,7.526028633117676
CRI,"Carter's, Inc.",ok,Consumer Discretionary,"Apparel, Accessories & Luxury Goods",2026-10-07,32.41999816894531,6.0475745,752.0,False,False,-4.167908914551233,2.627407446496721,3.5451891470337893,0.4337032061420887,-16.311028013381634,11.9205101348564,34.7705060489594,36.9044095681483,45.72110614878066,45.72110614878066,-44.30815196382599,45.97531850471985,65.70768854263493,-25.32753247999308,21.661606205971488,1538860.95,-50.21519000790813,43.41626739501953,26.647682189941406
CRK,"Comstock Resources, Inc.",ok,Energy,Oil & Gas Exploration & Production,2026-10-07,13.729999542236328,7.546703,752.0,False,False,0.5860800435294689,7.433488490725293,11.44480423976364,-9.432719786074994,0.2921838062752258,-35.418629377134046,17.928412713701764,18.30390436810801,15.524996061274345,15.524996061274345,13.122429995176343,53.47515026468059,59.902193590749214,-49.83558961914562,11.444804239763636,2553733.05,-49.80834038232774,27.3700008392334,12.319999694824219
CRSR,Corsair Gaming,ok,Information Technology,"Technology Hardware, Storage & Peripherals",2026-10-07,13.574999809265137,43.822582,752.0,False,False,-0.47654349282649777,-1.5591019085035573,0.5555541427047173,10.725934386897107,42.14659202242963,70.32622542815281,8.090119028848315,8.278356559723022,9.231628981676508,9.231628981676508,-3.174041611761236,69.30764542119734,52.012370006572375,-5.400700708031718,196.39738068555442,1045339.65,-46.1712755275283,14.350000381469727,4.579999923706055
CRVL,CorVel Corporation,ok,Health Care,Health Care Services,2026-10-07,76.41000366210938,34.11161,752.0,False,False,0.7648711816556464,1.2455312391705498,2.494970535494434,12.915628387256216,21.730130802729096,2.41254930576702,63.8325398611644,84.39085001394568,84.34592645219031,84.34592645219031,13.200005425347229,34.8521559667079,87.8205447977769,-1.4700184974687727,66.10870361328125,220979.75,-60.94891047709123,77.55000305175781,46.0
CSR,Centerspace Trust,ok,Real Estate,Multi-Family Residential REITs,2026-10-07,54.439998626708984,43.17857,752.0,False,False,-1.821464602946432,-0.11009426291929136,0.0735240803459325,4.730689307269986,0.042670777044162556,-0.07379395305503467,58.92763864426386,58.415095279891176,57.238173921057516,57.238173921057516,7.756166990086011,25.905916844910486,37.70278417107674,-18.76979297426895,5.370389594740487,338919.0,-63.06492111684503,67.01940155029297,51.665367126464844
CSW,"CSW Industrials, Inc.",ok,Industrials,Industrial Conglomerates,2026-10-07,287.9549865722656,39.44589,752.0,False,False,-3.009541458223952,-4.868021986287108,-0.04339072682115752,-4.952800800774182,5.924405854760328,16.090503433824566,285.28475261869886,301.2825297625416,281.84411738781216,281.84411738781216,62.75330298834698,37.60160265030996,49.461860134882045,-18.029269387705106,24.718911174027635,128055.9,-61.096677310455824,351.2900085449219,230.8831787109375
CTS,CTS Corporation,ok,Information Technology,Electronic Manufacturing Services,2026-10-07,58.52000045776367,24.485355,752.0,False,False,-4.222582783615259,-4.999996903654735,-0.28965440947880117,3.224598953870239,-3.938127572509942,46.40931496876626,53.26668783218142,49.10157662653828,47.83058265422253,47.83058265422253,40.23452518965118,33.94739225062038,55.64737033559204,-14.222810819757195,60.94187187611666,251873.85,-28.068356441131147,68.2232666015625,36.36095428466797
CUBI,"Customers Bancorp, Inc.",ok,Financials,Regional Banks,2026-10-07,74.0999984741211,8.992719,752.0,False,False,-1.2000020345052098,-1.8152944539852611,0.13513307313661738,-5.892811170348566,-2.6025280090429592,12.528474094410535,74.06754007793609,64.66685278387183,59.47872354629192,59.47872354629192,123.12556614542807,41.3409618180934,30.63870644508438,-11.416620295940241,22.438859738335218,293742.3,-63.796157380125365,83.6500015258789,60.52000045776367
CURB,Curbline Properties Corp.,ok,Real Estate,Retail REITs,2026-10-07,27.28499984741211,97.5,509.0,False,False,-2.1692346915607286,-3.4842610343186475,-1.9583186409918185,-7.514825546476045,-10.001311112699318,20.677939964547075,26.555126462663925,24.42923007068406,24.379580263538774,24.379580263538774,45.68740691615039,27.463193185566542,32.91343856364787,-13.54456572413719,25.26541802868849,1483364.65,-83.21430944171415,31.559612274169922,21.781749725341797
CVBF,CVB Financial Corp.,ok,Financials,Regional Banks,2026-10-07,21.514999389648438,15.045455,752.0,False,False,-1.7131110573595287,-3.433578426483652,-0.4396169274406114,-2.6762433458015877,-2.850430022513095,17.106884625582698,20.083224599323575,19.387856378973243,18.177271600733413,18.177271600733413,50.08837273942986,31.50733469616323,34.27994885187012,-6.811461769798521,23.919197613996033,1580047.3,-58.270489750528355,23.087602615356445,17.362119674682617
CVCO,"Cavco Industries, Inc.",ok,Consumer Discretionary,Homebuilding,2026-10-07,539.1599731445312,23.451935,752.0,False,False,-5.8729077104303755,-7.856379155857496,-3.7661150632401164,-1.6203206406174675,-5.070788033301321,8.134770666768688,558.4048800998264,520.1895009075027,464.50070383193645,464.50070383193645,103.59487887349785,39.81413813911701,51.05583120540874,-22.729883398500714,18.29909636472817,108282.65,-2.428505397679126,697.760009765625,455.760009765625
CVI,"CVR Energy, Inc.",ok,Energy,Oil & Gas Refining & Marketing,2026-10-07,57.349998474121094,84.448524,752.0,False,False,-0.12190821500596138,4.596017798487706,12.473027233376488,24.349522554894378,83.93445386766886,57.0677662485773,33.081241584959486,28.082611129578368,28.202823682034268,28.202823682034268,109.07335562352087,48.758755501072685,64.68435038813584,-0.12190821500596453,178.50727906575867,1133972.7,-62.560474339461614,57.41999816894531,20.591920852661133
CVSA,Covista Inc.,ok,Consumer Discretionary,Education Services,2026-10-07,127.55000305175781,16.99733,752.0,False,False,0.1413207986922238,1.6496649979646616,4.378073843800201,1.9176999573448983,-2.870852925824996,-14.892902377141649,116.99257938445561,112.84370516590863,95.33148936515158,95.33148936515158,187.21009567666212,44.876409387173354,52.583859309343055,-17.164562546519342,42.73724505434065,353023.65,-58.79227921415464,153.97999572753906,89.36000061035156
CWEN,"Clearway Energy, Inc. (Class C)",ok,Utilities,Renewable Electricity,2026-10-07,30.209999084472656,39.22078,752.0,False,False,-1.6921590156516841,2.9652315179283573,3.2114745883430773,-8.758687624343464,-8.094618546658394,-1.7557714702115756,34.34645668665568,30.454625232286187,27.589585968788633,27.589585968788633,71.83503825912052,31.028229971376437,43.042675750217455,-25.6693528570675,4.544006330167919,1240258.55,-39.466573320538686,40.642723083496094,28.896921157836914
CWEN-A,"Clearway Energy, Inc. (Class A)",no_data,Utilities,Renewable Electricity,,,,,,,,,,,,,,,,,,,,,,,,,
CWK,Cushman & Wakefield plc,ok,Real Estate,Real Estate Services,2026-10-07,11.369999885559082,39.25862,752.0,False,False,-4.773866958594319,-4.614095530323725,-3.725660613244053,-14.253396008290498,-15.777778625488281,-27.021823226976814,14.190079378703285,13.375438246594006,12.410465424999277,12.410465424999277,54.90462737320678,43.95326693466203,30.82191400533209,-33.89535243476369,0.0,2332035.85,-14.833341863076422,17.200000762939453,11.369999885559082
CWST,"Casella Waste Systems, Inc.",ok,Industrials,Environmental & Facilities Services,2026-10-07,83.76000213623047,931.7778,752.0,False,False,2.071660526705288,1.1960922234095506,4.243937432317013,-9.025738662037707,-12.173639798671033,-9.848241486627419,91.17476193867033,99.35733068701755,97.23158246912855,97.23158246912855,7.826984818703164,28.441718678999855,37.66817353806105,-21.967575001059046,11.724690906234061,590160.0,-54.520807916497226,107.33999633789062,74.97000122070312
CWT,California Water Service Group,ok,Utilities,Water Utilities,2026-10-07,45.220001220703125,20.295963,752.0,False,False,-0.7244742522167336,-1.610091119474233,-2.269287284790522,-9.324238642019756,-7.306462300393591,2.1585037719910716,45.695028774322026,45.57141118600549,45.96192129622114,45.96192129622114,0.13024197775217683,23.611241223272884,28.19673074313401,-13.192606688462702,9.249681627985549,426995.7,-59.76212406822832,52.09233856201172,41.39142608642578
CXM,"Sprinklr, Inc.",ok,Information Technology,Application Software,2026-10-07,5.264999866485596,58.499996,752.0,False,False,2.0348841507455973,1.250001146243207,6.3636377648108144,-5.135140800986737,-4.272729700261902,-32.06451785179877,6.286329364019727,7.287519918494965,8.678889628420485,8.678889628420485,-63.15605402001088,45.435644199811165,39.20971948334591,-35.87089108377245,9.232358484975624,2903521.45,-62.978437786295686,8.210000038146973,4.820000171661377
CXW,CoreCivic,ok,Industrials,Diversified Support Services,2026-10-07,31.864999771118164,25.572,752.0,False,False,0.2674609271118511,-4.6814254255789445,-1.1937991593235275,-9.087017219032301,1.8702016356489715,66.91985079318326,23.369226168072412,21.83084660602281,19.212878977998773,19.212878977998773,179.51755120520176,44.313070059940394,37.36678553121279,-10.3404644055695,97.5511557906599,2352938.1,-63.01381664056526,35.540000915527344,16.1299991607666
CZR,Caesars Entertainment,ok,Consumer Discretionary,Casinos & Gaming,2026-10-07,29.4950008392334,40.755947,752.0,False,False,-0.522761488334067,-0.522761488334067,-0.522761488334067,-0.5563014464853633,-0.9237474447487126,11.808194759534164,26.132619093334863,28.733247031253647,32.67913567258957,32.67913567258957,-34.04516987003415,46.09091755990124,27.84800958028316,-3.008875411936503,62.59648198259959,5291445.55,84.2126297605009,30.40999984741211,18.139999389648438
DAN,Dana Incorporated,ok,Consumer Discretionary,Automotive Parts & Equipment,2026-10-07,27.90999984741211,6.665934,752.0,False,False,-1.8290554069005927,0.10760648331626932,2.1969988766128434,-10.802176315814494,6.226347417280076,45.213511191348196,28.672558708796426,21.527186996908302,18.272081780306838,18.272081780306838,122.93521730118466,45.574634482707395,28.874390690895694,-27.740030233590335,56.42691980821962,1409123.8,-71.2391487532891,38.624427795410156,17.84219741821289
DAVE,"Dave, Inc.",ok,Financials,Consumer Finance,2026-10-07,347.989990234375,22.436491,752.0,False,False,1.4134100888544054,0.4097246963519874,8.236129409486637,-7.542912556493764,-10.80381986760437,73.75174373645295,263.4846626160637,200.28656384289502,142.75576470380133,142.75576470380133,6528.380766369048,95.1548579683141,47.44851838402745,-21.363525366801596,123.18496300732025,307301.4,-28.43247704045605,442.5299987792969,155.9199981689453
DBD,Diebold Nixdorf,ok,Information Technology,Electronic Equipment & Instruments,2026-10-07,64.91999816894531,21.425743,752.0,False,False,-0.8552308480127557,1.8033522078195752,6.043771438199408,-3.2200411495954984,-23.614543121879382,11.316869870811797,72.47908719380696,60.7962947784667,51.9200132679432,51.9200132679432,260.6666564941406,39.953298878628026,55.85584375293874,-28.46281193504649,18.25135949831104,241178.0,-57.558317922861946,90.75,54.900001525878906
DCH,Dauch Corporation,ok,Consumer Discretionary,Automotive Parts & Equipment,2026-10-07,5.750199794769287,5.0444403,752.0,False,False,-1.7059848117988885,2.6821409409751418,10.15708861854514,-17.854288646153037,12.308592251880302,-6.652598421978606,6.285715084227305,5.745617934432163,6.224654521396819,6.224654521396819,-20.025038261373474,52.35494756115465,41.59266457878643,-36.10889116923015,12.970523033201356,4181274.8,-46.380084848764305,9.0,5.090000152587891
DCOM,"Dime Community Bancshares, Inc.",ok,Financials,Regional Banks,2026-10-07,38.630001068115234,13.945848,752.0,False,False,-2.1281989526447886,-3.1344031256794413,-2.0040515918958834,-5.1791863608753985,-2.075918888340922,29.93629715113655,34.65952514466785,31.46010107823102,27.604530304036242,27.604530304036242,114.83920139299566,37.12174832199503,27.816080664652034,-7.4508876025177,53.04685588992004,321140.3,-21.65231208913986,41.7400016784668,25.240636825561523
DEA,"Easterly Government Properties, Inc.",ok,Real Estate,Office REITs,2026-10-07,22.889999389648438,120.52631,752.0,False,False,-1.6330084256120148,-2.179488193144974,-1.3362127719677597,-5.918621202520214,-5.817142949524423,11.381931293009151,22.328294140951975,22.554584248607377,23.424875568836292,23.424875568836292,2.8357008661078265,25.340590887592533,41.754349097655094,-9.050886387952987,17.90134954898452,521108.85,-55.00421840849565,25.167919158935547,19.414535522460938
DEI,Douglas Emmett,ok,Real Estate,Office REITs,2026-10-07,9.895000457763672,,752.0,False,False,0.8664631448638938,0.763755247151221,3.2881058096684956,-9.867918642533013,-15.02699676517093,-30.19056326610142,10.804734298161097,12.783087777901455,12.525171703480659,12.525171703480659,-1.9942500023850451,35.82076865066403,45.50641166911237,-28.933154153532982,14.079782159408849,2391716.2,-24.04098780616196,13.923511505126953,8.673754692077637
DFH,"Dream Finders Homes, Inc.",ok,Consumer Discretionary,Homebuilding,2026-10-07,9.414999961853027,6.661972,752.0,False,False,-3.336753766964684,-12.418605006018346,-12.009344582412307,-29.103914524352415,-39.686097572553635,-63.29434658138797,16.48613094905066,21.17152389207209,24.38133640492216,24.38133640492216,-56.29062413332526,57.227104572817986,27.740060420948637,-61.69650125680929,0.0,1154997.75,-3.6314140005900497,24.579999923706055,9.414999961853027
DFIN,"Donnelley Financial Solutions, Inc.",ok,Financials,Financial Exchanges & Data,2026-10-07,50.0,34.150684,752.0,False,False,0.8674607783398347,7.388312983775647,5.954654492616562,0.3613012972267793,11.037089396920319,-7.935925730634619,47.20075398399716,51.80320719228798,55.05432182677249,55.05432182677249,-10.281714676659403,40.16054953325265,61.2244827346092,-9.958578967876031,36.09144723938553,222927.75,-52.605720911820086,55.529998779296875,36.7400016784668
DGII,Digi International Inc.,ok,Information Technology,Communications Equipment,2026-10-07,75.13999938964844,59.571426,752.0,False,False,1.62293333597483,-0.6216125074845924,-1.4298883894592107,7.4810405572524274,3.8418998837034035,104.40697176428615,56.12416674598815,44.05828689863957,38.22465429661122,38.22465429661122,195.82677369345677,43.25281993659863,57.42513148132582,-11.848895738198985,112.43992552658084,388296.4,-44.57120900425552,85.23999786376953,35.369998931884766
DIOD,Diodes Incorporated,ok,Information Technology,Semiconductors,2026-10-07,100.18000030517578,53.5615,752.0,False,False,-7.01689039213913,-3.524649616517106,3.5024272730475925,10.184780381345536,5.675102405303356,88.94756590011781,77.86579357631622,65.66348601717398,67.29038567238666,67.29038567238666,25.444527347261637,54.51825655141559,64.86229895250985,-18.393614726396777,136.49669230810795,547391.4,0.39032399851366417,122.76000213623047,42.36000061035156
DLX,Deluxe Corporation,ok,Industrials,Commercial Printing,2026-10-07,22.420000076293945,10.284404,752.0,False,False,-0.532390569473018,-0.8403384738106978,-2.39442426426536,-4.392326879039288,-6.079436674951655,21.789540627607096,23.670158893343004,20.325879195771844,19.398958140231194,19.398958140231194,43.23103436132709,39.28600684540706,29.508195866994214,-27.93210329750438,31.64417110854918,424113.5,-7.744035499931035,31.10955238342285,17.030757904052734
DMC,Del Monte Corporation,ok,Consumer Staples,Packaged Foods & Meats,2026-10-07,29.389999389648438,42.057144,752.0,False,False,-1.0437756408337995,-0.9437165012656235,-1.9025357551483824,-9.929517537260523,6.995007861018365,-11.026448583797887,34.44490192050026,32.864329303878236,29.574270687204727,29.574270687204727,26.61023576855197,28.04212809161033,34.95933509517553,-29.913283242447136,10.336118345484957,432102.25,-41.73948411516024,41.93376541137695,26.636789321899414
DNOW,NOW Inc,ok,Industrials,Trading Companies & Distributors,2026-10-07,15.345000267028809,18.652912,752.0,False,False,-3.369016647081713,-2.6332484506725873,-0.9999982772334937,-4.984516226104551,19.50934645383191,-3.5512230408676126,13.914702370053245,14.3455478090689,13.780910906639505,13.780910906639505,30.484693608614343,41.169705751160855,39.93344267539373,-9.039718413398067,37.99460813804951,2247695.85,-46.758054476098266,16.8700008392334,11.119999885559082
DORM,"Dorman Products, Inc.",ok,Consumer Discretionary,Automotive Parts & Equipment,2026-10-07,122.6050033569336,17.012484,752.0,False,False,-3.1403052746250437,-0.3697336345578228,0.004082286194773133,-4.794995714315842,-10.16631946435924,-16.93990728949596,125.84609113420758,128.39837629766578,115.66358372505675,115.66358372505675,58.097999396731836,34.859833759010485,48.39414009344639,-22.416627030313073,21.995028215854322,227975.85,-22.703654795014472,158.02999877929688,100.5
DRH,DiamondRock Hospitality Company,ok,Real Estate,Hotel & Resort REITs,2026-10-07,12.380000114440918,17.20139,752.0,False,False,0.0,-1.5115321002078796,0.16181600581894884,4.345683406512291,5.4023472036454745,63.76857805918272,10.224236965179443,8.980598010864865,8.612582964465973,8.612582964465973,73.5389128935353,27.257279968311327,60.688283239677126,-6.650385662898511,71.62948288394868,3219600.05,-55.429215501471994,13.261972427368164,7.213212966918945
DV,DoubleVerify Holdings Inc.,ok,Communication Services,Advertising,2026-10-07,13.494999885559082,38.557144,752.0,False,False,0.11127851507526376,0.03706534118423921,0.03706534118423921,1.0861385763750286,15.046891834628795,19.319181121802597,11.087559510791113,13.718595595948724,18.338450802133437,18.338450802133437,-52.0263054099881,51.0051590996625,53.62312030075188,-0.18491546862510358,56.73635799849782,3577607.95,-83.12953771248188,13.520000457763672,8.609999656677246
DXC,DXC Technology,ok,Information Technology,IT Consulting & Other Services,2026-10-07,11.954999923706055,15.802632,752.0,False,False,1.0566356788347386,7.702698313989775,10.387811707527895,6.645850874432568,29.103667691265755,-12.095591261931272,12.004067466372536,14.692101615358634,16.676761991166053,16.676761991166053,-45.75771584798951,46.914807600021184,56.25759723710286,-22.5210648913862,45.43795055164024,3077941.95,-19.643091384488265,15.430000305175781,8.220000267028809
DXPE,"DXP Enterprises, Inc.",ok,Industrials,Trading Companies & Distributors,2026-10-07,180.82000732421875,31.816902,752.0,False,False,-5.650919341075067,-6.784198728308355,-0.21521956580701218,-4.348278805465366,9.607811108827535,41.70847138441882,146.171507456946,117.89868506017434,93.03926847082504,93.03926847082504,416.1861650737065,48.6411790539941,46.777956369673966,-9.968128549450132,111.41121232891619,137730.25,-33.77997934368086,200.83999633789062,85.52999877929688
EAT,"Brinker International, Inc.",ok,Consumer Discretionary,Restaurants,2026-10-07,186.2550048828125,17.144896,752.0,False,False,-2.197541222927346,-7.7945520382116324,-3.759103985104051,-16.28612509134253,3.1141005635521912,47.2138869939021,161.92311571514796,153.66136484032134,120.25842438352869,120.25842438352869,523.9698576300046,46.8146031906703,38.80144787119166,-26.653932782493094,82.0852509685915,1572591.55,-57.48222098738862,253.94000244140625,102.29000091552734
EBC,"Eastern Bankshares, Inc.",ok,Financials,Regional Banks,2026-10-07,20.875,11.659219,752.0,False,False,-1.5330224115255642,-2.7486613016248107,-0.26278215181000375,-3.9788398354416055,-5.244592835306028,14.92420019900782,20.003474152277388,17.96478602990686,16.2809505183646,16.2809505183646,87.66454816609523,31.35504119964292,35.96676696428146,-11.134250346425425,28.31943290716563,2509087.2,-56.21339904009714,23.490489959716797,16.267995834350586
ECG,"Everus Construction Group, Inc.",ok,Industrials,Construction & Engineering,2026-10-07,125.05999755859375,25.133804,487.0,False,False,-5.785752310343106,1.3862984236934661,6.415930165849093,4.260108995714695,-9.795154277870433,52.8477120814568,117.11630945357065,89.92687877051884,89.92687877051884,89.92687877051884,155.22448481345666,62.59467947297882,68.43926375655089,-26.069995949872226,55.50858046013541,407801.75,-22.993219131600096,169.16000366210938,80.41999816894531
ECPG,"Encore Capital Group, Inc.",ok,Financials,Consumer Finance,2026-10-07,98.74500274658203,7.5094914,752.0,False,False,-0.448633616162164,2.9451674640996073,4.558450014702986,-0.11632395615976954,7.4951035167472035,143.03470379200428,72.77831380329435,57.47397432669226,53.73886321960612,53.73886321960612,97.5295047631824,42.37633921375992,46.242478484269746,-4.814917312555649,143.63435904424938,302711.1,-44.428202335494134,103.73999786376953,40.529998779296875
EFC,"Ellington Financial, Inc.",ok,Financials,Specialized Finance,2026-10-07,11.5600004196167,7.1770186,752.0,False,False,-0.9425848839598183,-0.2588415235222685,-2.2823288743079817,-12.670298314102347,-11.954661245350696,-1.9588908881954858,12.386744026153806,11.55910062599942,10.740506519662572,10.740506519662572,33.212786671972516,20.02543115528518,24.5506419088142,-13.94795420908617,9.744420313394615,1707160.0,-26.23421354764638,13.433731079101562,10.533565521240234
EFOR,Everforth Inc.,ok,Information Technology,IT Consulting & Other Services,2026-10-07,34.685001373291016,17.896908,752.0,False,False,-3.5724209168847776,1.2700770023095442,5.425531199468314,12.17658889944071,86.88040070765102,-29.31526067046317,35.51462308187333,51.56150399166275,65.4499934429818,65.4499934429818,-57.27922117218469,53.782111023908286,57.23712008356156,-34.90052145652706,103.3118549771012,711041.0,-62.89665434201404,53.279998779296875,17.059999465942383
EGBN,Eagle Bancorp Inc,ok,Financials,Regional Banks,2026-10-07,28.03499984741211,11.648671,752.0,False,False,-0.7259204156074839,-1.2156424367743779,0.8816082181122731,1.027026477160753,4.528239466327899,30.436218680836944,24.79496389343625,23.24637784046006,22.431987453014294,22.431987453014294,57.64076613957132,44.53957349551266,46.800745923086794,-3.7249306564578752,77.63388015223295,336100.0,-46.29574531389468,29.119688034057617,15.782462120056152
EIG,"Employers Holdings, Inc.",ok,Financials,Property & Casualty Insurance,2026-10-07,49.150001525878906,65.613335,752.0,False,False,0.5112474278097912,0.040709255707005454,2.9534976913251576,-0.020338327022451086,-2.0055641622257703,19.08733566818015,43.61468212188236,44.70710219425034,43.12080423375394,43.12080423375394,32.42271577003031,22.743289126439187,47.88733367309972,-4.6851736529852035,40.50260157732553,177213.85,-55.32121219645079,51.565956115722656,34.98155975341797
EMN,Eastman Chemical Company,ok,Materials,Specialty Chemicals,2026-10-07,63.2599983215332,16.51436,752.0,False,False,-1.3258497593604979,-2.4818935669517317,-2.4367645058519516,-8.98824069448757,-4.682078339983975,4.243106679525432,67.2585931202722,73.28107877936496,76.52232671798544,76.52232671798544,-1.5743903459597863,32.0399247582033,35.5058424597221,-19.41138319511205,17.835222830058417,1307680.7,-12.691683833828849,78.4974365234375,53.68513488769531
ENOV,Enovis,ok,Health Care,Health Care Equipment,2026-10-07,17.6200008392334,4.896513,752.0,False,False,-3.1868126340252934,-0.8441171337434494,-3.5577427599574163,-11.811805590956382,-30.13480841015227,-43.63403483614222,24.934960380433097,31.06117529698102,37.786143632645306,37.786143632645306,-64.30307815770527,48.68936529657474,47.877375359821215,-46.394884661400056,0.0,1829127.35,-64.16066929402156,32.869998931884766,17.6200008392334
ENPH,Enphase Energy,ok,Information Technology,Semiconductor Materials & Equipment,2026-10-07,33.220001220703125,33.18,752.0,False,False,-2.034793954036662,-0.7469375287783353,0.6971795408742043,-14.44759295855842,-25.996877539803208,-10.602795056209812,39.334722269149054,47.302211267539704,68.99296556127833,68.99296556127833,-72.25887163198068,73.76372305718054,35.13801142546136,-54.07161567851612,27.182236421697244,4594606.65,-50.684940570483874,72.33000183105469,26.1200008392334
ENR,Energizer,ok,Consumer Staples,Household Products,2026-10-07,21.510000228881836,18.067226,752.0,False,False,-0.37054156155930107,-2.7137058566557237,0.5610137571648188,2.4285725184849394,7.881843660873211,-5.221005885954433,19.95701293339805,23.311924322667824,24.45520439553768,24.45520439553768,-15.385029782915494,39.09399797731798,47.90941235461885,-9.061868685952353,36.867049961342644,900013.15,-54.6936619759389,23.653444290161133,15.715981483459473
ENVA,"Enova International, Inc.",ok,Financials,Consumer Finance,2026-10-07,183.66000366210938,13.64291,752.0,False,False,0.4265085074755426,6.229396905825757,9.903658064335286,-18.658926824376188,-22.30964111507928,66.1780756791504,170.9888097974989,136.88735068271833,111.81425541005235,111.81425541005235,266.6600181725506,41.688724601328666,55.94009033896422,-30.81183077178831,76.57917497353259,438858.4,-51.54063360755998,265.45001220703125,104.01000213623047
EPAC,Enerpac Tool Group,ok,Industrials,Industrial Machinery & Supplies & Components,2026-10-07,35.040000915527344,19.920456,752.0,False,False,-1.8487390288721262,-1.574197607763117,0.5415799634130636,-5.2688148977168,3.845347689587464,-13.406678437404818,37.422636955503435,40.21840139594211,38.376032940884855,38.376032940884855,31.339865157357515,30.27914203717167,44.18612975391499,-18.45895631132816,6.525826365771923,458717.3,-59.76912141748305,42.972225189208984,32.8934326171875
EPAM,EPAM Systems,ok,Information Technology,IT Consulting & Other Services,2026-10-07,108.51000213623047,14.715061,752.0,False,False,-0.7318593360451375,0.20315931188765735,0.13842887138613147,-5.897142976616509,24.309773167763215,-28.850563212519987,138.66670626685732,165.55844614705242,190.0023536682129,190.0023536682129,-56.10969380276396,45.745666297706926,35.091987043004266,-50.98915757560303,42.70121098074943,1085605.85,-75.2104320366365,221.39999389648438,76.04000091552734
EPC,Edgewell Personal Care,ok,Consumer Staples,Household Products,2026-10-07,27.649999618530273,13.748435,752.0,False,False,2.9028610157614265,2.5213211808984726,2.483321303416197,0.32656773552020013,7.048480237931409,42.730527038783464,21.809337146698482,24.917274851248084,28.404358437720767,28.404358437720767,-15.758563051243957,35.71121625315011,53.15023809509137,-6.2694181455255595,77.26974354358923,608433.0,-45.867498968662126,29.49944305419922,15.597698211669922
EPRT,"Essential Properties Realty Trust, Inc.",ok,Real Estate,Diversified REITs,2026-10-07,25.075000762939453,19.434109,752.0,False,False,-1.9741953177200622,-3.185323813675156,-2.8477284704046535,-15.074564233405574,-18.640348922872185,-10.451360760358053,29.93271461365715,29.80114232021499,27.892955698865524,27.892955698865524,31.892115209297934,20.520139929037974,24.194464563620357,-25.081634183574963,0.0,2614750.5,-72.71211918689757,33.469764709472656,25.075000762939453
ESE,ESCO Technologies Inc.,ok,Industrials,Industrial Machinery & Supplies & Components,2026-10-07,256.0199890136719,47.489796,752.0,False,False,-4.5485094890416295,-6.88489629129585,-3.399607714984698,-5.8881078448760675,-22.706282485906936,22.482999610837773,268.77798934209915,216.97999306788958,180.63882249466917,180.63882249466917,140.61260935176168,32.323817230386915,45.84666991574353,-27.822611798314362,31.190158779058088,271735.15,9.372306085539538,354.70941162109375,195.15182495117188
ESI,Element Solutions,ok,Materials,Specialty Chemicals,2026-10-07,37.130001068115234,50.2973,752.0,False,False,-1.6163237499260852,-2.109146402910478,2.342895031472314,2.5407401461025936,-8.272697176004728,38.066153234681074,33.92372557473561,29.09579959048693,27.0825007316914,27.0825007316914,99.8244910980916,37.558367158165765,69.9497456997455,-24.192772063981025,63.0489805760717,4142779.75,-63.60668220414083,48.97949981689453,22.77229881286621
ETSY,Etsy,ok,Consumer Discretionary,Broadline Retail,2026-10-07,71.66000366210938,20.985378,752.0,False,False,0.37821021819490763,-1.5253442794583294,0.23780361368006542,-1.592963523175206,-7.797217528837974,2.3714338030133897,64.94218266199506,59.42831678504488,61.52954784352729,61.52954784352729,13.064061935081895,48.066898123614074,47.95429339483367,-17.660571449811155,62.678785251418866,3158641.45,-48.99614199642698,87.02999877929688,44.04999923706055
EVTC,"EVERTEC, Inc.",ok,Financials,Transaction & Payment Processing Services,2026-10-07,28.90999984741211,18.75974,752.0,False,False,-0.48192562246209825,6.169667034220616,7.272723669707526,-0.4133683651223685,0.3033021640115985,-9.554037126536318,28.42162657540942,31.445338397387015,32.90218617307379,32.90218617307379,-22.218802265806083,33.93560762647788,56.02094554537674,-11.182794085918236,29.622046025285304,474049.5,-42.033479626072804,32.54999923706055,22.30330467224121
EXTR,"Extreme Networks, Inc.",ok,Information Technology,Communications Equipment,2026-10-07,24.65999984741211,79.55161,752.0,True,False,0.4889931842212647,6.660895122310784,14.965030164561943,13.903003611628574,-24.97718086783611,22.260782122630317,20.87059522053552,18.806494023220473,17.33390955848897,17.33390955848897,2.1541030278014572,47.76297097946719,70.22375729331118,-26.846631512455648,79.47598441193622,1530768.25,-15.05801090400196,33.709999084472656,13.739999771118164
EYE,National Vision Holdings,ok,Consumer Discretionary,Specialty Stores,2026-10-07,16.795000076293945,27.10484,752.0,False,False,0.328556188338025,2.408539432631218,2.5335832526863333,-1.205881904153261,-14.004098894997675,-40.33747671798078,23.11150792666844,19.792290845240256,18.725538565757425,18.725538565757425,15.350271924896575,51.00965130681922,48.19275004228345,-42.99049355657989,8.775910186112883,2318860.55,-31.017369716346245,29.459999084472656,15.4399995803833
EZPW,"EZCORP, Inc.",ok,Financials,Consumer Finance,2026-10-07,30.469999313354492,15.306532,752.0,False,False,-1.231770059696613,0.8940349125632352,2.3857495934546558,-7.9178024392619895,-10.56648198918717,63.993538420191776,26.651031766619003,20.308764944038543,16.87699468528971,16.87699468528971,265.7863096329808,33.96057262622851,40.98612630770284,-14.38606579736444,75.01435715339005,664940.7,-20.56223961023892,35.59000015258789,17.40999984741211
FA,First Advantage Corporation,ok,Industrials,Human Resource & Employment Services,2026-10-07,18.290000915527344,130.60715,752.0,False,False,-1.0816595893268888,1.1055874032750657,2.75281853634346,-11.342696754391458,-5.721642911491054,16.27464366046041,15.481547628130231,16.271005970548348,16.28943483372952,16.28943483372952,27.634340634365785,46.0674867710295,22.020210193721155,-24.170811446337197,104.35755648389329,1767882.6,-64.48565080056787,24.1200008392334,8.949999809265137
FBK,FB Financial Corp.,ok,Financials,Regional Banks,2026-10-07,52.220001220703125,13.809525,752.0,False,False,-0.8355461982224255,-2.246344046001447,1.0058035785106334,-6.733345855950523,-6.792652059518556,-10.576975901400532,55.37266903831845,51.83780303894286,46.877957810746864,46.877957810746864,89.69295708172527,31.65742193881307,38.77191949233646,-15.882732473469789,3.320068456575926,664072.0,-58.05575299063956,62.08000183105469,50.54197311401367
FBNC,First Bancorp (Southern Pines NC),ok,Financials,Regional Banks,2026-10-07,58.75,18.204967,752.0,False,False,-1.6571838812378892,-5.7436254225666,-3.8618893581745417,-8.859273286779501,-6.799677425953021,15.027048343452343,57.33577322581458,50.53393795575754,44.70773542434611,44.70773542434611,123.5830905648155,31.959711613237513,32.42920829665135,-11.098632343487932,28.93358977797848,256992.2,-45.50651731842446,66.08447265625,45.56609344482422
FBP,First BanCorp (Puerto Rico),ok,Financials,Regional Banks,2026-10-07,26.440000534057617,11.1050415,752.0,False,False,-1.4535944493382136,-2.2189362468741036,0.37965216738959917,-5.840453682707802,0.2990555641215309,23.323626754216864,23.315798085833354,21.389032778037024,19.661755308191825,19.661755308191825,111.96239037713296,27.779733375743447,34.39305195324236,-10.338728659066058,40.74908801590764,1490925.2,-50.54051001351376,29.4887638092041,18.785202026367188
FBRT,"Franklin BSP Realty Trust, Inc.",ok,Real Estate,Mortgage REITs,2026-10-07,6.085000038146973,13.829546,752.0,False,False,-0.8957626960031773,-2.950557310084767,-4.773080355420545,-24.619514076723913,-20.812417410611094,-36.8929907101746,8.43473568038335,9.1673256771498,9.32807919700095,9.32807919700095,-34.75506197547445,25.728557432577087,17.964732189314688,-37.77124446587899,0.0,2431366.85,-72.6640593129745,9.778437614440918,6.085000038146973
FCF,"First Commonwealth Financial, Corp.",ok,Financials,Regional Banks,2026-10-07,19.832000732421875,12.160736,752.0,False,False,-1.1365839461142668,-3.5408499631842782,-1.9673693466156994,-6.009476901059319,-1.6151303516633964,20.207478157242885,18.326601334980555,17.11226443560475,15.835712475979582,15.835712475979582,77.19115932391942,27.33381623384266,24.828116291522917,-9.055620523379233,33.65121999374784,1111028.55,-44.79250780729262,21.80673599243164,14.838623046875
FCPT,"Four Corners Property Trust, Inc.",ok,Real Estate,Other Specialized REITs,2026-10-07,21.079999923706055,19.163635,752.0,False,False,-1.0328606630732096,-2.18097136888159,-3.1250013695920065,-14.595529290233555,-13.384768026633498,-5.982861849308064,23.636624010782395,24.2686928638899,23.33974878838722,23.33974878838722,12.537321548470825,18.879400353016017,12.959564248086153,-19.204892742799473,0.0,1319254.3,-53.85377936611615,26.090688705444336,21.079999923706055
FELE,Franklin Electric,ok,Industrials,Industrial Machinery & Supplies & Components,2026-10-07,97.62999725341797,28.1585,752.0,False,False,-1.6322445809390795,-1.0339627538610396,1.8145769890967056,-1.5131645733484356,-3.7476381743237974,3.773370999139991,98.63894120473711,96.73867674747787,96.10789243211137,96.10789243211137,11.99877573426187,25.86823712597413,57.12861112400002,-11.059493984267476,9.190324603466411,327964.8,-62.314248358360416,109.77000427246094,89.41268157958984
FFBC,First Financial Bancorp,ok,Financials,Regional Banks,2026-10-07,30.885000228881836,10.911661,752.0,False,False,-1.5460650219205285,-3.090682724862004,-1.388887197257116,-5.289789479249962,-8.459058687133226,22.997700719863822,28.818030766078405,26.618092673708244,24.639984820751433,24.639984820751433,75.80337155321595,28.938737369494433,36.847739317133424,-13.94949322426661,37.5395669814018,948514.55,-58.304171506910464,35.8917121887207,22.45535659790039
FG,"F&G Annuities & Life, Inc.",ok,Financials,Life & Health Insurance,2026-10-07,20.020000457763672,6.5940595,752.0,False,False,-3.378372967124843,-8.66788144122812,-7.656825756666663,-16.280166768934446,-29.812405045685065,-32.99933364751926,26.949816045306978,31.404092017397936,33.388270149839684,33.388270149839684,-23.83113171324922,41.901908006599726,20.138872332027333,-40.46089088068962,0.0,775366.35,9.706463273780198,33.62495803833008,20.020000457763672
FHB,"First Hawaiian, Inc.",ok,Financials,Regional Banks,2026-10-07,24.625,10.702174,752.0,False,False,-1.5000000000000013,-2.5138567819797064,0.020305282681531978,-4.591241729803408,-17.165387087773144,3.2770852335259004,25.76952552038526,24.72267013716983,22.940657606784335,22.940657606784335,55.50911240408352,26.42959761380211,32.59911079941229,-18.06635825660313,12.575178198074049,2229150.35,-47.67930301336561,30.0548095703125,21.874271392822266
FIBK,"First Interstate BancSystem, Inc.",ok,Financials,Regional Banks,2026-10-07,34.709999084472656,10.743034,752.0,False,False,-2.280409242263881,-3.5833358764648438,-2.8819321366028716,-6.743691708516963,-9.69370057491622,14.252138111086543,34.69424537628416,31.38207363037474,28.85921515302455,28.85921515302455,70.95070592882517,33.245245306227964,26.120819722233165,-12.635063006519278,24.737917571828177,1353689.2,-55.50795559276087,39.729896545410156,27.82634162902832
FIVN,"Five9, Inc.",ok,Information Technology,Application Software,2026-10-07,33.63999938964844,48.601448,752.0,False,False,1.0513621643003512,-2.095463352483795,-1.087912232122934,7.716938465377687,34.93782181247849,45.69077162122981,22.470396912287153,26.805199216561487,36.521848364079254,36.521848364079254,-47.80449808762025,57.22096533390177,47.53157089337504,-12.962488844601774,147.17119939929026,2498343.85,-58.04912922614716,38.650001525878906,13.609999656677246
FIZZ,National Beverage Corp.,ok,Consumer Staples,Soft Drinks & Non-alcoholic Beverages,2026-10-07,29.635000228881836,15.94086,752.0,False,False,-1.2824790906432848,-2.259233089831847,1.4897241595092092,-4.710611365332262,0.7547556446987347,-11.270370847535993,31.217043308984664,35.34260742597846,37.25513396618214,37.25513396618214,-24.725692332601813,27.973863545526577,28.480343768685827,-13.104695216351889,5.759995698066921,435990.4,-52.26775635426834,34.1042594909668,28.020992279052734
FLO,Flowers Foods,ok,Consumer Staples,Packaged Foods & Meats,2026-10-07,5.90500020980835,21.833332,752.0,False,False,2.8745722172397015,6.014363156600244,6.396396520240155,-4.615043218178572,-25.39196279045781,-49.62411976228355,8.630160886143882,12.367365971029518,14.660122823842029,14.660122823842029,-67.05686815376366,28.743792402979075,40.7035149389097,-50.053686401719645,6.396396520240147,7956232.95,-4.29441862935901,11.822694778442383,5.550000190734863
FMC,FMC Corporation,ok,Materials,Fertilizers & Agricultural Chemicals,2026-10-07,9.199999809265137,5.7158685,752.0,False,False,1.8826144110860366,9.00474249605734,3.139010432469913,-27.54343458681675,-14.768720155045333,-69.82356406739947,14.079155785696846,28.029300636504274,36.467383054976764,36.467383054976764,-83.61328072315263,59.4382180788949,36.54212921119385,-69.64902300103988,9.004742496057336,4499186.3,-30.606874403044838,30.31203842163086,8.4399995803833
FORM,"FormFactor, Inc.",ok,Information Technology,Semiconductor Materials & Equipment,2026-10-07,140.0399932861328,101.51812,752.0,False,False,-0.8917266372340138,-6.107945680959426,-6.208562336104196,27.471320324148564,17.247145364746874,228.96404578353633,97.52952357700893,66.64870508353549,59.5632579377357,59.5632579377357,307.8042884795366,67.57674828193089,76.94197765600609,-12.43669124025443,267.1735593266449,1937441.3,-65.38083502194362,159.92999267578125,38.13999938964844
FOXF,Fox Factory,ok,Consumer Discretionary,Automotive Parts & Equipment,2026-10-07,18.614999771118164,10.218645,752.0,False,False,-3.9969037799145846,-0.18766674599464128,1.3336903684920465,-8.11944935429283,12.003603075490489,-22.791375778207712,18.390238065568226,23.18615536480786,33.42867017299571,33.42867017299571,-80.405263398823,55.48440695325401,40.63647153634892,-25.180866563403054,41.12964642397065,568551.65,-33.75571067290017,24.8799991607666,13.1899995803833
FRPT,Freshpet,ok,Consumer Staples,Packaged Foods & Meats,2026-10-07,63.310001373291016,16.69921,752.0,True,False,0.860285027225216,5.0614058027079745,9.989575856174525,-5.900709687925099,14.133765963685896,18.869702156364056,62.01601181333027,81.21185253340884,89.31610357507746,89.31610357507746,8.0375478187938,47.116192450056616,58.223071855857775,-25.953214768080684,33.59358976299131,1072542.55,-31.652967987144198,85.5,47.38999938964844
FSS,Federal Signal Corporation,ok,Industrials,Construction Machinery & Heavy Transportation Equipment,2026-10-07,114.63999938964844,24.730604,752.0,False,False,-2.962586776775178,-1.4612317360788163,3.4750414679178165,-3.0528546387751043,-1.8051955613821224,-2.6378523337902915,115.17165174938384,106.34876389522476,97.56168937175832,97.56168937175832,90.85425670854677,33.924686432365405,51.94394260159472,-14.253769363826981,9.697157871444585,462224.8,26.08496991074474,133.69683837890625,104.50589752197266
FTDR,"Frontdoor, Inc.",ok,Consumer Discretionary,Specialized Consumer Services,2026-10-07,77.54000091552734,20.456465,752.0,False,False,-1.5615028309733048,0.38840375460256205,6.044855036814023,-4.318854837684727,1.7986120250959692,15.49002326544906,65.54349193875751,60.02601577941165,52.054959989608605,52.054959989608605,153.06789314664226,40.35792667974574,45.39473707797653,-14.631730317750039,57.922613697016686,628339.35,-47.609997686759556,90.83000183105469,49.099998474121094
FTRE,Fortrea,ok,Health Care,Biotechnology,2026-10-07,20.65999984741211,18.07271,752.0,False,False,-0.5774823641392812,3.299999237060547,3.55889251789705,21.10199586264092,16.921334228682582,115.43273742114538,14.534027822433956,13.031733094933498,18.593497342251716,18.593497342251716,-26.21428625924247,73.61464009162415,53.27585203328123,-2.131694694119475,132.91995618903997,1645622.35,-49.39622690467227,21.110000610351562,8.869999885559082
FUL,H.B. Fuller Company,ok,Materials,Specialty Chemicals,2026-10-07,50.119998931884766,13.958218,752.0,False,False,-1.0073121182524458,-0.15936619489804738,1.3139229738074354,-5.505282679562995,-8.636677473071664,-13.67947067623806,58.65194729396275,59.67810000081461,64.8580239072759,64.8580239072759,-26.187129472357064,30.261879023578388,47.79299140793109,-25.102757663158716,2.5525391567899023,1069303.25,-69.65640944231677,66.91835021972656,48.87250900268555
FULT,Fulton Financial Corporation,ok,Financials,Regional Banks,2026-10-07,22.075000762939453,10.610578,752.0,False,False,-1.4508877728817815,-3.2222653231551157,-1.318730734138207,-5.747273398315944,-7.701100952491535,22.36971612114811,20.87499381625463,19.293678181104926,17.745111095144395,17.745111095144395,101.45992262519749,29.903317210895246,31.176714268740298,-11.621700377256829,36.21739686676605,1833055.4,-51.84499060966733,24.97785186767578,16.205713272094727
FUN,Six Flags,ok,Consumer Discretionary,Leisure Facilities,2026-10-07,11.760000228881836,441.54135,752.0,False,False,-2.649004112957354,1.379308984055716,9.803923314612174,-25.285893266271565,-36.94369721489254,-47.57021815033955,17.646865038644698,26.940617426458108,31.785982191562653,31.785982191562653,-67.47623184234713,53.518870496189116,40.9638545910805,-56.02094117598387,9.803923314612168,2615534.0,0.12028136510555676,26.739999771118164,10.710000038146973
GBX,"The Greenbrier Companies, Inc.",ok,Industrials,Construction Machinery & Heavy Transportation Equipment,2026-10-07,38.85499954223633,11.488166,752.0,False,False,-3.080570231107471,-4.2508679422933575,-3.0321940649898016,-9.13236420154484,-16.1344588186192,-12.200303819762459,47.48303675273108,49.29908685570219,47.56754828006663,47.56754828006663,5.221126858047209,37.43622525197904,23.81282430146213,-33.07649857852677,0.0,412134.9,-39.510582578665385,58.0588264465332,38.85499954223633
GEO,"GEO Group, Inc.",ok,Industrials,Environmental & Facilities Services,2026-10-07,30.59000015258789,14.3802805,752.0,False,False,2.1710073711951994,-2.4553585547747225,0.3938327598872027,-4.525595260631688,1.7631427014694223,57.518022823950446,21.809801589874994,23.54569721031949,19.86916223104964,19.86916223104964,247.61363056326715,53.39219985654924,43.804958253301415,-6.652426837727762,130.693813156649,2745369.55,-33.91814956205076,32.77000045776367,13.260000228881836
GFF,Griffon Corporation,ok,Industrials,Building Products,2026-10-07,93.91999816894531,20.252155,752.0,False,False,-0.6242767473803479,-0.0532117176846425,0.9458267892934913,-3.5035483385980615,2.705086555210978,23.903421961001015,84.5469412122454,78.45260955233023,72.46251636870365,72.46251636870365,141.76749000915297,39.22443979879648,53.07798001641729,-12.209277448270983,42.06505230147614,364341.55,-56.18644099197579,106.981689453125,66.11055755615234
GIII,"G-III Apparel Group, Ltd.",ok,Consumer Discretionary,"Apparel, Accessories & Luxury Goods",2026-10-07,26.979999542236328,8.788274,752.0,False,False,0.7468216970231589,-1.4249224882668776,-0.5162289552533394,-1.9649032539222566,-20.757101771564855,0.4214989750756848,30.21031647636777,28.782133353183944,28.60064026903599,28.60064026903599,14.701225043973976,41.11614988110969,41.176450501789546,-26.4403867851057,9.117213938637965,767922.5,-17.654450807210363,36.677734375,24.725704193115234
GKOS,Glaukos Corp.,ok,Health Care,Health Care Equipment,2026-10-07,170.82000732421875,327.69885,752.0,False,False,5.711994056258174,4.317561724713737,4.038007664430432,-7.684817595040272,10.156702944541717,97.20619014983718,127.02888861156646,120.22697196443717,112.91481368592444,112.91481368592444,138.2094680031956,48.924020411839706,62.42072710688367,-9.881295397512982,128.76658833944032,873916.15,8.353987965550246,189.5500030517578,74.66999816894531
GNL,"Global Net Lease, Inc.",ok,Real Estate,Diversified REITs,2026-10-07,8.03499984741211,,752.0,False,False,-1.2899323277888564,-2.6060624556107914,-2.7239754871070443,-11.70330208146223,-8.91321600919548,8.761057400244908,8.647638869664025,7.661984622241016,7.182414299630104,7.182414299630104,33.45705445624931,27.692084322890253,1.1428820551386707,-15.948005990468403,13.286798476136488,2838640.5,-42.64120447798867,9.559558868408203,7.092617988586426
GNW,"Genworth Financial, Inc.",ok,Financials,Multi-line Insurance,2026-10-07,9.654999732971191,19.3,752.0,False,False,0.2596014354432352,1.0994716244947966,7.636560151065419,-7.341653912874435,4.717998409370594,9.343146278520864,9.009781767451575,8.200866535840282,7.569261970038109,7.569261970038109,65.04273316868729,28.342706151028967,35.21850433370484,-8.915100136699312,21.599491982259497,4675060.4,-51.27532469954828,10.600000381469727,7.940000057220459
GO,Grocery Outlet,ok,Consumer Staples,Food Retail,2026-10-07,11.885000228881836,17.720222,752.0,False,False,4.163018298176935,2.2805537515717678,5.644446478949661,1.1489381181432945,16.519612265934903,-26.271714577360793,10.005813475639101,12.795856575566933,16.525465421854182,16.525465421854182,-54.878511161610064,56.39331786942602,54.16012544767988,-26.134244150580255,105.2677082415415,2137938.95,-55.224212552935626,16.09000015258789,5.789999961853027
GOLF,Acushnet Company,ok,Consumer Discretionary,Leisure Products,2026-10-07,80.69999694824219,21.961956,752.0,False,False,-2.724207040949045,-3.526604332127925,-2.1818218809185552,-5.933096996113807,-28.826635439908177,0.8312913685541101,91.18235754588294,80.28886648383273,73.86464391870702,73.86464391870702,57.952177158337356,31.532976699623166,46.29465556646419,-31.71487904749141,8.397995456255467,338004.15,-49.206836661620876,118.18093872070312,74.44786834716797
GPI,"Group 1 Automotive, Inc.",ok,Consumer Discretionary,Automotive Retail,2026-10-07,231.69000244140625,9.702884,752.0,False,False,-2.2240057913336164,-7.2646470391145135,-3.6391615002301148,-17.72372250722273,-23.368186325493056,-46.23666391642456,337.28723386734254,379.80355068981885,351.49034591431314,351.49034591431314,-7.554756659965656,36.1116282500224,35.42241763975379,-48.212203132376644,0.0,272173.25,-38.25072816670999,447.3833923339844,231.69000244140625
GPOR,Gulfport Energy Corporation,ok,Energy,Oil & Gas Exploration & Production,2026-10-07,162.01499938964844,6.4372516,752.0,False,False,0.48064616105290003,4.93199857136617,7.665473145676316,-10.011661057906018,1.0320521158628804,-13.425777536573925,185.1388690282428,180.6302686288537,168.12979366424236,168.12979366424236,28.900466419495906,32.77930201588436,50.916287639154476,-27.18099897092847,7.873358250230726,289265.45,-41.19276947869164,222.49000549316406,150.19000244140625
GRBK,"Green Brick Partners, Inc.",ok,Consumer Discretionary,Homebuilding,2026-10-07,64.23999786376953,9.713856,752.0,False,False,-4.119406173478312,-3.630371535241028,-2.8286230968348036,-8.555163183246217,-12.43184660673945,-13.551339019872778,68.9303967914884,66.70972115870016,63.67529258829482,63.67529258829482,55.998050965763134,35.366533717529784,41.50065832567946,-20.28787593632622,4.864511302457615,367590.8,-29.91772372975602,80.58999633789062,61.2599983215332
GSHD,"Goosehead Insurance, Inc.",ok,Financials,Insurance Brokers,2026-10-07,43.47999954223633,31.744526,752.0,False,False,0.20742141934522174,-4.460555601331184,-4.144623110269974,-30.231065861434182,-17.900301559891396,-34.91992047432202,56.726388885861354,79.13810078746295,75.5583341172401,75.5583341172401,-35.747658441089314,55.3307371988236,29.104785722250824,-44.51958910498745,26.505676152059145,534199.95,-58.70478834750921,78.37000274658203,34.369998931884766
GT,Goodyear Tire and Rubber Company,ok,Consumer Discretionary,Tires & Rubber,2026-10-07,4.675000190734863,8.648438,752.0,False,False,0.3218957899984609,-3.409090013453897,-5.935605873444338,-20.08546552226833,-29.59336920575517,-38.16137267038082,7.183194453754123,8.36202190026819,9.549408237350749,9.549408237350749,-61.23548898779021,47.92458559527324,35.90505483907391,-55.64515932016231,0.32189578999845286,10227256.65,-57.9991668635792,10.539999961853027,4.659999847412109
GTES,Gates Corporation,ok,Industrials,Industrial Machinery & Supplies & Components,2026-10-07,27.3700008392334,19.404257,752.0,False,False,-3.1150412770499125,-1.012653826979537,4.465649016121165,6.705657880246307,5.147906712408834,7.291260657244969,24.96253970312694,23.2894422143579,20.597367020363503,20.597367020363503,140.9331132606655,36.56402128338744,64.49276088441569,-8.277477549343377,30.08554965905238,1770156.1,-6.515476233988638,29.84000015258789,21.040000915527344
GTM,ZoomInfo,ok,Communication Services,Interactive Media & Services,2026-10-07,3.6649999618530273,3.2489696,752.0,False,False,0.4109552354432333,-1.212940049359712,-3.298153067497245,-6.025644301741084,24.65986022183957,-65.65135955344803,6.332122990063259,8.308705162717052,10.186183516015397,10.186183516015397,-78.35203841825935,60.887178544011775,35.51020217507826,-68.94067879142311,40.42146012111117,5256409.95,-56.251528669296434,11.800000190734863,2.609999895095825
GTY,Getty Realty Corp.,ok,Real Estate,Retail REITs,2026-10-07,27.549999237060547,16.684849,752.0,False,False,-1.2190755110381368,-2.304969887565178,-2.443344687145854,-14.075221436879303,-18.237323081733724,11.70738875187254,30.11712160564604,28.421129348268547,26.995387013922347,26.995387013922347,19.961653156571767,19.8274456447564,21.679399466783877,-23.46334376456178,14.673462326814429,751662.15,-58.40644630037577,35.99582290649414,24.024738311767578
GVA,"Granite Construction, Inc.",ok,Industrials,Construction & Engineering,2026-10-07,114.91000366210938,14.247125,752.0,False,False,-4.970223782536765,-4.177780673226639,-0.8627383042063452,-3.393832810700137,-8.394155101149103,6.546510644935499,122.46810961526538,106.34900726075192,89.54321819163383,89.54321819163383,204.3585774841099,29.85604846984693,49.61547645867569,-28.21697574649611,17.14707922227915,673713.05,-48.99000397869687,160.0796356201172,98.09037017822266
HAFC,Hanmi Financial Corporation,ok,Financials,Regional Banks,2026-10-07,31.309999465942383,10.564189,752.0,False,False,-1.1679319307738467,-1.1367243747531175,1.3268603639924992,-1.1991197908212126,-1.1038527034857304,29.710831520869508,28.52943268276396,25.415628908164948,22.006966073462305,22.006966073462305,124.82212292189132,33.89473688805914,38.613857646605034,-5.171331541141614,41.687605609999736,241092.65,-46.969349749982,33.01744079589844,22.097909927368164
HASI,"Hannon Armstrong Sustainable Infrastructure Capital, Inc.",ok,Financials,Specialized Finance,2026-10-07,36.16999816894531,55.646152,752.0,False,False,-1.0937969078942067,-0.27571626014951667,2.1824210527677135,-7.031386810499596,-1.9245922604634313,24.03184859392715,35.50489762472728,30.765655718951585,28.48330020904541,28.48330020904541,175.1094214279435,40.423917682163605,44.207313064723074,-14.548823460495127,36.833410059442286,1072611.9,-47.19077795053364,42.32826232910156,26.43360137939453
HAYW,"Hayward Holdings, Inc.",ok,Industrials,Electrical Components & Equipment,2026-10-07,11.84000015258789,16.226027,752.0,False,False,-3.8180361576579336,-4.516124864274451,-3.26797080073582,-11.904758018971451,-26.32233741484584,-23.956323797978328,15.044444432334295,14.90621515099271,14.400837789190577,14.400837789190577,-8.712413964350517,34.98693138258789,22.797913379659846,-31.600228088491722,0.0,3948522.65,-61.69319175616227,17.309999465942383,11.84000015258789
HCC,"Warrior Met Coal, Inc.",ok,Materials,Steel,2026-10-07,89.2249984741211,21.487982,752.0,False,False,-3.457043668172022,-0.13989927491292464,1.311455414214957,-15.490626134960939,12.941290881334044,40.1041751524567,86.92036710466657,70.73118100413288,66.97060123403021,66.97060123403021,76.97748893483904,49.11135992876068,44.9100533951929,-19.02186850810474,43.58598505194984,672932.3,-65.145676615612,110.18406677246094,62.140464782714844
HCI,"HCI Group, Inc.",ok,Financials,Property & Casualty Insurance,2026-10-07,186.7100067138672,8.049353,752.0,False,False,1.2362490530995585,1.3351461133607634,7.415716745199119,0.3331777033574568,3.507683078144308,-3.0953860764686425,172.3080601767888,154.95441094812645,133.676400037522,133.676400037522,250.34458668459015,36.49557592727334,48.432986239645196,-8.658943180586489,25.923538785088855,173481.0,-51.452896859022026,204.40972900390625,148.27252197265625
HCSG,"Healthcare Services Group, Inc.",ok,Industrials,Environmental & Facilities Services,2026-10-07,20.799999237060547,12.16959,752.0,False,False,-1.5617602310121548,-0.33541734239538323,1.711483917180967,-4.499547376900925,-13.80024881691816,28.39505097212376,20.44773811385745,16.612569734869727,14.67389629242268,14.67389629242268,105.94057872732262,43.041958000887234,38.90673919909723,-17.81904513649073,37.0223901113399,705272.7,-48.763932022322706,25.309999465942383,15.180000305175781
HE,"Hawaiian Electric Industries, Inc.",ok,Utilities,Electric Utilities,2026-10-07,8.78499984741211,6.753846,752.0,False,False,-1.623745272210464,-1.2921323151377284,-1.7337778551052896,-19.403668304011788,-34.34230364519553,-21.84163677666898,13.102122988019671,11.827818707165966,11.913038548002852,11.913038548002852,-27.456646602229995,51.23486903087052,16.103908328420474,-48.56557443411322,0.0,3015523.3,-51.827067627035085,17.079999923706055,8.78499984741211
HFWA,Heritage Financial Corporation,ok,Financials,Regional Banks,2026-10-07,27.229999542236328,12.952382,752.0,False,False,-1.661253098408233,-3.233830373666824,-1.4477004367711155,-5.778547053070426,-5.976653612443961,15.850881072461775,26.24411529964871,24.49692362523174,22.160502845936634,22.160502845936634,85.49848204604471,30.858169594619316,38.56381656573609,-12.144583357974605,30.202585927788462,441254.0,-61.364656184419864,30.994104385375977,20.913562774658203
HIW,Highwoods Properties,ok,Real Estate,Office REITs,2026-10-07,29.459999084472656,19.503311,752.0,False,False,-0.6072884915059973,-0.7077889830849005,1.5161909709455967,-3.4098390673027668,-5.118838539180692,-1.077181390306159,26.50153830694774,26.920674335434143,25.020310665698762,25.020310665698762,89.81682345532813,29.722821057007405,38.55420381509031,-12.979639447636366,48.36942300709498,1179757.6,-56.83418356448817,33.85414505004883,19.85584259033203
HLIT,Harmonic Inc.,ok,Information Technology,Communications Equipment,2026-10-07,11.289999961853027,43.403847,752.0,False,False,0.6238831832287905,1.0743051453845354,6.912874178302597,-5.602007309004586,-20.15558919569309,6.109018774028407,11.227817478634062,10.918824710693967,11.313151604317603,11.313151604317603,23.52297087276327,48.95612682796157,57.65306594122544,-34.01519836870976,27.570615539093208,1517289.85,-59.39490401257215,17.110000610351562,8.850000381469727
HLX,"Helix Energy Solutions Group, Inc.",no_data,Energy,Oil & Gas Equipment & Services,,,44.166668,,,,,,,,,,,,,,,,,,,,,,
HMN,Horace Mann Educators Corporation,ok,Financials,Multi-line Insurance,2026-10-07,45.01499938964844,10.519859,752.0,False,False,-1.0876707320170431,-0.5413144961788574,0.930495358129102,-10.030337016115443,-14.103595308705996,4.8189169865826775,45.71776871454148,42.637093297038895,38.92810156751186,38.92810156751186,67.98840692688823,22.887197175228632,23.245252642507097,-16.214498730977983,10.101918160369415,375799.6,-75.73387518241105,53.726478576660156,40.88484573364258
HNI,HNI Corporation,ok,Industrials,Office Services & Supplies,2026-10-07,46.349998474121094,9.659553,752.0,False,False,-0.8344099065905164,-1.0038471246617275,2.2727245945116437,-3.8979910552743524,19.62327409357638,3.0344710504520034,40.89447628505646,43.43572172795634,42.62256802650208,42.62256802650208,41.97891718875908,31.044738290112324,50.0,-9.501889899887592,61.35766275241404,574329.5,-62.98466298527239,51.21653747558594,28.725006103515625
HOPE,"Hope Bancorp, Inc.",ok,Financials,Regional Banks,2026-10-07,13.265000343322754,12.893204,752.0,False,False,-1.5949496009990627,-3.0336253844673755,-0.18810849211460257,-5.114443650397993,0.19768160295416948,24.87102501826468,12.009494104082622,11.255406444291195,10.780201964555904,10.780201964555904,73.5546466774768,31.232212161535838,32.37600745807819,-8.517239011567215,39.232884654519914,970590.3,-23.94257391610034,14.5,9.527203559875488
HP,"Helmerich & Payne, Inc.",ok,Energy,Oil & Gas Drilling,2026-10-07,39.63999938964844,26.294348,752.0,False,False,0.07573536691396487,2.800824631467713,6.731287132699282,-9.311369892638655,21.718610573790876,72.3429498302715,34.07358395107209,28.7729575206559,30.4641540887508,30.4641540887508,8.775366581071165,45.698163609515056,40.36016581011041,-16.792611466192206,86.69829273831665,1096486.75,-31.240847187619913,47.63999938964844,21.23211669921875
HRMY,"Harmony Biosciences Holdings, Inc.",ok,Health Care,Biotechnology,2026-10-07,39.48500061035156,12.737098,752.0,False,False,0.31758129588830286,-0.39101609910052737,0.573108248695342,-6.144518904740293,3.3368268946047275,48.495676509082884,34.22089282293168,34.135747001465575,33.21515294846068,33.21515294846068,21.138208717943428,48.43798124975033,25.133660229954458,-7.874474922860521,52.451742053701956,1017536.4,-67.20235266276468,42.86000061035156,25.899999618530273
HSTM,"HealthStream, Inc.",ok,Health Care,Health Care Technology,2026-10-07,32.13999938964844,44.72222,752.0,False,False,2.650910053859601,4.282932212507107,8.179065567342182,11.908078544777956,14.842663805314649,18.216263872627447,24.71352401612297,27.23971622968575,27.012332662622978,27.012332662622978,46.51708152816685,29.712739340394705,83.44668573437866,0.0,62.371144898277954,184237.6,-20.997668228418085,32.13999938964844,19.794157028198242
HTH,Hilltop Holdings Inc.,ok,Financials,Regional Banks,2026-10-07,36.42499923706055,13.5,752.0,False,False,-1.81940502647564,-5.266583837966343,-3.279343110343713,-5.6347132721229265,-3.707037943597702,12.510472083281776,36.340886774517244,33.20146230872409,31.98199328970402,31.98199328970402,37.797190558478945,25.283050145057228,27.411175769386574,-8.456902741999347,19.9048706811492,384339.2,-39.48470517709357,39.790000915527344,30.37824821472168
HTLD,"Heartland Express, Inc.",ok,Industrials,Cargo Ground Transportation,2026-10-07,11.244999885559082,22.41826,752.0,False,False,-0.7502209948750727,-5.504199613176864,-3.143839637482182,-8.564817525300805,-24.700436244628044,30.651259782580986,11.353306651115417,10.51405494526563,11.06155953445333,11.06155953445333,-21.660010348563763,35.170962254993015,35.864016473357566,-30.455161260452012,59.992415065525215,767390.8,-43.49476173026834,16.169424057006836,7.028458118438721
HTO,H2O America,ok,Utilities,Water Utilities,2026-10-07,57.7599983215332,20.438164,752.0,False,True,-0.7219009650043184,-3.941464667358463,-6.279413726286965,-10.877950166078543,-5.355584203158403,26.614416835811316,55.2925935321384,52.54050623373207,53.241792709269426,53.241792709269426,3.908724642827077,23.831645986431273,10.179639008796073,-11.098185494761514,33.01072655177118,498522.65,-47.05295737315045,64.97055053710938,43.42506790161133
HUBG,"Hub Group, Inc.",ok,Industrials,Air Freight & Logistics,2026-10-07,26.2549991607666,15.103449,752.0,False,False,-6.764917247755509,-11.807192619912765,-11.240705786056227,-26.91157824313992,-43.80450921549024,-23.423410843881275,40.39054719985477,39.4118911963535,39.98472576192085,39.98472576192085,-31.247550117454516,37.8356053646235,13.469102687141074,-49.502241351973595,0.0,1399265.3,-34.88682953832986,51.99240493774414,26.2549991607666
HWKN,"Hawkins, Inc.",ok,Materials,Commodity Chemicals,2026-10-07,132.5850067138672,34.34845,752.0,False,False,0.2533132051925735,0.8941503835423914,5.226195804656508,4.397643081785185,-0.1635811036881485,-27.375546568720665,144.01411698356506,138.2853478511491,119.47838512380072,119.47838512380072,127.68285596052684,38.31861277943212,77.78892615498549,-25.346340294949748,12.675285779734246,179516.65,-70.06795748472356,177.6001434326172,117.66999816894531
HZO,"MarineMax, Inc.",ok,Consumer Discretionary,Specialty Stores,2026-10-07,52.46500015258789,327.90625,752.0,False,False,0.14315854898496738,0.2196784752986236,0.3154893268342951,0.5654628982106891,50.80482544388756,99.25940108093714,32.90914677816724,29.562021890009543,30.176003965925663,30.176003965925663,65.45254388947073,62.41072695743022,58.381587013181736,-0.18074813207938956,144.8203425359566,739445.85,-54.517697272896996,52.560001373291016,21.43000030517578
IART,Integra Lifesciences Holdings,ok,Health Care,Health Care Equipment,2026-10-07,13.069999694824219,5.0672216,752.0,False,False,-1.8768769198781787,3.0757048916571827,-19.717449978085412,-19.618699195288926,-28.928764934156536,-9.862071070177802,13.900436499762156,16.08950200593804,21.57894949583297,21.57894949583297,-65.83006615732229,57.66146932717465,36.22794449899352,-34.15617408740576,46.85393544974747,1124786.0,-33.372214803527065,19.850000381469727,8.899999618530273
IBP,"Installed Building Products, Inc.",ok,Consumer Discretionary,Homebuilding,2026-10-07,183.6699981689453,19.84466,752.0,False,False,-4.760180266544967,-4.834197839924704,-4.278719254192909,-19.299980624481673,-16.350764535578456,-22.299309692100046,253.34747605096726,225.1529869596322,215.62156389114705,215.62156389114705,58.92604939476187,48.16352785970131,36.64930273169383,-45.99742427793464,0.0,481215.65,-39.75403750896298,340.1134033203125,183.6699981689453
ICHR,"Ichor Holdings, Ltd.",ok,Information Technology,Semiconductor Materials & Equipment,2026-10-07,60.9900016784668,18.632002,752.0,False,False,-2.3222245037365252,-3.0673816698091994,-1.406399811349468,4.847865907320892,-36.75860624793918,204.037902802614,50.48410713104975,37.40945218948729,36.343158256500324,36.343158256500324,107.30795894052814,78.81780279310053,74.23830913292568,-45.6804396673073,328.0000117787144,695828.7,-62.06336415844876,112.27999877929688,14.25
ICUI,ICU Medical,ok,Health Care,Health Care Supplies,2026-10-07,157.0050048828125,131.93697,752.0,False,False,-1.705998195464009,-1.4901492829958674,-2.183658179537329,-2.414689863617403,0.30986493554350236,29.349982233906637,144.28863065204922,144.98160350845154,134.62365024647815,134.62365024647815,34.571875672321184,42.17010533627744,56.58677549641957,-16.15667548410559,37.566817367211065,245166.1,-54.06298015916556,187.25999450683594,114.12999725341797
IIPR,"Innovative Industrial Properties, Inc.",ok,Real Estate,Industrial REITs,2026-10-07,51.130001068115234,11.558824,752.0,False,False,1.7310043287631638,1.2074437941890892,-2.9422916250595788,-7.399840851305961,-15.95025977592167,7.3922611907609515,49.97816373431493,53.394267610344755,60.648164028817035,60.648164028817035,-4.351399427667912,38.84122186806793,29.20313919191419,-18.08172060728236,32.325171021159115,449155.85,-31.066911407254295,62.415863037109375,38.63966369628906
INDB,Independent Bank Corp.,ok,Financials,Regional Banks,2026-10-07,78.12000274658203,13.985663,752.0,False,False,-1.5996934788136574,-2.423176206809008,0.6052816631902935,-4.603083846675792,-5.371211175339785,14.753401131827815,76.75863491542755,69.46135352997192,63.04332114280538,63.04332114280538,78.19453718752398,31.48074499698202,33.802186552303866,-9.670051404028039,25.26816932837775,399625.65,-45.34560031369358,86.48294830322266,62.362213134765625
INDV,Indivior,ok,Health Care,Pharmaceuticals,2026-10-07,36.11000061035156,12.942653,752.0,False,False,0.584955642192031,1.1201387178215727,0.7252500621949931,5.21562042961583,-12.566582863400487,58.864942092290164,34.60642859292409,24.15116533340211,21.55744017819141,21.55744017819141,77.00981022348236,54.975687479194214,53.420214058101486,-13.674398685912998,52.234408329099026,2011652.1,-72.26448847690911,41.83000183105469,23.719999313354492
INSP,"Inspire Medical Systems, Inc.",ok,Health Care,Health Care Equipment,2026-10-07,66.87999725341797,14.832599,752.0,False,False,-1.935483510103353,-4.416183955090269,-3.575552674610949,7.627933553792632,29.813658111758933,-12.426352169522204,68.27579357510521,110.38059750591141,133.69426859693326,133.69426859693326,-62.103355126622105,67.83932450568017,39.56552665913509,-53.552333702360265,66.99125724709151,960164.3,-57.36292215821813,143.99000549316406,40.04999923706055
INSW,"International Seaways, Inc.",ok,Energy,Oil & Gas Storage & Transportation,2026-10-07,116.69000244140625,7.463235,752.0,False,False,0.19749558538701972,0.7598695288524304,5.946979379022421,18.108371599704864,47.756438433078415,195.49749016918935,67.86074906303769,50.26377269851259,46.39842055198994,46.39842055198994,278.6941003881079,36.888199543214405,62.31015709475633,0.0,214.2689710494651,818091.65,-43.730876607773716,116.69000244140625,37.130615234375
INVA,"Innoviva, Inc.",ok,Health Care,Pharmaceuticals,2026-10-07,21.020000457763672,4.911215,752.0,False,False,0.9121485105786364,2.536587598847184,-0.8957974300342064,-1.4995299556519126,-5.315316507311419,20.66590336224394,21.331428512694345,20.144661306859962,18.778191465012572,18.778191465012572,59.242430011321986,23.582863334103816,49.56269956281078,-13.283825675572428,26.094783212723378,1042195.15,-65.40926140368242,24.239999771118164,16.670000076293945
INVX,"Innovex International, Inc.",ok,Energy,Oil & Gas Equipment & Services,2026-10-07,26.8700008392334,30.844826,752.0,False,False,-2.715423523574434,-1.6111264566581074,-0.5551429163176524,-9.832209640405887,7.222671236489386,39.07868148896403,25.46599208740961,20.776055791938447,20.508776608933793,20.508776608933793,4.268530702095252,44.74262155890243,36.75115693435468,-15.048999202748753,56.13017006768041,763645.25,-65.28427303122753,31.6299991607666,17.209999084472656
IOSP,"Innospec, Inc.",ok,Materials,Specialty Chemicals,2026-10-07,97.04000091552734,19.804081,752.0,False,False,-1.5322192688694503,-0.3798406043238445,1.8044494609839257,3.9305966166737205,20.218036977232412,26.100354421032847,80.43915863642617,87.32707285786056,95.69186778778726,95.69186778778726,-0.01464497146077548,26.155376715536605,62.6806715865013,-1.7017831081868533,49.00998404137293,236256.5,-32.72989314579705,98.72000122070312,65.12315368652344
IPAR,"Inter Parfums, Inc.",ok,Consumer Staples,Household Products,2026-10-07,111.43000030517578,21.272902,752.0,False,False,-1.2583058822734028,-2.2114933835505335,0.4235771670701993,-0.6890605099406755,-5.2180593878058845,23.341114768983573,97.5893815055726,108.15525328495588,112.22505260021128,112.22505260021128,-8.526433092476504,32.05653446204873,51.39733165892499,-12.694441457284345,44.79446968882086,227277.15,-63.5497893210998,127.63219451904297,76.95735931396484
IRDM,Iridium Communications,ok,Communication Services,Alternative Carriers,2026-10-07,48.47999954223633,55.045452,752.0,False,False,-1.1419277382470505,-0.980391240220746,1.2108517701070687,1.7531050581987673,-3.896494664933048,147.17853056380378,33.142197590025646,29.724382182041488,29.779483187705914,29.779483187705914,16.04659746158761,51.065871396673245,56.83059425836523,-12.710008689339725,212.406213541828,1168641.75,-58.14500038185355,55.53901290893555,15.518257141113281
ITGR,Integer Holdings Corporation,ok,Health Care,Health Care Equipment,2026-10-07,126.57499694824219,34.583332,752.0,False,False,0.0830202629284571,0.09885330408601067,0.17807556536471036,0.2971473922886103,37.65633621444282,20.112924888254135,92.97359121413459,107.7508664530112,108.1102726002957,108.1102726002957,59.89766434135275,36.305548761287746,64.16172734970364,0.0,99.89734295369625,697358.3,-74.8528123921376,126.57499694824219,63.31999969482422
ITRI,"Itron, Inc.",ok,Information Technology,Electronic Equipment & Instruments,2026-10-07,85.22000122070312,14.252509,752.0,False,False,-3.586376502811195,-1.4911581131346274,-1.2971915273246148,-11.753130899853792,0.2706240295502482,-32.33285725847763,95.42309533982049,105.00513958266058,99.28872352965335,99.28872352965335,46.552018889934274,40.42615645863323,31.49038737077821,-38.326815937341124,9.228409237923978,628115.8,-61.5809696237541,138.17999267578125,78.0199966430664
IVT,InvenTrust Properties,ok,Real Estate,Retail REITs,2026-10-07,29.399999618530273,154.6842,752.0,False,False,-1.176471870486473,-3.289473725487979,-2.48756222052835,-9.099252640350342,-16.097556116523627,9.235404391408576,30.615832919166202,29.03765921573715,27.251841862150965,27.251841862150965,32.73014315659566,19.28741507075221,28.63562118786767,-19.29557711945836,11.400860819777838,713657.35,-62.13210723605663,36.429229736328125,26.391178131103516
JBGS,JBG Smith,ok,Real Estate,Office REITs,2026-10-07,10.84000015258789,,752.0,False,False,-0.184157502040605,2.6515125174716214,7.968129420064374,-5.078808404826896,-23.58900615580145,-47.94431939773385,14.996109701338268,15.620516533870621,15.137142062187195,15.137142062187195,-12.534427375935254,33.75056663312823,38.21137927719214,-47.48705744471931,7.968129420064376,1139275.5,-43.34908457173001,20.64253044128418,10.039999961853027
JBLU,JetBlue,ok,Industrials,Passenger Airlines,2026-10-07,3.9800000190734863,,752.0,False,False,-1.2406994573640806,-4.096387286441594,-5.910165457984052,-11.94690186132119,-32.77027081450552,-18.442624472572188,4.957261910514226,5.287529890755733,5.414960115196857,5.414960115196857,-12.141284001356201,68.20754183201551,28.440407909535807,-38.39009294781467,0.0,18015399.85,-1.116283022716269,6.460000038146973,3.9800000190734863
JBSS,"John B. Sanfilippo & Son, Inc.",ok,Consumer Staples,Packaged Foods & Meats,2026-10-07,67.8949966430664,12.907793,752.0,False,False,0.1992244725207204,-0.9121424848511639,2.082385298979683,-4.157255571806129,-19.71205939504631,13.297465887138117,73.15997164590019,70.43507484040887,76.7848481421775,76.7848481421775,-24.70067081315883,28.974138712770465,52.838989227079374,-23.29223034053379,20.64752002825325,123758.5,-29.564433958071568,88.51123809814453,56.2755012512207
JBTM,JBT Marel Corporation,ok,Industrials,Industrial Machinery & Supplies & Components,2026-10-07,104.46499633789062,28.310297,752.0,False,False,-3.8872076627225027,-3.8075526651281,-1.0654418401530918,-9.912903447169175,-23.444400274857834,-28.640934513413065,135.4473407382057,129.13869192115814,118.30019888979324,118.30019888979324,2.317111371752878,37.92251010390254,37.32869562215599,-37.880973900223836,0.0,571668.4,-41.125309707515754,168.16908264160156,104.46499633789062
JJSF,J&J Snack Foods Corp.,ok,Consumer Staples,Packaged Foods & Meats,2026-10-07,79.68000030517578,30.883722,752.0,False,False,0.3021121052287912,1.8274764283396472,4.224988209117075,-3.6044571628570554,6.558568294638167,-13.95964188327553,82.07669164264013,103.64719726744876,118.2451569171662,118.2451569171662,-45.20518039427568,30.35922976784773,54.880949677794376,-16.617190189589838,16.289396869016805,206747.55,-42.12700464890635,95.55926513671875,68.51871490478516
JOE,St. Joe Company,ok,Real Estate,Real Estate Development,2026-10-07,65.05000305175781,30.539906,752.0,False,False,-1.4095184265825789,-0.5047326636938743,-1.1097533309301522,1.292435090747257,6.41686307773186,37.48670683868749,63.198740293109225,55.41322287145364,55.067173445478396,55.067173445478396,24.863790026049926,28.741724935719475,57.3048137283069,-9.994058884184978,40.09628520888537,295101.2,-63.73311935024324,72.27301025390625,46.43235397338867
JXN,"Jackson Financial, Inc.",ok,Financials,Life & Health Insurance,2026-10-07,130.35000610351562,143.17033,752.0,False,False,-1.9261135264896256,-0.8971281735972947,0.7964728742355875,-3.945483841587849,18.423011272938638,32.39676604539847,110.72199031284877,98.37999094624918,85.36851012960393,85.36851012960393,288.1926094919223,37.43082711277383,52.22784352316789,-6.7049314049087645,48.46787355143717,895480.05,-59.70865012570632,139.71800231933594,87.7967758178711
KAI,Kadant Inc.,ok,Industrials,Industrial Machinery & Supplies & Components,2026-10-07,258.5299987792969,27.798923,752.0,False,False,-1.9456894529163438,-3.8314132750960628,-1.1433123126273537,-13.690995725358924,-10.748015261368959,-14.906513302048896,303.0877420334589,320.7981283484227,309.88935527395694,309.88935527395694,14.076463921033856,36.80355056892059,41.19697188617865,-25.39214319476214,4.823968903892142,174713.3,-51.59727393392489,346.5184631347656,246.6325225830078
KALU,Kaiser Aluminum Corporation,ok,Materials,Aluminum,2026-10-07,152.33999633789062,11.3011875,752.0,False,False,-0.929965464549587,0.20390551935989265,5.192645099676274,-9.213353058818807,-6.1166632641268315,103.66668220452175,138.93921476697165,104.96145676236704,93.36815810203552,93.36815810203552,148.17705373343338,44.933159399695285,46.4544413813638,-21.79507596067568,103.32138471710108,216373.3,-58.92931336722229,194.79591369628906,74.92571258544922
KFY,Korn/Ferry International,ok,Industrials,Human Resource & Employment Services,2026-10-07,70.70999908447266,13.354442,752.0,False,False,-0.49253938382490814,-1.6824236864276365,-1.2292181847091577,-13.188400380700493,-0.9178575441388115,2.2200749524832863,68.6101018360683,67.70264902912763,64.43668821010183,64.43668821010183,56.85078267992245,28.28104008610115,16.557333347272248,-17.454518541002248,21.61327674992191,640065.1,-74.25230652319584,85.661865234375,58.1433219909668
KGS,"Kodiak Gas Services, Inc.",ok,Energy,Oil & Gas Equipment & Services,2026-10-07,54.82500076293945,63.616276,752.0,False,False,-1.9055262808004847,0.9110968437365807,3.501981309208113,-14.522916612643954,-17.774352291972683,69.6389388369264,52.8163058417184,43.73841115867949,36.4673884587085,36.4673884587085,260.4934345037816,39.7316520620376,37.98261240622144,-27.574158145452728,70.43303278774063,1958241.9,-48.472249521369136,75.6981201171875,32.168060302734375
KLIC,"Kulicke and Soffa Industries, Inc.",ok,Information Technology,Semiconductor Materials & Equipment,2026-10-07,94.70999908447266,43.504585,752.0,False,False,-3.2781854008353983,-6.013692329532017,0.48806268909564743,14.306849334241377,-14.754734511314515,130.35100993349067,74.77190891144768,56.64914301002168,52.90190302311106,52.90190302311106,110.35904635579787,46.74298482107455,71.55376642011055,-29.037663375967345,171.60402501968304,759921.85,-63.21503323006175,133.4651641845703,34.8706169128418
KMPR,Kemper Corporation,ok,Financials,Multi-line Insurance,2026-10-07,26.190000534057617,6.190966,752.0,False,False,0.4603024190185323,2.025712723872908,4.760002136230468,-1.7997733065737154,-8.805596721462594,-45.55453387639612,32.32203294360448,45.714875665793855,47.774676439609934,47.774676439609934,-32.2130192482776,35.749091207730544,42.52137718769498,-45.824757919642124,15.725299142302534,865312.55,-56.4260335759605,48.343116760253906,22.631179809570312
KMT,Kennametal,ok,Industrials,Industrial Machinery & Supplies & Components,2026-10-07,32.20500183105469,7.280543,752.0,False,False,-3.6066986586674843,-1.2116462010879125,4.765784225258751,5.694133760415854,-2.2021789874253517,50.47058886435214,32.318028904142835,27.25669994202268,25.77591243196041,25.77591243196041,44.24409564585143,37.83746951851167,65.48789913808308,-24.691465839549835,61.36037126263872,1395248.8,-50.15397970598505,42.76408004760742,19.958433151245117
KMX,"CarMax, Inc.",ok,Consumer Discretionary,Automotive Retail,2026-10-07,53.150001525878906,25.194313,752.0,False,False,-3.8704998267552027,-3.222863623595784,-3.5565216163407243,-12.250285960591413,4.195262252032528,13.544114434069176,46.60369051827325,58.67874493921895,63.65433505494544,63.65433505494544,-21.468674222487707,43.756528368003075,34.84057768461314,-17.237619876057387,72.11788526667644,3471874.65,-41.61099681406989,64.22000122070312,30.8799991607666
KN,Knowles Corporation,ok,Information Technology,Electronic Components,2026-10-07,38.040000915527344,45.27381,752.0,False,False,-2.934416308955645,-5.018722496437,2.3956913945978098,6.793941763643185,2.1482255666039007,55.83777612993413,30.07884921724834,24.268984076511337,21.741542561257138,21.741542561257138,160.01367476394606,36.74069759290915,66.49813171189976,-11.12149160369965,84.03483684141221,669458.85,-59.059918320595806,42.79999923706055,20.670000076293945
KNTK,"Kinetik Holdings, Inc.",ok,Energy,Oil & Gas Storage & Transportation,2026-10-07,53.68000030517578,18.769232,752.0,False,False,-0.5004642334484388,2.189228160294854,6.932269899098209,-2.364494812448792,12.954103608426992,48.26997864545801,43.65459808470711,44.13514519497693,40.225161595547455,40.225161595547455,93.85341291506111,33.62254207027619,50.0,-2.577129234608319,78.63281231900703,1421856.95,-49.24672274521006,55.099998474121094,30.05047035217285
KOP,"Koppers Holdings, Inc.",ok,Materials,Commodity Chemicals,2026-10-07,43.974998474121094,8.981614,752.0,False,False,-4.46448046855058,-4.485235448181346,-3.542447188114617,-6.674449340098643,-5.429047925359731,65.9729925965834,37.643999145144505,34.21637652499742,37.2304333296228,37.2304333296228,18.015109659485983,37.84077663188712,36.85151300363318,-15.802395411640438,68.42950687121517,167773.6,-48.757134614742725,52.22832489013672,26.108844757080078
KRMN,Karman Holdings,ok,Industrials,Aerospace & Defense,2026-10-07,31.579999923706055,112.75,414.0,False,False,-5.136680519055492,-7.498534012038083,-2.5909879478151265,-20.43335596778123,-36.90309609371183,-57.45082268349917,68.97888886739337,59.69562800494945,59.69562800494945,59.69562800494945,5.091516557373366,68.72447244573455,37.75850522904916,-72.6082056787868,0.0,4060545.4,-53.58239314354175,115.29000091552734,31.579999923706055
KSS,Kohl's Corp.,ok,Consumer Discretionary,Broadline Retail,2026-10-07,20.17099952697754,8.648498,752.0,False,False,2.755987719511488,7.235513554901485,9.268691914205274,9.120902683020859,24.508906601363357,25.871430717237985,16.90969353251987,14.321580411903412,16.329303608295767,16.329303608295767,31.384149081082956,74.11458452199446,76.90278734178487,-15.898927421183275,74.63139971219557,3950240.2,-5.349958212667683,23.984235763549805,11.550614356994629
KTB,Kontoor Brands,ok,Consumer Discretionary,"Apparel, Accessories & Luxury Goods",2026-10-07,65.12000274658203,15.544152,752.0,False,False,-1.0334350663189107,0.633601712115861,3.315887684852137,-7.931571248542324,-22.06226246565106,-18.201181143261724,71.27310881538996,71.43897914506525,67.08251238376536,67.08251238376536,62.59111142605478,42.80636286893141,48.47811520661372,-25.60688710377216,15.824655438161589,749342.85,-29.317134339775176,87.53498840332031,56.22291946411133
KWR,Quaker Chemical Corporation,ok,Materials,Specialty Chemicals,2026-10-07,157.16000366210938,28.048128,752.0,False,False,-2.433572215287605,-2.2211112799886745,-0.38031875356117073,-2.2879835610356336,7.052469610581391,20.715283115417016,145.35745490543425,137.8373009883075,150.23967737847187,150.23967737847187,5.073236579584761,36.59069118361494,52.87638331357764,-12.335038320722894,37.96115975566354,147256.3,-48.575375043376745,179.27345275878906,113.91612243652344
LAUR,"Laureate Education, Inc.",ok,Consumer Discretionary,Education Services,2026-10-07,38.47999954223633,17.479546,752.0,False,False,0.6013059927747033,-0.36250490295289817,0.8385736271063537,5.772398055154571,-4.705303307629627,28.717173283210794,34.23936513870481,27.837739074372674,23.32832499260598,23.32832499260598,183.99994397313134,30.059520411891572,72.33678710289733,-4.8937211740970925,33.287143829740565,1073887.1,0.629013981078641,40.459999084472656,28.8700008392334
LAZ,Lazard,ok,Financials,Diversified Capital Markets,2026-10-07,35.560001373291016,17.45098,752.0,False,False,-2.2002178867752575,-1.4139127414697028,-1.84929113279243,-19.27354826518737,-13.706121471120037,-26.646738769488675,45.35677358839247,46.14242738746552,42.50823770685399,42.50823770685399,37.066093024059384,40.533566900992845,46.57534389742754,-36.205793683061394,0.7936581737028082,1974782.6,-62.99582546453468,55.74174118041992,35.279998779296875
LBRT,"Liberty Energy, Inc.",ok,Energy,Oil & Gas Equipment & Services,2026-10-07,19.540000915527344,26.398647,752.0,False,False,-2.882703277899834,1.1911002379395352,7.244795016020378,-8.691582879246207,-18.89803929609375,51.57120711828911,23.025131494279893,18.747581212169145,19.022104260769297,19.022104260769297,15.519941832890893,55.169425789651946,53.77855993563958,-41.98730000244632,66.16979440425652,3972872.15,-49.14905580336886,33.682281494140625,11.75905704498291
LCII,LCI Industries,ok,Consumer Discretionary,Automotive Parts & Equipment,2026-10-07,79.81999969482422,9.260718,752.0,False,False,-2.8835657332795694,-3.610672566019457,-4.601408579389743,-19.463223485756487,-20.78899173839798,-7.834132276435046,110.25425623333643,101.93975390856009,102.00014337580255,102.00014337580255,-19.525147490004645,36.84988184393507,29.96994976965155,-47.6240512204773,0.0,373733.55,11.488786596761248,152.398193359375,79.81999969482422
LEG,Leggett & Platt,no_data,Consumer Discretionary,Home Furnishings,,,5.897436,,,,,,,,,,,,,,,,,,,,,,
LEU,Centrus Energy Corp.,ok,Energy,Coal & Consumable Fuels,2026-10-07,146.48500061035156,68.60981,752.0,False,False,-4.805695371593344,5.180581687766428,5.0146926960514815,-21.045113149271632,-15.599791040041755,-58.884865523676524,221.28759953332326,174.72907364985858,131.99019274813062,131.99019274813062,173.80373945860103,86.16762007410105,47.229310318400216,-66.40252279579093,6.010282511779238,785143.0,-7.359551062672665,436.0,138.17999267578125
LFST,Lifestance Health,ok,Health Care,Health Care Services,2026-10-07,12.114999771118164,93.26923,752.0,False,False,-0.04125507003408524,2.409128057904719,0.7065672488255181,-5.351565698510918,12.175921825551605,115.95364496949982,8.265138877762688,7.325896404653906,6.987287227143633,6.987287227143633,85.24464589882857,52.9264491445992,37.2093080564516,-9.454412051592213,151.87110010893895,5316517.05,-79.38987141967316,13.380000114440918,4.809999942779541
LGIH,LGI Homes,ok,Consumer Discretionary,Homebuilding,2026-10-07,44.31999969482422,15.585965,752.0,False,False,-3.8403134126791416,-7.935188498663825,-4.9742704227803465,-16.70738497013553,-23.70459704182015,-11.5722253804175,49.76178573426746,61.70928286366254,77.09739364461696,77.09739364461696,-53.86216862248998,52.383669474259385,36.52660852513137,-32.685294410749755,29.43924509996924,313187.6,16.560170326028235,65.83999633789062,34.2400016784668
LIF,Life360,ok,Information Technology,Application Software,2026-10-07,41.029998779296875,23.866278,586.0,False,False,-0.8338398083459264,-4.802783684707379,1.874605151617037,-4.780694745872028,-24.493929583945985,-62.99936964096781,56.09688496968103,56.554541887990034,53.359624631575755,53.359624631575755,51.96295844184027,64.79896601354214,53.8706246761248,-61.8432072490672,7.6902898228879035,599724.85,-46.209165753261686,107.52999877929688,38.099998474121094
LGND,"Ligand Pharmaceuticals, Inc.",ok,Health Care,Biotechnology,2026-10-07,294.4800109863281,30.998947,752.0,False,False,-0.8284473074871568,-2.799043011594282,-5.727177517209303,1.9561765317773983,-8.719498974769769,61.26171075081581,232.8351594228593,177.58958214687635,144.86258002037698,144.86258002037698,400.47588413096963,39.41524586403581,57.67660299819433,-8.719498974769763,65.68953922542563,260961.1,-26.685624792354112,322.6099853515625,177.72999572753906
LKFN,Lakeland Financial,ok,Financials,Regional Banks,2026-10-07,57.119998931884766,13.100917,752.0,False,False,-1.4832711575395674,-3.3011694142776715,-0.9365260439756606,-4.768257139344634,-3.74246038592847,-7.9411990917858555,58.883342288789294,60.17561176193663,59.162952372368345,59.162952372368345,31.792889890007594,29.511839406635254,34.75089040549835,-10.32967308044825,5.603373797900778,204639.1,-54.22086981422416,63.70000076293945,54.08917999267578
LKQ,LKQ Corporation,ok,Consumer Discretionary,Distributors,2026-10-07,22.065000534057617,12.263889,752.0,False,False,-1.4515357947757601,-3.2236786298142306,-3.3508514770255515,-11.3855386662853,-12.075697615701287,-24.998092278730756,27.823488258180163,31.539669188845206,34.83914895767861,34.83914895767861,-51.43602812008338,32.51839208171912,22.116887734501645,-34.462446482134006,0.0,3169093.7,-59.676989039484695,33.667720794677734,22.065000534057617
LMAT,LeMaitre Vascular,ok,Health Care,Health Care Equipment,2026-10-07,79.12000274658203,28.471224,752.0,False,False,0.08855116017945086,0.20263888546681041,-4.201469603064545,-0.5905184230858507,-22.503369323852272,-8.651532381597505,92.3494796450176,90.75691572698464,83.11286564583475,83.11286564583475,42.727002849333,38.98518240902992,48.69305941188101,-32.23219101572215,0.45133478667106036,266052.85,-61.37722260821488,116.75160217285156,78.76451110839844
LNC,Lincoln Financial,ok,Financials,Multi-line Insurance,2026-10-07,40.95000076293945,3.4867864,752.0,False,False,-2.6853636381767076,1.6129070426412095,1.7138660461324395,-5.470911700324709,4.865560980794337,6.540235206779799,39.02023998139396,36.00256202515378,32.39568575138741,32.39568575138741,105.15243343384752,37.0430413865663,41.04277918052342,-12.872338802256483,28.76072386605657,2103929.5,19.399913352609953,47.0,31.803176879882812
LNN,Lindsay Corporation,ok,Materials,Agricultural & Farm Machinery,2026-10-07,113.72000122070312,21.822456,752.0,False,False,-0.8803295621706564,-0.5509377016393646,1.590136448521684,-7.649828013347538,2.6234846167441317,-18.048489009690016,117.38618299696181,123.57608504884271,121.54401042613577,121.54401042613577,1.369685260744813,31.57149821294723,37.29419853823414,-17.638315394330217,11.246275559835919,149955.4,-24.905671953127396,138.07391357421875,102.22364807128906
LPG,Dorian LPG Ltd.,ok,Energy,Oil & Gas Storage & Transportation,2026-10-07,56.10499954223633,7.4437084,752.0,False,False,-0.6111624730563814,-1.9314797411633555,1.897926158520269,4.888760107895518,48.43701287697804,117.31666847547314,35.570629278818764,29.07307953663556,29.64617171820174,29.64617171820174,157.81434359366568,43.44707132767474,41.294900625110316,-3.7815156561884287,151.19326111012148,625485.05,-50.086576809469705,58.310001373291016,22.335391998291016
LQDA,Liquidia Corporation,ok,Health Care,Pharmaceuticals,2026-10-07,27.1200008392334,19.503597,752.0,False,False,4.670015433991392,-5.307257621536198,-10.376732868136084,-59.92907695486607,-66.70349680127437,18.63517110735686,48.693373142726834,32.27201202856117,25.326263349741062,25.326263349741062,312.1580722444537,73.16413767938153,19.113902414938906,-70.2076225388225,23.16076419367921,4472257.65,19.84445931910921,91.02999877929688,22.020000457763672
LQDT,"Liquidity Services, Inc.",ok,Industrials,Diversified Support Services,2026-10-07,41.2599983215332,40.441273,752.0,False,False,-0.6022645389275105,-4.557023459550136,-3.665662952139137,-0.9363822090219576,6.946595031836611,52.30711734636762,33.87444449227954,30.861235101859407,27.002500040734066,27.002500040734066,106.60991357141158,39.620042785732046,32.608655089413986,-5.453714714486864,86.19132944782774,242199.6,-9.499437653901987,43.63999938964844,22.15999984741211
LRN,"Stride, Inc.",ok,Consumer Discretionary,Education Services,2026-10-07,80.05999755859375,11.207283,752.0,False,False,0.3887116722178785,1.483075393582567,2.667343052217519,-2.544131379750203,-12.10890242917787,-43.07856307657124,85.99523803165981,107.44490045950232,93.50577123621677,93.50577123621677,77.0847139567634,53.74799782784938,47.0313603817644,-47.853840816033646,31.2028793149699,677874.9,-51.67279390341788,153.52999877929688,61.02000045776367
LTC,"LTC Properties, Inc.",ok,Real Estate,Health Care REITs,2026-10-07,42.040000915527344,15.014286,752.0,False,False,-0.9425017062321683,-2.2325560104015207,-1.9360812620410561,0.516806471290443,8.882504674212054,27.336255762928484,37.03723568386502,34.78862776509319,32.76378829174853,32.76378829174853,58.022859867257196,18.732226423454314,36.75645248352146,-3.0442796961333256,31.383413421274092,668926.45,28.61339239911953,43.36000061035156,31.99795150756836
LTH,"Life Time Group Holdings, Inc.",ok,Consumer Discretionary,Leisure Facilities,2026-10-07,40.52000045776367,22.122952,752.0,False,False,0.34670476955231955,-1.1466240582030274,1.604812869877592,-4.591478000685512,-2.7597738462073695,50.1853267059212,32.305714402879985,30.100757009954567,25.69210108797601,25.69210108797601,180.998614725234,40.65964153093467,47.82068371861903,-11.392956782474247,64.78243272194239,3404744.35,-71.2522615684787,45.72999954223633,24.59000015258789
LUMN,Lumen Technologies,ok,Communication Services,Alternative Carriers,2026-10-07,5.90500020980835,,752.0,False,False,-0.08459623913440462,2.6956558227539062,5.446434113748322,-11.069272160486731,-12.518515410246678,-17.5279282730343,7.709781741339063,6.434472106367468,5.037307179671653,5.037307179671653,350.76339448375825,100.19223367063717,33.42938792202182,-50.08452875831926,6.781193232775595,13209665.3,-48.18410728392944,11.829999923706055,5.53000020980835
LW,Lamb Weston,ok,Consumer Staples,Packaged Foods & Meats,2026-10-07,48.11000061035156,26.284151,752.0,False,False,0.41745097803471687,10.34404195887162,15.399381614586005,-2.6113378050232616,7.126036912333533,-21.769178363324173,48.140608817811994,52.74065059494687,62.41558646648488,62.41558646648488,-44.23562502138959,43.340382501249984,55.87189027575504,-25.494450962530262,27.06761538729697,2429677.3,24.26942458572585,64.57237243652344,37.861732482910156
LXP,Lexington Realty Trust,ok,Real Estate,Diversified REITs,2026-10-07,60.96500015258789,60.356434,752.0,False,False,0.024609334636060964,0.024609334636060964,0.07387062540247236,0.3208815095529616,10.724661518372791,36.430613962173595,51.387031979031036,45.71092411056458,43.78978991508484,43.78978991508484,63.437371848036946,23.380801192439716,61.4459049544995,-0.302536988838377,44.3284103455893,852814.95,-29.50416734603445,61.150001525878906,42.24047088623047
LYFT,"Lyft, Inc.",ok,Industrials,Passenger Ground Transportation,2026-10-07,15.664999961853027,2.2772927,752.0,False,False,-0.6027935637634707,1.3260020905577319,4.363755649456014,-3.5406392695136457,-0.47649180658030366,-27.94388166156213,16.49367061872331,15.665179284920255,15.050784584055556,15.050784584055556,42.53867414102057,60.26437177685702,53.5637147248577,-36.24338560674492,23.83399552760657,8718813.75,-41.20444423990591,24.56999969482422,12.649999618530273
LZ,"LegalZoom.com, Inc.",ok,Industrials,Research & Consulting Services,2026-10-07,5.809999942779541,64.49999,752.0,False,False,0.6932402423787343,3.7500007450580686,3.565058903837248,-3.4883727377462925,-19.417476948131096,-42.361111242514646,7.476527806312319,8.119262964127072,8.649514637728954,8.649514637728954,-44.61391735416373,55.86249948096895,41.447363467759544,-46.84355187045805,6.998160708177846,2728098.25,-59.617840009977655,10.930000305175781,5.429999828338623
LZB,"La-Z-Boy, Inc.",ok,Consumer Discretionary,Home Furnishings,2026-10-07,29.670000076293945,14.984848,752.0,False,False,0.03371621353096543,-0.9018051200651689,0.10121689360083064,-6.315124708499975,-23.946606257942992,-9.84409073348086,35.20992792220343,37.0234307368913,36.161264685874286,36.161264685874286,7.378249485253985,37.67115517202211,51.23287957567998,-29.054132326992992,3.8913095455947984,778543.35,-63.024923403430265,41.82061767578125,28.558692932128906
MAC,Macerich,ok,Real Estate,Retail REITs,2026-10-07,22.2450008392334,161.78181,752.0,False,False,-3.0718949902804216,-3.4924009738483863,-0.5143102324645099,-4.94689422995187,-10.094173505765314,29.102716962777375,20.591115822867742,18.7665623535673,17.065876013420997,17.065876013420997,136.06682373706093,37.53259505616125,45.056741425413854,-15.452576206254538,41.853578356224766,3405827.65,-45.524166497385735,26.310678482055664,15.681663513183594
MAN,ManpowerGroup,ok,Industrials,Human Resource & Employment Services,2026-10-07,52.77000045776367,23.828054,752.0,False,False,1.7351099757314081,-2.566468599639138,-5.055777763074776,-7.760878688624285,40.83266276651975,40.930700531586986,36.310975506192165,42.06574022437472,50.08146298946218,50.08146298946218,-18.34904552827812,45.382865809219766,27.967634074443552,-16.171565022710933,109.70561663923945,847255.55,-67.90684935613582,62.95000076293945,25.163846969604492
MARA,"MARA Holdings, Inc.",ok,Information Technology,Internet Services & Infrastructure,2026-10-07,10.354999542236328,,752.0,False,False,-5.606205194369163,-7.7916298812756075,-8.605475622552373,-12.46830423484605,-21.671714575815127,-49.65970006872761,11.851488081235734,14.376982053437557,15.591043869865702,15.591043869865702,23.863635974741328,94.20729319835274,37.888775135073914,-54.66287446121994,53.86329142480288,42987747.5,-25.86271239264165,22.84000015258789,6.730000019073486
MATW,Matthews International Corporation,ok,Consumer Discretionary,Specialized Consumer Services,2026-10-07,19.4950008392334,24.893723,752.0,False,False,0.38620372113697954,1.0627263555028632,1.589371009315399,-4.389399593947074,-26.95686172050299,-16.516289459672016,24.689925927964467,23.802256648758966,24.85631813140626,24.85631813140626,-45.09599744737357,39.731476977480966,42.79428995403897,-31.6913747837661,4.924655109174152,1256593.6,-59.39244000606083,28.539588928222656,18.579999923706055
MATX,"Matson, Inc.",ok,Industrials,Marine Transportation,2026-10-07,223.0,14.994957,752.0,False,False,-0.7918848602915918,-3.5091517411333983,1.5297762792244374,-0.12987294319150022,8.4371743394412,127.93450589915581,167.3375641959054,144.82620737752117,133.90476768574817,133.90476768574817,155.6043120956864,37.30284899167475,38.266428718578844,-6.538141535816905,155.63355220458482,309185.45,-60.441540829298404,238.60000610351562,87.23424530029297
MBC,"MasterBrand, Inc.",ok,Industrials,Building Products,2026-10-07,6.829999923706055,28.500002,752.0,False,False,-3.8028166838473543,-2.706553529012723,-2.4285725184849283,-16.29901897765177,-24.111111958821617,-47.66283659861427,9.755198391657027,11.793565710227329,13.025398913850175,13.025398913850175,-40.711808573730444,46.02136237952835,58.23529180770771,-50.57887066188588,4.274804959048061,3469238.7,-65.30437643278913,13.819999694824219,6.550000190734863
MBGL,"Mobility Global, Inc.",ok,Industrials,Data Processing & Outsourced Services,2026-10-07,17.44499969482422,40.534885,72.0,False,False,-0.9931960049599731,1.3654888021672695,1.7201171011992589,-14.985383500691086,-21.401243802300606,,19.971440182791817,19.971440182791817,19.971440182791817,19.971440182791817,-16.685319289605605,47.784524749989785,21.837842786634283,,,4263707.5,-55.10597291207242,,
MBIN,Merchants Bancorp,ok,Financials,Regional Banks,2026-10-07,49.36000061035156,9.897591,752.0,False,False,-1.1811814686210065,-1.1811814686210065,0.8169965959124559,-6.498321520095218,3.5211135203990773,54.6807458667095,43.3389701540508,39.41929923205737,39.38911319793539,39.38911319793539,84.64513638693856,38.64852544463574,34.41138428117627,-11.230460576486914,63.833446696571606,223408.9,-68.67716550235913,55.60466003417969,30.128158569335938
MC,Moelis & Company,ok,Financials,Investment Banking & Brokerage,2026-10-07,55.9900016784668,19.501743,752.0,False,False,-0.10704292490708589,-0.5859339810822983,-2.6599422237841175,-18.583678331309216,-13.5449788743221,-13.720374274269576,64.31739228869242,64.0617634594678,59.50744175403676,59.50744175403676,44.03949450209099,37.40780270006279,27.42351028677834,-25.812749692685927,11.15610216995124,939093.65,-5.912152637812007,75.47119140625,50.37060546875
MCRI,"Monarch Casino & Resort, Inc.",ok,Consumer Discretionary,Casinos & Gaming,2026-10-07,118.12000274658203,18.92949,752.0,False,False,-0.9309742339171145,0.48489977033283616,2.713045866593067,-0.9724983606523852,-5.6905617190017965,18.977943445184444,107.32535101875426,96.5272232906752,86.62811061676513,86.62811061676513,96.87906330570684,27.04142946596412,34.59164977501949,-11.544831469699945,34.14245943965103,197635.5,-48.283582655949964,133.5365753173828,88.0556411743164
MCY,Mercury General,ok,Financials,Property & Casualty Insurance,2026-10-07,102.43000030517578,6.0537825,752.0,False,False,-0.5533977619652575,0.15645220236761848,3.6216508713370787,0.11041767004846825,-6.409207093732894,20.392990509764243,94.5836585816883,79.06124027601751,68.3013546340009,68.3013546340009,278.0387758719461,34.886401923507,57.208226933184974,-7.529404277503013,36.18637513932377,332432.5,-53.20854609582397,110.77034759521484,75.21310424804688
MD,Pediatrix Medical Group,ok,Health Care,Health Care Services,2026-10-07,25.78499984741211,12.330144,752.0,False,False,-0.8269236637995836,-0.712358378258604,0.21375944871471209,-4.287307586298494,-4.216196974981923,46.173473580409244,22.76986108885871,18.534233047667726,15.467892269504832,15.467892269504832,101.76056640196359,46.87699180541424,53.646478006549586,-5.859801307052636,63.196199595823174,769369.95,-44.3052071373466,27.389999389648438,15.800000190734863
MDU,"MDU Resources Group, Inc.",ok,Utilities,Multi-Utilities,2026-10-07,18.790000915527344,20.0,752.0,False,False,-0.8443263375747301,0.9672235318233025,1.348435747867871,-4.586105681401486,-8.902230567321357,7.883014591636983,20.173192084781707,18.27126894909072,16.11534958063288,16.11534958063288,92.0591015147356,22.824703338693844,51.81351093067636,-16.419655393206025,6.105710944965409,2045825.75,-62.99709298311452,22.48136329650879,17.708755493164062
MFP,"Midera Food Processing, Inc.",ok,Industrials,Industrial Machinery & Supplies & Components,2026-10-07,40.43000030517578,112.36111,72.0,False,False,-3.231207548024284,-3.022303581286223,-0.9554125246548861,-5.779537522850619,-8.113635670055041,,44.91472212473551,44.91472212473551,44.91472212473551,44.91472212473551,-63.41176442970517,144.38732146980018,33.64418284606546,,,506057.5,-64.46056031182228,,
MGEE,"MGE Energy, Inc.",ok,Utilities,Electric Utilities,2026-10-07,70.30000305175781,17.272728,752.0,False,False,-0.4108135729951168,-0.6641141918927063,1.2239109299732487,-9.663321347412646,-13.429519186295757,-13.093299552911175,78.02750414893741,82.71869428414273,79.43105115281774,79.43105115281774,4.625861988308344,23.964149868043314,30.674336223220237,-17.246464993908685,2.6427292224311114,216241.4,-62.251446762738304,84.95105743408203,68.48999786376953
MGY,"Magnolia Oil & Gas, Corp.",ok,Energy,Oil & Gas Exploration & Production,2026-10-07,24.219999313354492,10.631579,752.0,False,False,1.1695855181729886,0.6231808077776124,3.1077034880770515,-11.670316389626944,-5.7012609399712755,3.8336650470750078,25.66275948569888,24.39992446443474,23.713915556035143,23.713915556035143,15.692131726394788,33.27342438889975,34.19911328873768,-24.16992880309611,16.233465119310367,4958891.15,-47.114729469308884,31.939834594726562,20.837371826171875
MHK,Mohawk Industries,ok,Consumer Discretionary,Home Furnishings,2026-10-07,119.12000274658203,15.816556,752.0,False,False,-5.497818435062019,-5.766949374523655,-4.490056461923375,-8.17144493861549,8.696055048043117,-5.58769558902833,115.25242063734267,118.35794830322266,117.74367032152541,117.74367032152541,45.85527784654333,39.37333818390002,36.76093682206347,-14.975019588102024,26.280081028649093,1111568.4,12.063998940596022,140.10000610351562,94.33000183105469
MHO,"M/I Homes, Inc.",ok,Consumer Discretionary,Homebuilding,2026-10-07,129.0449981689453,10.86398,752.0,False,False,-3.1847815522616174,-4.240870117875173,-4.503075922437971,-9.94137468395435,-12.136581698678228,-9.790286322290576,136.82402774265833,133.90606581547345,131.5810704637081,131.5810704637081,59.53146142001246,36.466325607926514,25.391016068372252,-20.831289466904714,9.648224566222028,202859.6,-39.666646291326614,163.0,117.69000244140625
MIR,"Mirion Technologies, Inc.",ok,Information Technology,Electronic Equipment & Instruments,2026-10-07,16.480100631713867,182.99998,752.0,False,False,1.2913347759000215,12.877398637813453,16.7145946549796,-2.5998785023435445,-0.6624443632502364,-28.873109290253108,20.310714721679688,19.031992272076852,16.019428348287622,16.019428348287622,130.49091485175666,47.10458235833249,52.02101708782294,-44.604703758944986,16.71459465497961,3865679.3,15.125587370892358,29.75,14.119999885559082
MKTX,MarketAxess,ok,Financials,Financial Exchanges & Data,2026-10-07,164.1999969482422,19.408394,752.0,False,False,0.10363846260466048,0.03655267382529637,0.17081428893641615,0.5388131181481626,44.754877417858665,-0.3035638034767585,157.44814134022548,186.1000701326773,197.8488127018543,197.8488127018543,-27.484020185851232,34.37513038930558,73.65523917341406,-14.310334667928002,51.243580481853876,837435.5,-53.392231401701984,191.6217041015625,108.56658935546875
MLKN,"MillerKnoll, Inc.",ok,Industrials,Office Services & Supplies,2026-10-07,20.530000686645508,14.574468,752.0,False,False,-0.9169818195241208,1.4328108636699088,4.42523319423076,-7.564153386218109,3.581766754854665,26.270303916612782,18.21064627738226,18.787346193989908,20.72955676088942,20.72955676088942,-6.871280542788327,43.22286858418497,41.0919681976978,-15.493523579359147,54.01703546018308,756204.1,-68.19879712368659,24.293996810913086,13.329694747924805
MMI,"Marcus & Millichap, Inc.",ok,Real Estate,Real Estate Services,2026-10-07,28.2450008392334,76.4054,752.0,False,False,-1.241257124130446,-1.1375528843624694,-0.7205621026664444,-9.112884095645423,-7.788425134875288,2.1322046029758956,28.452211743309384,30.880849165745467,31.826979000517664,31.826979000517664,0.3385903108057198,31.128995786658724,29.502259475470282,-13.053637018134683,14.954869284914446,180045.8,-60.9454927579538,32.48554611206055,24.570512771606445
MMSI,"Merit Medical Systems, Inc.",ok,Health Care,Health Care Supplies,2026-10-07,84.87999725341797,34.98354,752.0,False,False,-0.09416411477964903,-0.5739785374244688,-1.565587441679106,-2.8610666955613873,18.779734594009124,1.8845273566596932,78.38876967959933,87.08529878137595,84.68582441451701,84.68582441451701,24.567064886579093,28.756243937908504,46.748339294471606,-8.907494123818735,40.73950475983252,554640.75,-56.040914772309826,93.18000030517578,60.310001373291016
MPT,Medical Properties Trust,ok,Real Estate,Health Care REITs,2026-10-07,3.2249999046325684,64.4,752.0,False,False,-2.2727287505284077,-1.3761491301659046,-6.7919112983669265,-17.263632178801068,-28.23519212824579,-35.47101058300558,4.624462242164309,4.411709644405016,4.205271192687623,4.205271192687623,-19.19187272745194,55.936046094714555,31.155776727085225,-43.06231031826543,0.0,11984367.95,-13.259847800317237,5.66408634185791,3.2249999046325684
MRCY,Mercury Systems,ok,Industrials,Electrical Components & Equipment,2026-10-07,79.82759857177734,35.80045,752.0,False,False,-3.5898603507567906,-5.941326748699516,-3.822170395448987,-4.352265219915519,-30.129016567372126,-4.967144557407921,88.28364169408404,68.71983597288094,56.74054208461275,56.74054208461275,104.68615018404446,51.55254258091448,31.863137616069807,-36.750178947114534,20.731390284014932,627841.85,-59.06023148982502,126.20999908447266,66.12000274658203
MRP,"Millrose Properties, Inc.",ok,Real Estate,Single-Family Residential REITs,2026-10-07,22.665000915527344,7.9163766,420.0,False,False,-2.179538882622989,-4.848861436164675,-9.831741899531377,-23.922370136513482,-17.313929537869775,-20.50909018906052,27.68981845795162,26.305079909733365,26.305079909733365,26.305079909733365,22.786642725847628,34.038244526594106,16.81951262250756,-26.868533023632573,0.6885858954662806,2966921.5,-34.17655303653972,30.99213218688965,22.510000228881836
MRTN,"Marten Transport, Ltd.",ok,Industrials,Cargo Ground Transportation,2026-10-07,12.645000457763672,84.2,752.0,False,False,-1.748247317763174,-5.209892705206542,-2.1284800070152654,-11.12874934398419,-27.264020001230982,20.537146330348243,13.514949159016686,13.612172453526957,14.911390905684613,14.911390905684613,-32.440519045369854,29.4568992660417,31.49283846777027,-30.2914268392047,36.80516348220565,819584.5,-50.256501922620544,18.139806747436523,9.243072509765625
MSEX,Middlesex Water Company,ok,Utilities,Water Utilities,2026-10-07,52.9900016784668,20.459461,752.0,False,False,0.17013260868028457,-1.0642264380307909,0.03775808439259176,-9.154808820432603,-2.2247907365118946,0.5050572287252031,53.288049379984535,54.204066265151795,54.554989621994345,54.554989621994345,-15.672392695465998,31.556827169165746,30.55557731140405,-12.179733822174438,11.216945891089145,135927.6,-31.542968462622756,60.339149475097656,47.6456184387207
MSGS,Madison Square Garden Sports Corp.,ok,Communication Services,Movies & Entertainment,2026-10-07,405.6099853515625,,752.0,False,False,0.8804382229110619,-0.32928537050566087,0.09871274275543573,3.797629489241916,4.787123959413853,74.86957994747081,321.9702371869768,264.8452584923976,238.99843047527557,238.99843047527557,129.87248079723085,24.561805340463756,57.936603261685526,-2.5772232023607766,90.50771611242384,307838.1,-44.268756856282565,416.3399963378906,212.91000366210938
MTCH,Match Group,ok,Communication Services,Interactive Media & Services,2026-10-07,40.755001068115234,14.448582,752.0,False,False,0.3323538645504387,1.5827571115058392,2.0128667641757136,-0.4661851559729868,4.166238477653028,22.584061068982564,34.57713883263724,33.25936070096445,33.03176448700276,33.03176448700276,13.99952858007314,36.71885945544142,27.991859872664975,-7.751881023636052,43.37240026552336,3429916.55,-52.96005087937197,44.17976379394531,28.425973892211914
MTH,Meritage Homes Corporation,ok,Consumer Discretionary,Homebuilding,2026-10-07,59.76499938964844,12.397516,752.0,False,False,-4.863101432691486,-6.397806080024171,-4.908510993429738,-6.54904371504843,-19.62295366574307,-14.884012280317648,68.4292152798365,70.84988785549939,73.28420110459024,73.28420110459024,9.08451102372796,38.68647999832566,36.172033458917994,-29.3138655675262,3.1475976382566038,951022.1,16.24777173947902,84.54981994628906,57.94124221801758
MTRN,Materion Corp.,ok,Materials,Diversified Metals & Mining,2026-10-07,291.2699890136719,67.8951,752.0,False,False,-6.689093477841535,-6.692085598207975,8.041838707029992,13.915282659680495,13.520934445269761,132.10341565979172,185.54596071394664,141.25430949845637,132.32884769236787,132.32884769236787,201.29224550888986,47.602113865346105,69.3879430334681,-8.74428357120115,162.0999153573859,283043.55,-38.9242397503847,319.17999267578125,111.1293716430664
MTUS,Metallus Inc,ok,Materials,Steel,2026-10-07,20.149999618530273,105.789474,752.0,False,False,-3.680690511259699,1.3071907333348065,6.108477416499758,3.7590089565830764,7.754004258997127,21.23946210016976,18.572777759461175,16.730478077770705,17.915571803742267,17.915571803742267,-6.45311623916911,41.41562037606258,57.25190561833907,-8.533822104031449,38.39285053441458,330164.15,-54.118882985932906,22.030000686645508,14.5600004196167
MTX,Minerals Technologies,ok,Materials,Specialty Chemicals,2026-10-07,65.02999877929688,9.411425,752.0,False,False,-1.4398371162508972,-2.107483846827296,-0.5657534219408511,-7.785022866006209,-9.43071681667843,6.816657916299884,68.59341386764768,67.27802303207822,68.43210345633487,68.43210345633487,32.24410574269485,29.064256134667737,29.200470670192274,-21.245872357622844,18.87692177879992,178598.05,-50.02129082596366,82.57344818115234,54.703636169433594
MWA,Mueller Water Products,ok,Industrials,Industrial Machinery & Supplies & Components,2026-10-07,21.405000686645508,15.070423,752.0,False,False,-2.5273152138679866,-1.1772814522760355,0.776840476955698,-9.911614139522074,-13.844350902945024,-15.858860968098243,25.68714003335862,25.038720176514403,22.066253466809048,22.066253466809048,73.05879170802025,30.730982150231267,41.32553736695028,-29.14556217172072,0.7768404769556991,1596295.15,-47.16497134004322,30.209823608398438,21.239999771118164
MXL,"MaxLinear, Inc.",ok,Information Technology,Semiconductors,2026-10-07,107.54000091552734,41.154972,752.0,False,False,-1.610248936038039,1.5198721851347852,19.078733055833208,61.71428709101856,12.254694665747312,550.9685105062348,46.94015871910822,31.06137449712867,26.91878990036376,26.91878990036376,397.409790661879,94.47203307408988,79.23477205013718,-16.004060032126528,724.0612976532962,3064289.0,-33.577413879696074,128.02999877929688,13.050000190734863
MYRG,"MYR Group, Inc.",ok,Industrials,Construction & Engineering,2026-10-07,312.82000732421875,29.682812,752.0,False,False,-3.6023549627480778,2.641342192713658,6.961641408742203,8.557746858937865,-27.40479342189718,56.66850813487494,307.4698020087348,230.79199233947998,199.7756119788961,199.7756119788961,142.12075442194876,47.94384704948257,71.93964515235395,-37.57707495535602,59.139235726974114,246597.5,-39.760135443384456,501.1300048828125,196.57000732421875
NABL,"N-able, Inc.",ok,Information Technology,Systems Software,2026-10-07,4.480000019073486,10.3667145,752.0,False,False,1.3574647453366007,5.910165457984062,9.268295689752515,16.36363974146755,4.186042333822804,-43.505673189755036,5.3185714360267395,7.069003990921841,9.075412236946695,9.075412236946695,-66.641847228053,51.81907853827574,64.1975288655664,-47.29411742266487,49.33333396911621,3057522.05,-64.36849899414462,8.5,3.0
NATL,NCR Atleos,ok,Financials,Transaction & Payment Processing Services,2026-10-07,45.474998474121094,17.612015,750.0,False,False,-0.4269754820284022,0.12109270672182593,0.6529397232242218,-0.010996192096679458,1.5747107642371416,13.915332064060927,42.46271826728942,36.59483072577245,32.62334001922608,32.62334001922608,97.71738467009172,38.49659766848049,45.87704689265796,-5.516315260904918,33.24054219442885,858905.75,-48.583997720355235,48.130001068115234,34.130001068115234
NAVI,Navient,ok,Financials,Consumer Finance,2026-10-07,9.0,9.2364025,752.0,False,False,0.7838711358570505,-2.0674601638597245,-0.7717717439854388,-4.963043862471506,14.003822683721111,-24.96872432701549,9.482509179720802,10.979753375528343,12.035739282978343,12.035739282978343,-40.765181929320185,35.9676894272944,29.411750956245967,-28.27546790661476,25.631451474250415,1498020.2,-12.377416539509944,12.54800796508789,7.163811206817627
NBHC,National Bank Holdings Corporation,ok,Financials,Regional Banks,2026-10-07,37.63999938964844,15.802521,752.0,False,False,-1.6204886541665742,-1.1035259287649923,-3.955088776155713,-9.887481500727645,-13.82409288702695,0.7949718048665178,39.984675619337295,39.30326100079662,37.476745105804284,37.476745105804284,33.8918912977666,28.275051435221847,15.414950929023874,-19.42515859617135,9.149722653885501,529337.65,-54.36693384647777,46.714332580566406,34.4847412109375
NBTB,"NBT Bancorp, Inc.",ok,Financials,Regional Banks,2026-10-07,50.185001373291016,12.265892,752.0,False,False,-0.9571675807786839,-2.6101250492290617,0.049843552541783964,-2.4017830409028718,1.2581670910612575,24.329203642525087,45.070060820806596,43.719985209613206,41.0436558545904,41.0436558545904,68.90084562779897,28.581366971030153,39.968272330374354,-6.785004822407031,32.14924972233052,373899.05,-37.63530557245331,53.83790588378906,37.97600173950195
NE,Noble Corporation,ok,Energy,Oil & Gas Drilling,2026-10-07,40.810001373291016,44.39674,752.0,False,False,-1.5440274496222983,0.2702717648392028,-2.2280792232348134,-11.069945704778839,6.012482366096283,41.15262249510132,39.61403316164773,32.844629169935246,34.66461484229311,34.66461484229311,-2.3670081965155965,41.61925658297078,31.088653898765287,-23.329687381749046,60.23729223299531,1199147.25,-34.65814978102147,53.2279052734375,25.46847915649414
NEO,"NeoGenomics Laboratories, Inc.",ok,Health Care,Health Care Services,2026-10-07,15.954999923706055,47.31782,752.0,False,False,-3.3616008327176705,-13.616672891969195,-13.099131844742661,-9.140088787298794,8.316364015879296,75.3296621414997,12.058075405302501,11.374651391192737,12.730910919448162,12.730910919448162,33.40300897004052,64.2760389187314,28.31955032366095,-19.864389522936754,121.90542137316764,2403761.45,-6.965435359652683,19.90999984741211,7.190000057220459
NEOG,Neogen,ok,Health Care,Health Care Supplies,2026-10-07,11.5649995803833,30.771053,752.0,False,False,-3.3026794022056882,-4.8148152799509125,-9.648442124598589,-2.733395740581024,18.615380311623596,105.41739512081256,9.268313483586388,9.002400390655396,11.316775275037644,11.316775275037644,-31.81014030259368,56.80781399909704,39.10422348528098,-17.27467840436502,113.7707930974426,5054444.55,103.46431538159817,13.979999542236328,5.409999847412109
NGVT,"Ingevity, Corp.",ok,Materials,Specialty Chemicals,2026-10-07,71.0199966430664,101.41428,752.0,False,False,-2.445063645706025,-1.919633957663136,0.38162069691365375,2.7042589673518247,-1.62073106908327,29.103797146029397,66.92361105056037,55.7381274918636,51.677513310249815,51.677513310249815,71.05008636816292,46.493512098504674,62.649563787908136,-8.796719997311538,53.72293391829761,278063.95,-52.39260608935463,77.87000274658203,46.20000076293945
NHC,"National Healthcare, Corp.",ok,Health Care,Health Care Facilities,2026-10-07,221.41000366210938,24.905512,752.0,False,False,-3.0052133359420807,-2.7453219271999063,0.8655684036356082,0.499508041372998,3.6855786532839385,89.73138248699696,172.8789818476117,138.44912139163074,123.97607736891888,123.97607736891888,250.2795927554103,30.291019369564932,46.744943430096946,-6.199043743038215,91.36324920375355,107733.7,-49.90054179889858,236.04237365722656,115.70142364501953
NHI,"National Health Investors, Inc.",ok,Real Estate,Health Care REITs,2026-10-07,64.16999816894531,18.579481,752.0,False,False,-2.090330679652852,-2.3584951658058295,-2.2245911101217097,-8.866107706261793,-14.5155961022017,-12.690309276124578,74.81956684778608,71.46182192464273,66.2305816335881,66.2305816335881,46.82984527151002,21.728076181926266,18.787167020235643,-26.81565631187327,0.0,411372.5,-64.27811776431336,87.68268585205078,64.16999816894531
NIC,Nicolet Bankshares,ok,Financials,Regional Banks,2026-10-07,162.27499389648438,18.17189,752.0,False,False,-0.8220274177002662,-2.519977950055441,-0.4570054940812085,-5.741757409012294,-0.3427376033706464,21.089407451922803,147.19805705358112,131.64424798973053,114.61561861444027,114.61561861444027,137.35292174633443,31.18194366914827,35.973006084456614,-9.16059047878877,42.372669427141275,158948.0,-21.50892115660468,178.63941955566406,113.97903442382812
NMIH,"NMI Holdings, Inc.",ok,Financials,Commercial & Residential Mortgage Finance,2026-10-07,39.599998474121094,7.7992125,752.0,False,False,-0.7767511262246174,1.982994094145507,6.109321537891321,-10.770622980963218,-3.4852555391674533,8.791200038733837,39.578611177111426,38.762251014253536,36.68212768372069,36.68212768372069,47.37624576587427,24.49883105151387,30.470590030445777,-13.36687974782105,12.022631353467597,771088.2,-64.63906463618558,45.709999084472656,35.349998474121094
NOG,"Northern Oil and Gas, Inc.",ok,Energy,Oil & Gas Exploration & Production,2026-10-07,24.165000915527344,5.303791,752.0,False,False,1.0665038466858734,1.4057951862938456,5.616266616671006,-4.039021171384993,31.148365715109104,2.53459810869634,22.635376309591628,25.306774701730188,27.59190783602126,27.59190783602126,-28.512133406189967,43.664971037922754,44.816334261583876,-16.907625907433875,41.86976789289787,2109324.7,-51.349642850150104,29.08209228515625,17.033227920532227
NPK,"National Presto Industries, Inc.",ok,Industrials,Aerospace & Defense,2026-10-07,147.39999389648438,24.648829,752.0,False,False,-1.0472695670451948,-2.209249602231811,-0.5129655418734114,0.6005935014764541,17.938862167830916,24.313602100203656,126.96407166738359,109.53621988182523,97.81492883601088,97.81492883601088,112.63427620581004,29.34030980384148,40.90907743626315,-5.99490368132876,62.11395798633108,112187.8,-47.09228632703378,156.8000030517578,90.92369079589844
NPO,"EnPro Industries, Inc.",ok,Industrials,Industrial Machinery & Supplies & Components,2026-10-07,316.3599853515625,153.70389,752.0,False,False,-4.7280649046746115,-4.871305125679459,3.2978434218907005,5.0750629270502445,-4.108046666841803,36.12937491025316,275.7750310140943,229.94086772417168,202.14233936147488,202.14233936147488,160.70552559380133,36.911476475657466,70.07906869745688,-18.29951123069191,56.936885205634724,174914.8,-36.71433177752825,387.2192077636719,201.58421325683594
NSIT,"Insight Enterprises, Inc.",ok,Industrials,Technology Distributors,2026-10-07,160.25999450683594,23.602356,752.0,False,False,0.4827819845456549,-0.24897867929513096,2.5204625115231583,1.8558524449654668,35.73303542056432,44.84815201637644,103.409087196229,126.3306375784703,146.34772622331658,146.34772622331658,10.318709846156926,38.16755539989899,65.10501617498068,-3.090040975529098,148.73505160291293,383486.9,-52.60907217430374,165.3699951171875,64.43000030517578
NSP,Insperity,ok,Industrials,Human Resource & Employment Services,2026-10-07,48.435001373291016,17.90586,752.0,False,False,4.340808452882983,4.20611413577614,3.9600798769275025,-2.4078171853837538,10.450909068766133,6.461923829043736,37.54987556972201,51.1380906238024,64.08483944294301,64.08483944294301,-43.860559407166356,50.81795862307884,43.96519164191217,-9.296560598118086,150.74426758441402,460461.25,-53.49771560581916,53.39929962158203,19.31649398803711
NSSC,Napco Security Technologies,ok,Information Technology,Electronic Equipment & Instruments,2026-10-07,35.23500061035156,29.35,752.0,False,False,-3.8346037191633098,-2.585008587024251,-1.0808487733798833,-4.54436754924934,-1.899434814032419,-17.755138965959627,39.64596616654169,35.42321227556206,36.62162606513247,36.62162606513247,70.21400024951676,46.378295068877115,42.15147416597924,-24.46190012181264,1.6901561962430331,327473.8,-38.84213027118505,46.64533615112305,34.64937210083008
NTCT,"NETSCOUT Systems, Inc.",ok,Information Technology,Communications Equipment,2026-10-07,40.209999084472656,24.67178,752.0,False,False,-1.9029093975468148,-1.8310547284272616,0.07466097329276167,8.734449924876863,-10.325604487867112,50.09330985564526,33.630912606678315,28.138406316597624,25.685957403893166,25.685957403893166,49.81370661652416,34.38705705742719,57.85952089184823,-10.32560448786711,57.87200694343816,634244.6,-43.934564046741585,44.84000015258789,25.469999313354492
NTST,NETSTREIT Corp.,ok,Real Estate,Retail REITs,2026-10-07,17.280000686645508,123.35715,752.0,False,False,-2.040809044552383,-1.369861671503625,-2.262441242227664,-14.540053049196866,-19.330113019086014,-1.7357027173481532,19.083759814973863,17.062413012363997,16.32466789255751,16.32466789255751,31.65655497913116,22.518971301589474,28.888896424099755,-21.504507403516197,4.193958595432265,1782744.9,-65.72151181024273,22.01400375366211,16.584455490112305
NWBI,"Northwest Bancshares, Inc.",ok,Financials,Regional Banks,2026-10-07,14.734999656677246,14.153847,752.0,False,False,-1.3060994274121662,-2.99539128555113,-0.7075505042520747,-4.935486085953256,-0.18734132109352597,24.413359737181175,13.26332608480302,12.492308400066726,11.726490435448099,11.726490435448099,70.95174011934162,25.502153691153573,34.229818246936816,-6.795804873281765,35.97931844036208,1141155.65,-52.687172867259605,15.80937385559082,10.836206436157227
NWL,Newell Brands,ok,Consumer Discretionary,Housewares & Specialties,2026-10-07,5.65500020980835,8.261763,752.0,False,False,1.8918921705403324,4.722224258101004,7.10227244505377,-10.804415241219424,11.498896142223437,15.095819731729598,4.424324816181546,5.3865235217538965,5.79591366173105,5.79591366173105,-8.085822150323308,62.98270880314958,51.724140450981885,-10.804415241219427,94.29358800089058,5289623.65,-48.76246063365964,6.340000152587891,2.910543918609619
NWN,NW Natural,ok,Utilities,Gas Utilities,2026-10-07,47.689998626708984,15.828904,752.0,False,False,0.4846176710348482,0.6542793406612235,2.1855592410166214,-4.543635907449762,-2.952615365793654,12.608144747796835,48.446344163682724,43.62211930324357,40.40875185804164,40.40875185804164,40.316213119655785,21.950108098912672,37.844612966511015,-12.874886560624052,13.69092147538643,284391.95,-62.221504511643175,54.73737335205078,41.947059631347656
NX,Quanex Building Products Corporation,ok,Industrials,Building Products,2026-10-07,18.280000686645508,18.845362,752.0,False,False,-3.023870998880984,-3.7894700702868045,-3.1266567374029886,-17.416865477429756,8.966573678073297,28.09748736599129,17.630807301354785,19.20429958290313,22.735675833326706,22.735675833326706,-31.37225276446589,50.31553134063726,27.309223873428593,-19.973959766310905,65.4450316912146,434299.05,-59.2260217930479,22.842565536499023,11.04898738861084
NXRT,"NexPoint Residential Trust, Inc.",ok,Real Estate,Multi-Family Residential REITs,2026-10-07,19.329999923706055,,752.0,False,False,-4.212093006022988,3.535082189154015,-0.9226053463049944,-15.033964659717903,-27.46118028315836,-32.750909700304696,26.35581052114093,30.03887856244091,30.118366840037893,30.118366840037893,-27.064866832488843,30.149067362408893,36.6484914142006,-34.93313053614027,3.8688838782412622,976460.8,-35.663981595574555,29.70789909362793,18.610000610351562
OFG,OFG Bancorp,ok,Financials,Regional Banks,2026-10-07,50.404998779296875,9.925049,752.0,False,False,-0.8556281903726037,-1.7254866844085948,0.6489555438487615,-3.412005802574314,2.25018428973891,19.466254864793875,44.17065585605682,42.39731398806629,39.9630850046239,39.9630850046239,78.20440027048876,27.331348001572835,34.98987332311947,-5.91846313513415,38.825236890951835,282528.05,-49.85949182744863,53.57586669921875,36.3082389831543
OGN,Organon & Co.,ok,Health Care,Pharmaceuticals,2026-10-07,13.770000457763672,17.653847,752.0,False,False,0.21834561241091954,0.36443286998339985,0.5109536457890584,0.14545787464488313,2.224632504688606,28.064999571162197,10.302281400514028,11.410240118247104,13.143346387021085,13.143346387021085,-8.81641188033977,54.80756886150628,66.6669315775043,-0.07256368215736914,142.29463240966237,2105443.85,-25.931199732540954,13.779999732971191,5.683163642883301
OI,"O-I Glass, Inc.",ok,Materials,"Metal, Glass & Plastic Containers",2026-10-07,5.795000076293945,3.992085,752.0,False,False,0.7826100225033938,3.482145981825191,2.5663713005138256,-14.148147017867474,-37.68817250060681,-53.341384535456946,10.821726182150462,11.658197209179638,12.470418881862722,12.470418881862722,-63.112666694955166,47.48164504150941,31.838573268717255,-65.15333512484189,4.039495470346765,3775647.8,-32.80474942604551,16.6299991607666,5.570000171661377
OII,"Oceaneering International, Inc.",ok,Energy,Oil & Gas Equipment & Services,2026-10-07,43.7599983215332,12.654624,752.0,False,False,-2.6906890511999015,-1.263541013418401,0.29795381672124144,-13.654305331438332,7.571283169251974,79.63874066135199,35.82063489490085,29.48513942695709,27.348257986789054,27.348257986789054,78.75816642084621,44.467283658120024,35.194156104489394,-19.127706841752175,97.11710278220296,925139.7,-55.66139902978977,54.11000061035156,22.200000762939453
OMCL,Omnicell,ok,Health Care,Health Care Technology,2026-10-07,35.43000030517578,42.130955,752.0,False,False,-0.08459892857135554,5.446434268335354,4.052866663835997,4.5749680879416,-22.28558853565914,16.08781053003918,39.09083332334246,37.606593587958955,36.208856351832125,36.208856351832125,-19.10958693534097,53.478411352074176,74.43481076103592,-31.05662439001216,20.264770557476716,506387.2,-37.0552810181616,51.38999938964844,29.459999084472656
OPLN,"OPENLANE, Inc.",ok,Industrials,Diversified Support Services,2026-10-07,34.7400016784668,19.982746,752.0,False,False,-0.6292832144368377,-2.223465037917216,1.7872856468247544,-0.6577052736851607,-14.706599388880438,25.41516506001813,32.09345237792484,27.107390464539545,23.41472075213777,23.41472075213777,131.60001118977866,32.07445994491765,55.21742952344464,-19.020977988752957,41.85382606428926,1142547.15,-46.694278656246254,42.900001525878906,24.489999771118164
OSIS,"OSI Systems, Inc.",ok,Information Technology,Electronic Equipment & Instruments,2026-10-07,192.8000030517578,21.54637,752.0,False,False,-2.900883651117192,-2.0225611099850216,-0.8077337577145682,-5.605873658870109,-11.008535202692926,-23.2392385805274,247.58678569490948,223.5456973983947,193.63071818047382,193.63071818047382,58.748462656547076,37.79501239145052,37.683510091468165,-37.74218302387739,0.26001039628971007,204330.5,-21.73953472438035,309.67999267578125,192.3000030517578
OSW,OneSpaWorld Holdings Limited,ok,Consumer Discretionary,Leisure Facilities,2026-10-07,23.270000457763672,29.525316,752.0,False,False,-0.042956308362884776,-1.481796651287015,3.4682111808964633,5.198913087248003,-12.120137758993222,12.391969437210214,22.951268551841615,21.17314654612446,18.6725864283582,18.6725864283582,114.05782756127118,34.66710370344153,64.11765123871065,-18.70806114821685,20.90945146975138,892003.55,-64.61101528127327,28.625225067138672,19.245807647705078
OTTR,Otter Tail Corporation,ok,Utilities,Electric Utilities,2026-10-07,88.13500213623047,19.043196,752.0,False,False,-1.19394041305817,-0.8270514095149339,0.10790688291142381,-2.2243146960218674,0.9527212723993816,14.015735550528131,85.72186221773663,81.0060146529361,80.54844580305384,80.54844580305384,25.75385707990574,25.669351265596983,48.365494582498734,-5.93236072823401,20.472337479321247,266952.6,-53.23064843721319,93.69322204589844,73.15787506103516
OUT,Outfront Media,ok,Real Estate,Other Specialized REITs,2026-10-07,29.0,20.856115,752.0,False,False,-0.24079702634699496,1.0452934811344683,4.504504504504503,0.6594950974651237,-13.252867969288895,67.45989464721178,26.69882878046187,21.486939016091394,18.44974559862563,18.44974559862563,310.26538258877423,36.234662588482394,69.38777893401081,-13.252867969288895,77.46041168601813,1701331.95,-47.891474088874894,33.43050003051758,16.341672897338867
PAHC,Phibro Animal Health,ok,Health Care,Pharmaceuticals,2026-10-07,37.70000076293945,15.514403,752.0,False,False,2.977328965899262,1.2352284203537955,5.4840486637513175,1.0452944928799335,16.795171547575215,1.002334959298401,40.95980105324397,32.968096113774884,26.734222907969293,26.734222907969293,226.82304431690346,53.457019586269084,71.83097654640956,-36.25701939553865,33.16293446708607,241010.35,-42.32322387814465,59.143768310546875,28.311182022094727
PARR,"Par Pacific Holdings, Inc.",ok,Energy,Oil & Gas Refining & Marketing,2026-10-07,85.96499633789062,5.016054,752.0,False,False,-1.087340104014689,2.339281354631706,5.323442103768539,4.733180336462994,31.16416713006838,143.94152168959474,56.29144826011052,38.91656368187224,36.03190819633768,36.03190819633768,161.60984400837145,51.154770065247945,49.00737089820868,-1.7767371627281396,158.30829173998802,961403.95,-47.87009144283212,87.5199966430664,33.279998779296875
PAYC,Paycom,ok,Industrials,Human Resource & Employment Services,2026-10-07,224.21499633789062,23.696297,752.0,False,False,0.7979652387173131,1.4593378725565653,3.0163117966953035,2.3065306585661416,60.92193922155731,13.041901533488787,159.60326134212434,188.19681243592524,184.74818535053984,184.74818535053984,-16.656160408721988,46.40455500164642,47.387791749229386,-6.779065210767254,98.25291282946941,701428.0,-60.94253437273676,240.52000427246094,113.0954360961914
PAYO,Payoneer Global Inc.,ok,Financials,Transaction & Payment Processing Services,2026-10-07,7.15500020980835,51.107143,752.0,False,False,0.06993166956958952,0.06993166956958952,0.21008884598392452,0.3506324679686479,0.9167849904309744,15.403232740686246,5.944821429631067,6.996264946888168,6.5328058524334685,6.5328058524334685,18.06931150772528,48.59123637364331,63.63638990838945,-0.3481841104174245,67.56440847233546,3022467.35,-67.31653693463389,7.179999828338623,4.269999980926514
PATK,"Patrick Industries, Inc.",ok,Consumer Discretionary,Automotive Parts & Equipment,2026-10-07,64.81999969482422,15.445239,752.0,False,False,-2.731092004041835,-3.48422251293794,-4.367068660049567,-19.38813985483182,-22.08997195597835,-33.96113400692391,99.3285086192782,94.73310583046234,86.09040395249711,86.09040395249711,42.303313660191,34.42690912774291,31.548505948657876,-54.88709623807051,0.0,632799.65,-27.008019046786767,143.68394470214844,64.81999969482422
PBH,Prestige Consumer Healthcare,ok,Health Care,Pharmaceuticals,2026-10-07,47.60499954223633,13.338936,752.0,False,False,2.5086153100299935,5.181178320078406,3.7824300212606854,-4.388434089402892,-1.8048680038408205,-24.663711699916433,56.45795642005073,67.19939253909655,66.94745353434948,66.94745353434948,-18.400755197590403,28.24905672148364,54.49860823206918,-32.196268105685746,6.332363313570243,643523.55,-62.7719917942397,70.20999908447266,44.77000045776367
PBI,"Pitney Bowes, Inc.",ok,Industrials,Office Services & Supplies,2026-10-07,16.485000610351562,13.410569,752.0,False,False,-0.45289165464688086,-1.6408091573672956,1.0110350405194701,-2.97233176909788,-6.326678210791437,54.99839538804305,13.322809223144773,11.205093101676242,9.01094153460036,9.01094153460036,397.5130787395309,47.00202949985336,30.80454468123915,-10.42583052799387,86.53758722817157,1777522.35,-59.88534265124712,18.403743743896484,8.837361335754395
PCRX,"Pacira BioSciences, Inc.",ok,Health Care,Pharmaceuticals,2026-10-07,25.145000457763672,71.85714,752.0,False,False,1.5549282121279706,-0.25782875473810973,0.37924640158302214,-2.8024752916521734,-1.392155067593448,5.341430974877248,23.771924654642742,23.348037871706534,24.257679544864818,24.257679544864818,-16.903502089983867,50.81128097303266,56.61692754652983,-8.96089900893146,31.236955417616773,555357.2,7.812413344060376,27.6200008392334,19.15999984741211
PDFS,"PDF Solutions, Inc.",ok,Information Technology,Semiconductor Materials & Equipment,2026-10-07,53.220001220703125,212.96,752.0,False,False,-2.2409945569089595,-4.108105908643022,4.250738523159914,11.245821594806582,-4.845340728921599,97.62347054438973,40.159920586480034,32.026474071213926,32.093749974636324,32.093749974636324,64.46229980502135,53.7544989980533,79.0569590668684,-24.819889062849764,122.02754587086065,579621.9,-64.1597393059165,70.79000091552734,23.969999313354492
PEB,Pebblebrook Hotel Trust,ok,Real Estate,Hotel & Resort REITs,2026-10-07,18.809999465942383,,752.0,False,False,-0.8956800863753611,-1.3633992293791253,0.26652045016273274,6.689675996000211,4.555880213822094,73.51712362781673,14.426559259021094,12.865760023375431,13.262250313733487,13.262250313733487,44.45305482286776,38.059590049116984,71.95481806994538,-4.708568449169855,84.91482300739763,2254996.85,-6.4239491066251375,19.739444732666016,10.172250747680664
PECO,Phillips Edison & Company,ok,Real Estate,Retail REITs,2026-10-07,37.02000045776367,32.46053,752.0,False,False,-1.3851903172133029,-1.9597401924341118,-0.8569890024546223,-4.986774905922465,-11.130017358114241,14.044967785719953,37.49634924389067,35.855342720609265,34.53391974276685,34.53391974276685,21.20185096708802,18.383537617905354,45.25139188577213,-15.404556692436074,15.245470640913084,1240208.85,-60.258548388845966,43.76122283935547,32.122737884521484
PENG,"Penguin Solutions, Inc.",ok,Information Technology,Semiconductors,2026-10-07,72.8550033569336,51.685715,752.0,False,False,13.463641793683623,18.73370702777144,33.2144911068865,42.01755251548056,-10.486541462980236,148.6518950648362,36.445615208338175,28.38564749257973,25.696156968461707,25.696156968461707,202.80550695797785,71.78179430492747,80.50171985063952,-10.486541462980234,348.61455901312087,3214058.4,510.62574345257696,81.38999938964844,16.239999771118164
PENN,Penn Entertainment,ok,Consumer Discretionary,Casinos & Gaming,2026-10-07,15.734999656677246,13.1547,752.0,False,False,-1.0999383558342957,6.533508253253539,7.406143797946552,-7.168147796894275,-23.948771142968273,-14.899946720087554,16.49597225870405,17.45465141083615,18.270950820851834,18.270950820851834,-28.08500795149964,53.08076099858832,32.41590017854425,-28.671803999950544,33.80101488461757,3341258.9,-43.545889245517614,22.059999465942383,11.760000228881836
PFBC,Preferred Bank,ok,Financials,Regional Banks,2026-10-07,103.13999938964844,9.621268,752.0,False,False,-1.3392017539871293,-2.403483069826362,-0.7726785219886345,1.425701367976484,-0.9901159781091962,17.242885950765285,94.83608530438136,89.0332171831473,81.80606543256881,81.80606543256881,81.5495026069907,28.10531427566464,43.42423543714759,-5.077850639986052,27.680035602558856,183256.9,-80.49841506649955,108.65746307373047,80.7800521850586
PFS,"Provident Financial Services, Inc.",ok,Financials,Regional Banks,2026-10-07,22.014999389648438,9.202929,752.0,False,False,-1.1894133250898387,-2.5022167226158465,-0.6094818564642224,-6.039269727259732,-4.885301918832852,14.852183860214318,21.348611899784633,19.29449066792826,17.595844583308445,17.595844583308445,69.5090490886293,31.813041958994138,29.982366282124687,-12.071574417948971,28.6627190123797,902195.5,-51.56149637190609,25.03740882873535,17.110628128051758
PGNY,"Progyny, Inc.",ok,Health Care,Health Care Services,2026-10-07,27.6299991607666,29.972826,752.0,False,False,6.638360955167211,9.512483797364135,9.686377828416614,1.767954139891481,-11.071775242504,36.84991792921839,23.904444482591416,22.194641455236184,25.124454833091573,25.124454833091573,-18.18182177603581,52.45764218117404,54.82865636380598,-14.616815081492588,69.50920523938163,1194095.55,34.14429021195162,32.36000061035156,16.299999237060547
PHIN,"PHINIA, Inc.",ok,Consumer Discretionary,Automotive Retail,2026-10-07,58.43000030517578,16.821838,752.0,False,False,-3.834756551551244,-2.2582778549480764,-1.6826518506898092,-13.97231760837796,-25.419590076067077,7.275058588833794,67.71197804950532,57.51538685498485,50.03925487589329,50.03925487589329,135.4662187854463,35.20857397595205,34.245370177085434,-31.08581275335976,15.573492487004742,459986.1,-37.58028775217338,84.78660583496094,50.556575775146484
PI,"Impinj, Inc.",ok,Information Technology,Electronic Equipment & Instruments,2026-10-07,190.66000366210938,67.93089,752.0,False,False,3.5295394606561725,0.5537698688770964,6.341687100088689,10.964960734951056,32.03601919733272,-2.788967054771374,151.32678576878138,145.67553799085883,139.44789905751006,139.44789905751006,249.706533494644,67.8234906615814,63.5138617690617,-21.185564558786925,108.73660094840378,398638.45,-40.65574958963442,241.91000366210938,91.33999633789062
PIPR,Piper Sandler Companies,ok,Financials,Investment Banking & Brokerage,2026-10-07,63.63999938964844,14.758701,752.0,False,False,-3.0764607977422753,-2.6315807904547572,-3.5319111534645065,-17.71398706613365,-13.111409370805728,-24.095021564167673,79.13804553803944,75.13008946726522,66.18411432935837,66.18411432935837,86.85487256385247,35.33441311741145,26.0351826207374,-31.023180198923683,0.0,869557.2,-56.67404053465373,92.26287841796875,63.63999938964844
PJT,"PJT Partners, Inc.",ok,Financials,Investment Banking & Brokerage,2026-10-07,137.13499450683594,18.724726,752.0,False,False,-1.8009305403283271,-1.1212112677172037,-3.9065320893783673,-24.70488616355532,-13.490059029386092,-23.510650855897495,161.20000930059524,159.66624955257097,140.19272750489256,140.19272750489256,77.44337640155332,31.891061200901333,19.616303578429964,-28.023002131692753,6.582874358500596,459771.3,14.127610836083072,190.52613830566406,128.66513061523438
PLAB,"Photronics, Inc.",ok,Information Technology,Semiconductor Materials & Equipment,2026-10-07,30.19499969482422,10.75089,752.0,False,False,-2.027903978548573,-4.11241691237384,-1.900587975214385,2.8440022721874847,3.4429569797164383,20.538924608635647,33.552916625189404,27.663994006426687,27.06871674162276,27.06871674162276,49.33234777550977,61.99226895374741,63.86831097417968,-45.0600433081977,48.890525998393045,817398.7,-59.20301806205466,54.959999084472656,20.280000686645508
PLMR,"Palomar Holdings, Inc.",ok,Financials,Property & Casualty Insurance,2026-10-07,126.91000366210938,17.067295,752.0,False,False,0.023649439896722413,0.3320466482987783,2.936168967232211,-5.31223993287635,-8.498423096772367,12.80061508073478,124.46709278651646,124.76708615063671,108.3058276937363,108.3058276937363,150.74205070569283,38.43859379474986,22.65830294484239,-12.34640918668823,25.568812783564702,237175.15,-42.10902786400683,144.78585815429688,101.0680923461914
PLUS,"ePlus, Inc.",ok,Information Technology,Technology Distributors,2026-10-07,92.9000015258789,19.935623,752.0,False,False,-1.338150050155007,-0.5353318970358512,3.2107536063318953,3.463638020537929,6.068402796530292,28.191825745034205,84.04890835474409,78.14788590389419,77.65352116239832,77.65352116239832,43.00072553855794,35.3278366252718,53.41269918159646,-3.975585932725282,35.09673605609173,237966.95,-44.21956494378736,96.74623107910156,68.76554107666016
PLXS,Plexus Corp.,ok,Information Technology,Electronic Manufacturing Services,2026-10-07,265.68499755859375,39.265877,752.0,False,False,-2.547411216606188,-2.7258108560474947,1.8145181567594149,6.316528230348006,-1.801818466879701,78.49176127935587,215.41740090506417,177.5744722221952,153.814142359064,153.814142359064,180.43593365986027,36.09908307149802,69.99498563149379,-12.551842816898354,100.15442712353675,212289.05,-49.27623445486237,303.82000732421875,132.74000549316406
PMT,PennyMac Mortgage Investment Trust,ok,Real Estate,Mortgage REITs,2026-10-07,7.824999809265137,5.4374995,752.0,False,False,-2.5529256603125994,0.3205079220378604,-0.6979734057996678,-18.57440074071024,-22.601384025794303,-27.841785173592992,10.603253375916253,10.719439835187448,10.588478776368689,10.588478776368689,-5.78652642036298,27.152895448186538,23.132520817687706,-39.05134224204643,0.8376234338419186,2193210.45,-11.75452405855536,12.838674545288086,7.760000228881836
POOL,Pool Corporation,ok,Consumer Discretionary,Distributors,2026-10-07,154.22000122070312,14.147842,752.0,False,False,-2.540447505630683,-4.4604119873093655,-4.726011075089042,-13.03710138413241,-25.358468282362434,-48.549918780139286,215.426152426099,266.7076645201421,293.1991867308921,293.1991867308921,-52.421266244006624,32.60344765324597,21.19267160061952,-47.757670352400055,0.0,863452.65,-33.28493461685479,295.20123291015625,154.22000122070312
POWI,Power Integrations,ok,Information Technology,Semiconductors,2026-10-07,51.349998474121094,116.64773,752.0,False,False,-3.838956916067371,-5.710614510895706,-0.8687273543770635,1.7637721081970925,-27.19860725921247,33.83332821308351,53.6019934018453,53.74881640658435,58.91189385728633,58.91189385728633,-29.139471455003218,50.255618444022396,57.62828442301771,-40.96710995039097,68.97973719760844,757798.95,-64.42605258294432,86.98540496826172,30.38825798034668
POWL,"Powell Industries, Inc.",ok,Industrials,Electrical Components & Equipment,2026-10-07,197.4550018310547,37.87931,752.0,False,False,-3.5346135737247986,0.6909717926392167,7.03908523034924,8.20044708610148,-16.500828641654874,90.44293795554373,189.0970211937314,132.9437173258261,103.6434883614804,103.6434883614804,600.749131994213,72.09035759238444,69.19439780348178,-38.63985765657791,110.28757863087797,513555.3,-21.195244212259123,321.7968444824219,93.8976058959961
PPLI,People Inc.,ok,Communication Services,Interactive Media & Services,2026-10-07,40.8849983215332,7.6401873,752.0,False,False,-0.980873298653373,-0.9568809821810742,-2.5619656491776666,6.526829556289493,-13.944433243638565,19.476904918395356,39.282599131266274,38.34375709746463,39.344370243397165,39.344370243397165,2.866486964558823,35.25319691779641,66.41634275427177,-14.143218734601925,29.711287207366915,1442671.85,-59.17734168029965,47.619998931884766,31.520000457763672
PRDO,Perdoceo Education Corp.,ok,Consumer Discretionary,Education Services,2026-10-07,32.13999938964844,11.690909,752.0,False,False,0.249525929291039,0.7207757547356364,3.8784707009617003,-2.870960285762214,-9.331410045734046,-8.721486664073764,32.48667692002796,30.087432549769186,26.330656244399698,26.330656244399698,94.16268071592594,38.09353533042929,45.45454278281375,-14.478082625058416,19.58451683376188,727950.95,-65.5994679311841,37.58100891113281,26.876388549804688
PRG,"PROG Holdings, Inc.",ok,Financials,Consumer Finance,2026-10-07,30.399999618530273,9.798078,752.0,False,False,-2.813302585670774,-1.935485101515244,-1.6817608553706065,-20.168072067321386,-30.976951890907035,-1.6727839622493135,34.12802784026615,34.277515175808,34.00789538596539,34.00789538596539,1.559468313807555,46.41950163831838,13.821138841743618,-35.82729608790361,17.541337485610946,720903.15,114.2261411952493,47.37216567993164,25.86324119567871
PRGO,Perrigo,ok,Health Care,Pharmaceuticals,2026-10-07,14.524999618530273,6.0562215,752.0,False,False,3.7499972752162325,1.8583407110451144,-1.5921450318931663,-0.3772311760191105,42.40313136869194,-29.47456381430357,12.629538146276323,17.99390733764466,20.595760722109613,20.595760722109613,-43.95783401361505,43.44771280019775,59.2233032590584,-29.120973576368776,64.42949027780642,2738752.1,-53.426160768621585,20.49266242980957,8.833573341369629
PRGS,Progress Software Corporation,ok,Information Technology,Systems Software,2026-10-07,37.31999969482422,17.165897,752.0,False,False,0.32257776726798415,1.13820637283919,-6.629976094437284,-11.522049727807149,-3.0649358575994268,-20.017145698953343,38.09293650067042,47.70958171707701,49.752415707770815,49.752415707770815,-28.241477147284467,39.89304594420321,28.34354955272056,-20.375505557274217,48.74451760804343,653980.3,-44.4316594857674,46.869998931884766,25.09000015258789
PRIM,Primoris Services Corporation,ok,Industrials,Construction & Engineering,2026-10-07,82.11750030517578,32.085938,752.0,False,False,-3.3570682294309817,3.841045022495515,10.195254970957212,8.954328243172128,-8.077788771084482,-40.9450661475525,120.55852130102733,100.96872894317505,81.65674750348354,81.65674750348354,168.52667408713685,57.833259418533075,61.628770901923104,-59.455092334521154,15.587790160034562,1367233.75,-42.50617350544484,202.53468322753906,71.04340362548828
PRK,Park National Corp.,ok,Financials,Regional Banks,2026-10-07,176.2899932861328,15.7537985,752.0,False,False,-2.213226935977919,-3.745564203637819,-1.3265478156257338,-7.478744884073163,-3.0654184655556804,12.333478530577956,170.0027086772616,165.14513029425268,152.48804060956266,152.48804060956266,101.26632202880499,30.7396696149532,34.56151176188838,-16.609626341601295,21.779004561650158,103307.1,-58.626270604827745,211.40328979492188,144.76222229003906
PRKS,United Parks & Resorts,ok,Consumer Discretionary,Leisure Facilities,2026-10-07,32.849998474121094,13.083666,752.0,False,False,-3.0401492370774608,1.201476896636744,1.388879404473986,-19.70178783513459,-28.039436196955027,-39.80209151946027,39.084127100687176,44.75623515687616,46.73070484272977,46.73070484272977,-27.01621928653717,42.88287356969035,37.219726799381576,-39.2566616829191,10.494446619322334,753707.85,-41.15000925093191,54.08000183105469,29.729999542236328
PRLB,Protolabs,ok,Industrials,Industrial Machinery & Supplies & Components,2026-10-07,93.0199966430664,73.88691,752.0,False,False,-4.379114093016501,-5.284596772007111,-1.9293641122766991,14.796986356160446,23.72971038238001,83.72505368491234,66.33932537502713,53.20948205621119,46.38978721740398,46.38978721740398,261.2427054099666,50.57331650397058,63.877200789375834,-5.735715083710338,98.71820960069876,258729.85,-48.13238596165073,98.68000030517578,46.810001373291016
PRSU,"Pursuit Attractions & Hospitality, Inc.",ok,Consumer Discretionary,"Hotels, Resorts & Cruise Lines",2026-10-07,52.619998931884766,35.768707,752.0,False,False,-0.20861105880241038,0.4581860612363098,5.811380286046308,10.222029915887276,-3.4849624173257765,44.60016437058019,41.54789686959887,38.74151392097017,37.069162198837766,37.069162198837766,98.34149102895525,38.548942616127675,75.63380402767643,-5.985353253090879,63.01115527189292,252592.8,-60.823903135798005,55.970001220703125,32.279998779296875
PRVA,"Privia Health Group, Inc.",ok,Health Care,Health Care Services,2026-10-07,20.18000030517578,96.14286,752.0,False,False,-0.4930985112617692,-0.5911277654911951,2.4885716497092814,-2.887393463154808,-27.331652961733933,-16.3696601449253,23.1425000523764,22.57864542121431,21.71131648154969,21.71131648154969,-13.0172429243534,38.50593634497529,51.44694750683211,-28.18505326966726,5.654449749403354,1275354.7,-51.30029316550133,28.100000381469727,19.100000381469727
PSMT,PriceSmart,ok,Consumer Staples,Consumer Staples Merchandise Retail,2026-10-07,169.21499633789062,32.528847,752.0,False,False,-1.619188175644981,-0.8583292715939383,0.062087237395846984,-2.170899494890599,-9.765844025391612,39.17468366948542,153.75472952827576,125.5166716556625,109.47242484194167,109.47242484194167,137.03714945150685,27.569461475614293,52.200816270814286,-14.161281528466397,48.46187834697498,228016.45,-33.45699400196784,197.13131713867188,113.97875213623047
PTCT,"PTC Therapeutics, Inc.",ok,Health Care,Pharmaceuticals,2026-10-07,63.005001068115234,23.493742,752.0,False,False,-1.0910513131870636,-0.7169839630028485,-2.740039741632283,-8.436268996428009,-29.642658938046253,-2.770064659115612,72.10769812266032,60.34525880395654,50.08278580422097,50.08278580422097,195.10538614696733,54.64270224273435,32.43052564489618,-29.642658938046253,1.1641013214973996,1280301.15,-48.190080122946064,89.55000305175781,62.279998779296875
PTEN,"Patterson-UTI Energy, Inc.",ok,Energy,Oil & Gas Drilling,2026-10-07,11.220000267028809,32.04193,752.0,False,False,-1.6652023043312703,0.0892081074737261,2.7472544747149774,-11.37440440552342,20.313550919939228,101.51755353201,9.105146394835579,7.810292398787115,8.43087321266215,8.43087321266215,-4.306616779860917,50.13856168792178,37.38318978707222,-14.67680157786327,118.02925107330317,7904301.2,-52.90634926715596,13.149999618530273,5.146098613739014
PTGX,"Protagonist Therapeutics, Inc.",ok,Health Care,Biotechnology,2026-10-07,142.5850067138672,138.72816,752.0,False,False,2.8084246909624966,1.8028053686186318,1.203071425624036,-2.29888698877202,3.5927109460526907,122.3027877622322,105.87228181627061,77.04667329978183,61.127007971418664,61.127007971418664,763.1053436009956,55.00041691605263,47.86604989107136,-10.109058691795923,118.35375199117841,774708.45,-21.61322107690964,158.6199951171875,65.30000305175781
PTON,"Peloton Interactive, Inc.",ok,Consumer Discretionary,Leisure Products,2026-10-07,4.855000019073486,34.67857,752.0,False,False,-0.3080054792213516,-1.3211393539127925,-2.705405976690589,-3.6706338130908067,-18.265993732240528,-41.786571579774055,5.6777976174203175,6.564531870097278,5.858371012388392,5.858371012388392,-5.544744257103929,77.02176765879895,48.192767854201946,-38.231552969418416,30.8625328612774,8711442.65,-29.660869660893653,7.860000133514404,3.7100000381469727
PZZA,Papa John's Pizza,ok,Consumer Discretionary,Restaurants,2026-10-07,19.450000762939453,24.275,752.0,False,False,-0.6639385151846144,0.10293596216950363,-1.3191188919842611,-14.543055503760849,-42.13031713855716,-56.61982512825085,33.85660811076089,38.00261422647423,43.39108300969956,43.39108300969956,-65.43941022172268,47.19117620006589,41.53845852883668,-63.474697670746814,0.10293596216951234,1503869.05,-65.94909643229907,53.25075912475586,19.43000030517578
QDEL,QuidelOrtho,ok,Health Care,Health Care Supplies,2026-10-07,12.260000228881836,8.498082,752.0,False,False,-2.4661851509035992,13.83472337778855,16.31878817128969,-8.370701614197118,-29.70183570269992,-58.58108084161757,19.54444440962776,26.933505947371405,34.992952042437615,34.992952042437615,-82.6443936370158,72.04647515288656,61.58416529658531,-65.34765444105469,23.09237130447613,1806066.2,-9.791567994572958,35.380001068115234,9.960000038146973
QNST,"QuinStreet, Inc.",ok,Communication Services,Interactive Media & Services,2026-10-07,15.329999923706055,10.957143,752.0,False,False,2.0639111617479777,2.404807282937327,2.1319099929691054,-15.210177055334317,-8.966747121138152,-0.3898662656153351,14.338253952208019,16.36260956312081,16.06550531564875,16.06550531564875,64.48498310809427,51.72413019945273,26.693227697131306,-30.38147318338906,45.17044805441868,1096684.0,-44.27018174788727,22.020000457763672,10.5600004196167
QRVO,Qorvo,no_data,Information Technology,Semiconductors,,,26.48956,,,,,,,,,,,,,,,,,,,,,,
QTWO,"Q2 Holdings, Inc.",ok,Information Technology,Application Software,2026-10-07,57.90999984741211,40.98227,752.0,False,False,0.8533641485412025,2.713726055890664,4.455269267472839,-4.090760478650369,11.066360808031028,-12.12443322224982,57.86365082150414,72.50494020013696,66.06942817759007,66.06942817759007,78.29433701840767,43.00077699392652,49.81095978920376,-23.287850727036144,37.586124108986326,611063.95,-65.32621503854057,75.48999786376953,42.09000015258789
RAMP,"LiveRamp Holdings, Inc.",ok,Information Technology,Application Software,2026-10-07,37.60499954223633,15.539255,752.0,False,False,-0.11952717614538422,-0.11952717614538422,0.22654339934866652,-0.3577162963071534,-0.4632060421252415,34.25562026044127,31.631250010596382,30.47495018628489,30.967267290074776,30.967267290074776,27.73437112792523,42.084552333097726,37.9747039186714,-1.0655059120785004,67.72970300744299,1333008.35,-60.26529016116066,38.0099983215332,22.420000076293945
RAL,Ralliant Corp,ok,Information Technology,Electronic Equipment & Instruments,2026-10-07,72.99500274658203,21.792692,324.0,False,False,-1.1711316769855262,-0.28004673525479085,5.529860747276993,13.047859828986708,4.390622695083746,66.59162359866669,54.77098869142078,52.49013733569487,52.49013733569487,52.49013733569487,54.42470323694488,48.66820573301286,80.106689453125,-1.3047543940454411,90.66241311799354,1428273.4,-37.44418960683578,73.95999908447266,38.28494644165039
RCUS,"Arcus Biosciences, Inc.",ok,Health Care,Biotechnology,2026-10-07,24.479999542236328,,752.0,False,False,0.8237184923179264,0.16366205934803535,-5.22648232852193,-15.760495553600073,-18.291053770680666,69.06077566391673,23.922222201786344,17.840936247571054,17.3181382880566,17.3181382880566,49.17732949337519,60.800035611695215,42.47158213464796,-22.458030475528542,74.48325023632837,1726466.75,-58.769260977658554,31.56999969482422,14.029999732971191
RDN,"Radian Group, Inc.",ok,Financials,Property & Casualty Insurance,2026-10-07,33.814998626708984,8.348148,752.0,False,False,-0.8648548178361914,3.8225328325152352,10.470427809379302,-6.199724431766174,-9.579629484935136,0.2506719455739326,34.65636904277499,33.46518075038713,31.75798760322814,31.75798760322814,38.89040741206438,25.50372441059859,44.614538152409416,-14.247515185942177,10.470427809379295,1922095.5,-27.19352394300908,39.433258056640625,30.610000610351562
RDNT,"RadNet, Inc.",ok,Health Care,Health Care Services,2026-10-07,68.83499908447266,77.520386,752.0,False,False,-2.0560610698955872,-1.5658533046253642,-0.15231121731223984,-4.355984553365055,4.390349614619549,-12.07689579829787,67.99555548410567,65.74495010072016,59.88874332194633,59.88874332194633,134.69143969835667,43.39583793867774,26.760201563460726,-18.51918045784132,32.70676788496985,751704.15,-74.87269426409313,84.4800033569336,51.869998931884766
RELY,Remitly,ok,Financials,Transaction & Payment Processing Services,2026-10-07,22.979999542236328,16.623188,752.0,False,False,-0.9482810925358409,5.558103165042172,7.685095491667826,-7.4506660779465665,-2.461799392417152,46.18320071173707,18.573888922494554,19.291205193417007,18.651648955142246,18.651648955142246,-13.086236467221058,51.364875483046255,59.9681013456085,-14.635960337634716,88.36065493037512,4109400.5,-69.95887843007758,26.920000076293945,12.199999809265137
RES,"RPC, Inc.",ok,Energy,Oil & Gas Equipment & Services,2026-10-07,5.940000057220459,54.045456,752.0,False,False,-1.6556275705983503,1.3651863802616848,5.506215567996042,-8.895704377343183,7.374410185959834,27.410791050354177,6.032675881234426,5.596743501989965,5.922612640451877,5.922612640451877,-26.886394175084817,44.40198736081682,50.36497188748869,-24.798202509720266,44.27840949430622,2172103.05,-32.58786686018418,7.898747444152832,4.117040157318115
REYN,Reynolds Consumer Products,ok,Consumer Staples,Household Products,2026-10-07,21.94499969482422,13.39939,752.0,False,False,-1.6801075498534157,-1.6801075498534157,1.5032323911896128,0.3429302821803093,-14.94822231398495,-7.042007268910256,23.013858212365044,23.12359519213794,23.992271281303243,23.992271281303243,-3.6915383655979905,22.635570611329893,39.249621695234715,-18.54680505674574,8.83581669382793,1414749.0,-65.67023549760417,26.941852569580078,20.16339874267578
REX,REX American Resources Corporation,ok,Energy,Oil & Gas Refining & Marketing,2026-10-07,44.2400016784668,12.120548,752.0,False,False,0.4541343296587952,2.0060013096805163,1.8181838933387873,3.801038918774058,-5.591120140331363,38.16365098689505,39.93051589481414,31.564362556335936,28.697519956751073,28.697519956751073,131.86583781638572,41.813489917053076,62.97578128712401,-13.526188799031742,44.717049787727134,264232.0,-30.0463229283357,51.15999984741211,30.56999969482422
REZI,"Resideo Technologies, Inc.",ok,Industrials,Trading Companies & Distributors,2026-10-07,17.399999618530273,7.327731,752.0,False,False,-8.033829025551519,-5.177115766704765,-4.132231491808335,-11.405294504738073,-19.44652466645881,-41.66169142393493,23.83305059160505,20.293203826919495,17.997027283019207,17.997027283019207,59.56477520793237,49.06765771152992,35.02671055953205,-43.81168628793935,0.0,2081656.1,26.361986497193257,30.96729278564453,17.399999618530273
RHI,Robert Half,ok,Industrials,Human Resource & Employment Services,2026-10-07,33.959999084472656,30.017698,752.0,False,False,0.8613036272595354,-5.980066199573941,-7.591839225924746,-13.389441781647538,5.552002538253431,7.215253009780254,29.69248046572246,38.6183739354411,46.72828765372012,46.72828765372012,-48.0069752246133,42.27393622954821,33.367057418630196,-25.099252381598617,60.90332337177611,1825485.7,-48.41296209551245,45.34000015258789,21.1058406829834
RHP,Ryman Hospitality Properties,ok,Real Estate,Hotel & Resort REITs,2026-10-07,119.52999877929688,29.034063,752.0,False,False,-1.1413488057357202,-1.750784825494689,0.0,0.04690386291785753,-4.677351799693785,39.04163287590898,104.3931467268202,98.85558186869223,96.97844829965145,96.97844829965145,62.55585737201103,25.201266527342103,50.47753827036916,-11.23127217584134,45.499288385947885,571383.85,-55.81306682014201,134.6532745361328,82.15160369873047
RITM,Rithm Capital,ok,Financials,Mortgage REITs,2026-10-07,8.479999542236328,14.136666,752.0,False,False,-2.0785255005468795,-2.640648621163222,-2.304156174052152,-12.319198709744095,-5.27427178441382,-13.622160165817343,9.481587129925925,9.604758796463924,9.22113308056872,9.22113308056872,21.390509316173233,22.158221029681858,26.81648678786381,-23.693565086504105,4.932222433195118,6666281.35,-6.625198169891222,11.113085746765137,8.081406593322754
RNG,"RingCentral, Inc.",ok,Information Technology,Application Software,2026-10-07,76.45999908447266,61.140003,752.0,False,False,-1.035468586121946,-2.3249868717493682,2.3560939867908415,8.932891330642878,87.14160268263751,170.95587455005793,41.37758181587098,35.87504947327997,34.47966691280933,34.47966691280933,155.97796116512293,57.388997867084825,53.42019746347379,-4.209472091202521,209.7106469239784,1541923.9,-67.3992990185832,79.81999969482422,24.687559127807617
RNST,Renasant Corp.,ok,Financials,Regional Banks,2026-10-07,38.82500076293945,11.550596,752.0,False,False,-1.4593927428195097,-2.7429795997778506,-0.1414616863806728,-4.303283755882347,-7.455378226891584,6.6136727291773,38.41069176083519,36.42497302811459,33.88284630724724,33.88284630724724,60.961520471914874,30.477671130169597,33.93361035459783,-11.84236306591272,19.09448676084474,784227.3,-47.54760513947933,44.040428161621094,32.60016632080078
ROAD,"Construction Partners, Inc.",ok,Industrials,Construction & Engineering,2026-10-07,88.44000244140625,34.656864,752.0,False,False,-5.804661820929846,-2.8985499962389083,-1.7660739303000605,-14.219201018120886,-7.392667600621728,-28.752111175148663,113.05573424081953,103.81385464307321,86.55899606359766,86.55899606359766,121.5986038074139,47.002618343734,39.119718357155044,-37.04441548180595,0.0,623600.55,-18.7763705468188,140.47999572753906,88.44000244140625
ROCK,"Gibraltar Industries, Inc.",ok,Industrials,Building Products,2026-10-07,38.27000045776367,18.990099,752.0,False,False,-6.200977516192596,-4.682443329182617,-3.358580978801262,-19.346681048624482,-9.075789215907971,-40.67586546200057,47.0375397243197,54.743446243711674,60.71226059629562,60.71226059629562,-40.38940455306125,42.92972905493515,26.416659805507592,-48.6859754382196,13.157897111455258,357517.25,-41.9202849652709,74.58000183105469,33.81999969482422
ROG,Rogers Corporation,ok,Information Technology,Electronic Components,2026-10-07,154.4499969482422,89.79651,752.0,False,False,-1.3729304415558197,-3.468751907348633,0.954305119718013,19.266406909839517,11.083144711030624,82.80269955418294,116.04988083006843,99.09181274930795,105.4016755641775,105.4016755641775,21.43249782497176,38.70849957778702,75.82200797925714,-7.564785245483958,104.40709626607969,287186.25,-60.226159852708825,167.08999633789062,75.55999755859375
RRR,"Red Rock Resorts, Inc.",ok,Consumer Discretionary,Casinos & Gaming,2026-10-07,50.77000045776367,17.954065,752.0,False,False,-2.4591715620727483,0.9143293021591115,2.482841177846673,-9.10147607600178,-19.653095161123336,-11.757550273272743,57.92911029997326,53.051726618611006,51.43370628864207,51.43370628864207,39.60380949423943,35.02844969919475,43.43303213446577,-24.156628243076707,4.122235860173972,1224954.2,-65.86125424117897,66.94058990478516,48.7599983215332
RSI,"Rush Street Interactive, Inc.",ok,Consumer Discretionary,Casinos & Gaming,2026-10-07,20.280000686645508,67.7,752.0,False,False,-1.3618618023832796,1.3493276095717377,-0.2459382058444759,-24.944484296563196,-37.848605507824104,8.507223687289533,22.826547656740463,18.586972113149574,14.71150266585198,14.71150266585198,400.74073411255193,54.5690874921273,23.193095520322515,-41.251447225620005,27.62744020435158,3664326.4,-73.96170821463939,34.52000045776367,15.890000343322754
RUN,Sunrun,ok,Industrials,Building Products,2026-10-07,7.605000019073486,5.1283784,752.0,False,False,-2.123551637812904,-1.361867944928341,-2.123551637812904,-17.516271162492757,-38.96468703218008,-60.49350639442345,14.579325390240502,12.580458167064712,13.134168881685175,13.134168881685175,-27.57142838977632,95.6897123901079,31.081072155621627,-64.47921497770245,0.0,7910926.8,41.02565074929021,21.40999984741211,7.605000019073486
RUSHA,Rush Enterprises,ok,Industrials,Construction Machinery & Heavy Transportation Equipment,2026-10-07,45.040000915527344,20.41172,752.0,False,False,-4.272047511426869,-4.535818939818181,-1.6808566572377615,-9.303260060572727,-8.371018741506042,36.762478670980414,44.040823058476526,40.110611744610914,36.64701893481802,36.64701893481802,73.24748556016128,32.13526579943793,20.0258354632887,-18.136218341394933,46.46006480135358,696494.6,-52.50616444118877,55.018226623535156,30.752410888671875
RXO,"RXO, Inc.",ok,Industrials,Cargo Ground Transportation,2026-10-07,28.3799991607666,45.480083,752.0,False,False,-0.5606228087879694,21.385800596564497,38.7096795243971,42.469874759391125,5.6983193950074895,62.07880519587468,18.773174615133378,19.439382463812354,20.564175528414705,20.564175528414705,46.213288943175556,61.49203849044033,88.71118868897517,-3.1399320827635697,170.80153053814533,3240442.7,-0.5952489146004658,29.299999237060547,10.479999542236328
SAFE,"Safehold, Inc.",ok,Real Estate,Other Specialized REITs,2026-10-07,12.050000190734863,7.487578,752.0,False,False,-0.4132247037895498,-0.0829206346093403,2.378927120487062,-16.743369201795055,-25.05882738112255,-16.34109875767733,14.322934642670647,15.2042433788102,16.324439053839825,16.324439053839825,-16.65977844961163,37.738176929094195,27.42055745394603,-28.768790353632127,2.3789271204870626,647943.85,-49.443613053816314,16.9167423248291,11.770000457763672
SABR,Sabre,ok,Consumer Discretionary,"Hotels, Resorts & Cruise Lines",2026-10-07,1.9149999618530273,9.815035,752.0,False,True,-0.2604164241347462,-2.7918815207329195,-9.669808243975098,-15.265488056020349,0.2617798596338705,2.9569864045651872,1.7198769812073027,2.35798605564106,2.6614082462768605,2.6614082462768605,-49.86911007018306,78.05089855554421,22.068973001485432,-17.811157744285936,134.10756947638924,6245435.35,-60.12116273047322,2.3299999237060547,0.8180000185966492
SAFT,"Safety Insurance Group, Inc.",ok,Financials,Property & Casualty Insurance,2026-10-07,103.91000366210938,22.298285,752.0,False,False,-0.02886163035621392,-0.009617500973868598,0.31859608536495276,0.5223961508941777,38.074218496950074,55.52896861064382,78.84040756831094,75.735097072039,74.14024800949909,74.14024800949909,69.5947894122393,31.94620542027421,71.11188348790289,-0.028861630356210654,61.53127521388849,124434.0,-48.18136522172397,103.94000244140625,64.3281021118164
SAH,"Sonic Automotive, Inc.",ok,Consumer Discretionary,Automotive Retail,2026-10-07,60.34000015258789,9.651515,752.0,False,False,-1.0819669629706707,-3.9630775201347723,-0.01656722748301087,-20.176273829758905,-36.348717064668044,-16.208117749814487,70.96084228394524,69.07340848398398,63.197981119155884,63.197981119155884,49.294390128040355,41.856808512985545,37.86239847346011,-46.151223516673994,5.2600236049948474,371715.05,-27.847688706712304,112.0545425415039,57.32470703125
SBCF,Seacoast Banking Corporation of Florida,ok,Financials,Regional Banks,2026-10-07,31.864999771118164,20.541937,752.0,False,False,-1.7119013854811849,-2.4938816598742197,0.10995867890668531,-7.177921479887262,-1.4995833327928754,3.6789744527316426,31.756994043077743,29.151329405279274,27.148673062628887,27.148673062628887,58.32122295159863,30.541214859385523,31.425588628158494,-11.314194135402367,13.290885286180169,860815.95,-36.093307750628924,35.930213928222656,28.126710891723633
SBH,"Sally Beauty Holdings, Inc.",ok,Consumer Discretionary,Specialty Stores,2026-10-07,16.55500030517578,8.6119795,752.0,False,False,1.8142685863555608,1.9396584882829027,0.8221694777988509,2.444309786469012,12.619051156323646,0.39418153401957756,14.920297618896242,12.988555781869774,12.447041235071547,12.447041235071547,121.91689303647726,49.033076439492866,59.738565937327735,-3.6379510413146363,40.05922785619817,1363365.5,-25.653832372903672,17.18000030517578,11.819999694824219
SBSI,"Southside Bancshares, Inc.",ok,Financials,Regional Banks,2026-10-07,29.979999542236328,11.896825,752.0,False,False,-0.6955978406969043,-2.4406118163756374,-0.3324480775377836,-6.7496170471278205,-11.608007680434195,10.170306008028795,31.035349656665137,29.845969580084205,28.67724710322441,28.67724710322441,20.560004092771855,27.716544041146612,29.255312673107014,-15.144675345456257,18.795594675034728,147451.45,-20.63218096532792,35.33072280883789,25.23662567138672
SCHL,Scholastic Corporation,ok,Consumer Discretionary,Publishing,2026-10-07,38.05500030517578,26.852114,752.0,False,False,2.8235666874769194,5.124308019726409,8.23378973358202,4.834713787882028,-15.207501668924483,35.91729826239618,35.948568692283025,28.63999911798424,30.218128114304644,30.218128114304644,10.25883812915569,43.622914453121524,64.97338756708473,-19.09427081204425,43.370036381122745,533273.4,-38.89288308773698,47.036224365234375,26.543203353881836
SCL,Stepan Company,ok,Materials,Specialty Chemicals,2026-10-07,61.04499816894531,16.566395,752.0,False,False,-2.1557961754464783,-3.1031775096106107,-2.1401136202485405,-1.8884651698895194,8.807247352568526,29.398977201312015,52.740020585438565,54.78824294800777,62.60611957184812,62.60611957184812,-3.226161491915247,33.57556154722743,42.80646642602665,-7.215004069125737,48.727783186878675,159504.65,-54.300391869453335,65.79188537597656,41.04478454589844
SCSC,"ScanSource, Inc.",ok,Information Technology,Technology Distributors,2026-10-07,59.689998626708984,16.398352,752.0,False,False,-2.0511979457973673,-3.304715585056106,1.6345974662953289,3.4668054214063604,11.653572107983479,39.756497087843435,45.14623010726202,43.785179252168575,43.16950798795578,43.16950798795578,86.24024975853143,36.52264290139638,59.69579625761081,-4.066220739886945,74.17565751209834,266309.55,-45.780765278601535,62.220001220703125,34.27000045776367
SDGR,"Schrödinger, Inc.",ok,Health Care,Health Care Services,2026-10-07,27.280000686645508,,752.0,False,False,-5.6055327102705,-9.996696907571746,-12.141702554102663,36.1957051995198,62.47766050695711,28.135272491930728,16.71380945992848,18.964681226418787,20.946914873224625,20.946914873224625,1.1494304085410745,62.985865269222664,40.59720620646967,-16.31901238185262,146.43181064765773,3249661.25,2.4668340430868074,32.599998474121094,11.069999694824219
SEDG,SolarEdge,ok,Information Technology,Semiconductor Materials & Equipment,2026-10-07,32.869998931884766,40.709568,752.0,False,False,-3.4371385199019833,-0.6648571160127958,3.1377410301800968,-9.772169485228444,-39.97443400402856,-11.377733090703913,40.85456353899033,30.310747059217963,39.43575135444073,39.43575135444073,-72.42912380865106,98.61806105630629,39.69716991769649,-58.132724445926286,15.454863802776261,3147867.0,-49.51057335014472,78.51000213623047,28.469999313354492
SEI,"Solaris Energy Infrastructure, Inc.",ok,Energy,Oil & Gas Equipment & Services,2026-10-07,76.32499694824219,95.4125,752.0,False,False,-4.234630024128794,1.8617331341049592,7.228149228726943,19.567180353351766,12.035111854024771,64.62495467456151,58.980001631237215,42.3847373434272,31.282562914680927,31.282562914680927,692.388403836451,77.08564285044784,62.93933947352625,-7.727832214142981,88.96491527474285,2586257.75,-45.21215064507782,82.71724700927734,40.39109420776367
SEZL,Sezzle,ok,Financials,Transaction & Payment Processing Services,2026-10-07,114.25499725341797,24.964912,752.0,False,False,1.2539887995832943,6.372771024979751,5.752495636083821,-3.4600771216727555,-35.47831710413899,32.346802768534275,96.05424616071913,85.32524740363498,60.49650780063995,60.49650780063995,6053.768806278224,123.41643318673643,51.84024456137945,-39.40334372625045,124.1612605789179,494389.0,-49.98270592590045,188.5500030517578,50.970001220703125
SFBS,"ServisFirst Bancshares, Inc.",ok,Financials,Regional Banks,2026-10-07,38.279998779296875,13.010203,752.0,False,False,-1.1363699058226984,-4.6575409103701055,-3.794919405766184,-9.923213384710516,-9.4460481967938,-5.193560184528656,39.26776195707775,39.80290719142473,36.790415888137005,36.790415888137005,52.08827749682388,35.21471726157193,27.43425980599784,-15.955881090502055,15.234029691830303,730760.35,-42.56571254858039,45.54750442504883,33.21935272216797
SFNC,Simmons First National Corporation,ok,Financials,Regional Banks,2026-10-07,22.15999984741211,9.529792,752.0,False,False,-1.9034984606962069,-3.2314401023804784,-1.8600534885432007,-3.632771066429241,-1.5544324189345704,18.425374225899894,20.359749748593284,19.987838349969262,18.86799544095993,18.86799544095993,50.96848368972502,28.938291322720737,37.83783783783784,-7.268522734701015,33.79460766672904,1416375.45,-53.832227182418336,23.896955490112305,16.562700271606445
SHAK,"Shake Shack, Inc.",ok,Consumer Discretionary,Restaurants,2026-10-07,64.41500091552734,67.7579,752.0,False,False,-0.3018103900048197,5.632996718722261,9.773347955906054,-4.428784188091517,14.373226677142625,-32.634387089232874,79.11128975096203,96.31891418548219,93.08821139437087,93.08821139437087,15.294437349212098,51.663262138826724,75.49985508477143,-38.47072364758072,23.070310905114543,1495142.6,-68.90918632109071,104.69000244140625,52.34000015258789
SHEN,Shenandoah Telecommunications Co,ok,Communication Services,Wireless Telecommunication Services,2026-10-07,11.734999656677246,,752.0,False,False,2.0434752754543206,8.05709049412362,4.590012276219091,-3.7325671810379824,-7.306478687864648,-11.561406627001547,13.1707861347804,12.982302262963527,14.693602742032802,14.693602742032802,-45.89838513456772,43.67282139726898,54.18640304886427,-31.374272544497828,18.535354634886257,1190134.2,-69.55099685396824,17.100000381469727,9.899999618530273
SHO,"Sunstone Hotel Investors, Inc.",ok,Real Estate,Hotel & Resort REITs,2026-10-07,11.21500015258789,53.357143,752.0,False,False,-0.044564298769322885,-1.5364370979800257,0.04460405373687415,4.097978567099925,0.6682148974453295,26.063074094850734,9.874852411330693,9.58791046408543,9.537757467716299,9.537757467716299,33.2123977751301,26.081902275528122,68.38870649695218,-4.59882039426573,31.929795432069746,1836793.05,-57.237370862220985,11.755620002746582,8.500733375549316
SHOO,"Steven Madden, Ltd.",ok,Consumer Discretionary,Footwear,2026-10-07,44.55500030517578,22.2825,752.0,False,False,-2.248796587762636,-3.078096319236301,-0.4802326343300467,3.756429574363107,11.064679213231955,34.98522421402874,40.24412709947617,35.89324268021907,36.9730946282123,36.9730946282123,48.23243827146979,41.15618550190708,65.75186623562837,-8.74000891360863,43.4360305992418,1146701.25,-56.07181905487588,48.822052001953125,31.0626277923584
SIG,Signet Jewelers,ok,Consumer Discretionary,Specialty Stores,2026-10-07,103.75,12.046984,752.0,False,False,1.6160642022899907,3.151718145988891,1.387665536535132,25.49897459532462,24.693577951366752,11.688826665786213,90.65859061952621,82.78594134053387,84.84942723842377,84.84942723842377,50.33361173464284,50.72169550822222,55.79054569034931,-1.3555745222150022,40.866301567616595,939824.3,-60.55794684176606,105.17573547363281,73.65139770507812
SKT,"Tanger Factory Outlet Centers, Inc.",ok,Real Estate,Retail REITs,2026-10-07,34.55500030517578,31.715595,752.0,False,False,-1.1018841919441358,-1.580747067865751,0.743443363811247,-7.334407463671377,-11.779006966901983,7.127038644272732,35.353452652219744,33.34082462873117,30.677149881707862,30.677149881707862,68.09639317960041,24.10556185882044,34.58064909904233,-17.309834187631125,12.27318031589709,985335.8,-65.86787976241196,41.78852462768555,30.77760887145996
SKY,"Champion Homes, Inc.",ok,Consumer Discretionary,Homebuilding,2026-10-07,80.79000091552734,23.536444,752.0,False,False,-5.93782571936512,-8.29738670283976,-5.7292837894500686,-4.4809657525164415,-2.6274560360399435,16.24460563385228,82.09123015025305,83.45490046801321,80.74921552678371,80.74921552678371,30.516961105002526,44.17150940043928,40.285204688065235,-17.104451390869325,25.723620027670506,551187.85,-0.18702335329052744,97.45999908447266,64.26000213623047
SKYW,"SkyWest, Inc.",ok,Industrials,Passenger Airlines,2026-10-07,96.55000305175781,9.610337,752.0,False,False,-1.1871825233689792,0.12444544872161067,-0.3817531202823021,1.6529791949197792,-3.459653045261968,-3.7771511106799105,97.26134911794512,100.17529874398889,88.55523930204676,88.55523930204676,135.48781232136054,36.993779445777726,52.134727518902466,-16.72416679432774,23.15051169978333,348897.1,-67.37089531555291,115.94000244140625,78.4000015258789
SLG,SL Green Realty,ok,Real Estate,Office REITs,2026-10-07,48.60499954223633,,752.0,False,False,0.423549607220175,-0.4199996420546359,-0.6439056387965048,-6.76971466277243,1.8530747552198523,-13.135588627236483,45.80081659650046,52.062381341637845,49.68815708414037,49.68815708414037,65.42683507911113,41.23456537901067,33.092744580794786,-17.72423383309619,43.4476128652091,842542.2,-43.40414046916582,59.07571792602539,33.88344955444336
SLVM,Sylvamo Corp.,ok,Materials,Paper Products,2026-10-07,31.809999465942383,16.917553,752.0,False,False,-3.342450278243392,-2.0628081457411684,-1.3234908487447794,-8.87966955059195,-15.78092112970796,-23.31370960941107,40.9902943126739,50.68539061299358,52.359312237577235,52.359312237577235,-16.700350937760323,40.76567221231104,27.093071064740357,-39.75888456705475,0.0,375209.05,-52.08511095348046,52.804466247558594,31.809999465942383
SM,SM Energy Company,ok,Energy,Oil & Gas Exploration & Production,2026-10-07,35.20000076293945,6.239362,752.0,False,False,0.28490681813586605,-0.11350997055084022,4.203676835278247,-6.779654852722472,24.937086129702802,44.50760795373172,26.484060120961022,28.399006851165893,32.278697533810394,32.278697533810394,-3.5201488560237637,48.80217170178889,39.81588502010287,-14.749334021684923,104.64006126248759,3898784.55,-58.81560062096789,41.290000915527344,17.2009334564209
SMP,"Standard Motor Products, Inc.",ok,Consumer Discretionary,Automotive Parts & Equipment,2026-10-07,37.029998779296875,9.422391,752.0,False,False,-1.4110824670284128,-1.305974606845739,-0.18867843046690425,-6.158135736328429,0.6097303760233652,-5.78810808754322,37.937477808150035,34.04786578782526,32.96302053268919,32.96302053268919,24.160476832288502,33.65389712268095,47.07260246070062,-15.930503693372644,8.555823451262116,160764.65,-66.97470494912905,44.04689025878906,34.111480712890625
SMPL,Simply Good Foods Company,ok,Consumer Staples,Packaged Foods & Meats,2026-10-07,9.954999923706055,5.849897,752.0,False,False,-0.0502019520257746,1.2716175073262281,4.899896351979582,-7.481415316470075,-23.48193890414979,-58.013495115546235,15.098611105056037,24.555268895578575,28.345870976752423,28.345870976752423,-70.7378019113629,37.06033089586764,47.29343986227966,-60.868711813198,5.567334056629038,2318831.5,-48.76600563689082,25.440000534057617,9.430000305175781
SNDR,Schneider National,ok,Industrials,Cargo Ground Transportation,2026-10-07,31.184999465942383,49.42857,752.0,False,False,-1.3132940206250776,-5.18394635252768,-2.0879149374021355,-9.708613099924278,-15.58181808418645,43.38433747872463,29.731925169626873,27.60647892287053,26.200287468889925,26.200287468889925,19.92131510090236,33.4808404016599,37.16149865416897,-19.093849707415224,56.058809734184265,726276.5,-59.37773010692209,38.54465866088867,19.982851028442383
SNEX,StoneX Group Inc.,ok,Financials,Investment Banking & Brokerage,2026-10-07,61.32500076293945,20.284767,752.0,False,False,-7.083332177364465,-6.815069080744296,-5.128401389248549,-11.213260411328974,-25.0000023326725,39.3750017339533,59.96216269901821,47.8967150122046,38.986185740917286,38.986185740917286,223.59581072158971,38.24812889216995,38.085799203311765,-33.8267014926221,64.83245739071839,900779.8,-16.09536537120393,92.67333221435547,37.204444885253906
SONO,"Sonos, Inc.",ok,Consumer Discretionary,Consumer Electronics,2026-10-07,17.020000457763672,37.755554,752.0,False,False,-2.3522652910703656,-3.8418094681644144,-4.863046179801255,17.460322474872434,20.880685724348847,-4.435704839235999,15.705992062886557,14.048725092078586,14.3965159362935,14.3965159362935,39.622650070907525,47.168817014581734,59.67414624747451,-11.169099199849324,34.0157536486491,2207740.1,-47.12683798242375,19.15999984741211,12.699999809265137
SPHR,Sphere Entertainment,ok,Communication Services,Movies & Entertainment,2026-10-07,106.12120056152344,,752.0,False,False,0.7033624287567708,-17.25442451343202,-21.064267603108057,-25.48191992655724,-30.188011054265818,67.3044301607297,117.96004404340472,79.75289064764502,66.30298019723689,66.30298019723689,181.48858995738973,53.49601249086966,12.356589711628715,-39.83376934815784,80.78568855577188,780664.1,84.75065011955847,176.3800048828125,58.70000076293945
SPNT,SiriusPoint Ltd.,ok,Financials,Reinsurance,2026-10-07,24.68000030517578,6.078818,752.0,False,False,0.28443597353986494,1.0647019986467443,1.7731971347454856,2.1946198551441753,1.147543815668195,35.45555013872246,22.094960364084397,19.40366537732432,17.042047901356472,17.042047901356472,144.1147491916643,30.511253122602948,53.58166408345557,-6.195359915824375,39.90930362309752,1131568.3,-68.06502974676827,26.309999465942383,17.639999389648438
SPSC,"SPS Commerce, Inc.",ok,Information Technology,Application Software,2026-10-07,81.30999755859375,39.263287,752.0,False,False,0.35793745685395173,-1.2629033816608626,-1.3706997202185267,2.9240475425237333,33.865649179623446,-24.172344480919794,73.35634914277092,111.15203186430304,135.70805854493,135.70805854493,-53.04614054493007,41.84235352070473,53.53241632390874,-28.069712579571565,62.9132394453609,533833.85,-37.06337655433427,113.04000091552734,49.90999984741211
SRPT,Sarepta Therapeutics,ok,Health Care,Biotechnology,2026-10-07,17.475000381469727,7.22095,752.0,False,False,0.9532115575854538,-0.14285496303013678,-4.088907573880718,-16.547278243628895,-14.839181327317563,-24.871022315076775,19.441607081700884,44.718057714135526,70.19498002148688,70.19498002148688,-85.84217747851942,80.90749133127726,22.19320897440069,-28.52760803198916,17.59758267300798,2491586.35,-49.396616336415555,24.450000762939453,14.859999656677246
STAA,STAAR Surgical Company,ok,Health Care,Health Care Equipment,2026-10-07,22.329999923706055,278.9375,752.0,False,False,0.8126424752856298,-0.6230502622455947,-1.2383930963598244,-7.574503043310554,-20.164460236348937,-16.77226989487971,24.11781747000558,23.29794822556089,27.974015953692984,27.974015953692984,-44.877805853088674,63.35172603854051,57.394842241364145,-33.023395856305136,38.69564841381456,1058472.75,-56.66822787832753,33.34000015258789,16.100000381469727
STBA,"S&T Bancorp, Inc.",ok,Financials,Regional Banks,2026-10-07,48.41999816894531,12.864362,752.0,False,False,-0.7990231374160883,-2.4576978962605245,0.10336828233334927,-3.06306820945903,-0.15588975861393628,32.74459892198058,43.52186996217758,40.09676938987823,36.97925260726442,36.97925260726442,95.791164926251,28.610851243963246,40.72898788425812,-8.594736680646168,44.46749103239356,308998.1,-59.817875902796814,52.972877502441406,33.51618957519531
STC,Stewart Information Services Corporation,ok,Financials,Property & Casualty Insurance,2026-10-07,50.51499938964844,11.055799,752.0,False,False,-2.3298565402437243,-2.007759190553049,1.61939312010011,-24.025984755402096,-25.05446795717542,-25.236718514992173,66.44479117317805,65.67145615079963,62.62631300155153,62.62631300155153,30.704001255497126,31.13726861914074,13.483694159913867,-32.434997621842435,1.6193931201001168,325554.0,-33.38125165103178,74.7650375366211,49.709999084472656
STEP,StepStone Group,ok,Financials,Asset Management & Custody Banks,2026-10-07,44.07500076293945,12.913453,752.0,False,False,-2.4025666256392464,-2.6397165512272003,1.5552977265635537,-13.135594590167033,1.5704033226910274,-32.64037553495939,52.659072300744434,54.38043777496216,48.276303425748296,48.276303425748296,57.113946327637336,43.18958010185827,38.24330619309274,-40.36660867798714,12.20524144478513,1150688.0,-53.50955254595511,73.9099349975586,39.280696868896484
STRA,"Strategic Education, Inc.",ok,Consumer Discretionary,Education Services,2026-10-07,80.38999938964844,13.420702,752.0,False,False,0.7141063605656361,0.8404392356824442,3.501997276717672,-1.2892964394411233,-2.990803215435922,-1.2519415740605888,79.0499133760967,81.33924444738138,85.10782898233292,85.10782898233292,9.065184513992897,33.900650570368,49.91087707655051,-7.574431863883991,13.041360614483516,306190.9,-64.81998648555525,86.97809600830078,71.11556243896484
SUPN,"Supernus Pharmaceuticals, Inc.",ok,Health Care,Pharmaceuticals,2026-10-07,43.1150016784668,9.656951,752.0,False,False,0.665421048862691,1.7343100326265626,0.17425827449830678,1.6144269817680357,-11.55897091596555,-10.753466253669696,48.15085302080427,42.11628479216678,37.82541882991791,37.82541882991791,57.46896639882743,36.26905828924108,51.076772971290126,-24.35964617812843,4.445259092619522,685618.25,-72.30747577095563,57.0,41.279998779296875
SXI,Standex International Corporation,ok,Industrials,Industrial Machinery & Supplies & Components,2026-10-07,285.2300109863281,32.981567,752.0,False,False,-4.001744859402622,-1.1642764455454424,4.456900877662573,5.006812892185075,-7.787513076254237,32.65180936176832,266.06170145670575,222.19728407536846,201.60539336914712,201.60539336914712,90.59899066165752,35.358808401545325,70.95689987745389,-20.172921345138146,34.39305857606511,138100.05,-6.08185876833498,357.3098449707031,212.2356719970703
SXT,Sensient Technologies,ok,Materials,Specialty Chemicals,2026-10-07,132.9149932861328,34.81152,752.0,False,False,0.0037541373004046363,3.363400786541404,1.6791554811292686,-0.7578581685624086,11.149445226814558,44.14897256802763,106.70216251554943,96.22935102850317,86.1150022060313,86.1150022060313,153.04978693349457,32.480837619766966,62.866003332439774,-3.299384330882935,61.30821490300406,351617.55,-38.242274880761784,137.4499969482422,82.39815521240234
TALO,"Talos Energy, Inc.",ok,Energy,Oil & Gas Exploration & Production,2026-10-07,16.639999389648438,9.9943495,752.0,False,False,-0.7159954510418509,-0.8343342745420257,1.8983433398083616,-3.0303057248691756,21.19446427117748,62.49999767169352,13.603531765559364,11.428286861138515,11.882912239495743,11.882912239495743,3.9999961853027344,48.02552027386168,43.57682837479131,-9.219861107974975,83.86739269557147,2102214.35,-48.8640632673828,18.329999923706055,9.050000190734863
TBBK,"The Bancorp, Inc.",ok,Financials,Regional Banks,2026-10-07,48.14500045776367,9.044173,752.0,False,False,-0.608997062982275,-1.3624275697956323,-0.03114491215938653,-25.25229355624762,-27.645025856125493,-38.62969747528786,61.864742082262794,59.98648411724197,53.33418217111141,53.33418217111141,39.14740630342368,44.88590823103335,32.32178729319992,-40.073434587577744,0.0,617858.95,-50.671751214415515,80.33999633789062,48.14500045776367
TDC,Teradata,ok,Information Technology,IT Consulting & Other Services,2026-10-07,29.290000915527344,6.1470585,752.0,False,False,-1.1141117972858106,-2.8201675226742884,1.5603355081781123,5.511529805585802,-15.9058301013003,27.23718650339586,28.947341305868967,27.121494046245438,30.61472074782595,30.61472074782595,-35.96414551660081,50.410318946664646,50.212770792734545,-22.676874103412732,43.43781002004397,1542865.5,-20.562745099945523,37.880001068115234,20.420000076293945
TDS,"Telephone and Data Systems, Inc.",ok,Communication Services,Integrated Telecommunication Services,2026-10-07,35.5,8.8575,752.0,False,False,0.995728190405365,0.3108239961816306,4.658024517528481,-6.307155999325453,2.384610763831052,-8.606841696305745,39.776024349152095,37.405419266081424,31.16905650179437,31.16905650179437,110.71845728592868,44.598325358029335,45.210084141365705,-25.18122391303439,7.75530091573535,1628954.9,-36.14322901143549,47.44798278808594,32.94501495361328
TDW,"Tidewater, Inc.",ok,Energy,Oil & Gas Equipment & Services,2026-10-07,82.79000091552734,16.901222,752.0,False,False,0.8773013566229171,0.4489235074036202,2.0838501519152564,-10.01086857007898,17.16670906418667,54.17132167466203,71.92547630128406,61.14906384745442,67.91571820543167,67.91571820543167,20.439341705541537,52.64808053221054,35.29755294170015,-17.711956651147016,75.06872343566359,551187.05,-36.54767469591312,100.61000061035156,47.290000915527344
TFIN,"Triumph Bancorp, Inc.",ok,Financials,Regional Banks,2026-10-07,61.79999923706055,41.804054,752.0,False,False,-0.2743294824815723,-0.6111306951595563,3.0171653741484006,-10.213573161380252,-20.319750925246094,27.05592107842998,65.0011508426969,67.37524903438006,70.11269286338319,70.11269286338319,1.8289679279430038,41.84065831324056,42.06349646863399,-23.778986382076834,31.629389207258797,236190.95,-45.54448424039956,81.08000183105469,46.95000076293945
TFX,Teleflex,ok,Health Care,Health Care Equipment,2026-10-07,124.31999969482422,11.349936,752.0,False,False,-0.33669887456948544,0.16113192379678676,-0.5758167109975787,-9.255474675310793,-7.0214350526315865,-1.5711590279563037,122.69029753548759,135.97435423102513,163.6022970930059,163.6022970930059,-34.478325121647316,36.24535674077885,46.97475756951237,-12.481522686397572,24.88833920723213,860963.2,-25.773366387785213,142.0500030517578,99.544921875
TGTX,"TG Therapeutics, Inc.",ok,Health Care,Biotechnology,2026-10-07,52.775001525878906,19.174545,752.0,False,False,1.1209099723381355,-2.790567994289972,-5.387230762244643,-5.319339905462028,-10.641719778649383,43.566387202375,39.79749995186215,36.56949199813295,29.9400465082615,29.9400465082615,637.0810426058006,61.05119600702565,35.24951299828591,-10.641719778649387,95.89829428236504,1865884.65,-46.620869623425,59.060001373291016,26.940000534057617
THRM,Gentherm Incorporated,ok,Consumer Discretionary,Automotive Parts & Equipment,2026-10-07,30.364999771118164,36.656628,752.0,False,False,-2.048387835102694,-2.9872188138436173,-2.8329733515850997,-17.58374565606424,-9.314404582036373,-9.845027501788373,32.75747785870991,32.45152009150896,37.37019921363668,37.37019921363668,-40.67359816451922,42.108999815752824,28.058684112852404,-29.05805615926497,18.914450342028328,1626965.75,2.043635522136844,42.80260467529297,25.53516387939453
TILE,"Interface, Inc.",ok,Industrials,Office Services & Supplies,2026-10-07,34.974998474121094,14.190283,752.0,False,False,-0.2139822099058719,0.24362019478245678,1.6715026823752366,-1.2842275674161296,5.306413013565514,28.92486538169081,30.53731015371898,26.548637618106675,22.473153994438498,22.473153994438498,272.1165992829586,41.869125720506425,59.11176435537371,-10.976973018267298,43.48063888691968,485625.35,-28.132458488833002,39.2875862121582,24.376110076904297
TMDX,"TransMedics Group, Inc.",ok,Health Care,Health Care Equipment,2026-10-07,82.2750015258789,21.148964,752.0,False,False,2.4850557759307224,3.1079684364210713,-1.4080233257432462,-6.791656672911417,13.97007721762893,-27.78460343588607,104.92886956532796,101.02563773683343,102.75638972952011,102.75638972952011,71.22789351143406,68.89502280625004,41.51344630999824,-45.303149496471114,32.61605466109391,765370.0,-20.16932986660047,150.4199981689453,62.040000915527344
TMP,Tompkins Financial Corporation,ok,Financials,Regional Banks,2026-10-07,96.86000061035156,7.9198694,752.0,False,False,-0.9712677353591492,-2.052784702018484,0.6337668678977337,-1.5850412391960167,6.094793450145719,50.92285998029957,81.98480077773806,72.4784938690672,64.23133195207474,64.23133195207474,114.94330783008931,34.85810987306145,45.98243125036704,-4.2979928005833345,61.2064062093175,112578.75,-69.82112521235135,101.20999908447266,60.0844612121582
TNC,Tennant Company,ok,Industrials,Industrial Machinery & Supplies & Components,2026-10-07,65.58000183105469,63.240383,752.0,False,False,-3.7993199463961402,-2.2943993630956228,-2.439749122086199,-10.726922613158019,-22.756224625425247,-20.278981301452724,75.98685046604702,77.9381316135604,83.40865299549509,83.40865299549509,-11.018664575318848,31.729868508011016,45.6540158279273,-27.73067459986494,8.533454614877225,169358.85,-54.01657486455535,90.743896484375,60.42376708984375
TNDM,Tandem Diabetes Care,ok,Health Care,Health Care Equipment,2026-10-07,15.800000190734863,99.30171,752.0,False,False,-2.2277206687900897,-4.242423086455371,-3.126911660987308,-20.523134518454413,2.7976597812455983,5.263157560337217,19.008988126875863,21.306543868851378,25.321136976810212,25.321136976810212,-13.519431883644007,73.77799320639404,38.18182391389503,-44.09058718057901,23.244934218787474,2272798.1,-45.88335849101599,28.260000228881836,12.819999694824219
TPC,Tutor Perini Corporation,ok,Industrials,Construction & Engineering,2026-10-07,85.94000244140625,37.06035,752.0,False,False,-3.5032508451786293,-0.9108738440561703,4.144457025528969,-3.99910001776953,14.729802072409681,37.23534628316125,77.38188216799782,56.51344256382065,42.78279396891594,42.78279396891594,1049.8491913189118,60.07378088269329,50.76662198495957,-13.203100679622123,46.76427996425591,451216.6,-44.055249740368595,99.01275634765625,58.55648422241211
TR,"Tootsie Roll Industries, Inc.",ok,Consumer Staples,Packaged Foods & Meats,2026-10-07,37.04499816894531,29.349207,752.0,False,False,-0.8431542726446639,-2.487505837771853,-1.3973956085797656,-4.152660526698638,-2.590062166627749,-11.165277858582712,38.9785601752145,35.58871670073247,33.18445714737506,33.18445714737506,35.76460387537217,24.626063208083004,41.78346400445516,-17.12812113903131,9.994337816150397,176136.9,-56.14888192082408,44.70153045654297,33.67900466918945
TRIP,TripAdvisor,ok,Communication Services,Interactive Media & Services,2026-10-07,8.680000305175781,86.75,752.0,False,False,1.8779323804649861,1.9976506665297933,3.7037087676852654,-4.51044929075588,-34.88371826815032,-45.74999809265137,12.260476195623005,13.777071705852372,15.742087761138349,15.742087761138349,-44.03610459648878,54.30330173779293,45.88745571711135,-48.086120444736224,7.960203312926996,4255060.4,-52.75723935669633,16.719999313354492,8.039999961853027
TRMK,Trustmark Corp.,ok,Financials,Regional Banks,2026-10-07,44.290000915527344,11.227158,752.0,False,False,-1.991586055613881,-3.5706496380398023,-1.2045525172235783,-3.3602462448164894,-2.9794258380802408,13.780244301485812,42.705989883059544,38.926388862123524,34.71156425425347,34.71156425425347,120.89064509399599,27.607194082923094,27.52293192691181,-8.218375980169457,23.551459671322814,415413.4,-59.34940952795456,48.2558479309082,35.847412109375
TRN,"Trinity Industries, Inc.",ok,Industrials,Construction Machinery & Heavy Transportation Equipment,2026-10-07,25.40999984741211,5.967136,752.0,False,False,-3.052267321651614,-2.755450962415451,-0.5090096454781201,-9.282400429218129,-26.416040825632937,-5.453277035574544,30.22587402283199,29.585719165574034,28.24115664400953,28.24115664400953,30.450485560481468,35.21772295659335,21.73910692014836,-33.254530992636944,5.032678635824438,789002.15,-47.72599795830721,38.06999969482422,24.19247055053711
TRNO,Terreno Realty Corporation,ok,Real Estate,Industrial REITs,2026-10-07,63.404998779296875,17.053762,752.0,False,False,-1.284453580131506,-1.7586026032382684,-1.7738252801364651,-3.1714630888841744,-6.689158403490891,12.298922564791702,63.10074736580016,59.957265800688845,58.7532209690581,58.7532209690581,20.936259122475718,24.047289697754916,32.56754397759897,-14.81718785057774,17.21726934321477,781275.0,-63.99475216793063,74.43402862548828,54.09185791015625
TRST,TrustCo Bank Corp NY,ok,Financials,Regional Banks,2026-10-07,54.31999969482422,15.130919,752.0,False,False,-1.4692569519275445,-2.4600448297151023,0.0552565459402965,-5.448217626716501,0.44043187307301057,51.40357314534461,47.0511142337133,39.47904023326251,35.15307403625326,35.15307403625326,125.40403326086408,27.70419136069823,36.20930690558475,-8.10353724592671,61.80297792723193,142146.8,-73.94524533791827,59.11000061035156,33.571693420410156
TRUP,Trupanion,ok,Financials,Life & Health Insurance,2026-10-07,24.7549991607666,46.67925,752.0,False,False,0.3038851485552607,4.983033252172597,5.971740213897392,-5.225886809377522,-4.198920222191349,-41.14360829173309,29.777936549413774,38.00368532811503,35.4412035206531,35.4412035206531,-4.383933007490304,63.03402732258432,43.03898153346585,-43.764200583054205,15.354148261255224,444141.6,-46.92413410497913,44.02000045776367,21.459999084472656
UA,Under Armour (Class C),ok,Consumer Discretionary,"Apparel, Accessories & Luxury Goods",2026-10-07,4.681000232696533,12.315789,752.0,False,False,-0.8262618480653239,1.9825724854787952,7.609203110819918,-5.434335089571219,-27.42635083535219,-3.285122208236746,5.5252817415055775,6.066496019819343,6.444589095546844,6.444589095546844,-25.10399627685547,50.502692917132755,43.36947724882034,-40.59644461022133,18.207075444548295,2850378.35,-18.811129055902352,7.880000114440918,3.9600000381469727
UAA,Under Armour (Class A),ok,Consumer Discretionary,"Apparel, Accessories & Luxury Goods",2026-10-07,4.815000057220459,24.810244,752.0,False,False,-1.3319683544291472,2.229299749959157,7.959641615182145,-4.841895026277399,-26.934750444131474,-3.6999988555908248,5.687797629644001,6.392480094119372,6.763730065619692,6.763730065619692,-28.454679887455093,53.29936299015466,44.44445583839909,-40.84766763959407,15.467625158888543,10933055.85,5.788511086769943,8.140000343322754,4.170000076293945
UCB,"United Community Banks, Inc.",ok,Financials,Regional Banks,2026-10-07,33.20000076293945,10.836601,752.0,False,False,-1.542112808241558,-2.6678388482231363,-0.4497682699986849,-5.225883957426913,-5.145243121429333,7.487059644752958,32.633490925743466,30.85003864242736,28.788237389097823,28.788237389097823,41.142693625447066,30.27791598616804,34.00002882213269,-9.825322963789244,18.2951874514292,895011.05,-44.2553251158184,36.81743240356445,28.065385818481445
UCTT,"Ultra Clean Holdings, Inc.",ok,Information Technology,Semiconductor Materials & Equipment,2026-10-07,71.43499755859375,11.171663,752.0,False,False,-2.464500761637356,-1.7265164956131729,-11.873920910301806,-5.534256857954745,-32.72907437966177,143.2243633550346,62.99871029929509,45.74755977539427,43.425285887210926,43.425285887210926,147.95209608747243,69.1979425285117,57.12195566998487,-49.90181682218668,229.95380516058952,915055.45,-41.10641054594014,142.58999633789062,21.649999618530273
UE,Urban Edge Properties,ok,Real Estate,Retail REITs,2026-10-07,19.295000076293945,36.433964,752.0,False,False,-1.5561239757124423,-2.055840969343581,-1.2032800926231157,-6.99466752744774,-14.199305291802379,0.6154506876588917,20.368369571746342,19.65067570522962,18.524536971082078,18.524536971082078,44.55806143920205,22.509451954057905,27.855152019398645,-17.781875082645733,8.447141792932014,842580.9,-48.63187617948614,23.468061447143555,17.792078018188477
UFCS,"United Fire Group, Inc.",ok,Financials,Property & Casualty Insurance,2026-10-07,55.279998779296875,10.261596,752.0,False,False,0.7472204399367355,1.2083483345270318,5.115038256140059,0.5456515815903007,6.790726191853547,79.14006877783395,42.37714083232577,34.687438535500334,29.902383860121382,29.902383860121382,206.04391171701394,34.89182472304571,58.974362557246714,-1.2504479611710426,86.35575738613369,134198.65,-52.404141174296456,55.97999954223633,29.663692474365234
UFPT,"UFP Technologies, Inc.",ok,Health Care,Health Care Equipment,2026-10-07,292.7300109863281,31.612312,752.0,False,False,-3.3479658910866905,-2.650482506537377,-1.377938224165287,4.096589694996755,17.227985709742043,44.96608805227629,238.28801618303572,240.6719720848053,237.97727375842155,237.97727375842155,76.5135175171528,50.08110927271545,64.28100522784507,-12.576151538679644,57.99331439710571,109509.75,-30.78698472053858,334.8399963378906,185.27999877929688
UNF,UniFirst Corporation,ok,Industrials,Diversified Support Services,2026-10-07,253.47999572753906,40.06161,752.0,False,False,0.6991873900766388,0.6751914196855502,1.1815389608004656,-8.046146571831835,-6.2957322645117,54.595033695852855,235.7081487140958,210.9374797562679,197.06225805079683,197.06225805079683,62.876620070395916,33.84667381281864,36.244663062755855,-15.72868781679614,70.00095581670752,382427.45,-59.456623733468916,300.7903747558594,149.10504150390625
UNFI,United Natural Foods Inc,ok,Consumer Staples,Food Retail,2026-10-07,43.5099983215332,32.518658,752.0,False,False,-1.7611257120581425,-4.562408037054189,-2.857786487676539,-3.1604762385879615,-9.240718464909758,5.172829211748153,43.109761866312176,34.91442225558824,27.937991983078895,27.937991983078895,209.23951148015138,52.486828730506254,36.4167490026818,-21.631848049725733,38.47867032425958,655740.3,-19.26590450518293,55.52000045776367,31.420000076293945
UNIT,Uniti Group,ok,Communication Services,Alternative Carriers,2026-10-07,7.875,5.048077,752.0,False,False,-2.777782356460834,-2.0522383412424627,-6.026254266639819,-23.17073170731707,-29.117909600770975,28.88706756001964,8.917837328381008,8.558399933742812,8.235440572525592,8.235440572525592,11.63631285286284,54.87226584324391,14.770467250723726,-38.23529411764706,46.92163813131437,2643412.1,-28.938737928906356,12.75,5.360000133514404
UPBD,"Upbound Group, Inc.",ok,Consumer Discretionary,Computer & Electronics Retail,2026-10-07,15.5,10.077923,752.0,False,False,0.9114605888802529,-0.09851892155833264,1.2377432522717724,-13.85189987800446,-21.779897580445596,-23.029549149968354,18.065076722039116,20.698184875853034,22.68442205165295,22.68442205165295,-35.762869596348104,42.13381338806562,22.1881660239154,-30.165530725412037,5.32043916348775,1010589.8,-17.385273431415992,22.195343017578125,14.716991424560547
UPWK,"Upwork, Inc.",ok,Industrials,Human Resource & Employment Services,2026-10-07,8.425000190734863,10.922078,752.0,False,False,0.7775183819020981,4.658384982792985,3.247553287722149,1.2620252375245222,-2.9377892335886724,-51.58045761240943,12.925972232742915,13.874671321466149,13.266522618684363,13.266522618684363,-24.371634370866467,54.54191510876352,47.00314622263752,-61.89507029325721,7.461735035220263,2650697.95,-41.88477793178963,22.110000610351562,7.840000152587891
URBN,"Urban Outfitters, Inc.",ok,Consumer Discretionary,Apparel Retail,2026-10-07,79.77999877929688,12.510173,752.0,False,False,-0.5856713030568561,-1.2623814776437037,4.451429232968129,0.44063763411352763,15.172517172746925,9.19792149638894,71.68674594636947,65.06081667744306,56.56007974198524,56.56007974198524,153.1091295071549,47.445713248516995,67.40284983696539,-3.821577197794567,33.92647169381909,1076351.95,-47.030429962987476,82.94999694824219,59.56999969482422
USLM,"United States Lime & Minerals, Inc.",ok,Materials,Construction Materials,2026-10-07,110.7249984741211,23.70985,752.0,False,False,-0.970395410217284,-0.25673692156101824,-2.1085687590494118,-5.516685581193315,11.673694935406687,-12.52493979550543,117.84564517793201,114.65019625781542,96.78483540961084,96.78483540961084,161.0947127992647,39.40385879538052,39.144443888080175,-20.519787047235504,13.632478665939024,149772.75,-67.11351030144002,139.3114013671875,97.44132995605469
USPH,"U.S. Physical Therapy, Inc.",ok,Health Care,Health Care Facilities,2026-10-07,82.98500061035156,461.02777,752.0,False,False,-0.7712503458680242,-0.8779271376429532,-3.2019160610006203,5.431332201250472,13.651880128670912,-4.917999826917175,76.25423333001515,77.54333400346368,81.350433126409,81.350433126409,-1.6016917581971213,34.412426828836836,49.577960108892526,-8.62288505270204,42.53013758790928,192507.45,-2.2640422487545386,90.81595611572266,58.222774505615234
UTI,Universal Technical Institute,ok,Consumer Discretionary,Education Services,2026-10-07,19.690000534057617,32.409836,752.0,False,False,0.10168000857191384,1.5995943586963213,5.463312552734312,-8.800368712839168,-59.5936779827148,-38.101223311434296,31.86547625254071,29.623386517938865,24.5422340790008,24.5422340790008,135.24493193875838,54.37369645134926,40.27539359176761,-61.542968279973145,6.605312756135399,1876344.4,-68.69508604070766,51.20000076293945,18.469999313354492
UTL,Unitil Corporation,ok,Utilities,Electric Utilities,2026-10-07,51.63999938964844,16.309149,752.0,False,False,0.8987867950952966,0.8593723049853397,1.7336507037312598,-4.352662003630991,-1.1132751350339753,14.5554980963573,50.481392179216655,50.86786668329125,49.99342624177324,49.99342624177324,25.166451831947946,22.459240606664707,37.91999765625286,-6.959234307933359,13.056790736321036,162498.75,-59.83046023430949,55.5025520324707,45.6761589050293
UVV,Universal Corporation,ok,Consumer Staples,Tobacco,2026-10-07,42.47999954223633,55.194805,752.0,False,False,-0.5152253320193645,0.6635042043477313,1.6511093840455349,-7.025605561292769,-16.10143249948166,-17.73534942067272,50.48472041175479,50.495423731100985,48.751774260338316,48.751774260338316,6.802664456676211,26.26107716542493,29.850730486866524,-25.372063176302206,1.9927922831928564,357110.65,-41.219059134752776,56.92238235473633,41.650001525878906
VAC,Marriott Vacations Worldwide,ok,Consumer Discretionary,"Hotels, Resorts & Cruise Lines",2026-10-07,102.8499984741211,10.71922,752.0,False,False,-1.6448323856964264,-1.2955839862372143,0.5572934118372341,1.2302769709512384,4.9184623737390964,57.00786556034343,75.83874054560586,73.67951795874365,75.05504815121914,75.05504815121914,23.232494332811115,49.92884914002479,45.25288370213264,-16.897850924943544,136.1503103634838,377662.25,-65.72466535906091,123.76334381103516,43.55276870727539
VCEL,Vericel,ok,Health Care,Biotechnology,2026-10-07,40.54499816894531,88.565216,752.0,False,False,1.2359524127698807,0.9838023114689287,1.0089655840934464,3.748711026739193,-16.073282930268583,20.16892753986297,38.073670765710254,41.63987052963074,42.26577795059123,42.26577795059123,18.000574647051693,45.18955037351818,52.95467099947211,-16.073282930268583,38.19017708958363,540551.25,-28.642288774653657,48.310001373291016,29.34000015258789
VCTR,"Victory Capital Holdings, Inc.",ok,Financials,Asset Management & Custody Banks,2026-10-07,111.79000091552734,20.451555,752.0,False,False,-1.8093962109819506,-1.2717498884698863,1.0759515893525862,-0.9072281771279722,25.592132866308702,73.78494962888813,80.08418620578827,70.84574037529083,60.59529318708054,60.59529318708054,277.33651219667337,33.690463444763644,68.40058290503758,-7.296347969831804,88.65791990663759,762900.3,-51.26414290307659,120.58856201171875,59.25539779663086
VCYT,"Veracyte, Inc.",ok,Health Care,Health Care Services,2026-10-07,43.18000030517578,30.842857,752.0,False,False,-3.292275857708804,-5.741106721836131,-6.2119907764532805,1.7196690909689005,-27.18380967838242,19.811318557908987,42.08210309346517,37.76463140054528,33.40007976521837,33.40007976521837,97.43940854228772,57.64942846624258,55.54375459416432,-28.61630169114877,43.885371462340224,1513520.8,-45.28545626858911,60.4900016784668,30.010000228881836
VECO,Veeco Instruments Inc.,ok,Information Technology,Semiconductor Materials & Equipment,2026-10-07,53.4900016784668,144.97298,752.0,False,False,-3.915927002301567,-6.779364442727454,3.063584018962051,17.328364771743622,-6.892948706498925,73.33117505034758,42.43642857718089,33.33886454684801,33.78321808196129,33.78321808196129,96.14961782385443,53.71080065969384,77.45455913701808,-35.58525880451322,102.69042408333068,705083.05,-20.766638766880018,83.04000091552734,26.389999389648438
VGNT,Versigent PLC,ok,Consumer Discretionary,Other Specialty Retail,2026-10-07,45.0,6.5979533,134.0,False,False,-5.0031644190929425,-3.079905870722921,0.1335144083768558,-5.043256848343603,10.808301266832277,,42.05204256257014,42.05204256257014,42.05204256257014,42.05204256257014,49.40775080064655,57.72418647792661,40.582953312701264,,,730316.95,-37.04938657113188,,
VIR,"Vir Biotechnology, Inc.",ok,Health Care,Biotechnology,2026-10-07,11.539999961853027,,752.0,False,False,-0.5172449796859158,3.3124429993902194,3.220032619414015,3.220032619414015,11.605413844842172,106.44006523882803,8.458750018997797,7.613247022210839,8.197081127699386,8.197081127699386,33.410410066743964,72.18448156515387,57.82828507843372,-2.0373495463367934,125.39062929281508,2203667.85,-20.929236227682868,11.779999732971191,5.119999885559082
VIRT,"Virtu Financial, Inc.",ok,Financials,Financial Exchanges & Data,2026-10-07,58.72999954223633,9.730897,752.0,False,False,-4.690034793481679,-0.1020605074955383,6.47208068292211,-6.807364145296257,-11.784609076473995,85.10497921227822,46.54070115467859,41.810478168654726,34.83674567557396,34.83674567557396,264.33728843922523,34.690055048410734,53.169471897248286,-13.226079863684209,85.21932038081582,1301695.1,-51.224983484995846,67.68162536621094,31.708354949951172
VRRM,Verra Mobility Corporation,ok,Industrials,Data Processing & Outsourced Services,2026-10-07,2.940000057220459,10.787036,752.0,False,False,4.255323646042419,4.626338686410336,-5.161285559170803,-24.808184330363016,-30.33174873482779,-87.66778507381295,13.580753982067108,18.858406380828157,20.722194148187942,20.722194148187942,-84.93080459902713,55.910219359024595,31.496058114071104,-88.14037939232598,4.626338686410327,8013831.15,-56.326469394104976,24.790000915527344,2.809999942779541
VRTS,"Virtus Investment Partners, Inc.",ok,Financials,Asset Management & Custody Banks,2026-10-07,130.86500549316406,7.493154,752.0,False,False,-0.8748664913789894,-2.2008759578222903,-1.0996083362431741,-16.990161395697722,-15.587534106542922,-27.73338034056707,148.5059628259568,164.11423472674244,174.1901921921588,174.1901921921588,-21.944003967433044,33.5801141683277,55.15609303890155,-28.210778349684013,7.694758268569829,147078.0,-44.13848434164185,182.2906036376953,121.51473999023438
VSAT,"Viasat, Inc.",ok,Information Technology,Communications Equipment,2026-10-07,71.58999633789062,426.83148,752.0,False,False,-3.7510097049635704,-0.5694495307074665,1.719237186264455,-7.922834292102088,1.7047832911597727,116.8736745775318,56.112222224947004,35.00324700743079,29.478670222328063,29.478670222328063,348.5588732254323,86.39448645028693,46.930012346580874,-20.287275042865968,135.88136882396907,1692573.75,-27.93962449199038,89.80999755859375,30.350000381469727
VSEC,VSE Corporation,ok,Industrials,Aerospace & Defense,2026-10-07,166.91000366210938,53.25559,752.0,False,False,-0.9318566626560387,-0.2211831180580437,1.3418377382008684,-19.25793214179159,-22.10194444367296,2.3875419570666745,192.6630085536412,158.23367057283562,130.13962951112302,130.13962951112302,209.29912251408916,48.06489181637653,40.97238075808337,-31.44816552038782,7.931109914136535,431565.7,5.456480901980854,243.47999572753906,154.6449432373047
VSH,Vishay Intertechnology,ok,Information Technology,Electronic Components,2026-10-07,36.75,193.36844,752.0,False,False,-2.880550074504551,-3.7454172177728506,12.903228452790394,17.147554750397,-16.28897558312018,132.6244200185676,27.520829469438585,21.567765011730422,21.367749125399488,21.367749125399488,61.931439699742974,54.386243852118014,69.50636281315019,-43.19517248780327,216.4636769280877,3411402.45,-43.20080880518803,64.69520568847656,11.612707138061523
VSNT,"Versant Media Group, Inc.",ok,Communication Services,Cable & Satellite,2026-10-07,31.549999237060547,5.9518867,204.0,False,False,0.2542101221848725,1.971553627904643,0.7182712486548004,-16.52890802059507,-10.841403068261823,,36.572233761058136,36.572233761058136,36.572233761058136,36.572233761058136,-28.600563295168826,41.45055318491619,17.43521092252152,,,1835812.7,-45.72136906994923,,
VSTS,Vestis,ok,Industrials,Diversified Support Services,2026-10-07,13.885000228881836,17.871618,752.0,False,False,-0.25143568405372463,-1.0334961286463829,3.929645102514634,1.7216162411648916,-3.240419095656255,176.5936311083244,9.735059535692608,9.824809142792843,11.870341647178568,11.870341647178568,-6.148021350801425,61.58835171111594,50.88757485491746,-15.848483461322207,200.5411379399107,1564894.2,-38.571949464698626,16.5,4.619999885559082
VSXY,Victoria's Secret,ok,Consumer Discretionary,Apparel Retail,2026-10-07,85.74500274658203,19.154016,752.0,False,False,0.7697807461295225,-6.524583441977139,-3.0691797038094104,9.271060803755283,12.541015880034955,193.64726200764113,60.9958928123353,43.95236051415067,36.53819810202781,36.53819810202781,451.769645798362,70.29506148289816,65.98954172887963,-14.22926708054815,203.52213361621958,1693479.4,-64.9604240831037,99.97000122070312,28.25
VTOL,Bristow Group Inc.,ok,Energy,Oil & Gas Equipment & Services,2026-10-07,40.119998931884766,11.544669,752.0,False,False,-0.4713531008017857,-0.347738190474689,-1.4734829833779606,-8.023842470664565,-6.749686726375071,8.950384105112308,42.42355296725319,38.1671547642742,35.49434715636233,35.49434715636233,46.18557957730764,36.05744164293193,37.27811585828308,-19.32309662204176,13.34501426402,284650.35,-62.72374160087981,49.729225158691406,35.3963508605957
VVX,"V2X, Inc.",ok,Industrials,Aerospace & Defense,2026-10-07,68.33000183105469,23.537931,752.0,False,False,-3.7063095932218793,-3.4750657616294367,-3.4477814437635312,-8.281876736839344,-9.640307657694247,13.391974335050328,69.25956355200873,60.89619515711568,56.175797832773085,56.175797832773085,24.780869111505012,43.07586145771635,25.83532982787888,-24.754978892091913,31.00077076485046,693678.55,-63.3589650422375,90.80999755859375,52.15999984741211
VYX,NCR Voyix,ok,Information Technology,IT Consulting & Other Services,2026-10-07,6.675000190734863,23.910715,752.0,False,False,-0.817233702566833,-0.37312864540238744,-2.4122800902365515,-21.285370860119812,-16.458067810423383,-46.68530394025916,8.60998014987461,10.41485061113578,11.614203978092112,11.614203978092112,-58.40882945067587,48.503041012164665,44.25163412281371,-45.24199819106987,8.536586784167612,3164925.2,-25.802227490242114,12.1899995803833,6.150000095367432
WABC,Westamerica Bank,ok,Financials,Regional Banks,2026-10-07,58.400001525878906,12.830397,752.0,False,False,-0.5618900373396074,-2.013417749940438,0.13717735163463196,-0.08554189291345438,0.8044226123823162,26.81235681620113,52.80355256701272,50.36198271793198,48.62585063183561,48.62585063183561,46.422804802303716,25.013517294698932,38.70588298652469,-5.748023453761479,33.55738282417515,267590.25,-60.08636338581095,61.96156692504883,43.726524353027344
WAFD,"WaFd, Inc.",ok,Financials,Regional Banks,2026-10-07,29.454999923706055,9.282334,752.0,False,False,-1.5541448910500355,-4.366880995685552,-1.5870376766671246,-14.075259706557631,-21.436046973633218,1.672099461390597,33.03407149844699,31.22166836119268,29.938527781912622,29.938527781912622,23.789217933878206,29.99303972658729,24.816310591813874,-24.533043133377628,9.271013486348147,1467568.95,-23.200950796894414,39.03032684326172,26.955913543701172
WAY,Waystar Holding Corp,ok,Health Care,Health Care Technology,2026-10-07,25.75,36.79286,585.0,False,False,-2.462119802736795,3.7887970749374222,1.6179946524989886,6.229373940345462,11.087142627217194,-32.7149211079348,26.668908724709162,31.60975097185112,30.563205115815514,30.563205115815514,24.396130680834972,44.01873993159916,44.54022901882547,-35.00757018123664,48.757947974888225,2178754.4,-45.63462499490535,39.619998931884766,17.309999465942383
WD,"Walker & Dunlop, Inc.",ok,Financials,Commercial & Residential Mortgage Finance,2026-10-07,33.79499816894531,30.223213,752.0,False,False,-3.7179497490233415,-0.5151694008511121,-3.74537857746019,-19.382157335157203,-31.25820945182588,-55.85497965896666,52.87435758681524,66.92819953249744,73.34594276610841,73.34594276610841,-47.07024411903949,37.86939357104012,30.5451382053936,-58.67719730448907,2.2232207051512605,529980.95,-18.82368602116736,81.78292846679688,33.060001373291016
WDFC,WD-40 Company,ok,Consumer Staples,Household Products,2026-10-07,200.78500366210938,30.513678,752.0,False,False,-1.6579294397774058,-1.100877038378989,-0.5867195877762299,-0.4684440021036851,-15.801903981386467,6.807200227857169,212.65578769502184,222.10090014089153,225.5090337712714,225.5090337712714,3.3427597492250882,28.096033479657827,66.55925258686449,-23.90356363432802,8.580938750748428,126501.3,-63.29998189741923,263.8559875488281,184.9173583984375
WEN,The Wendy's Company,ok,Consumer Discretionary,Restaurants,2026-10-07,6.085000038146973,9.246212,752.0,False,False,-1.2175294013464177,-0.5718929422645291,-4.623825564300887,-20.03942271500546,-19.146828885327704,-30.610660466133986,7.513701215622917,10.030669824060691,11.930551975331408,11.930551975331408,-62.38433950126443,41.883034221434606,22.153854370117188,-32.7110094205441,0.0,5849862.4,-40.50718184414047,9.043084144592285,6.085000038146973
WERN,Werner Enterprises,ok,Industrials,Cargo Ground Transportation,2026-10-07,32.25,14.515991,752.0,False,False,-1.7068008224677689,-8.40670025969411,-4.713856210991985,-18.68852030150714,-27.694884795298936,14.958061215144758,33.970806053706575,32.37324985184993,33.72703504562378,33.72703504562378,-13.531629660661915,34.16499333105437,29.44678567257536,-31.532608436846587,41.57471472444058,864216.75,-54.810526410185865,47.10271453857422,22.779491424560547
WGO,"Winnebago Industries, Inc.",ok,Consumer Discretionary,Automobile Manufacturers,2026-10-07,24.360000610351562,17.957722,752.0,False,False,-2.3647299981820913,-7.376420847857834,-7.622298691365037,-17.058217581663683,-15.175122395659335,-22.665601766168564,33.48706468703255,35.81118128879137,42.87550368968477,42.87550368968477,-53.032037926069584,45.45924550774022,30.769237280436187,-49.39478944067612,0.0,633244.75,-23.205837869165123,48.13733673095703,24.360000610351562
WHD,"Cactus, Inc.",ok,Energy,Oil & Gas Equipment & Services,2026-10-07,63.2400016784668,53.163864,752.0,False,False,-1.4492699345729165,-0.3152537083410123,1.639344965850431,-9.033364884700335,17.429105256525567,71.59857164623796,53.61388330610971,51.432980191660114,50.54004952248106,50.54004952248106,30.483548261162507,41.50383704700165,31.179766953352456,-14.042464030854726,91.32726382178413,744652.9,-69.10533753376909,73.57121276855469,33.053314208984375
WINA,Winmark,ok,Consumer Discretionary,Other Specialty Retail,2026-10-07,294.2799987792969,26.643373,752.0,False,False,-0.5306767929115441,-1.1454881367003789,-1.968754326940969,-5.758025499270147,-23.799618625387197,-39.53525950423007,393.3436211480035,386.18919372558594,375.50191335475193,375.50191335475193,-19.909464079275864,33.595918537421845,49.61620330773888,-38.583247021789994,3.118646627025968,102059.15,-70.52395596083252,479.15264892578125,285.3800048828125
WKC,World Kinect Corporation,ok,Energy,Oil & Gas Refining & Marketing,2026-10-07,36.72999954223633,14.347656,752.0,False,False,0.5750248681281489,2.4546753293461787,4.465300630368962,4.489833169810509,7.466581841214559,45.7173343269232,28.30662214945233,27.29665387674157,25.843968865719248,25.843968865719248,83.03710785922573,29.696878771340423,62.90837381810583,-8.152778968834298,66.20076833265324,1233163.5,-50.11448198069437,39.99032211303711,22.099777221679688
WLY,John Wiley & Sons,ok,Communication Services,Publishing,2026-10-07,48.95000076293945,13.1805935,752.0,False,False,1.03199172781534,3.8172488772773683,3.252083415977447,1.3007311886154893,-2.1951677574479356,32.37584325201863,39.623041977958074,40.2666446602202,38.35518344158822,38.35518344158822,56.828667788214446,34.26904470593694,49.75503555896505,-11.498215232202584,74.06455023390356,477190.2,-60.389798449339494,55.30961990356445,28.12175178527832
WOR,Worthington Enterprises,ok,Industrials,Building Products,2026-10-07,60.599998474121094,18.255287,752.0,False,False,-1.6872175954336543,-0.0989142325122816,1.780311626292419,-2.547410053159327,15.277035896199687,10.942628440470138,55.09301158360073,52.32982383211296,51.41945192154417,51.41945192154417,69.81003763074665,35.66821556497764,52.34708315415201,-2.672171684001059,30.372674232901865,487405.6,-70.78162417501974,62.2637939453125,46.48213195800781
WRBY,Warby Parker,ok,Consumer Discretionary,"Apparel, Accessories & Luxury Goods",2026-10-07,25.450000762939453,421.83334,752.0,False,False,-2.9736896412861036,-5.845356579982153,-8.387328531730887,2.786754958316817,-13.199177940537044,0.35489018305130404,24.33476189204625,23.26135456799511,20.161316477237865,20.161316477237865,83.35735268806638,64.73084088559926,54.53247897900065,-16.11733475627995,54.33596795746786,3529056.55,-72.3968435699904,30.34000015258789,16.489999771118164
WRLD,World Acceptance Corporation,ok,Financials,Consumer Finance,2026-10-07,175.55999755859375,22.11083,752.0,False,False,-0.7911443841303378,0.6420517665170822,2.7989218956923523,-8.56250127156576,-13.700042334271522,-0.8191610605276844,158.85170664106096,149.76695222588648,141.4976197607974,141.4976197607974,42.87109495659634,46.51842792867957,35.36701320148816,-21.565475529457753,51.90793287373884,60897.25,-40.15329099425672,223.8300018310547,115.56999969482422
WS,Worthington Steel,ok,Materials,Steel,2026-10-07,36.04499816894531,210.61765,717.0,False,False,-5.616654974853863,-2.50203684396908,2.313365419525204,1.7818485815949359,13.094481129644976,18.22650853133876,35.96528318950108,33.16055491246075,32.34857939875774,32.34857939875774,52.2464086512364,52.98116726348551,58.81898956884051,-24.960415324213148,29.387505856443646,393707.4,188.7545420787112,48.034645080566406,27.85817527770996
WSBC,WesBanco,ok,Financials,Regional Banks,2026-10-07,36.47999954223633,10.507204,752.0,False,False,-1.7241363363798556,-4.277095360823713,-2.512022107711076,-9.970387141871996,-5.2773696324988855,13.821761291465195,35.05781516574678,32.587695995649966,30.263386224178557,30.263386224178557,69.64973400348701,29.749419029539624,25.760311617553327,-13.773577096893824,27.677314750655075,1053714.75,-58.52815005199462,42.30721664428711,28.57202911376953
WSC,WillScot Holdings Corp.,ok,Industrials,Office Services & Supplies,2026-10-07,16.854999542236328,12.723215,752.0,False,False,-2.908992225576934,-2.572252684676013,-1.8917389823418174,-15.173634472344554,-34.38671980747422,-20.67792660615352,21.619923421314784,25.764740565858514,30.563377587085075,30.563377587085075,-59.06837989346418,46.18787369902042,29.875518453269436,-41.81250730893265,14.005645533758383,2816714.5,-43.60131280610797,28.966705322265625,14.784355163574219
WSFS,WSFS Financial Corporation,ok,Financials,Regional Banks,2026-10-07,74.81999969482422,12.519263,752.0,False,False,-1.4488915972748817,-4.113801274753248,-0.9924573283429106,-5.601819734719237,-2.7820234307171288,38.72032473105169,67.25974160148984,60.345502534235614,54.824651921049075,54.824651921049075,111.12497899634329,30.207408580328387,30.21779074420492,-8.854452557376726,50.23671902407787,359283.3,-59.901837908970435,82.08848571777344,49.80140686035156
WT,"WisdomTree Investments, Inc.",ok,Financials,Asset Management & Custody Banks,2026-10-07,23.440000534057617,42.563637,752.0,False,False,-3.0603794945352703,-3.855613859994189,-3.4993839005018956,-4.013102126022005,18.18735062863519,70.36776616413214,16.961015682371837,13.832828140828713,12.001893546352996,12.001893546352996,247.36957028837176,34.75114342906935,63.9534873405369,-6.389777647642032,119.5078586522337,2850624.65,-67.39335710157421,25.040000915527344,10.678433418273926
WU,Western Union,ok,Financials,Transaction & Payment Processing Services,2026-10-07,6.085000038146973,4.943252,752.0,False,False,-0.8957626960031773,1.4166673024495369,3.135592199817072,-9.983260255518289,-19.422356730489344,-15.259495660933597,7.843908885168651,8.02272941866719,8.559804819365764,8.559804819365764,-38.004204056679555,30.84147383077055,33.45722837896143,-35.112290191911704,3.135592199817072,9041870.2,-48.735118980141955,9.377738952636719,5.900000095367432
WWW,"Wolverine World Wide, Inc.",ok,Consumer Discretionary,Footwear,2026-10-07,18.770000457763672,14.249999,752.0,False,False,-2.7964734495778854,-2.2395848337974256,-1.2624922053053544,-5.891575051501552,8.690887531405966,-23.419297548930007,18.144620119579255,18.811915008195367,16.0328581364865,16.0328581364865,156.62496321453284,59.831581786607494,44.5172452561492,-30.56239677025674,31.1019848305746,726384.85,-34.38781108939703,27.031463623046875,14.317098617553711
XHR,"Xenia Hotels & Resorts, Inc.",ok,Real Estate,Hotel & Resort REITs,2026-10-07,17.989999771118164,28.33071,752.0,False,False,-0.38759522089811815,-1.153851555044505,-0.38759522089811815,2.4206699061713577,-10.121667169646697,40.866581322769655,16.132416657039098,14.433003003853726,13.787737200868891,13.787737200868891,71.18708422395518,30.610403280822236,66.12392365757574,-16.918149683741742,51.288429859441386,938366.6,-51.71055747295353,21.653345108032227,11.891193389892578
XNCR,Xencor Inc,ok,Health Care,Biotechnology,2026-10-07,24.270999908447266,,752.0,False,False,-0.36535590999319245,-2.2906611942244526,-2.721446227371549,-4.180813337735878,50.61123334265605,105.86089895654763,15.828059529501294,15.002751014147147,16.732900277097176,16.732900277097176,24.53052946883032,62.49397623444296,47.647143562957986,-17.163820681101846,133.1508190605877,1411965.9,-62.48365488146703,29.299999237060547,10.40999984741211
XPEL,"XPEL, Inc.",ok,Consumer Discretionary,Automotive Parts & Equipment,2026-10-07,44.209999084472656,22.300251,752.0,False,False,-2.081954395654806,-1.6900202704032474,0.09056127956887927,-11.438299867616553,-2.1253024648840046,31.734199271092777,45.656825383504234,41.37237051093721,43.13457449446333,43.13457449446333,-41.935908275718745,57.489312761864944,48.803824912948826,-19.54504372948125,30.876260160104362,189470.6,-61.834712087257856,54.95000076293945,33.779998779296875
YELP,"Yelp, Inc.",ok,Communication Services,Interactive Media & Services,2026-10-07,18.502500534057617,8.88702,752.0,False,False,1.9983525722500284,1.3280410850828872,0.013516400311441856,-11.7247073366314,-27.58316600174475,-43.6243122909733,25.917509911552308,30.779606598781875,33.692370396979314,33.692370396979314,-56.61781976061411,35.76429430997618,36.131824136710065,-45.30742083178663,5.187608718328959,1453358.7,-34.512106336859574,33.83000183105469,17.59000015258789
YOU,"Clear Secure, Inc.",ok,Information Technology,Application Software,2026-10-07,42.67499923706055,28.563759,752.0,False,False,2.831323462796509,2.7075812771533148,1.7282442453769642,-1.7802825607025285,-23.692450767386763,39.95007982049552,43.892057668595086,35.804233326854934,30.472795282272582,30.472795282272582,174.50929631656308,52.24339013526698,63.63635257446364,-31.13389535536176,46.661640288011235,2171447.8,-51.80837411795024,61.968074798583984,29.09758758544922
ZD,Ziff Davis,ok,Communication Services,Advertising,2026-10-07,54.84000015258789,9.160505,752.0,False,False,0.12780663545584048,-0.6521750097388757,-3.263359532433441,-1.5969843835615505,3.7457425640827324,38.73008309150101,43.25920642368377,42.51760958865344,47.57819149595626,47.57819149595626,-12.800126117325995,50.69312844400302,30.693052988959693,-7.38050835915443,106.86533262584202,698306.0,-76.86973905422552,59.209999084472656,26.510000228881836
ZWS,Zurn Elkay Water Solutions Corp.,ok,Industrials,Industrial Machinery & Supplies & Components,2026-10-07,46.400001525878906,28.807453,752.0,False,False,-3.0302967491762756,-2.664142420491522,-0.15063415748961528,-1.9649276763086476,-0.5705502179750854,-0.976953936366276,47.77859551565988,42.73835976285289,38.50937783971746,38.50937783971746,81.90110149516241,27.650564456637177,56.55578672650734,-12.5551846365483,6.667577524735015,903096.65,-38.408253424481195,53.06203842163086,43.499629974365234
