ticker,company_name,status,sector,industry,last_date,last_close,pe_ratio,data_points,rising_7day,declining_7day,pct_1d,pct_3d,pct_5d,pct_21d,pct_63d,pct_252d,avg_1y,avg_2y,avg_5y,avg_max,cum_return_from_start_pct,ann_vol_pct,rsi,pct_from_52w_high,pct_from_52w_low,avg_volume_20d,volume_vs_avg,high_52w,low_52w
MMM,3M,ok,Industrials,Industrial Conglomerates,2026-10-02,161.52999877929688,,754,False,False,-0.9140016280908436,-4.130812800139394,-4.7301705267517535,-4.278519241898149,1.9397580685388327,5.456265410333394,159.86970114329503,149.9247261442511,130.28054739752247,130.28054739752247,132.52301583649455,29.80993238928441,49.09224639971235,-11.722105377622928,15.493030889225084,2975207.3,-51.98163166647245,182.97898864746094,139.8612518310547
AOS,A. O. Smith,ok,Industrials,Building Products,2026-10-02,56.81999969482422,,754,False,False,0.26469301345610763,-2.068253625425265,-3.120207644405959,-4.117446331115349,-8.46425680460776,-20.537836684076293,64.30194565606496,66.09082737956864,69.77579639444933,69.77579639444933,-8.858778982345372,25.4127470289421,45.25422994586367,-28.55837978031027,2.4813100029935917,1473046.55,-64.4728810505004,79.5334701538086,55.44425582885742
ABT,Abbott Laboratories,ok,Health Care,Health Care Equipment,2026-10-02,97.25499725341797,,754,False,False,0.5843363302779014,-3.660227643908376,-3.9836149922384156,-11.962527221198705,2.4246063825197117,-25.44922615176596,107.71002512129526,115.20419949839315,110.89123331773186,110.89123331773186,8.141404093293358,22.7103189500984,23.441043182331185,-26.069604749767493,18.639353279346878,8636490.95,-44.62659629140235,131.54940795898438,81.97532653808594
ABBV,AbbVie,ok,Health Care,Biotechnology,2026-10-02,262.8699951171875,,754,False,False,1.1310747217514905,-0.1595250158012429,-0.5561024593584762,0.43939855231569513,3.917836408130304,10.903092839253281,227.9366827465239,205.92804207364875,188.87140996513062,188.87140996513062,96.67031106710078,24.657550814448363,53.27382412084948,-1.2806082611318161,34.12759845513192,4128719.5,-29.637021841759893,266.2799987792969,195.98501586914062
ACN,Accenture,ok,Information Technology,IT Consulting & Other Services,2026-10-02,199.6699981689453,,754,False,False,-5.949130806057202,12.731483555449575,13.378000952212199,6.388536850529869,47.54006182768482,-16.38238027372596,204.22626873803517,256.76485341288657,276.46714700754507,276.46714700754507,-31.587717592244058,34.6994907172458,52.849992503769066,-29.37392142751588,62.38417681714642,6734284.0,9.646103431337316,282.7142639160156,122.96148681640625
ADBE,Adobe Inc.,ok,Information Technology,Application Software,2026-10-02,238.52000427246094,,754,False,False,-1.1438969333552373,2.294465902787035,1.2952830661851822,-14.750349552183817,9.377721035170982,-30.606306463001875,275.8353570605081,345.85611509041956,412.5074132216072,412.5074132216072,-54.23023006973138,36.29760981793986,26.67126918948364,-33.72787590077984,23.323509516684314,5576124.4,-66.40161040883521,359.9100036621094,193.41000366210938
AMD,Advanced Micro Devices,ok,Information Technology,Semiconductors,2026-10-02,631.9849853515625,,754,False,False,2.6399567015459757,4.018463342993028,0.2148614018138595,38.27177804387571,14.479666574790539,285.3332153640316,344.54859161376953,238.62321735093317,209.4115186635632,209.4115186635632,511.97347331761944,58.58810815184842,84.1292394305391,0.0,283.78878507253603,22452603.05,-33.676460734471505,631.9849853515625,164.6699981689453
AES,AES Corporation,ok,Utilities,Independent Power Producers & Energy Traders,2026-10-02,14.914999961853027,,754,False,False,-0.03351283120207604,0.3701231927758952,0.30262324573147037,0.7770254705142365,3.595684137746291,1.8704029869023309,14.257773198778667,12.948676523459385,13.772480499206866,13.772480499206866,22.013775505109145,40.23717535574621,75.55546136565931,-11.574087004998708,15.036650322223025,7933685.5,-47.671104431855795,16.86722755432129,12.965433120727539
AFL,Aflac,ok,Financials,Life & Health Insurance,2026-10-02,111.52539825439453,,754,False,False,0.310665540808297,-1.878062061356811,-1.9298302345683194,-4.874274747100604,-6.958518165289062,2.8054024774529784,112.87439476497589,107.95142052943014,99.71161196276111,99.71161196276111,55.437053757417566,19.696125467788466,18.60707024126438,-13.479681435439279,7.7171175507520005,2024633.1,-51.39060010428557,128.90081787109375,103.53544616699219
A,Agilent Technologies,ok,Health Care,Life Sciences Tools & Services,2026-10-02,167.69000244140625,,754,False,False,0.6059574094112286,-4.1935647540887855,-2.951554512929,10.766895513226583,28.399689589977896,21.732480424574252,134.9558693113781,129.69385452574468,130.06854232869034,130.06854232869034,54.38994780326476,30.73129580872652,74.91055978602036,-4.291994740198682,52.753911617127926,2418017.8,-49.94428907843441,175.2100067138672,109.77787780761719
APD,Air Products,ok,Materials,Industrial Gases,2026-10-02,278.25,,754,False,False,1.8000269525618062,0.3159099318372549,-0.599096291594714,-9.493628855719315,-9.320724137642955,6.307641579962842,275.0486959427122,279.5079366372401,267.95840047335435,267.95840047335435,7.786237089868431,27.324244694190586,41.496836288573114,-10.85903741366442,23.786032008811667,1184674.8,-62.44572772207191,312.14605712890625,224.7830352783203
ABNB,Airbnb,ok,Consumer Discretionary,"Hotels, Resorts & Cruise Lines",2026-10-02,162.8300018310547,,754,False,False,1.4706802470237035,3.739803049249546,3.403823311615528,-11.148091939410797,10.281075897106252,33.11805284278837,139.10704355391246,135.14657387600477,136.9402985003646,136.9402985003646,19.236968908987627,36.677410266736935,40.045830771101365,-14.524933422018538,45.983504119182165,4945230.95,-60.73754654471699,190.5,111.54000091552734
AKAM,Akamai Technologies,ok,Information Technology,Internet Services & Infrastructure,2026-10-02,110.80000305175781,,754,False,False,3.619192682630823,2.166902876573773,-2.755835810397833,5.433444583543512,-1.7120555732309195,46.097057492077866,105.36996036105685,95.49770917550501,98.68380643202076,98.68380643202076,3.716185671307426,44.61689807540907,55.97441390770091,-31.239913447042277,53.95303761629605,5820938.9,-36.058803159744556,161.13999938964844,71.97000122070312
ALB,Albemarle Corporation,ok,Materials,Specialty Chemicals,2026-10-02,104.5,,754,False,False,-0.5046165718906481,-2.8990918667125998,-4.766247331571893,-23.88235857687101,-21.635238621052665,25.131018716541888,144.60829114157056,111.15482325002966,111.41442206810261,111.41442206810261,-32.54772275956105,58.632333815024474,35.72784684467064,-51.24769657604741,20.64624771184755,2573823.8,-54.19748624595048,214.34884643554688,86.61686706542969
ARE,Alexandria Real Estate Equities,ok,Real Estate,Office REITs,2026-10-02,47.744998931884766,,754,False,False,1.5203065514487024,-0.01047344107902859,-2.9342612591910844,-8.071090145905169,-2.817478724545819,-39.356213048715375,50.542650570945135,66.10781433287845,77.88845845432434,77.88845845432434,-42.82176591747244,37.587250540686775,38.197605374530596,-39.60226784681949,21.506747686277343,1862993.4,-42.61557770414001,79.05097961425781,39.29411315917969
ALGN,Align Technology,ok,Health Care,Health Care Supplies,2026-10-02,144.7050018310547,,754,False,False,-0.44375937074373484,0.4826104789454444,-1.413678270540264,-9.076338435064669,-23.1885969001145,13.476321863534713,164.1281942640032,175.8854880769889,204.25913133292363,204.25913133292363,-51.72638206670863,46.55984306669691,37.42990872468448,-26.735352207178376,15.036966990905318,893305.25,-68.90144774140754,197.50999450683594,125.79000091552734
ALLE,Allegion,ok,Industrials,Building Products,2026-10-02,155.22999572753906,,754,False,False,0.6157615736056554,-0.1286733305452592,0.4920013600246298,0.45874780296082385,11.161262046523124,-11.15505598116686,152.6730795057993,146.98819045716547,137.62007878756333,137.62007878756333,56.27239190861282,24.974655767144867,51.25563362360763,-12.65747046857236,24.491486907481196,1032713.15,-50.154309548590525,177.72555541992188,124.69125366210938
LNT,Alliant Energy,ok,Utilities,Electric Utilities,2026-10-02,64.3550033569336,,754,False,False,1.0124066578712787,0.023324556880854885,1.1871146240981734,-4.997039583088602,-15.32465908071099,-1.123098834244718,68.75654270535424,63.971735638926226,58.510312143624304,58.510312143624304,53.94421015055075,17.84548117950105,35.45095676904688,-16.898146095676196,1.952075095440255,2656951.9,9.491556847528937,77.44111633300781,63.122798919677734
ALL,Allstate,ok,Financials,Property & Casualty Insurance,2026-10-02,224.14999389648438,,754,False,False,-0.11586371435405862,-0.5633946778355936,-1.5158225459194985,-13.569061054337972,-9.375977230442023,8.45184865594042,218.34341890849765,205.16442597529803,186.98409053691185,186.98409053691185,114.8425696439006,24.31775023280327,10.367126720091775,-18.18440243717558,20.255975983341195,2411366.45,-63.76622889482435,273.9697570800781,186.39405822753906
GOOGL,Alphabet Inc. (Class A),ok,Communication Services,Interactive Media & Services,2026-10-02,342.9200134277344,,754,False,False,1.3836398203880274,0.5866478708278944,-0.2907652829020724,1.7858443363975685,-6.363462961004707,40.388667411204835,326.6202532450358,254.5779011942951,220.378002743506,220.378002743506,158.01830568300045,30.610405458910783,44.472924475719175,-14.72222156871212,45.331964616859835,26967323.7,-41.46036078470775,402.1211853027344,235.95635986328125
GOOG,Alphabet Inc. (Class C),ok,Communication Services,Interactive Media & Services,2026-10-02,339.69500732421875,,754,False,False,1.4226897419276963,0.7040791973294436,-0.40605702549875167,1.838199404640739,-6.846928498232319,38.70726195512595,325.53448256235276,254.7206392630163,220.94424910001476,220.94424910001476,153.68977585482298,30.256656063605437,44.77910827458586,-14.765410355759071,43.40889560553531,17588043.85,-34.12071803539426,398.541259765625,236.87164306640625
MO,Altria,ok,Consumer Staples,Tobacco,2026-10-02,67.21499633789062,,754,False,False,0.39581688084810995,-2.1900536322445374,-2.332175768745759,-1.8279165620129656,-4.9965228311799725,8.25284412408498,63.649503132653614,57.79850961297632,50.87128937971687,50.87128937971687,101.89355905985478,21.462026833322902,29.132351752603753,-8.851441781238593,28.784932257475315,7636791.9,-64.64827069597116,73.74224853515625,52.1916618347168
AMZN,Amazon,ok,Consumer Discretionary,Broadline Retail,2026-10-02,250.56500244140625,,754,False,False,0.9406625927795398,1.5790344595507877,0.3584748984759134,-1.731505749513973,2.62327927720738,13.567963058557563,238.7880356803773,225.25753990872448,206.2714125534584,206.2714125534584,93.54626096629642,32.08286954564143,46.22702521947691,-11.779095791266721,26.045078174910905,34546428.35,-39.799371473954416,284.0199890136719,198.7899932861328
AMCR,Amcor,ok,Materials,Paper & Plastic Packaging Products & Materials,2026-10-02,42.01499938964844,,754,False,False,0.49030856164566927,-1.0480445228906121,-1.164429431732128,-8.700378951312448,-4.485288461630188,8.838548086784037,41.173474720546174,42.54174458933067,42.483279620304664,42.483279620304664,9.314822894579189,26.50355596614304,48.02354396623303,-13.212290498391186,18.093794992916933,3183952.55,-62.92812215433299,48.411231994628906,35.57765197753906
AEE,Ameren,ok,Utilities,Multi-Utilities,2026-10-02,100.05999755859375,,754,False,False,0.4215156277780352,-0.18952861985660485,0.6741102455576575,-4.835349268527356,-10.815252061116453,-0.5074663414949443,105.2544635288299,98.46053344604978,88.80770943335577,88.80770943335577,54.18349568664518,18.295496188431173,28.587102758442043,-14.832789300530925,5.058609440937924,1867926.35,-30.52579401752109,117.48652648925781,95.24207305908203
AEP,American Electric Power,ok,Utilities,Electric Utilities,2026-10-02,119.45999908447266,,754,False,False,-0.24217195451134987,0.1341123458692861,0.9378965987855814,-3.326050514284906,-11.479995477287508,9.238058129422932,123.59965823945545,110.97456390259275,100.34799920848573,100.34799920848573,85.28826734288373,19.19193991911233,37.7541948130969,-13.209678476086333,8.554470486517337,4112846.6,-24.946580793944516,137.64207458496094,110.04613494873047
AXP,American Express,ok,Financials,Consumer Finance,2026-10-02,303.0050048828125,,754,False,False,0.3028926995313208,-0.7842138380931507,-1.9052120452397903,-8.17473944039394,-14.89340619562639,-6.791427062969991,335.33046359107607,313.56810289360135,278.04212385020776,278.04212385020776,109.89003404390161,27.372716685264763,22.657564051180316,-20.63393299781027,4.285411191846115,3280312.65,-55.04230366578015,381.78155517578125,290.5535888671875
AIG,American International Group,ok,Financials,Multi-line Insurance,2026-10-02,75.19999694824219,,754,False,False,-0.3049229166154577,-0.0929981373005262,1.3887000198526733,-0.5672639320735917,-6.256173667881059,-3.2490718879596647,76.32193105182951,76.25586594053473,73.33854640383936,73.33854640383936,33.88337645175328,22.529084466882175,47.28996584764788,-11.478619996700413,6.622146904829436,4954260.15,-50.06715583960604,84.95122528076172,70.52943420410156
AMT,American Tower,ok,Real Estate,Telecom Tower REITs,2026-10-02,162.93240356445312,,754,False,False,1.1625518652936817,-1.5870947287316084,-2.565228432394262,-4.757114514491711,1.593982495820323,-12.289799863842221,173.79830266558935,184.21442002984156,183.38935342075337,183.38935342075337,13.141052470076996,26.033696797415644,24.111373557649046,-14.34880085218545,1.5939824958203321,2622480.9,-40.21622807624643,190.22781372070312,160.37603759765625
AWK,American Water Works,ok,Utilities,Water Utilities,2026-10-02,129.60499572753906,,754,False,False,1.3647701461423356,-0.1502367639706348,-0.9968741105062184,-7.086536222202266,-1.9707883372633295,-2.1527495701366695,130.65795565408374,131.67072268786183,128.3882899297011,128.3882899297011,16.435216219187577,22.580661599521466,19.961363515585475,-8.450275669038495,7.708306016721951,1826844.35,-40.86595281092229,141.56787109375,120.32962036132812
AMP,Ameriprise Financial,ok,Financials,Asset Management & Custody Banks,2026-10-02,491.82000732421875,,754,False,False,-0.6062810629308912,-1.1059277565751313,-0.2393494271361596,-10.877950696288563,-2.7868857502249877,2.414656137256843,485.5135826231941,495.9829626197359,460.213481791772,460.213481791772,57.112533949254555,25.32245011056261,18.903860661622886,-13.818599979615017,15.046083872068936,671436.55,-63.759643409343745,570.6799926757812,427.4982604980469
AME,Ametek,ok,Industrials,Electrical Components & Equipment,2026-10-02,253.22500610351562,,754,False,False,1.6600464998264508,0.9749610559534716,0.9910666650357447,8.749961746648992,6.938528959328272,35.92289801913084,221.73574853321864,200.11746933165773,187.83423996983535,187.83423996983535,75.0889827647327,22.26937086196515,80.81388348363889,-1.9054467885491846,42.109486622768806,1452043.15,-40.84452655556413,258.143798828125,178.19007873535156
AMGN,Amgen,ok,Health Care,Biotechnology,2026-10-02,404.1300048828125,,754,False,False,-0.7709834300493879,-4.605327422107564,-2.527671990307623,-8.741304257789329,10.92996572802174,39.14258116245688,349.901499067034,314.4281891294685,301.43432428982277,301.43432428982277,66.02415026525247,27.16850189565455,63.84098157970183,-9.004321056029703,43.15673540948025,3214157.35,-61.24187883956584,444.1199951171875,282.2989807128906
APH,Amphenol,ok,Information Technology,Electronic Components,2026-10-02,87.1500015258789,,754,False,False,1.727563194310977,3.3317587265839776,3.6389645870509524,9.051933137923873,4.6522025251002574,40.796604885069065,72.37921206156413,56.75946729591643,47.00184345498325,47.00184345498325,331.73314234096677,36.009443563253775,79.31624668091494,-0.9923280901595453,46.73412310114194,12056525.0,-50.221975237475135,88.02348327636719,59.39313888549805
ADI,Analog Devices,ok,Information Technology,Semiconductors,2026-10-02,416.7550048828125,,754,False,False,3.0042013336468054,4.65446326284269,5.882875614897021,17.161455931564305,7.508360572108752,76.34878873287451,334.20753370012557,275.8378733904713,248.84796697075234,248.84796697075234,148.93983133951764,35.47217980640792,87.51933668742258,-6.16307164861708,87.37449576027002,3176159.05,-50.28016622782161,444.1268615722656,222.418212890625
AON,Aon plc,ok,Financials,Insurance Brokers,2026-10-02,270.9700012207031,,754,False,False,-1.8046786613627241,-1.7868766889610588,-2.525266829842787,-18.106262928558547,-23.905841894536195,-24.38726712250434,333.98372916569787,349.6748297337992,335.8376517460264,335.8376517460264,-13.865907346102457,23.67160970053471,12.232324678630519,-28.765759987292128,0.0,2222564.45,-54.94893297694923,380.3929138183594,270.9700012207031
APA,APA Corporation,ok,Energy,Oil & Gas Exploration & Production,2026-10-02,43.505001068115234,,754,False,False,0.38071277098852274,3.116858222824792,1.7898908741359687,-2.673377347713579,34.96982504276471,79.65814373218612,32.67184165924314,26.247657433923973,27.18723181767552,27.18723181767552,23.37443659972791,44.80637016973019,44.68826973245565,-8.236656384444242,105.55796829062312,6142242.8,-59.76134320186757,47.40999984741211,21.16434669494629
APO,Apollo Global Management,ok,Financials,Asset Management & Custody Banks,2026-10-02,115.16999816894531,,754,False,False,0.7259068196940666,-3.2184889336594025,-5.357879975062307,-12.941262367561169,-5.331527372374467,-9.90702894768285,126.23488565475222,134.67601537514494,123.74816916792084,123.74816916792084,34.62252829264234,36.73449020788588,22.806296775823412,-23.628923338941597,15.796803851045826,2876197.9,-46.64282315205084,150.80316162109375,99.45870208740234
AAPL,Apple Inc.,ok,Information Technology,"Technology Hardware, Storage & Peripherals",2026-10-02,333.4849853515625,,754,False,False,0.9581551093383212,1.2401310050909942,-2.223890054761102,2.6233979937997587,6.752569136753439,31.03029055268074,284.28174100603377,253.57988626548493,233.11682394012533,233.11682394012533,94.52971968576209,26.79364136470806,50.48185535552582,-2.2238900547610982,36.46873025466291,41569186.4,-51.86932982647936,341.07000732421875,244.36732482910156
AMAT,Applied Materials,ok,Information Technology,Semiconductor Materials & Equipment,2026-10-02,537.2849731445312,,754,False,False,1.50859352649102,4.93641977633914,10.780406833923962,22.539110435479294,-9.26643521364946,148.1201213559138,387.3666321890695,279.4543528613816,247.57625145747744,247.57625145747744,294.2578539720701,49.147547679700374,92.74885773943976,-25.607262549861705,157.32638447870218,6229513.05,-37.16746447782142,722.2277221679688,208.79513549804688
APP,AppLovin,ok,Communication Services,Advertising,2026-10-02,271.67999267578125,,754,False,True,-3.4232714679138576,-11.116930765953658,-12.572810080199115,-14.847201670456055,-50.03953664954815,-61.41402628735856,488.6850604102725,418.7301399261353,300.7426926387716,300.7426926387716,565.5560869840697,76.33501712240522,20.706133922916706,-62.966193877148605,0.0,5148006.15,22.393462952642352,733.5999755859375,271.67999267578125
APTV,Aptiv,ok,Consumer Discretionary,Automotive Parts & Equipment,2026-10-02,43.47999954223633,,754,False,False,-1.114399965574897,0.25363295610019154,-2.924762997352115,-3.4421480770130075,-27.205759458459877,-50.08036704483412,66.93357131594703,66.27794819714063,70.28986730499672,70.28986730499672,-55.29048890258474,40.13423315001845,43.02448354296574,-50.96424896796239,1.0692679674057088,3845661.75,-61.73259387672356,88.66999816894531,43.02000045776367
ACGL,Arch Capital Group,ok,Financials,Property & Casualty Insurance,2026-10-02,93.31999969482422,,754,False,False,-0.9972442394470815,-1.8923496633545756,-1.4155967836936956,-4.979125786817729,-8.339061062135244,3.3329666898479937,95.15603159344386,94.10703420449063,91.91542655276999,91.91542655276999,23.64716736823409,23.441292281949874,27.192169473001385,-12.359131524437958,10.151083982774427,4242351.85,-70.1147607546979,106.4800033569336,84.72000122070312
ADM,Archer Daniels Midland,ok,Consumer Staples,Agricultural Products & Services,2026-10-02,80.76499938964844,,754,False,False,1.565647383224067,1.71914085332181,-0.4376273975761791,-5.405244802329601,4.295656560282635,40.29497113001143,70.57643648177859,60.35309005068593,59.68545753317107,59.68545753317107,20.33311239360478,29.678279035277065,31.039076376554178,-8.31535617295905,48.437089199837175,3582385.95,-61.223636442634,88.08999633789062,54.410255432128906
ARES,Ares Management,ok,Financials,Asset Management & Custody Banks,2026-10-02,119.0,,754,False,False,2.084584637160014,0.025215414801271763,-2.467012608416841,-12.894729376454638,-1.2907050265230868,-19.604143300125354,131.3366685897585,146.25647109438225,137.3449755802711,137.3449755802711,27.53822654974929,38.00020928565823,31.316330978536698,-30.4901449515365,27.588303236340195,2215766.25,-37.24405721948333,171.19874572753906,93.26873779296875
ANET,Arista Networks,ok,Information Technology,Communications Equipment,2026-10-02,206.75,,754,False,False,1.1051858018124472,1.9175783190103823,0.09682737607710212,11.096181203238697,19.31555947396628,38.507398728696664,154.83119023035442,130.16345088700373,110.23889573499441,110.23889573499441,340.33864583912214,50.742713711663036,81.04918433017417,-1.7814726840855106,78.0332428225515,4696053.65,-48.753289903321274,210.5,116.12999725341797
AJG,Arthur J. Gallagher & Co.,ok,Financials,Insurance Brokers,2026-10-02,226.8800048828125,,754,False,False,-2.1309646645370273,-0.38199566067508295,-1.826049809281649,-13.980866931791136,-8.921730603796263,-24.944668125357193,238.10496527051168,271.09343713403223,262.7384507965978,262.7384507965978,3.8289342973415907,24.921363398459857,18.917660372508195,-26.066336194319806,18.87676991279566,1444266.4,-45.693675349644636,306.86968994140625,190.8531036376953
AIZ,Assurant,ok,Financials,Multi-line Insurance,2026-10-02,268.93499755859375,,754,False,False,1.012247379458775,2.0045529241257576,1.4849047390919745,-5.327915434715679,-3.406591551654703,25.456951779407213,242.49817082238576,221.114948713447,202.69898325062556,202.69898325062556,94.97438495687314,23.947427443972725,31.090895770048576,-10.546122212237181,31.364362487304188,396129.75,-61.80670600983642,300.6409606933594,204.72447204589844
T,AT&T,ok,Communication Services,Integrated Telecommunication Services,2026-10-02,24.360000610351562,,754,False,False,0.24691923940272087,-0.4901917243818832,-4.0189069509182325,-6.127168037924113,19.952265751954346,-7.409444838988721,24.734952275715177,24.55387166391806,21.582761156147924,21.582761156147924,94.51437034176023,23.03648217451711,19.373260089781127,-14.279913421186036,20.537980821184753,37301435.8,-62.11535642818339,28.41807746887207,20.20939826965332
ATO,Atmos Energy,ok,Utilities,Gas Utilities,2026-10-02,157.00999450683594,,754,False,False,0.4028581687892441,-0.3743728260341306,-0.12722612969242597,-6.363310254656529,-9.131509659484038,-5.154170225372301,172.30361538841612,159.38074836882936,143.3026367713665,143.3026367713665,64.32913011246455,16.059950534566177,19.698235419157342,-17.390361546378674,0.4928244921916392,1026814.2,-65.10722192973178,190.06256103515625,156.24000549316406
ADSK,Autodesk,ok,Information Technology,Application Software,2026-10-02,211.9250030517578,,754,False,False,0.2910442005913838,4.3040706227070125,1.2058305773025246,-12.329869359438261,2.1128504902568013,-32.8777766834035,252.22609093075707,272.25716123542935,260.2687068504111,260.2687068504111,1.4043722098900702,31.941161053627436,28.655721403325714,-34.47577285629176,12.894205025386066,2262427.2,-65.98149102875001,323.42999267578125,187.72000122070312
ADP,Automatic Data Processing,ok,Industrials,Human Resource & Employment Services,2026-10-02,258.0899963378906,,754,False,False,-2.2238200133395947,-1.4171091016291326,-2.1162880895339686,-7.617824484317159,8.45618733051503,-8.926131688328553,240.08223591153583,264.6456336519158,253.6130570834132,253.6130570834132,15.852477595182712,21.99183780305742,20.53404702570515,-9.648768658841156,38.62619947348195,2203906.15,-61.136140030282135,285.6518859863281,186.1769256591797
AZO,AutoZone,ok,Consumer Discretionary,Automotive Retail,2026-10-02,2810.85986328125,,754,False,False,-0.2898218866317914,-2.2639355794788374,-2.134283978049989,-4.213982369414982,-4.964993173627585,-33.830358828031194,3409.8110312810018,3496.609319557707,3285.3310854479237,3285.3310854479237,11.412521926575604,24.33556607606998,34.51850287787788,-33.9198043803215,0.27146573731383217,404839.15,-78.98350493029145,4253.7099609375,2803.25
AVY,Avery Dennison,ok,Materials,Paper & Plastic Packaging Products & Materials,2026-10-02,171.52000427246094,,754,False,False,-0.058262934140207445,0.4333092273413053,0.6927368556645996,-1.6626498835732195,3.9007561243595834,7.969905644891173,170.28470242212688,173.8917547583105,181.87799327253347,181.87799327253347,0.1702694118892456,22.200505146440477,51.524406318133465,-11.631942806650127,12.748719297416788,823804.9,-68.18445726652027,194.0972900390625,152.1259002685547
AXON,Axon Enterprise,ok,Industrials,Aerospace & Defense,2026-10-02,413.3900146484375,,754,False,False,-2.089002388655936,-1.4752781643368462,-3.887370968488091,-18.46029316931285,-33.57595711974856,-41.885736913208916,523.9882547287714,583.7390641900173,484.68189692813456,484.68189692813456,110.75198955478874,53.11768036161584,25.771451174388275,-45.56646827669153,19.49760413106768,1049835.75,-43.58022195376753,759.4400024414062,345.94000244140625
BKR,Baker Hughes,ok,Energy,Oil & Gas Equipment & Services,2026-10-02,56.0099983215332,,754,False,False,0.7011855396222622,0.16094448414676332,-3.14716142468483,-13.337458298327398,5.5700448152046,17.6298695108021,56.61537444402301,48.67688200293309,42.98798372132076,42.98798372132076,72.62092100404209,31.775864266666115,45.53881597646292,-19.04114494146003,27.919492018995882,8353122.15,-77.44264999165611,69.18328857421875,43.78535079956055
BALL,Ball Corporation,ok,Materials,"Metal, Glass & Plastic Containers",2026-10-02,56.83679962158203,,754,False,False,0.5961055249239511,0.3297406719712015,0.011961622925071858,-10.210426055889233,-9.423520505390027,14.188550646987363,57.277238437107634,55.546514997444305,56.58810593278718,56.58810593278718,20.2481662658778,25.904074648506292,25.933312537747312,-15.291834284432323,24.177912632222277,2040354.15,-64.10510400853696,67.0971908569336,45.77045822143555
BAC,Bank of America,ok,Financials,Diversified Banks,2026-10-02,53.64500045776367,,754,False,False,-0.15819669681150783,-2.39264674056463,-5.388007520403082,-13.867887946729429,-9.985477559026545,8.106731635032327,54.09256485530308,48.788052091560516,43.68260410167178,43.68260410167178,115.89211899499973,24.66265110099604,15.098846173713468,-16.804963051615335,16.007810124454164,38368662.65,-38.40923459968444,64.48101043701172,46.242576599121094
BAX,Baxter International,ok,Health Care,Health Care Equipment,2026-10-02,23.485000610351562,,754,False,False,-0.6556632119235406,0.02129926836769158,0.49208287115292126,-8.618677380671603,4.048096571718207,0.7288809451916345,20.666901217566597,25.294817521752588,28.827603317382167,28.827603317382167,-33.514531451171,37.81125000728306,44.50951830942493,-17.12853415434135,48.77386866244869,6876639.15,-65.81203479318818,28.339067459106445,15.7857027053833
BDX,Becton Dickinson,ok,Health Care,Health Care Equipment,2026-10-02,176.6699981689453,,754,False,False,-0.7862127801928964,-2.9125696632433806,-3.8896795073358748,-5.2304513703273825,14.254772290656103,20.636789983169756,157.49847817799403,157.37456662911342,164.22934685461718,164.22934685461718,-7.279145768945772,25.532809052383964,38.02762389855428,-7.441740813099666,30.587832444626255,1793608.75,-56.61958049658266,190.87437438964844,135.2882537841797
BRK-B,Berkshire Hathaway,ok,Financials,Multi-Sector Holdings,2026-10-02,502.625,,754,False,False,0.4245754245754352,0.05474149360868985,-0.564811847011959,-0.5175738826932452,-0.7807230204704196,0.8881950390498883,493.60196407257564,489.31311716026516,459.20586846551464,459.20586846551464,44.399281598928965,15.91090041084651,35.81209828592627,-5.061195983360419,7.998497333842964,4568104.95,-53.7926772019544,529.4199829101562,465.3999938964844
BBY,Best Buy,ok,Consumer Discretionary,Computer & Electronics Retail,2026-10-02,87.7699966430664,,754,False,False,0.07981721466367997,-1.1042291345730648,-3.0272957999050387,1.9436318753996984,13.706363280722611,19.51448040000956,71.86088851141551,71.9246026529259,71.23516388850123,71.23516388850123,47.01186113460136,37.902568321650385,31.80536356096212,-7.435143508171345,61.87178625620798,3303345.7,-71.04711141797844,94.81999969482422,54.221923828125
TECH,Bio-Techne,ok,Health Care,Life Sciences Tools & Services,2026-10-02,72.41500091552734,,754,False,False,0.020717388580537843,0.04836096081466401,-0.26855762730350063,0.1590565130228372,2.221091886427895,21.537411449467704,61.71090191129654,61.17316388893887,64.34087505391169,64.34087505391169,9.540434873580317,41.77734583883369,58.01116150461129,-0.26855762730350236,67.73529023760108,3086665.35,-58.083988599541584,72.61000061035156,43.17219161987305
BIIB,Biogen,ok,Health Care,Biotechnology,2026-10-02,220.58999633789062,,754,False,False,-1.000812724632627,-2.8537502872740594,-3.0799690587164363,-0.9341185827273168,5.8188569669735735,43.035919201041814,188.17539711604041,165.60179290163563,185.89376681299993,185.89376681299993,-12.762004348085043,30.747692920396847,55.11560566522617,-3.5419152639131943,55.061159043761066,1051224.6,-57.95456080460827,228.69000244140625,142.25999450683594
BLK,BlackRock,ok,Financials,Asset Management & Custody Banks,2026-10-02,1070.2762451171875,,754,False,False,0.5558513892901518,0.2187673314157701,-1.4759886783446197,-2.828271857314091,6.384299484859524,-4.199687917289885,1055.6091722760882,1020.213134765625,928.4320070787829,928.4320070787829,77.9434937206225,24.79509243183284,51.32700568103089,-9.100463252918178,17.22080485744816,510772.8,-51.90503488047915,1177.4276123046875,913.0429077148438
BX,Blackstone Inc.,ok,Financials,Asset Management & Custody Banks,2026-10-02,112.93000030517578,,754,False,False,0.6147562852270694,-0.9385962235300194,-4.636039476995402,-17.460901725017052,-7.5660468625515565,-30.094586495780018,130.55237200903514,141.89416485668653,132.78462157515062,132.78462157515062,15.925288218264665,35.478975018496186,20.776293156630345,-30.239831021781328,12.748780932014867,4359349.0,-23.388102214344386,161.88320922851562,100.16072845458984
XYZ,"Block, Inc.",ok,Financials,Transaction & Payment Processing Services,2026-10-02,74.95999908447266,,754,False,False,1.2425690945019552,1.228893984080992,-1.910493482667941,-9.095319043500039,-5.017738439369223,2.125337229105817,70.04761877514068,71.2867728229538,69.45297074254691,69.45297074254691,73.55869754095545,49.91315477935747,36.061555305781155,-11.655862778435814,52.69912171821611,3843153.05,-37.17759952339135,84.8499984741211,49.09000015258789
BE,Bloom Energy,ok,Industrials,Electrical Components & Equipment,2026-10-02,290.4700012207031,,754,False,False,4.643711820730156,-0.26781073967274693,0.6130893449365571,33.68464785189425,-1.5522747879180843,222.06452307107187,187.1370641314794,107.50055805145507,75.5921222044239,75.5921222044239,2282.8548910546365,97.99257084246955,60.21144103016752,-16.012723407683513,277.3807933142835,17676413.95,-39.59080710485397,345.8500061035156,76.97000122070312
BNY,BNY Mellon,ok,Financials,Asset Management & Custody Banks,2026-10-02,145.4600067138672,,754,False,False,1.070044861391728,-1.0341468620597372,-3.123534714127618,-10.232033608510715,-2.6147184077503938,38.64959835706734,130.27714832245357,107.696200731741,89.54306385940835,89.54306385940835,272.25921403709776,21.229213991032733,16.811796575161083,-11.756849098866846,41.68677689297654,3944151.3,-65.39367036959256,164.83999633789062,102.66307830810547
BA,Boeing,ok,Industrials,Aerospace & Defense,2026-10-02,193.625,,754,False,False,0.6995013674027328,3.1676297720710123,-2.2441597212357167,-7.298796128488549,-17.444783174448876,-10.025556344887498,217.22668675013952,201.9355079681275,198.59084231025028,198.59084231025028,3.0852356452392815,34.83226134714675,34.483065677274766,-23.21038878173075,8.097926126741319,8286961.2,11.542986348240646,252.14999389648438,179.1199951171875
BKNG,Booking Holdings,ok,Consumer Discretionary,"Hotels, Resorts & Cruise Lines",2026-10-02,159.1199951171875,,754,False,False,-0.7237357567656866,-1.983492234409745,-2.9460212997622026,-20.088040350447923,-11.890693334462155,-24.972019432860026,185.92752777584016,193.25395886546588,175.24723311001804,175.24723311001804,31.629867711079672,30.86514445995505,26.727847641518935,-27.045324913160673,3.7470082701426732,8932583.6,-47.836234076779306,218.10801696777344,153.3730926513672
BSX,Boston Scientific,ok,Health Care,Health Care Equipment,2026-10-02,42.834999084472656,,754,False,False,-0.9137183945092331,-2.3814994489640418,-2.470398747056035,-11.44304314582798,-3.9573978700303547,-55.31038104707133,69.34295633104112,83.79068727227322,78.3667042476745,78.3667042476745,-18.888471936043683,28.08873626407693,31.402199390289596,-59.19699207968873,0.48087734276588723,21017405.8,-43.349259593208224,104.9800033569336,42.630001068115234
BMY,Bristol Myers Squibb,ok,Health Care,Pharmaceuticals,2026-10-02,60.7400016784668,,754,False,False,-1.1714894512384721,-3.3725722419666204,-3.3725722419666204,-10.227611009601356,7.125221977365448,34.209227165838115,55.94505736941383,52.51391038476709,49.50778919695543,49.50778919695543,20.914912120297167,27.812584294289856,31.85746541745607,-10.794529379837421,47.400026827562925,11681849.65,-67.66613924020157,68.08999633789062,41.20759201049805
AVGO,Broadcom,ok,Information Technology,Semiconductors,2026-10-02,355.19500732421875,,754,False,False,3.3625282805329393,0.02675337061961436,0.6760040197638872,-3.103744161909483,-4.829682857735095,7.332539215376177,364.6464612446134,296.79452256282485,240.01405989143512,240.01405989143512,339.4436572310552,49.97439049576632,56.96096294688936,-25.99103183267645,21.46995486660256,24635972.95,-32.277247446807245,479.9350891113281,292.41387939453125
BR,Broadridge Financial Solutions,ok,Industrials,Data Processing & Outsourced Services,2026-10-02,157.21499633789062,,754,False,False,-2.441822964710394,-2.3205968817462286,-4.0025693127936135,-11.162911649740915,9.265260084025062,-31.454386270708568,180.26115478031218,204.70794975615118,199.58551802496063,199.58551802496063,-6.228577014081493,23.522588423926315,13.666111233416899,-32.11987363248113,16.792173079146576,1025380.15,-62.83300393517468,231.6068115234375,134.61090087890625
BRO,Brown & Brown,ok,Financials,Insurance Brokers,2026-10-02,60.369998931884766,,754,False,False,-2.2664748510665467,-0.3795372079663517,-0.7398894528073297,-16.199336251156616,-11.574227575199124,-34.28855475730589,70.867995746552,88.16358544247083,86.506121319232,86.506121319232,-11.246251320597345,25.064261461079067,16.833310710052075,-36.47985305818911,11.272074758343594,2310660.95,-28.500154901566155,95.04071044921875,54.25440216064453
BF-B,Brown–Forman,ok,Consumer Staples,Distillers & Vintners,2026-10-02,26.184999465942383,,754,False,False,0.8278789305833145,-0.3993969034932432,0.09556429157528967,-3.5507779142673224,2.5545481736995557,-1.6530350666856153,26.701653245895628,29.78893751167206,35.74316318218525,35.74316318218525,-50.143695014449754,34.94478539391753,49.32680149935846,-12.940894087506303,16.833343517312738,2415340.25,-66.1039474666147,30.077266693115234,22.41226577758789
BG,Bunge Global,ok,Consumer Staples,Agricultural Products & Services,2026-10-02,107.18499755859375,,754,False,False,0.5393461635402774,-0.8831161794385034,-1.665139854501152,-12.758426643241538,-0.8449837405403171,33.269953446897915,110.03449515690879,93.59104033390365,93.80768293790538,93.80768293790538,9.615425577940705,28.642023910815613,20.362933152078185,-17.920385598480976,36.10794659403935,1989432.15,-54.76382544637172,130.5866241455078,78.74999237060547
BXP,"BXP, Inc.",ok,Real Estate,Office REITs,2026-10-02,60.79999923706055,,754,False,False,0.9296107951370258,-0.3442106077967355,-3.000650461762122,-8.349345101709948,-12.108637656876631,-16.61386918306014,62.82273263779898,64.82547541918508,62.083141549512625,62.083141549512625,23.621418806899165,32.637267475711965,33.8189435824836,-15.830855790700749,22.491122511834412,1392576.85,-66.94351195052539,72.2354965209961,49.63624954223633
CHRW,C.H. Robinson,ok,Industrials,Air Freight & Logistics,2026-10-02,156.8350067138672,,754,False,False,2.4128296584468467,4.7592009087392695,6.617947115176159,8.478981281079957,-16.470556110747715,20.025791031223193,165.2358044518365,133.8984255695723,116.06255226236439,116.06255226236439,95.89771914762717,36.36241525325307,49.113989622558265,-24.786798681800036,28.00564063072394,1403438.0,-42.54395277881887,208.5205841064453,122.5219497680664
CDNS,Cadence Design Systems,ok,Information Technology,Application Software,2026-10-02,349.4049987792969,,754,False,False,-0.3777869488000296,7.784490948046319,7.136722640668314,13.935169230894772,-7.016257552546524,-0.7287559827571344,326.14740123446023,313.9694922093851,303.04779178204524,303.04779178204524,47.746200965518916,37.89174708191687,89.85325080975026,-16.087085067516995,31.52337347089027,2761586.0,-53.92792402626607,416.3900146484375,265.6600036621094
CPT,Camden Property Trust,ok,Real Estate,Multi-Family Residential REITs,2026-10-02,95.99500274658203,,754,False,False,-0.6468639849237734,-1.4425038575831772,-1.1009856057790701,-8.054091034382772,-17.02461572571017,-5.296348933450334,103.52854755946568,105.95740115405079,101.70557050426696,101.70557050426696,15.872515945038401,21.818307305134894,15.602337572834273,-17.469205727842848,2.477532288478053,1182483.45,-53.82861383810488,116.31416320800781,93.6741943359375
COF,Capital One,ok,Financials,Consumer Finance,2026-10-02,195.69000244140625,,754,False,False,0.6221754115844247,-0.391939451362433,-2.2527445432488746,-9.653741030882635,-4.90021847068739,-6.908555926807813,206.61192600310795,197.46298430545397,173.9003140983278,173.9003140983278,115.5048145087672,33.25867801658324,32.00132546053756,-23.246233647749868,11.995468741758451,3473576.45,-47.675572247733314,254.9581756591797,174.73028564453125
CAH,Cardinal Health,ok,Health Care,Health Care Distributors,2026-10-02,227.49000549316406,,754,False,False,-1.1299886505749868,1.8350240622781122,3.5413686687036705,-7.116866970421132,-4.000170766126898,45.4062793323289,210.12369670565167,172.54553047879284,148.22949016378791,148.22949016378791,174.9036491132252,25.145517186672787,39.87770312591531,-8.282528827840089,49.82717218112778,1832038.95,-68.50618268787353,248.033447265625,151.83494567871094
CCL,Carnival Corporation,ok,Consumer Discretionary,"Hotels, Resorts & Cruise Lines",2026-10-02,25.645000457763672,,754,False,False,2.2935810528077694,2.130624589437713,15.25842902365695,8.024434309233275,-6.291113698228379,-8.120222355993045,27.177615899888295,25.787253980142662,22.36702379307633,22.36702379307633,91.03449574197901,46.86254883954607,70.8305354152677,-23.338902728752885,17.691598808007818,26330959.7,-25.53520941357864,33.452430725097656,21.790000915527344
CARR,Carrier Global,ok,Industrials,Building Products,2026-10-02,55.334999084472656,,754,False,False,0.20825400439581365,-0.08126035170571422,-1.8360827869852603,-3.8989278832763596,-20.778910403621975,-5.506104854941174,60.09076404571533,64.02196042946136,62.10451457481486,62.10451457481486,5.641670033724955,32.910184849778766,39.17930978583213,-26.92896950455979,11.141487983538564,7174695.95,-53.45142117137382,75.7276840209961,49.78788757324219
CVNA,Carvana,ok,Consumer Discretionary,Automotive Retail,2026-10-02,63.4900016784668,,754,False,False,0.7138336871892692,-0.20433394467226362,-2.4131508439006577,-14.387812104564679,-9.789707081320698,-19.716242519851555,71.81624600243947,63.045824750011185,47.75419897046582,47.75419897046582,708.7898401246993,73.7764100346281,33.82995763542729,-33.65032912676164,12.859074752835678,7620702.05,-29.326183274676122,95.69000244140625,56.25600051879883
CASY,Casey's,ok,Consumer Staples,Food Retail,2026-10-02,616.3599853515625,,754,False,False,-0.5068627358252642,2.7437840086065757,2.991004030629152,-18.21017219091007,-23.58307211359759,10.613441781900379,693.386589050293,571.2095670054158,485.814843377637,485.814843377637,129.94128989186083,31.447113329885706,47.9598942378207,-32.681913699164255,20.389375464829822,801926.85,-60.253606672478924,915.5934448242188,511.9720764160156
CAT,Caterpillar Inc.,ok,Industrials,Construction Machinery & Heavy Transportation Equipment,2026-10-02,847.8250122070312,,754,False,False,2.5987822660570092,2.562783942609359,3.194453926733898,7.010776601229085,-12.425991744665655,77.916227717668,742.9137379479787,557.8226413802796,474.47330480924654,474.47330480924654,225.45307003779052,32.47172039847124,74.20086008704551,-20.236851921353388,75.76314203157337,2284589.65,-33.64265657073251,1062.92822265625,482.367919921875
CBOE,Cboe Global Markets,ok,Financials,Financial Exchanges & Data,2026-10-02,271.4649963378906,,754,False,False,-2.06537250733847,3.711555429948654,5.206757982464372,-7.7026380917320285,11.073567829419972,13.202489181779375,277.716917855399,247.48734085873303,224.45601799760004,224.45601799760004,78.06412107142762,26.443886015042708,41.57455435763746,-25.609583333751473,17.584165559114222,1125448.75,-40.40821494537179,364.9193115234375,230.86866760253906
CBRE,CBRE Group,ok,Real Estate,Real Estate Services,2026-10-02,130.63499450683594,,754,False,False,0.0804380054554299,-0.1566813182455884,-2.909705281400754,-8.042378747082179,-7.054434955274003,-16.55914886052242,147.4164093562535,142.34208195902912,125.36109441661075,125.36109441661075,78.87853853267404,30.425735023483107,29.563986427167535,-23.876817177194276,4.809848480860467,2011241.8,-43.33669874999615,171.61000061035156,124.63999938964844
CDW,CDW Corporation,ok,Information Technology,Technology Distributors,2026-10-02,133.59500122070312,,754,False,False,-1.6454395790493015,2.995138621344773,-1.3549372770558232,-10.139905249148718,0.032185218678404404,-14.261702459988046,133.72489768739732,153.7014492840406,174.8319199559543,174.8319199559543,-30.47738936275587,35.45349462475152,27.371578023523824,-14.492953196190502,35.98098657201888,1484689.25,-58.77352786113323,156.23858642578125,98.24535369873047
COR,Cencora,ok,Health Care,Health Care Distributors,2026-10-02,308.2749938964844,,754,False,False,-0.4858302307260143,0.21943685941983038,0.4414767396942798,-8.349682684675997,3.4576470674988924,-0.3675083954576164,321.7052786690848,293.27364078840884,268.04673329968034,268.04673329968034,76.51440681897748,24.04173565915618,35.0412291032314,-17.247720791897684,22.49116683614733,1309951.6,-51.54538534095459,372.5274963378906,251.67120361328125
CNC,Centene Corporation,ok,Health Care,Managed Health Care,2026-10-02,62.83000183105469,,754,False,False,3.016888181587851,0.9966287666073548,1.633778940822328,-6.69734890421767,-4.8750962481862175,75.79742272063044,49.517738054669096,51.04860559212734,58.659124761424586,58.659124761424586,-9.336220686557406,45.21806143654853,26.262607635893843,-9.479904169269886,97.5786268505031,4637107.55,-63.96781868904464,69.41000366210938,31.799999237060547
CNP,CenterPoint Energy,ok,Utilities,Multi-Utilities,2026-10-02,37.57500076293945,,754,False,False,0.9809236426966406,1.7190096368096208,1.995115655014268,-4.897488334083688,-14.091924560094505,0.6800512044325968,40.461092570471386,37.071406451829404,33.58417129263638,33.58417129263638,57.52720286035644,18.50615620842861,37.96193852922959,-16.075591141556597,2.607869631102513,6538412.4,-25.56988298872063,44.77243423461914,36.619998931884766
CF,CF Industries,ok,Materials,Fertilizers & Agricultural Chemicals,2026-10-02,116.08000183105469,,754,False,False,1.3445092572184292,0.3197673057727002,1.2296186313982327,-16.651110598114492,3.072521961828012,37.08476568842152,105.49112365359352,94.54224441345944,87.75995838357535,87.75995838357535,48.5338532415235,35.12635636570803,26.80537475556983,-16.651110598114492,54.79023131492116,2541108.95,-59.3178009939322,139.27000427246094,74.99181365966797
CRL,Charles River Laboratories,ok,Health Care,Life Sciences Tools & Services,2026-10-02,289.0450134277344,,754,False,False,0.7722438235761908,-2.3364570303393006,-1.295923698133583,-0.9305580775348932,24.89522645090696,69.54775966189356,203.30220273941282,183.32421329391906,194.635457744649,194.635457744649,49.462234003815844,45.80920619513382,63.1401150240401,-3.193440141113909,92.78665213623057,948898.9,-76.59624223402514,298.5799865722656,149.92999267578125
SCHW,Charles Schwab Corporation,ok,Financials,Investment Banking & Brokerage,2026-10-02,96.78500366210938,,754,False,False,-1.6112626209393133,-2.3360190188259744,-2.266984898374891,-10.582958636120232,-3.5308805950729383,6.2569615467151785,96.82505840725369,89.2768357189528,80.72245281128416,80.72245281128416,88.35932940607616,26.593923239445573,22.074838910273954,-14.83941719079454,13.728443729593941,8384724.7,-47.917264355739675,113.6500015258789,85.10184478759766
CHTR,Charter Communications,ok,Communication Services,Cable & Satellite,2026-10-02,109.37000274658203,,754,False,False,-1.7958157050161128,-1.17465929689341,-3.1352411661601076,-31.20085430788909,-19.24837509221292,-60.243547684463564,185.7683336469862,267.79376438034484,290.1574002880633,290.1574002880633,-75.05815216725608,44.51260445578198,4.401519735367032,-61.31781618301654,0.0,2975793.6,-64.21216847835144,282.739990234375,109.37000274658203
CVX,Chevron Corporation,ok,Energy,Integrated Oil & Gas,2026-10-02,207.1699981689453,,754,False,False,0.03379626430077831,1.3651009000281267,1.3303992473972626,-2.1767875327810327,24.317667601537906,39.30228470803407,176.59049491276818,159.55924547051055,152.17579455590692,152.17579455590692,41.02501434442149,23.134046285647063,42.30769230769231,-4.867523486041505,45.11422550021152,9678437.25,-61.241211746245504,217.77000427246094,142.76339721679688
CMG,Chipotle Mexican Grill,ok,Consumer Discretionary,Restaurants,2026-10-02,32.13209915161133,,754,False,False,-0.5813754485987199,0.7907779092885869,2.560163516943903,-16.58333652710242,-5.438200163387597,-17.546579047729427,35.07897660845802,43.78048235296728,46.72685512117745,46.72685512117745,-13.95323940134061,35.010240237378284,15.203377667157014,-24.14518723175096,14.024481205238562,13942564.15,-43.8390032438904,42.36000061035156,28.18000030517578
CB,Chubb Limited,ok,Financials,Property & Casualty Insurance,2026-10-02,331.2499084472656,,754,False,False,-0.015116011937321705,-0.2499633096134657,-0.6359560551262633,-2.1122650270755106,-6.809924354301988,18.78435758934136,319.39932711162265,298.4793295689313,279.8426242292085,279.8426242292085,65.81568932708622,18.995763673445495,28.697557122320504,-8.596814529391862,24.63501040941,1619155.65,-24.70069199338556,362.40521240234375,265.7759704589844
CHD,Church & Dwight,ok,Consumer Staples,Household Products,2026-10-02,94.3499984741211,,754,False,False,0.2550184488502971,-0.6319099456613575,-2.1062449026215235,-5.004028630662716,-2.8859040164320504,8.70328192830263,93.26379712422688,96.20555944556735,96.48670313908504,96.48670313908504,6.7206708813645655,20.666910737926607,48.476798037172856,-9.797972113515604,16.836076152073623,1832505.5,-44.33795696656845,104.5985336303711,80.75416564941406
CIEN,Ciena,ok,Information Technology,Communications Equipment,2026-10-02,393.19500732421875,,754,False,False,3.7070718290745264,10.784118237468054,10.166429433135416,11.021855449084295,-9.36656766608227,159.1583206964573,349.23009920877126,215.92995018978044,160.23328248891653,160.23328248891653,733.7468375666147,57.83349664602922,77.54147132533183,-37.289472516073566,159.62034681228323,2581903.35,-34.33266973374507,627.0,151.4499969482422
CI,Cigna,ok,Health Care,Health Care Services,2026-10-02,268.0450134277344,,754,False,False,0.03172935339883498,-2.62115675431166,-1.4576655988899234,-4.704671026399798,-4.414042549810904,-6.010611033291635,276.8120275830466,288.01076331271594,295.9621813543912,295.9621813543912,-1.1989136862461947,29.914135867847193,23.83791428681313,-11.858497111589987,12.155825784759191,1618548.1,-39.26890402577471,304.10760498046875,238.99339294433594
CINF,Cincinnati Financial,ok,Financials,Property & Casualty Insurance,2026-10-02,161.88499450683594,,754,False,False,-0.16342855357590613,0.4685593006544808,-0.4029769941874095,-5.173356143293384,-14.126345456811828,3.5904734955779283,163.9962916298518,152.28850806186873,137.70280832953415,137.70280832953415,73.98791466219461,22.3178235641222,19.749064965143432,-15.217483204793911,9.338285247399204,685884.6,-73.67020632916964,190.9414825439453,148.058837890625
CTAS,Cintas,ok,Industrials,Diversified Support Services,2026-10-02,192.16000366210938,,754,False,False,-1.75869239982831,-2.821888174392506,-3.876744464023496,-2.993585130703025,8.089746415547271,-4.688593273677988,187.07978608873157,196.90593296978102,184.51594416975027,184.51594416975027,62.75127156316731,22.497979335532275,36.392216588230895,-11.024256975698938,18.11863677411343,2083019.85,-51.05677941571225,215.96897888183594,162.68389892578125
CSCO,Cisco,ok,Information Technology,Communications Equipment,2026-10-02,111.8949966430664,,754,False,False,2.882488456472365,4.633433783934171,4.868790856052407,2.2245547039650537,-1.829274129197811,66.12645150942483,92.1966634175134,76.33160298564044,66.32866592306041,66.32866592306041,122.67535931968956,26.442003065627475,54.94475627672396,-13.604929684244457,68.28703584178682,17933083.45,-51.648755641071865,129.51548767089844,66.49056243896484
C,Citigroup,ok,Financials,Diversified Banks,2026-10-02,128.33999633789062,,754,False,False,1.0551152266855324,-1.8807390339996788,-4.423594351657134,-4.466279710853094,-10.334693379765314,32.76770698599947,119.76556802174402,97.66604703925995,82.49227948277318,82.49227948277318,247.35935706084962,29.04144623881988,32.0018439455952,-11.448814671452487,39.524120479351495,9664083.1,-46.73615751503627,144.93312072753906,91.98409271240234
CFG,Citizens Financial Group,ok,Financials,Regional Banks,2026-10-02,64.36000061035156,,754,False,False,1.0361064984415025,0.7356412978449356,-1.7854390214256388,-7.767266070164192,-10.167984433848542,25.703714355324326,61.83831522199843,52.23843745501393,45.18724389923662,45.18724389923662,180.22816763807162,31.28038437944513,22.111916588972633,-13.876625559685435,37.003801802173435,3974535.7,-40.3977173987895,74.7300033569336,46.97679901123047
CLX,Clorox,ok,Consumer Staples,Household Products,2026-10-02,80.12999725341797,,754,False,False,-0.6447665996560215,-1.8014721178816306,-4.3794817001058135,-14.999469495248396,-16.641548066635014,-31.639541414453966,101.00121552603585,117.67330353573499,121.66834576756,121.66834576756,-31.03944319932681,25.546426478607216,29.06022382103785,-35.44513072227052,0.0,3150249.95,-59.19692023167876,124.12696075439453,80.12999725341797
CME,CME Group,ok,Financials,Financial Exchanges & Data,2026-10-02,263.47808837890625,,754,False,False,-0.6118135372566003,0.09804997986710973,-0.3788273464166103,-4.699948859968039,12.75981831533215,2.9583295222260775,271.7571860419379,256.957503816521,234.39188474053097,234.39188474053097,49.58719347264704,19.96785741733712,28.8371243957816,-16.54459747906909,21.106665786688346,1714426.65,-49.96968811701568,315.71124267578125,217.55870056152344
CMS,CMS Energy,ok,Utilities,Multi-Utilities,2026-10-02,63.70000076293945,,754,False,False,0.0942824856481339,0.3940110275712172,1.191421748864463,-6.406107775570691,-15.828977488728935,-9.23022172222705,71.84213038853237,69.59720395000808,64.94608887184204,64.94608887184204,38.53718776172388,17.200782198385557,27.650435984948885,-19.048282275905283,1.7571921974935856,3811584.15,-20.57940003764577,78.68888092041016,62.599998474121094
KO,Coca-Cola Company (The),ok,Consumer Staples,Soft Drinks & Non-alcoholic Beverages,2026-10-02,85.62000274658203,,754,False,False,-0.5574863368706495,-1.4048752219675942,-2.494015343241962,-2.3901757542800883,3.822213842554789,31.620422632259505,76.82450881836907,71.01628912967514,66.5294692143205,66.5294692143205,68.24074001198572,16.55543260481326,27.142829116448794,-6.369266211194054,32.9744615323365,15330078.45,-33.44346518983404,91.4443359375,64.3883056640625
CTSH,Cognizant,ok,Information Technology,IT Consulting & Other Services,2026-10-02,58.685001373291016,,754,False,False,-3.6054527863236374,3.2459556927343147,2.363508632407463,-7.436908579037338,42.68577674087466,-9.801265087140965,62.632932799203054,68.66101188963628,68.67100186436498,68.67100186436498,-8.572615313262233,30.45356614047342,31.919888098891164,-31.086700757960596,52.41182751180371,6781493.5,-44.204473542590584,85.15773010253906,38.50423049926758
COHR,Coherent Corp.,ok,Information Technology,Electronic Components,2026-10-02,336.45989990234375,,754,False,False,5.410538340438076,15.14318802958119,13.734210585225103,25.245637863242543,0.22635915033684118,193.46698248965808,258.8457143571642,174.24665330985627,134.94206892969754,134.94206892969754,940.7048587889534,71.59683010669463,70.90353926912393,-21.183469194182695,207.63453547856713,6792840.8,-13.73688604626212,426.8900146484375,109.37000274658203
COIN,Coinbase,ok,Financials,Financial Exchanges & Data,2026-10-02,182.38999938964844,,754,False,False,-3.645197390891275,-4.015369282842551,-6.519399918462332,4.24668060737583,8.0061613450505,-47.31201654827224,210.97746004377092,239.67563768971965,219.70249351076484,219.70249351076484,142.18563975884183,77.58422808089071,44.972254747583065,-52.90365776749887,29.272098748128204,9514987.6,7.418447923148119,387.2699890136719,141.08999633789062
CL,Colgate-Palmolive,ok,Consumer Staples,Household Products,2026-10-02,84.47000122070312,,754,False,False,-0.0709778297174668,-2.3016399315772262,-1.8475440192850079,-6.248609710060138,-9.032811414046083,9.583980519726687,85.53233734009758,86.38022884049738,85.54416158660969,85.54416158660969,28.06972431176844,19.636473804739335,30.699785929193027,-13.776243409091707,14.704817992065934,5270783.8,-55.03560589982841,97.9660415649414,73.64119720458984
CMCSA,Comcast,ok,Communication Services,Cable & Satellite,2026-10-02,21.514999389648438,,754,False,False,-0.8525408607679474,-0.3935231033338815,-1.802831859947851,-19.75009392678413,-7.976902643554295,-23.025797216427392,26.137703910706534,29.0970588813265,31.111940641934424,31.111940641934424,-42.40175130486449,27.782384992973757,11.098258248458123,-32.07596206124104,0.0,31722680.9,-61.19805246346628,31.67508888244629,21.514999389648438
FIX,Comfort Systems USA,ok,Industrials,Construction & Engineering,2026-10-02,1737.780029296875,,754,False,False,3.1145968360184684,4.368035694779149,4.754326243869378,11.386873136088838,-3.031183580787522,108.71100787231649,1423.6739884633866,959.0513706283265,728.9905059773979,728.9905059773979,955.8815528828262,52.995360706517225,78.76176322669215,-15.863948225328379,120.22190817454619,307841.05,-42.1711301985229,2065.4404296875,789.1040649414062
COP,ConocoPhillips,ok,Energy,Oil & Gas Exploration & Production,2026-10-02,126.80999755859375,,754,False,False,-0.19675744121174787,1.0921516984403912,-0.3849218235798757,-7.572886020958148,23.243676910625723,37.02899282547625,109.58513444567484,101.34352754691683,103.25833188570462,103.25833188570462,18.308387453128596,29.239779211591788,34.6989516336415,-10.20393962438009,52.70589917127858,6764116.75,-56.8231136755586,141.22000122070312,83.04197692871094
ED,Consolidated Edison,ok,Utilities,Multi-Utilities,2026-10-02,103.3499984741211,,754,False,False,-0.14492901051101903,0.019352213986323363,0.2424830297769187,-4.012259467159729,-6.916538100731373,8.768298150737763,104.43732288905552,100.15393254861414,95.20545272422406,95.20545272422406,40.23795631742581,17.845327288429424,38.61293821623851,-8.998416273254163,11.099600793082875,2124389.1,-41.92297446828361,113.56945037841797,93.0246353149414
STZ,Constellation Brands,ok,Consumer Staples,Distillers & Vintners,2026-10-02,113.01000213623047,,754,False,False,0.017704463084466937,0.21282743664852166,-0.5456262713839366,-12.632395203915692,-12.8401702189757,-16.291820332358686,140.05396812681167,160.8006206223689,185.59995511608983,185.59995511608983,-51.45410749044581,27.445700739974715,2.4584059113550865,-31.20921010846715,0.21282743664852197,2232898.55,-69.38638345212773,164.2807159423828,112.7699966430664
CEG,Constellation Energy,ok,Utilities,Electric Utilities,2026-10-02,254.25010681152344,,754,False,False,-1.8036097536022755,-3.9042559093640072,-3.426095863011569,-12.339643041989234,3.5673138576846064,-27.13839028501084,302.7132811167883,288.64240696515697,246.85981833460477,246.85981833460477,147.48527270777507,53.3283699458446,40.883458976003475,-36.70716994107217,7.67058846335896,2988863.1,-25.327392880590615,401.7044372558594,236.1370086669922
COO,Cooper Companies (The),ok,Health Care,Health Care Supplies,2026-10-02,57.40999984741211,,754,False,False,0.0,1.3773596408000799,3.665580968118909,-17.66815275550456,-20.933756555804905,-15.660349486122671,71.79138885982452,78.14211159208381,83.0671121308911,83.0671121308911,-26.373836523426476,31.12549937256597,64.94843370530471,-31.9141365569335,7.771727715547759,5631684.85,-67.99719714429688,84.31999969482422,53.27000045776367
CPRT,Copart,ok,Industrials,Diversified Support Services,2026-10-02,27.315000534057617,,754,False,False,0.09160724694607936,0.6448089474752505,-0.9967365603819278,-15.065296443850462,-6.583444774722491,-39.42115670520817,35.223472315167626,44.574751101642015,46.8223144242871,46.8223144242871,-37.37963960817233,26.444615459578134,4.994954571702436,-40.308126014060534,0.6448089474752439,10286933.0,-61.52828058664327,45.7599983215332,27.139999389648438
GLW,Corning Inc.,ok,Information Technology,Electronic Components,2026-10-02,163.57000732421875,,754,False,False,1.963601291128314,3.0621891530213885,4.357535786454059,13.4878247296337,-15.87371283270469,98.5039049519574,136.68978775872125,94.27423053148733,73.77744396422207,73.77744396422207,476.52355279686003,48.43448923532256,69.46012318833684,-35.90754089915665,110.73371919696984,8256813.0,-39.45654334184388,255.20944213867188,77.6192855834961
CPAY,Corpay,ok,Financials,Transaction & Payment Processing Services,2026-10-02,395.8699951171875,,754,False,False,1.5754455540440304,0.8072276067272011,-0.5626561294102994,-4.930355206585468,11.027908756247085,38.2179358456393,334.301388574025,336.67615560706395,317.11225484347153,317.11225484347153,54.70923384517184,32.96209174666663,33.29329493231148,-6.906686998322983,55.243135340073536,471434.05,-29.91999623277105,425.239990234375,255.0
CTVA,Corteva,ok,Materials,Fertilizers & Agricultural Chemicals,2026-10-02,12.0649995803833,,754,False,False,-4.01750299682867,-84.50622941462157,-84.6344879060197,-86.58997508426508,-86.00449601592179,-80.18812797544474,74.9351949426863,69.55283278393081,63.33611779377378,63.33611779377378,-75.1117809574824,55.92294078357902,3.692749444247667,-86.64157007525282,0.0,11237785.85,394.06455809976126,90.31749725341797,12.0649995803833
CSGP,CoStar Group,ok,Real Estate,Real Estate Services,2026-10-02,27.200000762939453,,754,False,False,-1.8758966929862897,0.9276437585255648,-3.168385136396812,-12.987842086422175,-5.226480697300062,-67.41734586827816,46.56718257116893,63.00239044736581,69.29043765283073,69.29043765283073,-64.19639288418625,35.770364102786026,16.24997019764919,-67.9245285565168,0.927643758525565,6089508.15,-69.939066425258,84.80000305175781,26.950000762939453
COST,Costco,ok,Consumer Staples,Consumer Staples Merchandise Retail,2026-10-02,917.5919189453125,,754,False,False,0.28984594583578716,-0.7568876698742733,-0.5611474664692584,-1.172675959899594,-3.2832605794245073,0.6110751362086608,949.3732411218068,952.5264857318772,877.1694967335668,877.1694967335668,67.12494084582386,20.366602967978345,49.2986236199011,-16.01626467707338,8.428443719368014,2361646.4,-48.82688619261546,1092.5828857421875,846.2649536132812
CRH,CRH plc,ok,Materials,Construction Materials,2026-10-02,82.12000274658203,,754,False,False,0.5140830037067445,-2.8510541435203485,-3.4336760789147047,-11.384477857795726,-23.36017835956281,-30.712999390016716,109.43122479272267,102.97722096842124,92.88683051455875,92.88683051455875,60.63129175600881,31.07065679458972,27.434226641021212,-36.793672809782635,0.5140830037067466,5481868.75,-44.322362697939454,129.9237060546875,81.69999694824219
CRWD,CrowdStrike,ok,Information Technology,Systems Software,2026-10-02,268.0899963378906,,754,False,False,0.7516254002500444,2.0362359375682315,6.330064310471961,31.79136699983416,34.46182654848617,114.48915986868822,148.47017854357523,124.50875488220458,106.52974626556316,106.52974626556316,532.5115181181702,49.401076180198594,72.78172549559729,0.0,206.16987447582082,10497857.55,-61.37353759386839,268.0899963378906,87.5625
CCI,Crown Castle,ok,Real Estate,Telecom Tower REITs,2026-10-02,66.7073974609375,,754,False,False,0.8883767240705831,-0.5406325265194578,-1.66951494412233,-10.218425556681431,-9.667186545631568,-26.71346536993746,82.46027634635804,87.45907383041077,88.82909491460583,88.82909491460583,-13.779335926683556,27.073137118415353,16.808432508748908,-29.055786988334475,0.8883767240705889,3548925.1,-56.209219518326826,94.02796173095703,66.12000274658203
CSX,CSX Corporation,ok,Industrials,Rail Transportation,2026-10-02,47.45500183105469,,754,False,False,1.9660526375754106,1.1186906508948047,1.442930887925864,-2.4563199534301194,-2.509906494478664,37.328549665511225,42.26068988678947,37.111779174956666,35.6877441153286,35.6877441153286,62.054542103093155,22.28113242049173,38.044393400733604,-10.605081450770918,42.710791065831316,10540741.4,-31.719907292289705,53.08467483520508,33.252567291259766
CMI,Cummins,ok,Industrials,Construction Machinery & Heavy Transportation Equipment,2026-10-02,528.5999755859375,,754,False,False,2.243709010819628,1.3867273791091428,0.6742044802125147,-4.047930266810818,-21.77289016649241,26.299101674152723,569.6492441570948,455.8585884732554,388.7136241194424,388.7136241194424,149.0379578361925,30.395209546225022,41.48500229505798,-27.07878027332337,31.45965818232047,1118546.1,-45.96360400344698,724.891845703125,402.10052490234375
CVS,CVS Health,ok,Health Care,Health Care Services,2026-10-02,85.95500183105469,,754,False,False,0.8861559974833844,-1.3145771103619586,-3.5622074724584674,-11.5962163289125,-15.27513505164051,15.36774839796513,84.85881705511184,72.28530996254241,68.4962983776467,68.4962983776467,38.302434094920066,33.204839237339286,25.09732280121753,-21.801858604569553,24.495227899552013,7706344.4,-25.230593120130994,109.91949462890625,69.04280853271484
DHR,Danaher Corporation,ok,Health Care,Life Sciences Tools & Services,2026-10-02,215.3699951171875,,754,False,False,1.7047604382304682,-4.581098192079169,-3.892524589494184,2.7829371367967815,11.430473388664009,1.916599808925623,204.08461083306207,207.8617196861966,218.56929722388796,218.56929722388796,2.6753743004145347,28.84796621285807,63.50914748964342,-10.489518649517828,33.53052860802595,4307104.15,-50.5866836305781,240.6086883544922,161.28895568847656
DRI,Darden Restaurants,ok,Consumer Discretionary,Restaurants,2026-10-02,200.3000030517578,,754,False,False,1.463957923122794,2.6600391702991333,0.2753457080139299,-8.966957159023314,-0.6396987928734776,7.408209275006139,196.90757067241367,191.23920811504956,175.3792349919084,175.3792349919084,55.06711711855383,26.320921823693205,30.25718328781859,-12.025645864725952,21.14708595120066,1328671.95,-51.39214009899133,227.67999267578125,165.33621215820312
DDOG,Datadog,ok,Information Technology,Application Software,2026-10-02,277.7799987792969,,754,False,False,0.4774677584525877,3.4331252995679407,3.598998142972465,32.762990226804845,8.77550381430896,81.91224907060783,180.16609173729307,154.33988078751887,141.7082826528372,141.7082826528372,202.4608121251553,54.41163671496585,89.66260010960355,-3.5988184406878174,170.70116899293254,3291240.0,-61.60717541109126,288.1499938964844,102.61499786376953
DVA,DaVita,ok,Health Care,Health Care Services,2026-10-02,178.1199951171875,,754,False,False,1.0036795874182713,1.6724656857980191,-0.19611480984010887,-0.7079571195618306,-24.43256966454941,34.05584530961321,160.3013492463127,154.17994031868133,144.34647234807912,144.34647234807912,87.29757936395556,37.8107980068205,35.484697711578164,-26.07902135033567,71.48357601545241,704676.1,-68.56399699095796,240.9600067138672,103.87000274658203
DECK,Deckers Brands,ok,Consumer Discretionary,Footwear,2026-10-02,79.0199966430664,,754,False,False,-0.6912191201046247,1.7250210255230103,0.4448944734553928,-5.659032201855407,-25.220026485919732,-21.901565126775157,99.31718251061818,119.6804780846098,125.39740276589635,125.39740276589635,-8.39146149336656,46.41022542960561,44.36200655176551,-34.66181987109642,1.94812858369168,3421268.3,-58.87297117270809,120.94000244140625,77.51000213623047
DE,Deere & Company,ok,Industrials,Agricultural & Farm Machinery,2026-10-02,683.3900146484375,,754,False,False,2.4173492561734955,0.66433091756819,-0.7877673126895024,-1.9114828878684875,7.836534641497939,53.009047853770475,559.8914756169395,509.5570262285818,462.5989375430646,462.5989375430646,90.28158088541132,28.129716125616795,51.51863531825822,-3.4474866786795406,57.406522382605274,1243415.95,-52.1866355341509,707.791015625,434.1560974121094
DELL,Dell Technologies,ok,Information Technology,"Technology Hardware, Storage & Peripherals",2026-10-02,565.1099853515625,,754,False,False,4.313876682258,4.729508928253301,0.39438800571218735,14.813078288560376,37.45600096083606,282.3565127355474,261.57211049397785,188.00316736897625,158.62413875873273,158.62413875873273,775.8675565100573,61.96128159010177,57.639117420741115,-3.9581981808536746,411.20484759876206,8470886.1,-51.43929511695357,588.4000244140625,110.54472351074219
DAL,Delta Air Lines,ok,Industrials,Passenger Airlines,2026-10-02,83.7300033569336,,754,False,False,-0.4754474141720255,-1.3432300609821146,-1.4245338470614488,7.153831598347438,-8.445958036663303,50.85726012984713,72.41522748129708,63.467680015411986,56.16469465958977,56.16469465958977,137.48227212786836,41.00887779951386,61.183837146945095,-10.38144231484537,51.64078353258424,7182184.4,-38.22648162584075,93.42931365966797,55.21601867675781
DVN,Devon Energy,ok,Energy,Oil & Gas Exploration & Production,2026-10-02,47.505001068115234,,754,False,False,0.7315547536458578,1.9420657159392896,0.9670602304628462,-2.4828399521856115,18.46546230935693,37.92713087800248,41.95461641039167,37.666290138822156,39.3104893003914,39.3104893003914,14.816421803847103,34.366286464901066,42.770408975750996,-7.523066599812984,53.484116841987664,12775913.15,-71.64223834755796,51.36956787109375,30.951086044311523
DXCM,Dexcom,ok,Health Care,Health Care Equipment,2026-10-02,85.12000274658203,,754,False,False,-1.2872556733610652,-1.754382102694263,-1.7317016306134803,-5.09532787426309,17.601555646042044,28.81355990910306,71.21817466190883,74.71336656547638,86.06928378643977,86.06928378643977,-9.973558964364793,47.13215152030182,52.2587416969545,-7.8189234109228085,55.215175984213104,4160018.55,-69.21237286309696,92.33999633789062,54.84000015258789
FANG,Diamondback Energy,ok,Energy,Oil & Gas Exploration & Production,2026-10-02,184.66000366210938,,754,False,False,-0.4581914020245659,0.3859781058147993,-1.0767635541608533,-9.22229607496865,6.8767425491534695,31.74578533341752,175.07380845811633,161.906104555168,163.48374853968937,163.48374853968937,37.2247327679569,33.133397823272,28.897795456366282,-12.702687690752898,37.743420869920726,3222111.9,-59.882274727950936,211.52999877929688,134.06085205078125
DLR,Digital Realty,ok,Real Estate,Data Center REITs,2026-10-02,179.51499938964844,,754,False,False,1.7139746174474224,1.6736530765266044,0.5066898696625577,-1.640213900667331,4.056384898139287,7.702705362525353,175.35978093222965,168.41503529339673,156.1441412300899,156.1441412300899,66.22392122434968,27.04133589426356,52.902640339175456,-10.768953404561756,23.835531624509564,1831083.7,-62.10036712139374,201.1799774169922,144.96243286132812
DG,Dollar General,ok,Consumer Staples,Consumer Staples Merchandise Retail,2026-10-02,119.09500122070312,,754,False,False,0.13873784167488523,-2.890572559187843,-4.60188664347454,-9.011382247647969,2.9521100505862874,21.903662649812073,121.77621747577001,105.22406103126556,110.56286680793256,110.56286680793256,22.41779941543811,39.58403956939425,29.18816589831539,-23.022246295752392,25.89429393110437,2353092.0,-67.81086332366095,154.71353149414062,94.59920501708984
DLTR,Dollar Tree,ok,Consumer Staples,Consumer Staples Merchandise Retail,2026-10-02,112.11499786376953,,754,False,False,-2.0230730011643105,-1.0459004025330398,-1.7138615203690533,-15.006447766497855,-7.693892055938423,24.130866079037716,114.48755927312942,99.11363534813383,104.716651051367,104.716651051367,7.123059373978524,41.26533969977197,35.999196937217874,-20.604070155631863,31.837954676337027,2840191.4,-68.61380539353792,141.2100067138672,85.04000091552734
D,Dominion Energy,ok,Utilities,Multi-Utilities,2026-10-02,61.224998474121094,,754,False,False,0.7653063947223648,0.9647082624682835,0.8981512297369321,-6.3686248063173245,-10.708166332916191,4.829400888953228,62.20552706340003,57.607307791234966,53.053811632353685,53.053811632353685,66.66688473866719,22.56792476517981,28.39011124543103,-13.734802188598788,10.596429399068123,4885223.45,-55.97398927576178,70.9729995727539,55.35892868041992
DPZ,Domino's,ok,Consumer Discretionary,Restaurants,2026-10-02,297.1211853027344,,754,False,False,0.7190458653336895,-1.5535642602260369,1.7050627796713291,-13.765235795896402,-2.272343102819707,-29.10368921881046,361.28018479120163,400.2972018177291,406.72109584656573,406.72109584656573,-17.968305618197157,28.893892039978002,27.202011139137653,-31.0418725090854,5.627913264196853,733309.45,-61.313876426929994,430.87188720703125,281.2904052734375
DASH,DoorDash,ok,Consumer Discretionary,Specialized Consumer Services,2026-10-02,188.03500366210938,,754,False,False,3.2166875324199484,0.4997314420591037,-2.7539289053752247,-16.886934628459894,-0.22551365627566655,-29.743314388505947,196.64628970433796,199.13689249350256,170.05882621380633,170.05882621380633,136.7006519175288,42.331588126583036,36.65319115791564,-33.2593844751375,28.26398078683306,4264969.7,-39.42995655983207,281.739990234375,146.60000610351562
DOV,Dover Corporation,ok,Industrials,Industrial Machinery & Supplies & Components,2026-10-02,190.14999389648438,,754,False,False,1.1113455094241553,0.2372150529685868,-0.901610872578773,0.6617258022173278,-11.216454416222044,15.442613996810284,202.6012980143229,192.4506276043288,182.07178532729415,182.07178532729415,42.80568927629449,24.672172407682414,52.401536138838814,-17.894644878676274,19.19613649667711,1336538.2,-69.77534948121946,231.59268188476562,159.5269775390625
DOW,Dow Inc.,ok,Materials,Commodity Chemicals,2026-10-02,28.114999771118164,,754,False,False,1.9028619631269894,1.829044366544741,0.3390410842344149,-10.118289149778025,4.066111867937239,27.99407490354873,29.459257489158993,30.50518865699312,35.88543920744635,35.88543920744635,-34.854980711088835,38.018117252152436,42.44465380218044,-31.381724463051725,42.86989394251167,8985350.2,-54.31114081674857,40.97304916381836,19.678743362426758
DHI,D. R. Horton,ok,Consumer Discretionary,Homebuilding,2026-10-02,135.48500061035156,,754,False,False,-1.1491295609930785,-2.8084601560599887,-4.2576454882084835,-4.762402754176131,-13.380440180946952,-20.48757807720988,148.57030160086495,145.8826754140664,145.69345215208017,145.69345215208017,31.64608967162925,35.33869227050537,42.24460273747925,-21.628336908796346,2.844598777676172,2917400.0,-45.25947761705629,172.87498474121094,131.7375946044922
DTE,DTE Energy,ok,Utilities,Multi-Utilities,2026-10-02,124.29000091552734,,754,False,False,0.8274554232482023,1.5524156674189937,2.3468366409957753,-7.808185301091641,-17.13334841022701,-8.268031331446846,137.44899404616584,130.7629130086101,121.01882412452596,121.01882412452596,44.25679842925887,18.06549587471945,30.992273563578223,-18.78069479035858,2.8635264686252757,1950274.55,-58.206345870636525,153.03012084960938,120.83000183105469
DUK,Duke Energy,ok,Utilities,Electric Utilities,2026-10-02,113.9021987915039,,754,False,False,0.14260676172039854,-0.2695038047772824,0.48716393896457433,-5.522394576902734,-8.784910292733606,-3.6689190436080876,121.75710018097408,116.30937092997638,107.81562905349529,107.81562905349529,49.24499733887178,16.563738944367383,21.447834836706136,-13.160078758248822,2.5295198208043037,4046304.4,-49.49989427389595,131.1634063720703,111.09210205078125
DD,DuPont,ok,Industrials,Industrial Conglomerates,2026-10-02,130.6999969482422,,754,False,False,1.1609907394973806,0.44574381556987674,-0.7668436065144224,-1.6775715417197579,-6.930162376513893,35.4590566540365,130.95882875957187,111.56239938925937,104.54801504808016,104.54801504808016,50.49692392974454,30.238962479106775,70.63745456385476,-14.402733178978433,43.766707181130705,1081833.15,-73.64075966797652,152.69178771972656,90.91117095947266
ETN,Eaton Corporation,ok,Industrials,Electrical Components & Equipment,2026-10-02,436.8399963378906,,754,False,False,-0.10062258567383742,0.8239682910754498,-0.7136721146486558,11.766659720147143,5.924914113072521,18.154950475925702,381.4020659431579,355.06163435248266,327.5489145375057,327.5489145375057,115.69891241698089,34.82469500473781,78.05756157229894,-5.026523077376287,39.47636631927426,2064880.7,-46.456277110827756,459.9599914550781,313.20001220703125
EBAY,eBay Inc.,ok,Consumer Discretionary,Broadline Retail,2026-10-02,106.7300033569336,,754,False,False,0.7932797923571266,1.4447336619027418,-1.0843356370710544,0.02812222075878612,-5.819907805360414,23.4187902531259,97.5324384598505,84.37491639581809,72.01564278842916,72.01564278842916,157.5659561775819,31.881037041514848,43.52808236596784,-9.758493776804862,35.63804877197439,5053371.25,-73.97925196966283,118.27152252197266,78.68736267089844
ECHO,EchoStar,ok,Communication Services,Wireless Telecommunication Services,2026-10-02,94.12000274658203,,754,False,False,6.651561185928645,4.705755240466392,4.450118864797581,8.570769518893151,-4.242545660905128,18.389940561738392,102.03138887314569,66.15400399059888,49.400437675040976,49.400437675040976,486.0523404510535,83.61714820236091,50.55262686110802,-33.62482318690241,40.62453655674586,3279852.95,-11.558260561651101,141.8000030517578,66.93000030517578
ECL,Ecolab,ok,Materials,Specialty Chemicals,2026-10-02,274.6099853515625,,754,False,False,1.2349684676454808,-1.1732140291902171,-1.746039233362251,-1.6293155007712001,-2.9537858120268656,2.9275916799771595,270.70457531156995,261.6777847411623,244.9368116140998,244.9368116140998,69.70322181559638,20.43215385878538,49.726705734863366,-10.22219020693328,12.355002261229295,1184113.7,-57.43027042082191,305.8773498535156,244.41278076171875
EIX,Edison International,ok,Utilities,Electric Utilities,2026-10-02,53.47999954223633,,754,False,False,-0.5947949802270314,-0.1493686127771121,1.5764444298248526,-3.0983858072522352,-27.69259755195477,0.26167013471909417,64.67540619865296,61.226796845515885,62.13142741580224,62.13142741580224,0.5498754804722505,31.09431901058616,36.21226086673479,-33.46603462348063,6.6283231078011955,5023332.6,-41.20930794031038,80.37999725341797,50.1555290222168
EW,Edwards Lifesciences,ok,Health Care,Health Care Equipment,2026-10-02,85.5199966430664,,754,False,False,0.38736259209186663,-2.9064545126811003,-0.8923447262617623,-5.835722384460496,-10.149194821534447,12.069190642288863,84.3540475936163,79.01745015786463,78.87059672631382,78.87059672631382,23.61953782279491,31.716079381775554,50.0,-10.14919482153445,17.715065171200354,3432480.9,-67.54481576284954,95.18000030517578,72.6500015258789
ELV,Elevance Health,ok,Health Care,Managed Health Care,2026-10-02,386.0050048828125,,754,False,False,1.1357956618456955,-1.7123738740072336,-2.546136370097807,-4.473415546063442,-5.018723126829383,18.34329646854791,356.1247564648825,363.3037052838451,403.5959956728179,403.5959956728179,-7.801289611527484,31.29852960542102,11.996828428154927,-9.162567222588125,39.510622445586264,1230267.4,-63.816971822548496,424.9404602050781,276.6850280761719
EME,Emcor,ok,Industrials,Construction & Engineering,2026-10-02,792.6950073242188,,754,False,False,3.0772501886539683,4.024116747162609,3.9995518915724837,7.9583521887901965,0.7385494239623203,21.277044165990276,747.5662534199064,618.8938901376914,514.2075973632165,514.2075973632165,285.7845500855075,39.17721977346339,67.11105583640935,-15.962439734866738,36.52000169447537,350757.15,-52.775588466265056,943.2627563476562,580.6438598632812
EMR,Emerson Electric,ok,Industrials,Electrical Components & Equipment,2026-10-02,162.0,,754,False,False,2.163077831464144,3.0272159377677355,2.3826103610295357,8.739431229594397,14.827210272206548,25.42449130036197,141.08597746349517,130.85853676966937,120.18973499773668,120.18973499773668,78.43632548463826,29.40950326259979,75.16532699063674,-1.1136509656218037,32.422810760730385,2406412.35,-26.602479412973423,163.82443237304688,122.33541870117188
ETR,Entergy,ok,Utilities,Electric Utilities,2026-10-02,100.62000274658203,,754,False,False,0.21912471848559711,0.8620695588770655,2.079743388561117,-5.742386185871629,-11.077338142593263,10.413303580503186,102.87742690434531,90.67209924644683,76.89530639243695,76.89530639243695,149.61198231542153,22.057955384005044,37.26813477918808,-13.751991570123378,12.339469593772721,3119694.2,-66.22156107480022,116.66356658935547,89.56781005859375
EOG,EOG Resources,ok,Energy,Oil & Gas Exploration & Production,2026-10-02,141.3800048828125,,754,False,False,0.04954166402113547,1.2315632075053262,0.7338786850762169,-5.08861539299933,10.077477936638335,31.47725167607074,125.5744733659048,121.12496290168914,118.86170815789099,118.86170815789099,27.148879713785057,27.176540995148653,39.190852109253164,-8.039547397376111,42.36922070833968,3253024.75,-43.23452350001333,153.74000549316406,99.30517578125
EQT,EQT Corporation,ok,Energy,Oil & Gas Exploration & Production,2026-10-02,50.130001068115234,,754,False,False,0.0798580862557241,2.557283086508333,-1.338319792947762,-10.080715572887467,-2.7514228620401204,-9.68493556640453,55.426028024582635,52.201944837532196,46.8333609578464,46.8333609578464,33.77475724636907,33.7663158221974,34.538155225314284,-25.763370896198595,3.233112953921271,7671400.85,-43.738867458607636,67.52731323242188,48.560001373291016
EFX,Equifax,ok,Industrials,Research & Consulting Services,2026-10-02,140.94000244140625,,754,False,False,0.8659606032097811,0.07810878997467352,-4.840995300383644,-24.01336764723666,-17.792675407305513,-43.8422000454776,188.63036261664496,220.33988539251197,226.7674589688329,226.7674589688329,-19.260154298856634,35.01911592485948,11.833458849003335,-40.524464755893966,2.69600466347,1909571.9,25.73174123477624,236.9713897705078,137.24000549316406
EQIX,Equinix,ok,Real Estate,Data Center REITs,2026-10-02,1028.31005859375,,754,False,False,1.5785407163806386,1.284391227126025,2.006789258883135,0.8898854485967833,3.44233465193744,35.70837165809366,937.6851997980996,885.7809271945422,842.2993766319214,842.2993766319214,53.75108757529525,25.85673795942712,59.9609864582657,-7.412269117760041,43.78285295573231,496596.85,-68.05517393032194,1110.6331787109375,715.1826782226562
ERIE,Erie Indemnity,ok,Financials,Insurance Brokers,2026-10-02,220.02000427246094,,754,False,False,-0.9409735411045728,-1.0834817617573544,-1.2743409899096614,-14.856235767035653,-13.942746672668315,-27.998339978612073,257.3273012675936,319.191297006797,333.67117762881816,333.67117762881816,-20.68617597430843,32.39520046963662,15.164601863268032,-32.19983945269469,6.774278466915054,186731.2,-75.35280660114645,324.51251220703125,206.0608673095703
ESS,Essex Property Trust,ok,Real Estate,Multi-Family Residential REITs,2026-10-02,268.0400085449219,,754,False,False,-0.545434739875339,-1.2161818521068235,-0.3724038863126333,-2.4131784515877164,-9.195135754442108,4.531426605320599,260.24188383798753,263.84043926831737,252.12420188843097,252.12420188843097,43.49180795755465,22.44183307286309,37.21842534597788,-9.295569007423955,15.15940902353127,536325.45,-55.8833167435929,295.50927734375,232.75563049316406
EL,Estée Lauder Companies (The),ok,Consumer Staples,Personal Care Products,2026-10-02,91.64659881591797,,754,False,False,1.6150308627145504,-2.8858788295019977,-2.988676159947379,-9.395355972910712,8.313188177605335,7.830987538887113,92.04630561102005,83.3142598748682,95.28614521279576,95.28614521279576,-32.471341519767996,48.45718425568432,37.06358951536788,-22.579136376968993,37.30992051725624,2939095.75,-64.22317986748135,118.37454986572266,66.74433898925781
EG,Everest Group,ok,Financials,Reinsurance,2026-10-02,368.8800048828125,,754,False,False,0.043394353867332036,0.0189819486136944,-0.4184293452515808,-1.9547151360358006,-0.5481696071732212,6.195886043420318,340.2889387342665,342.05093426343456,349.2406621877331,349.2406621877331,3.582931533062461,24.4970417522261,31.415550185521553,-6.976246637858388,23.12957032501832,422476.4,-56.464313746282635,396.54388427734375,299.58685302734375
EVRG,Evergy,ok,Utilities,Electric Utilities,2026-10-02,79.08000183105469,,754,False,False,0.3680681712876943,0.4445553908264399,1.3326510806337177,-2.092354688932374,-7.5688968004661294,7.355938568783449,78.78036574711875,70.92230826450059,63.36777255516154,63.36777255516154,85.8073863156636,16.858364630508817,36.834288139189475,-9.519679335793937,12.13703748981696,2339832.85,-37.72388484929596,87.40022277832031,70.52085876464844
P,Everpure,ok,Information Technology,"Technology Hardware, Storage & Peripherals",2026-10-02,139.9499969482422,,754,True,False,4.339067959115139,7.612451875563853,11.071426149398555,51.41187545836829,80.04630246263653,63.321266146465845,80.30472211989145,69.32019926732279,62.392851505734875,62.392851505734875,293.781635743004,60.64031051320911,92.6001071128086,0.0,145.56938555262607,7619033.85,-62.364296360226824,139.9499969482422,56.9900016784668
ES,Eversource Energy,ok,Utilities,Electric Utilities,2026-10-02,64.4749984741211,,754,False,False,0.2565711736763898,0.8998387081560866,1.2643322260505574,-7.390590468521562,-10.918932422867133,-5.789799029567266,68.53189907376728,63.33232531604539,59.944257199922355,59.944257199922355,32.899067930561785,24.855434329883778,32.9407681392682,-13.471185021094994,6.143988577315325,2577115.8,-49.714483144296416,74.51274871826172,60.742958068847656
EXC,Exelon,ok,Utilities,Electric Utilities,2026-10-02,40.64780044555664,,754,False,False,0.43933585245992113,-0.005414711536644301,0.7630151011514208,-6.675383499174448,-12.784623488976177,-6.479845369660198,44.847400952899264,42.47299324278813,39.60800117775995,39.60800117775995,24.34073514477064,19.76416320574218,26.38678183153877,-17.636225050944127,1.1139295376084069,8242818.85,-54.7718193515802,49.3515510559082,40.20000076293945
EXE,Expand Energy,ok,Energy,Oil & Gas Exploration & Production,2026-10-02,85.7699966430664,,754,False,False,-0.22103588114227302,1.8888053363345758,-1.2321507829881728,-13.642773956295063,-2.930247951695686,-19.670920761061026,99.8341795906188,98.87603410211692,91.29856177413495,91.29856177413495,11.581712582857184,28.552958248167986,26.920776286056082,-28.976203206343264,1.9978598862404513,3479221.7,-45.75125810465025,120.76233673095703,84.08999633789062
EXPE,Expedia Group,ok,Consumer Discretionary,"Hotels, Resorts & Cruise Lines",2026-10-02,266.7550048828125,,754,False,False,1.555179977253851,0.15958334846817301,0.9785332640660505,-13.408100046460902,0.14227925663756746,23.30140028667731,254.87203095451233,216.44568162895294,186.98452645461185,186.98452645461185,165.0201974547258,45.369588945488566,31.69079414163022,-21.227978081604164,42.320053671470326,2419273.85,-71.6618687049422,338.6418151855469,187.4331817626953
EXPD,Expeditors International,ok,Industrials,Air Freight & Logistics,2026-10-02,191.2050018310547,,754,False,False,1.8456355792621837,1.6183025667949158,1.9977568457594908,2.710033342125562,15.392278426401674,58.97559609769984,156.02083696637834,135.3503345322324,129.36329040729714,129.36329040729714,72.61260228752684,26.188666859306714,46.379649187928216,-1.3898876484072704,70.77967597164859,1044105.55,-9.337614381994241,193.89999389648438,111.96004486083984
EXR,Extra Space Storage,ok,Real Estate,Self-Storage REITs,2026-10-02,133.61500549316406,,754,False,False,0.40201657254901324,0.0936399691783718,0.19872469255286518,-3.390236852208983,-7.49552430565863,-0.8532766361781352,137.26964157346694,138.9195972305845,136.4675372197078,136.4675372197078,27.742124846925154,26.502130211611792,40.052594713852244,-11.556408867758313,10.447366047807252,1528879.35,-73.07262996259318,151.07369995117188,120.97618103027344
XOM,ExxonMobil,ok,Energy,Integrated Oil & Gas,2026-10-02,164.4250030517578,,754,False,False,0.36930515229540717,1.905792892421343,2.3880732307871133,0.1675352820584619,21.29117912069791,51.076422756020804,140.43517597137935,123.4595256668638,116.29253850881237,116.29253850881237,56.92697262825184,23.42730249738116,48.80321758990784,-2.890978065626849,52.91981469549134,13842397.55,-57.809685938401614,169.32000732421875,107.52367401123047
FFIV,"F5, Inc.",ok,Information Technology,Communications Equipment,2026-10-02,453.94000244140625,,754,False,False,2.3124797004589137,3.6227075243345785,2.4556504633153287,16.073442269469098,8.33114663957424,38.69656591704391,329.5803969852508,303.59282933573326,262.0396688648497,262.0396688648497,180.27907114339445,30.448017560469033,70.01037488254171,-0.44956859511654496,102.6608291927829,546993.2,-43.333116389746706,455.989990234375,223.99000549316406
FDS,FactSet,ok,Financials,Financial Exchanges & Data,2026-10-02,267.70001220703125,,754,False,False,-3.569746647254546,2.973424222037724,-1.9701093561503735,-12.536345998953868,6.545922635849788,-4.965028146491768,252.83500598725817,339.32929336122305,368.6454866849459,368.6454866849459,-36.31007228724613,33.13016633045042,43.39677017071356,-14.622859949275899,42.80399714717401,907851.6,-70.55333713131088,313.54998779296875,187.45974731445312
FICO,Fair Isaac,ok,Information Technology,Application Software,2026-10-02,662.6220092773438,,754,False,False,0.13177321909236817,7.2429498946082305,-23.226779517832963,-39.73149859426778,-48.49460911710594,-56.19636107461838,1322.1063145228795,1580.170441281748,1493.0966609884003,1493.0966609884003,-23.27122955667935,47.790725635722794,16.326503629549975,-64.74571083167059,11.840606620275535,968501.15,41.747172938307806,1879.550048828125,592.469970703125
FAST,Fastenal,ok,Industrials,Trading Companies & Distributors,2026-10-02,50.68000030517578,,754,False,False,0.8958804838552048,1.4411553921082731,0.4957366616837877,5.737533867077893,5.481489926884842,8.50976350015844,44.95920229715014,42.472971091707386,38.81699031354262,38.81699031354262,98.54709188602548,24.17896777149872,61.39704515986977,-3.2455149451577197,31.578713843346605,6800274.05,-59.18868887350208,52.380001068115234,38.516868591308594
FRT,Federal Realty Investment Trust,ok,Real Estate,Retail REITs,2026-10-02,107.24500274658203,,754,False,False,-0.7266463404471346,-0.8993062649627626,-1.912552195768824,-8.083566118966534,-10.08108032556484,12.24215588232569,106.7903310382177,100.94865938771768,97.78057319985145,97.78057319985145,37.614885744480574,20.203213731844812,19.991126442897823,-14.728037315598572,17.88561097527062,969748.5,-39.69879819355224,125.7681884765625,90.97378540039062
FDX,FedEx,ok,Industrials,Air Freight & Logistics,2026-10-02,288.54998779296875,,754,False,False,0.5155468808967223,0.37568670389245273,0.9445449122976068,-8.484630447114705,-6.532841350591278,52.02082808788493,277.74475751604353,235.46763954314576,224.3880887828392,224.3880887828392,43.44419687184682,31.111615526632463,29.909641783273017,-14.635992509437687,62.11811663488529,1612218.4,-57.085963043220445,338.02301025390625,177.9875030517578
FDXF,FedEx Freight,ok,Industrials,Cargo Ground Transportation,2026-10-02,112.5999984741211,,90,False,False,1.7439236804084102,0.48188553211863105,-0.5124596478978449,-11.058451950030479,-26.250979908527217,,143.46988906860352,143.46988906860352,143.46988906860352,143.46988906860352,-25.430464586674773,65.64068267490246,19.712234717409245,,,1809609.55,-60.43395106972109,,
FERG,Ferguson Enterprises,ok,Industrials,Trading Companies & Distributors,2026-10-02,223.01499938964844,,754,False,False,0.6885158962766091,-0.3819161773293889,0.12345958952255653,0.8068542677674317,-2.216042203726476,0.42632456076099334,236.63388206845238,214.08405942270954,205.0767239638918,205.0767239638918,43.986528888411634,30.514027431748183,51.15858958149547,-16.06250244797177,4.086159389186941,1402322.05,-17.93318802909788,265.6917419433594,214.25999450683594
FIS,Fidelity National Information Services,ok,Financials,Transaction & Payment Processing Services,2026-10-02,32.525001525878906,,754,False,False,-1.7371509811148322,-2.473754080925572,-8.147411279201256,-21.4215072998301,-20.27909964418302,-49.229235678613094,49.4280150277274,61.75928032255743,62.459588807204675,62.459588807204675,-34.965041045803005,28.601714559105435,12.475104467577324,-50.75450506516965,0.0,6331552.85,-32.458006727370204,66.0466537475586,32.525001525878906
FITB,Fifth Third Bancorp,ok,Financials,Regional Banks,2026-10-02,51.04999923706055,,754,False,False,1.26958816025724,0.9891196984102457,-1.201233503332555,-5.378394476354731,-11.082818891932057,18.943817694123098,48.99241772909013,44.450181660899126,40.27912329615585,40.27912329615585,131.92840444025157,27.92319026895584,33.177879958583375,-13.299382458701817,30.70262550867509,6281612.9,-48.117497020550246,58.88077926635742,39.058128356933594
FSLR,First Solar,ok,Information Technology,Semiconductors,2026-10-02,175.5500030517578,,754,False,False,1.9987231591464871,-0.7799636472897054,-1.2154654102215057,-13.35143249597781,-24.676046987590528,-21.915311212230048,229.49500117226253,201.92055844310747,197.2980374100986,197.2980374100986,12.287327084458589,56.697544995350434,31.945875278546083,-44.83896212042174,1.998723159146483,2464019.45,-51.79465811440733,318.25,172.11000061035156
FE,FirstEnergy,ok,Utilities,Electric Utilities,2026-10-02,43.38079833984375,,754,False,False,-0.021205461936191217,-0.5939529180336578,0.18660301202511054,-6.2847321627676695,-8.172580396924511,-1.8410813486146371,46.306230620732386,42.69940013809508,40.11994854145404,40.11994854145404,50.72428270544671,17.841594962354616,24.641690311735758,-14.731806715903007,1.4896702813014469,4244167.85,-15.581637516998759,50.875709533691406,42.74405288696289
FISV,Fiserv,ok,Financials,Transaction & Payment Processing Services,2026-10-02,44.62200164794922,,753,False,False,-1.6703380394995193,-1.626981817619122,-3.997413753411827,-14.155440475347392,-13.823865005979163,-65.39051874441685,62.83701999253961,124.41746903227236,131.76979019347414,131.76979019347414,-60.459014398496436,41.42754011541553,9.325493418087063,-65.01881271403096,0.0,7639051.9,-45.13143705699918,127.55999755859375,44.62200164794922
FLEX,Flex Ltd.,ok,Information Technology,Electronic Manufacturing Services,2026-10-02,116.98999786376953,,754,False,False,3.7329305994331152,2.776066047512571,2.0142985284675508,10.420010602662423,-15.622067786664406,101.67212764828344,91.76202389550588,67.10111556870054,53.623763433501956,53.623763433501956,481.66251684206696,51.76158320242126,66.80885140683907,-27.81514618572658,114.62117311706963,3182304.3,-69.92160680548368,162.07000732421875,54.5099983215332
F,Ford Motor Company,ok,Consumer Discretionary,Automobile Manufacturers,2026-10-02,12.08810043334961,,754,False,False,-1.4824777312780646,-1.72276222844997,-4.8929945155848475,-14.5113144282355,-11.648452726458968,3.1107491313475455,13.071035744651915,11.423707962036133,10.98723344904042,10.98723344904042,18.587794579797222,36.39842092695644,19.782377679334957,-29.93682243420459,10.882467641873363,47916996.25,-32.23860521098503,17.253143310546875,10.901723861694336
FTNT,Fortinet,ok,Information Technology,Systems Software,2026-10-02,180.25999450683594,,754,False,False,0.8616793171521087,2.4437301823709623,3.9202049635485903,16.642941852004746,11.031714031412342,111.62243937663243,111.30769829522995,103.18673307867164,89.79923080322914,89.79923080322914,207.45350711730887,41.42529051395793,66.75533817171328,0.0,139.61183897810133,3881449.25,-60.94796292905285,180.25999450683594,75.2300033569336
FTV,Fortive,ok,Industrials,Industrial Machinery & Supplies & Components,2026-10-02,56.77000045776367,,754,False,False,1.6654733213367967,2.4544317164712615,1.2123378558136944,0.42246234287981466,-10.63032583425284,13.86098200110939,56.68037459963844,55.33408902840785,55.54726184774141,55.54726184774141,3.563294987833565,25.269734445233983,59.101392716037985,-11.313599572834466,19.292014443377973,2058826.85,-59.805410542416425,64.01206970214844,47.58910369873047
FOXA,Fox Corporation (Class A),ok,Communication Services,Broadcasting,2026-10-02,62.09000015258789,,754,False,False,1.321803833920221,-0.6241987716161801,-1.553828360517262,-8.0420568134553,11.623980227634023,1.2606850368423794,62.90330393352206,57.17474745944202,48.82362108964186,48.82362108964186,108.28906617860983,28.805561161627107,14.537504342992875,-17.658336947933666,27.82191857416999,4831582.35,-48.7880611203905,75.40532684326172,48.57539367675781
FOX,Fox Corporation (Class B),ok,Communication Services,Broadcasting,2026-10-02,55.689998626708984,,754,False,False,1.4020402101889928,-0.2507669707218718,-1.5033644765734766,-7.599140196231269,12.154180433892625,0.564267058669965,56.4276058560326,52.004090252150576,44.55783715488424,44.55783715488424,102.36017113316463,28.18185889386222,18.857124920272796,-16.963240356363936,26.075553968446563,1219010.75,-73.35421365234063,67.06668090820312,44.17192459106445
BEN,Franklin Resources,ok,Financials,Asset Management & Custody Banks,2026-10-02,33.220001220703125,,754,False,False,2.2153883713942335,2.7211038418747613,1.6322810796352005,1.6630817426874778,-2.5581274347393324,54.671983656862324,27.4233142232138,23.69218261878329,22.86408328883528,22.86408328883528,60.864607011548784,30.086832295810733,50.88388323707211,-6.181212916153811,64.60371996123646,3913751.45,-43.89963113268218,35.408687591552734,20.181804656982422
FCX,Freeport-McMoRan,ok,Materials,Copper,2026-10-02,71.86000061035156,,754,False,False,3.7240211843445836,1.5115124749059294,-0.6223163648671814,-2.799945470417242,18.089212901276408,85.80839914533338,58.93658344329349,49.71837168765733,47.12989077327738,47.12989077327738,103.9027531902987,44.193290595137384,59.40300529958482,-10.073836419525598,87.25206283581439,11158299.55,-28.603001162484475,79.91000366210938,38.37607955932617
GRMN,Garmin,ok,Consumer Discretionary,Consumer Electronics,2026-10-02,280.8550109863281,,754,False,True,-0.5682151516333445,-3.2301966182407105,-4.516557761781548,2.1383099305279485,14.975364091603428,11.880150513915488,238.69283984956286,222.1454278102434,194.34532872814714,194.34532872814714,185.585832510672,34.17937273867322,50.572503220215665,-9.968516078439507,52.58991296227779,806999.1,-48.56475056787548,311.9519958496094,184.05870056152344
IT,Gartner,ok,Information Technology,IT Consulting & Other Services,2026-10-02,186.3300018310547,,754,False,False,-3.355809708657642,0.2582704932878599,-0.8355466292854774,-0.22489861790914167,37.90985196456202,-25.764939509539964,186.53916673811656,306.63521878367874,353.4091379282013,353.4091379282013,-46.14739831472407,42.443778412857604,37.694768969552705,-27.82662891125765,48.19851813897149,1051355.9,-77.19915777330968,258.1700134277344,125.7300033569336
GE,GE Aerospace,ok,Industrials,Aerospace & Defense,2026-10-02,309.0205078125,,754,False,False,-1.0786218118173596,-2.7901180997290886,-5.524317077164442,-6.215323880880119,-18.395343353384508,3.1011544476264863,318.273934742761,267.4517401281106,222.70136954107716,222.70136954107716,261.50901154386924,31.320729392402512,41.261177193653076,-18.939062267722942,13.231728774804145,4353389.0,-38.434631042619905,381.2200012207031,272.9098205566406
GEHC,GE HealthCare,ok,Health Care,Health Care Equipment,2026-10-02,64.43499755859375,,754,False,False,0.7111566420957116,-3.0469478690558938,-3.294311549309903,-8.680555855906514,-0.5684661797059509,-14.504536998578821,72.37373344481938,75.40755991536783,76.73723387781442,76.73723387781442,-4.524341385329144,33.225334910020266,51.11511512616327,-26.805368839018723,8.38261897097248,3586339.65,-63.43645254012681,88.03240966796875,59.451412200927734
GEV,GE Vernova,ok,Industrials,Heavy Electrical Equipment,2026-10-02,989.47998046875,,632,False,False,0.20557681266129002,2.8041839923761414,3.325916629965553,7.3258539436937165,-14.110625766621542,63.6108047293171,851.1883898538257,637.5440865930808,542.3234638262398,542.3234638262398,657.07523462113,52.99616282500467,87.06382898167999,-15.778901928244649,80.90983868068136,2115108.85,-20.544183813518636,1174.8599853515625,546.9464721679688
GEN,Gen Digital,ok,Information Technology,Systems Software,2026-10-02,22.2450008392334,,754,False,False,-0.022468138276865446,6.690649555112094,2.8908417009208653,-27.422508593492477,-16.003513469463947,-19.31404966396383,24.80596253228566,26.192881086433076,24.669260338699786,24.669260338699786,34.56977558179155,33.04322570234316,12.57655681820836,-29.178602523724052,25.560683963488014,11754224.15,-50.69957041783996,31.40999984741211,17.716533660888672
GNRC,Generac,ok,Industrials,Heavy Electrical Equipment,2026-10-02,217.4199981689453,,754,False,False,4.574091837491068,2.45028598545447,4.458536949413672,20.281038269628283,-15.666576072352978,29.501458668985347,202.883611346048,178.43778905070636,161.8066579479754,161.8066579479754,104.91988812042851,47.211955003621654,74.67660257377163,-26.432972902923353,59.433897450908255,1437689.2,-51.17971255539793,295.5400085449219,136.3699951171875
GD,General Dynamics,ok,Industrials,Aerospace & Defense,2026-10-02,329.68499755859375,,754,False,False,-0.9121795055825888,-0.7988803058773364,-2.0892740664663623,-9.44461479217753,-12.52255537910365,-1.5403485577591303,349.9272847251287,314.08819677345303,296.84889773664804,296.84889773664804,56.95018168277872,20.969177305674435,14.163063480057346,-16.739905411461685,5.953339651429776,1254637.35,-54.74014861744712,395.9700012207031,311.1605529785156
GIS,General Mills,ok,Consumer Staples,Packaged Foods & Meats,2026-10-02,32.1150016784668,,754,False,False,1.4051203066019147,-5.041389804087881,-4.533286976369288,-20.86002900598657,-9.548979111426892,-32.71571020798476,39.49578824118962,46.52190133204973,50.92097778725055,50.92097778725055,-41.10318436135252,23.747865941927003,19.693831609774534,-33.019563407552056,1.5570748612265242,10593779.55,-8.819218349696555,47.94683837890625,31.62261390686035
GM,General Motors,ok,Consumer Discretionary,Automobile Manufacturers,2026-10-02,78.5,,754,False,False,-1.021305741429801,-2.4481187906286395,-4.998181520872713,-7.31432240555101,1.043465332115212,29.079319506489966,77.74629683721633,64.22147769851989,55.91659841360401,55.91659841360401,149.1464276019847,34.50856329539131,33.47327352896812,-12.88777869741849,43.04833457995379,7686674.2,-30.127336475377085,90.1136474609375,54.876556396484375
GPC,Genuine Parts Company,ok,Consumer Discretionary,Distributors,2026-10-02,127.13999938964844,,754,False,False,1.6144474094663464,0.14966714925066515,-1.9057180843079613,-6.5769576407681,-0.4121799990509989,-4.643981945607944,119.62257473052495,119.10383321754486,123.20261881901668,123.20261881901668,-3.6589326692795465,30.76184985017514,33.8649569695952,-12.426539059002078,40.07319498461375,918346.6,-60.38184275958554,145.18096923828125,90.76683044433594
GILD,Gilead Sciences,ok,Health Care,Biotechnology,2026-10-02,144.36000061035156,,754,False,False,-2.1288131455243664,-4.574298139069222,-4.35300628387556,-2.965663230093929,12.007615418748575,33.08830309679909,131.7578878251333,115.62485882580518,100.00779617876209,100.00779617876209,114.13086531188337,26.16647500938895,47.20324799324977,-5.675843872643735,33.798539707466304,5775669.9,-62.62601503593549,153.04669189453125,107.8935546875
GPN,Global Payments,ok,Financials,Transaction & Payment Processing Services,2026-10-02,79.08999633789062,,754,False,False,-1.4945878240794075,-5.088210008395722,-8.555904392013813,-14.541615820093023,2.459526620738961,-5.869377748999327,76.73211619967506,84.51791648560786,93.67809967020779,93.67809967020779,-29.496535181055407,36.798318564807055,16.444980746628573,-16.36199574874787,27.450115924275103,2442781.25,-37.942662692371655,94.56227111816406,62.05564880371094
GL,Globe Life,ok,Financials,Life & Health Insurance,2026-10-02,166.72000122070312,,754,False,False,0.5366938309240066,0.3853560829674585,-0.19156613882373996,-3.8190811451750517,-5.797262263827385,19.21652142346737,152.17781769283235,136.44304272473096,125.04018688454869,125.04018688454869,57.6588853987974,41.93512731114994,22.807052767259478,-10.375229872314897,28.669178147525752,425035.75,-73.9986577599649,186.02000427246094,129.57260131835938
GDDY,GoDaddy,ok,Information Technology,Internet Services & Infrastructure,2026-10-02,96.88999938964844,,754,False,False,-0.09280672733521511,3.008719864458609,-0.257360512220306,-4.888586652267158,13.176029317692773,-26.6984379191896,100.97297616988894,138.56695211646093,132.93144566057848,132.93144566057848,30.773389362549587,37.057235137224595,39.92021196727153,-29.3753206025125,29.203896719217827,2645714.05,-73.28203325676861,137.19000244140625,74.98999786376953
GS,Goldman Sachs,ok,Financials,Investment Banking & Brokerage,2026-10-02,902.6799926757812,,754,False,False,0.6702588332576198,-1.479961331432944,-3.503128879536266,-10.129228008745772,-14.04249870652623,17.176637007607077,917.8874623132131,761.3418350523687,637.9970810786483,637.9970810786483,203.0094715628258,29.82204720289597,26.676465745712576,-21.263378749031066,23.61458884456224,2112339.45,-51.91639298314483,1146.455078125,730.2374267578125
HAL,Halliburton,ok,Energy,Oil & Gas Equipment & Services,2026-10-02,32.040000915527344,,754,False,False,0.5018875751968244,1.5852884764941289,-2.197794392231711,-14.855168732175317,-2.458496839430524,31.280120021729196,33.18855407502916,28.4813990915914,30.1763764414294,30.1763764414294,-13.736756778685756,35.08018253095146,23.529419764495003,-24.789118175488063,49.81096365327756,10323472.1,-63.44212525163893,42.6002197265625,21.386953353881836
HIG,Hartford (The),ok,Financials,Property & Casualty Insurance,2026-10-02,126.0199966430664,,754,False,False,0.22268075716069813,0.13507999285375938,1.4408703515767174,-8.155389201413,-8.040687991810247,-3.4771825472189266,133.50984443180144,125.67421871352481,113.89149238323343,113.89149238323343,87.79049204001588,20.361937770460834,24.300296668721742,-13.11587069793796,4.837212100894141,1800466.45,-61.03626368600204,145.0437469482422,120.20540618896484
HAS,Hasbro,ok,Consumer Discretionary,Leisure Products,2026-10-02,89.81500244140625,,754,False,False,-0.1833750937670242,1.7618403212540379,1.9582315532162609,-3.9411738594585577,16.04119637574566,23.10784503190366,86.43257159278507,74.96502642232583,67.13024903861535,67.13024903861535,58.2083725279505,33.042058733010585,45.96326812884117,-13.291466772769342,30.673008230505662,1721712.85,-49.58177840166553,103.58265686035156,68.73263549804688
HCA,HCA Healthcare,ok,Health Care,Health Care Facilities,2026-10-02,425.6700134277344,,754,False,False,0.5385102861223734,-1.3808102744609418,-2.281851256418277,6.0674706692658065,2.250187260865788,0.5894878583544427,447.64778282528835,399.7002165289039,368.29879434924544,368.29879434924544,76.17273835414542,27.780724765273256,50.71941314452319,-21.496681591372823,18.263455411157263,1464506.75,-67.14013096901056,542.2318725585938,359.9336853027344
DOC,Healthpeak Properties,ok,Real Estate,Health Care REITs,2026-10-02,19.594999313354492,,754,False,False,0.7973188016395794,-2.6577241416622877,-3.52043412796178,-6.35305422958573,-8.592461951277064,9.16727173923093,18.136356675435625,17.83823875981973,17.342366579040608,17.342366579040608,33.60878090746318,27.10697293928519,35.56790816290287,-13.273210975902543,30.37108035968145,5124025.0,-51.22193978366616,22.59394073486328,15.030173301696777
HSIC,Henry Schein,ok,Health Care,Health Care Distributors,2026-10-02,84.83000183105469,,754,False,False,-0.11774222743644591,-0.16476331368384667,-1.7830275171414,-6.151120252392084,-2.0664983361455502,29.314030189375305,77.96583328549823,74.43348609498773,73.33316979547395,73.33316979547395,15.729874896670104,26.25573505612105,35.187871030193975,-6.636582367147689,36.756413832733365,1129117.2,-50.24927438887654,90.86000061035156,62.029998779296875
HSY,Hershey Company (The),ok,Consumer Staples,Packaged Foods & Meats,2026-10-02,160.71499633789062,,754,False,False,0.8882569108759286,-0.43058503714159535,-3.3990496755821997,-9.420614906090897,-8.749556748302956,-12.322480505549615,186.32178309607127,175.64958929540626,176.59310245260951,176.59310245260951,-11.70123099638124,25.99850584451911,22.938836140068815,-30.919270077540734,2.0032309458017123,1502518.25,-58.2191430952669,232.64808654785156,157.55873107910156
HPE,Hewlett Packard Enterprise,ok,Information Technology,"Technology Hardware, Storage & Peripherals",2026-10-02,70.13880157470703,,754,False,False,8.607617816726787,14.065375931301949,11.437564513932475,35.666993417152156,62.95759203954701,186.41608101571853,33.88498624165853,26.655315112307726,23.26857282248985,23.26857282248985,332.6232892771979,47.21800065055537,85.5221945249884,0.0,256.6609882203599,23230614.0,-8.774344061676542,70.13880157470703,19.66539764404297
HLT,Hilton Worldwide,ok,Consumer Discretionary,"Hotels, Resorts & Cruise Lines",2026-10-02,319.04998779296875,,754,False,False,1.1444285200425952,-1.3572887136101164,1.6212245115374557,2.420460913283873,-5.9558542686038995,24.508617182535254,306.02179257831875,278.13025087759314,250.18849299504205,250.18849299504205,115.39142054587535,22.795964245796814,59.823280360960474,-8.85864316534194,24.406859933504528,1651155.1,-65.44830948952041,350.06060791015625,256.4569091796875
HD,Home Depot (The),ok,Consumer Discretionary,Home Improvement Retail,2026-10-02,283.6099853515625,,754,False,False,0.40713514525021477,-1.537988842500848,-3.270813934583716,-10.30109686845898,-18.522748244461596,-26.542375188350466,339.7673411293635,356.2468031925034,345.39942928081484,345.39942928081484,2.160934935384118,22.980592352838993,21.592344534127122,-26.1779295384653,0.40713514525021427,5038258.25,-41.42291138013816,384.18048095703125,282.4599914550781
HONA,Honeywell Aerospace,ok,Industrials,Aerospace & Defense,2026-10-02,154.25999450683594,,77,False,False,0.12331224351627146,-0.7591404503580867,-2.8467088469648627,1.1209383289870978,-35.10307257579597,,189.4889609596946,189.4889609596946,189.4889609596946,189.4889609596946,-22.87000274658203,91.81989872163973,39.13714830478721,,,3984781.15,-70.62767173549794,,
HON,Honeywell Technologies,ok,Industrials,Industrial Conglomerates,2026-10-02,214.1999969482422,,754,False,False,0.18708788155983314,1.9368923860728415,0.7762850495384832,3.945256143574638,-7.0669092836892595,5.121086324759183,223.2267953176347,216.31189551486437,206.74026092610245,206.74026092610245,26.260506147929696,23.140492448663977,79.64844105642715,-16.95762060444166,10.024971098265896,2925580.85,-67.78017602897557,257.9405822753906,194.68307495117188
HRL,Hormel Foods,ok,Consumer Staples,Packaged Foods & Meats,2026-10-02,20.32990074157715,,754,False,False,1.8532147999558157,2.4176340094956172,3.1451125616380304,-7.8009004761884215,-15.265009032592058,-13.723207077293031,22.698403623369003,25.223981769911322,26.582530115264163,26.582530115264163,-38.706554503474536,27.656096423983183,35.99718547467563,-22.392848161109033,4.223187548432676,4616463.0,-28.03668089617527,26.195911407470703,19.506120681762695
HST,Host Hotels & Resorts,ok,Real Estate,Hotel & Resort REITs,2026-10-02,22.514999389648438,,754,False,False,0.022208621571606635,1.2365090888508012,1.3268155525433922,2.747501630298732,-2.2904377623374383,42.55065614683786,19.602975784786164,17.168118114015495,16.639511424603448,16.639511424603448,70.45096785936269,25.89431977439211,57.098609623650084,-11.051398495905199,53.63393071251777,8560671.0,-69.59443950129611,25.31237030029297,14.6549654006958
HWM,Howmet Aerospace,ok,Industrials,Aerospace & Defense,2026-10-02,230.5500030517578,,754,False,False,0.9501699459454782,-0.16887476640058408,-0.8301758049080288,-8.859109371964157,-17.001385935528457,18.568127416443602,237.8430678352477,190.73448617334859,150.05127924000868,150.05127924000868,411.794147265776,33.9153416484279,54.414039344352695,-21.21988455147293,25.498402917872703,3414751.7,-63.17348637676936,292.6499938964844,183.70751953125
HPQ,HP Inc.,ok,Information Technology,"Technology Hardware, Storage & Peripherals",2026-10-02,32.23500061035156,,754,False,False,0.26438283184602174,4.897497853999999,2.987224907609365,1.745132069092481,44.01887980494368,26.8831273548805,23.500066598256428,25.622658425593283,26.40833301443004,26.40833301443004,42.089408484021405,37.84883083818033,40.41867895560413,-9.145994852739028,83.9509540284357,15657631.95,-61.29402569077504,35.47999954223633,17.523693084716797
HUBB,Hubbell Incorporated,ok,Industrials,Industrial Machinery & Supplies & Components,2026-10-02,475.010009765625,,754,False,False,1.7195594223265331,3.4677325915891233,1.798040104631693,5.5390206045868196,-3.8575504896584567,11.693154553997086,474.2470396738204,438.0881404800719,408.3258801771412,408.3258801771412,59.636034884776336,31.021463681472454,74.5818948948231,-14.329306082442656,18.029639338056704,474468.15,-52.48553564659715,554.4603271484375,402.44976806640625
HUM,Humana,ok,Health Care,Managed Health Care,2026-10-02,384.20001220703125,,754,False,False,1.1904813575757123,-0.6901499066495176,-3.4503507454731297,-4.182355029707397,-2.2043408510494134,57.38871667560428,285.82889774867465,271.73175890797165,307.5204332791842,307.5204332791842,-19.126100861545915,42.8626342462738,36.90313929525853,-6.246943960103441,136.48946830535712,1028586.3,-68.702091404484,409.79998779296875,162.4596710205078
HBAN,Huntington Bancshares,ok,Financials,Regional Banks,2026-10-02,15.30090045928955,,754,False,False,0.7300913888731664,0.20235756777706726,-2.16815777870476,-8.457943386664635,-13.626056164694178,-6.753445247476975,16.393935078666324,15.831104430544423,14.431993112639976,14.431993112639976,72.56186686795103,28.719630463942362,27.783953534064352,-18.264334346341663,4.8101194212217635,30896108.75,-56.70433740300711,18.719980239868164,14.598686218261719
HII,Huntington Ingalls Industries,ok,Industrials,Aerospace & Defense,2026-10-02,268.1099853515625,,754,False,False,-2.2673428079888813,3.262197745056228,1.5491237436870087,-7.138409456221195,-8.411988156375704,-4.700617772420113,332.8130837092324,275.7577238044891,265.5179886754691,265.5179886754691,41.180350034682725,36.73978690479177,38.76085177029411,-40.37782263493705,4.30266410574647,504319.3,-39.46573133330412,449.681640625,257.04998779296875
IBM,IBM,ok,Information Technology,IT Consulting & Other Services,2026-10-02,221.96580505371094,,754,False,False,-1.6196215506425138,0.8981315110736965,-1.5716329827756503,-4.2012050162891,-25.36121694854274,-20.508132604781114,260.9074539911179,249.33646249961092,220.8481490036537,220.8481490036537,72.91808271253169,35.200781444688644,20.86186452096618,-32.09668958343428,8.64463737635178,5734489.0,-34.467046671464544,326.8851013183594,204.30442810058594
IEX,IDEX Corporation,ok,Industrials,Industrial Machinery & Supplies & Components,2026-10-02,233.7100067138672,,754,False,False,1.6793563227547548,1.4234319065838719,1.5777142098068797,4.051469693596643,4.121001391482415,44.536352597147925,201.23182926480732,194.0260103689247,197.5575619401603,197.5575619401603,17.803175476320288,24.211803631064086,72.8565951012711,-2.8313643096727157,46.83460535061171,591024.75,-51.32268149514889,240.52000427246094,159.1654815673828
IDXX,Idexx Laboratories,ok,Health Care,Health Care Equipment,2026-10-02,520.8900146484375,,754,False,False,0.606473133450014,-2.3526521699780534,0.31390918849079075,-3.3581283351972635,-7.8038102843453245,-16.00038268160988,606.999007452102,549.2186444651084,532.9374529689313,532.9374529689313,20.87017052878013,34.78371843058506,57.62964113794192,-32.05900510974793,3.207846651441135,471151.0,-72.93436711372787,766.6799926757812,504.70001220703125
ITW,Illinois Tool Works,ok,Industrials,Industrial Machinery & Supplies & Components,2026-10-02,262.8299865722656,,754,False,False,0.7629160643742638,-0.9496964285981235,-3.567495653075503,-1.69324466821007,-3.5499033641461564,3.704531876626671,260.5320996481275,253.336654359126,246.4834330227394,246.4834330227394,22.72791463038397,19.93664038579759,43.792642712142076,-11.0272931248739,11.813521335144179,1362627.7,-68.24121511693913,295.4051818847656,235.06100463867188
ILMN,"Illumina, Inc.",ok,Health Care,Life Sciences Tools & Services,2026-10-02,270.2699890136719,,754,False,False,1.7123241653117294,-0.6360334508559329,0.0999959309895937,26.738564601956337,39.07785028924016,164.2968740149438,152.69872989351788,130.36049794960783,127.29012962361546,127.29012962361546,103.63349448959629,45.017124714426316,81.50255348674445,-1.325303017050959,196.99998792711196,4107091.3,-61.526884001823866,273.8999938964844,91.0
INCY,Incyte,ok,Health Care,Biotechnology,2026-10-02,115.08999633789062,,754,False,False,-1.7500452983090664,-6.582792866268228,-7.103077807015545,-10.665221841091377,-0.45840373300550796,32.74509848783107,104.69345241122775,87.91332667377365,78.34828913559647,78.34828913559647,98.22596213515553,32.32142992954585,35.957274207168126,-11.421532497828562,37.33889277642033,1559846.75,-38.30579830999423,129.92999267578125,83.80000305175781
IR,Ingersoll Rand,ok,Industrials,Industrial Machinery & Supplies & Components,2026-10-02,76.33000183105469,,754,False,False,1.4352183801391138,-0.19613169363872363,0.3286014642259749,1.7733357747395928,-5.3106515610068294,-8.496085345262738,80.9124635363382,83.81177522271753,84.06633088190296,84.06633088190296,20.35980688007768,30.457619106393757,66.35515295921186,-22.65481308584979,11.391913761035811,4965156.1,-53.551873223079525,98.68746185302734,68.5238265991211
PODD,Insulet Corporation,ok,Health Care,Health Care Equipment,2026-10-02,131.72000122070312,,754,False,False,0.7110696401182004,-0.8431158898399072,-3.239553003693585,-11.084108435667172,-17.556488891321077,-56.95143588102274,219.06916742476207,250.15733085115593,228.76708216376267,228.76708216376267,-20.189041093610694,42.00831000198333,31.88320397928517,-61.9702024507812,0.9580746442130398,1618407.7,-37.89859007714805,346.3599853515625,130.47000122070312
INTC,Intel,ok,Information Technology,Semiconductors,2026-10-02,119.68000030517578,,754,False,False,-0.2666664123535112,3.2347105927097886,-2.6991867437595296,32.903938089138784,-2.0621904304414573,232.9994570902265,72.27920633649069,47.44713144188383,43.35715411765506,43.35715411765506,243.15190687928188,64.36922642962371,72.70339998512014,-15.08443434650074,255.97859639332955,110989076.8,-34.33080254254354,140.94000244140625,33.619998931884766
IBKR,Interactive Brokers,ok,Financials,Investment Banking & Brokerage,2026-10-02,88.47000122070312,,754,False,False,3.0998761657032414,2.6572301083988448,-0.8628380339518293,-0.7293553701150812,-7.750707008253876,29.171716060028395,78.26202460697719,64.35230746782159,51.62109795932112,51.62109795932112,319.61830675755067,37.18828794908659,44.65291276727922,-9.817605240622822,45.52712913434692,3678830.2,-25.29679679154532,98.10118865966797,60.792789459228516
ICE,Intercontinental Exchange,ok,Financials,Financial Exchanges & Data,2026-10-02,150.22000122070312,,754,False,True,-0.8252459166344428,-1.294435369669955,-2.650506384939577,-4.51725621844683,11.71855708475562,-6.40637174764448,153.8632878197564,159.40319479224218,149.5016573392428,149.5016573392428,42.77515361846351,20.221681176395702,31.89093779896004,-13.324967651434733,22.625914666729113,2861595.25,-64.7677287694687,173.3140411376953,122.50265502929688
IFF,International Flavors & Fragrances,ok,Materials,Specialty Chemicals,2026-10-02,83.03500366210938,,754,False,False,-0.1022606853512742,-2.5982361734787407,-3.098376360897326,-4.039546742389466,0.7950010196595247,39.244662122098696,73.0353464701819,75.08034431031976,77.26595427819208,77.26595427819208,34.512187163829644,30.03733249995105,49.989001019750425,-5.270781576082647,42.54164261463854,1690208.7,-65.11235565170146,87.65511322021484,58.25315475463867
IP,International Paper,ok,Materials,Paper & Plastic Packaging Products & Materials,2026-10-02,32.02000045776367,,754,False,False,-1.5375153535111097,-3.9015583702495693,-8.566533297502922,-11.790630493807841,-16.058468104851777,-27.337679414799098,37.755552405402774,42.72314722509498,40.39034099730636,40.39034099730636,3.0904660689221153,37.39712703157908,36.045048791398926,-32.51541865945618,11.871154235862406,5346580.0,-40.55265234972637,47.4478759765625,28.62221336364746
INTU,Intuit,ok,Information Technology,Application Software,2026-10-02,280.7796936035156,,754,False,False,-0.7073715200566322,4.756816357230664,1.8092334399347987,-18.125709568836655,3.6317447416169824,-58.21427890183255,445.44957012600366,548.0709893276018,565.4395835937177,565.4395835937177,-44.47776168942872,37.39465156464563,17.474582369990358,-58.52792483144709,10.567078464612417,3641647.65,-57.00976177637613,677.0331420898438,253.9451141357422
ISRG,Intuitive Surgical,ok,Health Care,Health Care Equipment,2026-10-02,392.2099914550781,,754,False,False,-2.250523128071613,-4.844971026143774,-3.2010468076298926,5.466813570326812,-9.384746061351168,-10.462518536167863,463.51190512520924,490.8445613906678,455.7104507162969,455.7104507162969,32.961548866867616,32.84076334441839,60.405411359546896,-33.843298033800004,18.128427333610855,2377543.25,-55.51857994591687,592.8499755859375,332.0199890136719
IVZ,Invesco,ok,Financials,Asset Management & Custody Banks,2026-10-02,30.75,,754,False,False,1.0848123697515089,1.0848123697515089,-0.5498061962305179,-3.0580054676927815,11.231294233411049,37.40660068954491,26.65746407281785,21.67386236608741,19.137186135157982,19.137186135157982,146.7218013147901,35.36899915487563,42.43027441891391,-7.685383571745222,41.19797241333768,4347040.0,-54.960156796348784,33.310001373291016,21.77793312072754
INVH,Invitation Homes,ok,Real Estate,Single-Family Residential REITs,2026-10-02,26.0049991607666,,754,False,False,-1.4962138767851352,-2.126460446168832,-2.3102992452216142,-8.814291630350512,-12.398540150112513,-6.276051598491295,27.163849217551096,28.76829642033672,29.501290321350098,29.501290321350098,-6.177444051505521,21.15408101591716,21.875398867384575,-14.03086528307952,10.254090220991616,5486251.2,-51.12283593576612,30.24922752380371,23.58642578125
IQV,IQVIA,ok,Health Care,Life Sciences Tools & Services,2026-10-02,258.05999755859375,,754,False,False,-1.02025301076063,-4.063345504514048,-4.553019114882984,-2.190721217223879,25.290088862054528,26.630357750815925,208.0100395565941,196.21372493424738,206.0025727249267,206.0025727249267,33.10294566712735,36.783630879370506,40.418008679566896,-6.1668213702950165,64.72615315086291,1578837.55,-57.76316569111243,275.0199890136719,156.66000366210938
IRM,Iron Mountain,ok,Real Estate,Other Specialized REITs,2026-10-02,113.58999633789062,,754,False,False,2.213622914848945,1.8744361774803764,1.9841974672026197,2.353900724236957,-1.6389405060480478,14.817084658512037,107.10957566518633,101.59151641116199,92.66806220502373,92.66806220502373,113.08002300184366,30.452754657552116,56.78032830526581,-13.969189364226406,47.34323402294555,1541899.15,-56.55468128379213,132.03408813476562,77.09210205078125
JBHT,J.B. Hunt,ok,Industrials,Cargo Ground Transportation,2026-10-02,234.0,,754,False,False,2.9929591298836655,2.058618826689096,3.7878084945553114,-10.076089884599181,-15.606429869313832,77.8076660058534,226.96904790969123,190.6452039437465,185.77544866506238,185.77544866506238,28.51642345874854,34.573026695145685,22.669692244082043,-21.452136965246492,75.79374959592056,1217423.0,-54.39054461760621,297.90753173828125,133.11053466796875
JBL,Jabil,ok,Information Technology,Electronic Manufacturing Services,2026-10-02,306.32000732421875,,754,False,False,2.1781909313760117,-3.9267310116274823,-3.289759181480645,2.314704010392221,-9.412161060265067,42.744943892848575,282.6905807010711,224.8240120724378,190.50686841807885,190.50686841807885,139.06544943080954,42.04494800452164,54.741703157124306,-20.549180225357883,59.25591151157155,1456114.05,-45.9808110497938,385.54669189453125,192.34451293945312
JKHY,Jack Henry & Associates,ok,Financials,Transaction & Payment Processing Services,2026-10-02,142.86000061035156,,754,False,False,-0.6813096165804833,-2.2979076612644866,-3.335809526857747,-14.159453824254353,-2.049829657754576,-0.8610736938163943,157.4112874893915,163.76932223194623,162.17558708494474,162.17558708494474,-0.6674213665655904,23.519349570459642,16.986273118127727,-24.949418367337124,16.17198044111109,1042634.5,-67.47757723344087,190.35162353515625,122.97285461425781
J,Jacobs Solutions,ok,Industrials,Construction & Engineering,2026-10-02,138.0,,754,False,False,-1.2804874254975562,1.1137194607591994,-0.26739548330123597,-6.173512182495444,7.254326951812695,-8.538114529415097,135.6551345643543,133.6214714202273,126.84098720803502,126.84098720803502,27.682258103454327,26.681685874529304,37.825879386219945,-15.184734098417755,29.369552931058973,789085.7,-54.413823492175815,162.70655822753906,106.67115783691406
JNJ,Johnson & Johnson,ok,Health Care,Pharmaceuticals,2026-10-02,255.33999633789062,,754,False,False,-1.2835410489499988,-4.570770509233057,-5.855027214563824,-7.219939585816537,-1.0529658160694955,40.3355515021909,229.85541334606353,191.7480265704759,176.0192821310433,176.0192821310433,79.22217570474777,17.9940542496813,27.444509781549783,-8.292927107453488,40.388366749543025,6253115.1,-30.397858820797975,278.42999267578125,181.88116455078125
JCI,Johnson Controls,ok,Industrials,Building Products,2026-10-02,155.6199951171875,,754,False,False,2.536727110987602,4.14937560180666,3.6085208249458267,12.068696677545665,9.343932886081618,44.15452376567295,131.95763884650336,110.7320639773669,93.81982641953688,93.81982641953688,210.55101676814263,28.86638169289835,87.13594796088618,0.0,48.71611888234763,3282059.6,-49.2302942944729,155.6199951171875,104.64231872558594
JPM,JPMorgan Chase,ok,Financials,Diversified Banks,2026-10-02,331.489990234375,,754,False,False,-0.5072340712399259,-1.0418594057827413,-3.372590044469592,-6.9423420643374145,-1.8447266859556666,8.728922521765025,316.5561293344649,285.322130697182,248.75084468730248,248.75084468730248,146.30023500217226,23.10238432444118,29.453240004413473,-9.225588235146644,18.331013323299445,8236431.7,-60.43026739358501,365.17999267578125,280.13787841796875
KVUE,Kenvue,ok,Consumer Staples,Personal Care Products,2026-10-02,17.19499969482422,,754,False,False,-0.14517781374639993,-3.992184023894363,-3.398873978470107,-9.042514712145211,-10.050517643459845,15.063000377921853,17.082108724684943,18.69677972603604,18.440944316216427,18.440944316216427,-3.002123700554138,28.343438227370417,35.37648838192928,-11.275249769063143,29.25220628780195,26170558.2,-71.21053382804804,19.38016128540039,13.303447723388672
KDP,Keurig Dr Pepper,ok,Consumer Staples,Soft Drinks & Non-alcoholic Beverages,2026-10-02,30.46500015258789,,754,False,False,-0.7331390601314491,-1.8208202434902843,-3.9564975404102976,-5.842588081830069,-3.351497699456618,22.79518593216865,28.48255766005743,29.836881565382757,29.95940690584461,29.95940690584461,6.531649318171273,23.635205693613898,43.266493719950745,-8.40029931390408,24.251262957365753,10555673.25,-63.49958066388612,33.25884246826172,24.51886558532715
KEY,KeyCorp,ok,Financials,Regional Banks,2026-10-02,20.075300216674805,,754,False,False,0.1261894293117516,-0.22217008297250596,-2.594373497534974,-7.911463673144126,-13.497374201533141,12.917900733847777,20.471797587379577,18.32857233594613,16.43440343214283,16.43440343214283,122.12331774425334,31.591648789678413,21.247718054087812,-15.51660283799976,24.559601569805874,15396752.15,-50.05931819198636,23.762420654296875,16.117023468017578
KEYS,Keysight Technologies,ok,Information Technology,Electronic Equipment & Instruments,2026-10-02,384.8399963378906,,754,False,False,2.9314195228261397,6.707334770772078,6.26536043733632,19.671625227650537,20.36405189200292,122.32234706436249,277.6480946616521,219.76746982407286,194.6031961112187,194.6031961112187,192.20957118862492,36.27686462220923,94.85236391671641,0.0,141.2941144167089,1029561.0,-28.11305012524755,384.8399963378906,159.49000549316406
KMB,Kimberly-Clark,ok,Consumer Staples,Household Products,2026-10-02,94.23999786376953,,754,False,False,-0.10599796269117334,-4.7984645949149085,-4.25683473373506,-12.735983684639018,-15.608495593746474,-19.61014624868609,101.46867851983933,113.04875567614795,114.31964246916834,114.31964246916834,-10.39825552527377,22.078197029319348,27.772715607095677,-19.21023028916285,3.901981638485562,4800615.1,-41.17416328586726,116.64842987060547,90.70086669921875
KIM,Kimco Realty,ok,Real Estate,Retail REITs,2026-10-02,22.235000610351562,,754,False,False,0.11256878392391645,-0.8251537257486175,-0.9135468753439735,-6.568271786842295,-10.186184896112216,8.255134403477227,22.228005515204536,21.415912217827906,20.181709375558544,20.181709375558544,49.97472985192151,22.321532321116212,19.877719721282162,-14.714329014086733,17.24461363230639,5573434.95,-62.10417778357671,26.071203231811523,18.964624404907227
KMI,Kinder Morgan,ok,Energy,Oil & Gas Storage & Transportation,2026-10-02,31.049999237060547,,754,False,False,1.7032379257118757,1.9704382892868466,0.9756072749936395,-2.8776981421755665,-1.103747636510144,14.127979822680082,30.04092582823738,27.836161598266358,24.142339086659074,24.142339086659074,122.27923320546141,21.408141732399017,51.08958994324139,-8.65571951383877,24.89643138739092,12798028.35,-54.85424127850131,33.99227523803711,24.860597610473633
KKR,KKR & Co.,ok,Financials,Asset Management & Custody Banks,2026-10-02,91.06999969482422,,754,False,False,-0.18631978619633172,-2.264435075596749,-5.792902224260166,-14.432021578792186,-4.92543999174202,-28.037839325444057,106.69446875557067,120.59155350947285,111.6182479959584,111.6182479959584,52.34796013132319,38.97899137084086,23.634665603436815,-35.84880522989569,8.991547186694637,3963670.95,-27.163000248544854,141.9615020751953,83.55693817138672
KLAC,KLA Corporation,ok,Information Technology,Semiconductor Materials & Equipment,2026-10-02,206.5959930419922,,754,False,False,3.1278346496606213,5.121861458921306,9.938268973511066,19.932659717920554,-11.349921973120836,83.99858285699997,164.67846746293324,120.78260411114331,102.47823060033176,102.47823060033176,359.3167483252014,48.94272831610752,90.25456746524226,-31.447577489265864,111.35639793521457,9397375.3,-55.42578787930286,301.3693542480469,97.74768829345703
KHC,Kraft Heinz,ok,Consumer Staples,Packaged Foods & Meats,2026-10-02,22.19499969482422,,754,False,True,-1.17987266451689,-5.35181674748022,-6.072786783356909,-14.128578531812563,-9.146511849605988,-9.762397367139497,23.30092318095858,24.961664663368012,26.749451566438143,26.749451566438143,-20.730507805951337,24.148010087020328,16.90587122986635,-18.35686176284662,8.243908905079614,21478370.2,-63.76073264627872,27.185382843017578,20.50461769104004
KR,Kroger,ok,Consumer Staples,Food Retail,2026-10-02,59.040000915527344,,754,False,False,-0.7397421487815303,-2.8787629110777035,0.5107239163912425,1.4084501505173819,2.0516648281037053,-9.219256543734877,63.25824121444944,63.21494750672603,58.02893903717122,58.02893903717122,43.377183686053165,25.48132593825886,42.76875700135801,-20.954695961488646,7.05041626039406,8246792.35,-71.20399181628478,74.69134521484375,55.15158462524414
LHX,L3Harris,ok,Industrials,Aerospace & Defense,2026-10-02,236.75100708007812,,754,False,False,-0.691689118550165,0.1188336186088712,-0.3950504235278429,-8.964316827853725,-21.03914924272827,-19.89911728397866,303.18005570911225,268.0381558786825,245.87891770421035,245.87891770421035,46.18265084455577,23.936501162887218,19.055860281836914,-36.672710814660434,0.11883361860886975,1624435.1,-43.93731088425755,373.8530578613281,236.47000122070312
LH,Labcorp,ok,Health Care,Health Care Services,2026-10-02,306.75,,754,False,False,0.7058417115571869,-0.6670760580550494,-0.9333466321265971,-7.510704753982744,8.0936943989943,11.0344560185607,276.3789310758076,259.431287301964,242.05467424468588,242.05467424468588,59.177462502987076,22.81815853488074,40.07881936486108,-9.410128460528508,25.629551713160815,816819.6,-63.53025808881178,338.614013671875,244.17025756835938
LRCX,Lam Research,ok,Information Technology,Semiconductor Materials & Equipment,2026-10-02,348.510009765625,,754,False,False,2.4728031494211766,7.611321413265659,10.564391743049374,21.004521891268624,-0.3768589089097163,145.1990904855253,249.28198811364553,167.22698310456903,139.06937733758983,139.06937733758983,466.36009840899345,51.84697389015675,90.82247553231402,-19.488555259978135,166.51425690908158,9439515.95,-47.24285623989014,432.8701477050781,130.7659912109375
LVS,Las Vegas Sands,ok,Consumer Discretionary,Casinos & Gaming,2026-10-02,36.404998779296875,,754,False,False,-0.7767780269270386,-4.997392825621549,-6.6299122541396365,-18.264485785842176,-21.345064352001774,-32.09140786973417,52.881776113358754,49.22133176355248,47.54724590341988,47.54724590341988,-15.401463005173499,33.92354441042126,8.569438556752772,-46.69318335807264,0.0,5875867.65,-17.521066016522692,68.29332733154297,36.404998779296875
LDOS,Leidos,ok,Industrials,Diversified Support Services,2026-10-02,119.11000061035156,,754,False,False,-2.3448393717537375,-3.241265567203344,-3.6404821436617274,-10.676604160830772,9.912470535623829,-37.123960713958624,154.99374256436786,154.8613899048581,144.82822092395247,144.82822092395247,32.159892619567685,29.098703207405908,20.944477211223855,-39.619470827538095,19.496839171056145,1247841.6,-64.73654989543545,197.2655792236328,99.67627716064453
LEN,Lennar,ok,Consumer Discretionary,Homebuilding,2026-10-02,80.16999816894531,,754,False,False,-2.3626871598898425,-3.421279236476027,-2.410229239386996,-4.07992771883664,-7.988530310031361,-36.21068843070604,99.31415718320817,112.84303826259902,122.56738555462987,122.56738555462987,-21.772278135811362,34.44882191819931,50.44378759441279,-38.82861100402991,4.89336366457696,5624637.15,23.811417772966912,131.05799865722656,76.43000030517578
LII,Lennox International,ok,Industrials,Building Products,2026-10-02,357.55999755859375,,754,False,False,-0.8045258739473149,-0.3456021986263824,-3.9742909181181507,-4.0333427389977246,-36.81068574154745,-32.63619486330924,485.9050124637664,534.2278850297054,512.1330235326955,512.1330235326955,-0.17411660700613618,34.65120211062935,44.11353591432143,-37.35661264407172,0.7154550795797752,481653.2,-46.7741520247348,570.7864990234375,355.0199890136719
LLY,Lilly (Eli),ok,Health Care,Pharmaceuticals,2026-10-02,1147.300048828125,,754,False,False,-0.22176169169487725,-3.1511911652432167,-3.055440260161424,-1.1016402067686504,-4.259452521563745,39.87253741445371,1042.1000281439888,914.7727634384338,855.5527636783509,855.5527636783509,117.57454854184353,35.525078695066156,53.56184298814583,-10.39098368744187,44.39459913049971,2206421.85,-51.60322582918584,1280.3399658203125,794.558837890625
LIN,Linde plc,ok,Materials,Industrial Gases,2026-10-02,478.6400146484375,,754,False,False,1.9576104382660775,1.1132981780869633,1.8621378891285012,-1.4840015291136432,-11.156621439314673,3.9251636429078696,471.00978693886407,460.43655814972533,446.01877794341635,446.01877794341635,34.34771476792366,17.796576864393003,65.65460487221203,-12.151282778855872,24.133986809126164,2075838.55,-23.752692616677727,544.8457641601562,385.5833740234375
LYV,Live Nation Entertainment,ok,Communication Services,Movies & Entertainment,2026-10-02,168.99000549316406,,754,False,False,1.2825887392061253,-1.2274188378490702,-1.1002456123054727,-5.9023281145254565,-7.801837698059777,6.363293239957124,159.66599279736715,149.76689248256,130.80474789768695,130.80474789768695,100.20139576065628,29.35755699840857,43.78109641577986,-10.331105023393004,34.53547064089222,2017937.2,-54.64457466763584,188.4600067138672,125.61000061035156
LMT,Lockheed Martin,ok,Industrials,Aerospace & Defense,2026-10-02,505.8800048828125,,754,False,False,0.07517406188179976,-1.2358245286699376,-2.632995754111822,-4.829269777004363,-5.388665161333261,3.9983331834946734,538.2427168346587,500.46969118156284,480.55989515876263,480.55989515876263,34.368987190479004,24.482530115966618,26.68651922969795,-24.288283623816174,17.27073678193527,1197960.15,-52.62755610025926,668.1660766601562,431.37786865234375
L,Loews Corporation,ok,Financials,Multi-line Insurance,2026-10-02,105.91000366210938,,754,False,False,0.8186583392366442,-0.018877223646551755,1.0398816737823058,-2.7813463478914224,-8.8827443198071,5.994696232119678,107.5604190826416,97.49744769396536,89.3756554854011,89.3756554854011,71.46208292701905,17.446171732778772,30.760280047757306,-11.248431948665926,8.541594080605401,1057828.0,-66.06631701940202,119.3331069946289,97.57550048828125
LOW,Lowe's,ok,Consumer Discretionary,Home Improvement Retail,2026-10-02,181.48680114746094,,754,False,False,-0.48974871775306905,-3.0829827665963427,-4.117285335004106,-9.183944919313348,-18.398241385738203,-25.313445165918434,230.9611067998977,234.71231936268597,228.27394567433973,228.27394567433973,-6.335980182845313,24.66490007848467,20.877549063478867,-36.15471748672681,0.0,3252244.9,-50.05302337471572,284.26031494140625,181.48680114746094
LULU,Lululemon Athletica,ok,Consumer Discretionary,"Apparel, Accessories & Luxury Goods",2026-10-02,94.48500061035156,,754,False,True,-1.4343834667694733,-2.462064693514854,-6.727544161991994,-21.308402722995535,-18.293842001862348,-46.7900001615505,151.16132902720616,220.74172285163544,271.27781832060066,271.27781832060066,-75.32126515556584,44.34086619501527,37.87278214591663,-56.23262994567679,0.0,7321298.65,-38.50035061744135,215.8800048828125,94.48500061035156
LITE,Lumentum,ok,Information Technology,Communications Equipment,2026-10-02,1086.8699951171875,,754,False,False,3.929121294077409,11.646756106399758,15.421862362663607,24.84435362419106,48.63179420405983,534.1132052627689,640.2011313665481,365.3902192894681,259.4857162961277,259.4857162961277,2279.312582872377,74.97095065602596,81.52412449923034,0.0,626.4688127018072,4846149.2,-22.759621185414602,1086.8699951171875,149.61000061035156
LYB,LyondellBasell,ok,Materials,Specialty Chemicals,2026-10-02,58.849998474121094,,754,False,False,1.8518513628069,1.151595334188582,1.2211886686037232,-11.596817269181015,12.24752413581951,29.199482269922285,57.316302980695454,59.16643487694729,66.55749203102658,66.55749203102658,-23.390255084183863,35.129591003879035,36.22880431297983,-27.070292534317282,47.612991748711494,3603440.95,-59.06360002929978,80.69413757324219,39.86776351928711
MTB,M&T Bank,ok,Financials,Regional Banks,2026-10-02,218.8300018310547,,754,False,False,0.68092739175456,0.6114950947377906,-1.0669562748328754,-7.070661711642446,-8.201827098981084,15.264726223787894,213.5191118755038,197.97301033293584,176.58999377789485,176.58999377789485,96.64099380380893,26.324675483371212,18.148276873449362,-13.321196129093321,26.014912053784194,1062391.0,-61.001175650019626,252.46080017089844,173.654052734375
MPC,Marathon Petroleum,ok,Energy,Oil & Gas Refining & Marketing,2026-10-02,423.07940673828125,,754,False,False,0.6972302473765124,7.920161226351552,7.511541611570438,9.322844118418928,57.715113259717214,123.67328631614187,245.6383954608251,199.3183604236618,186.3734872651037,186.3734872651037,199.20402706493587,32.96468261286562,62.35022070949739,-0.4261356698755049,163.1686390521312,2984055.25,-49.56510942617434,424.8900146484375,160.76361083984375
MAR,Marriott International,ok,Consumer Discretionary,"Hotels, Resorts & Cruise Lines",2026-10-02,357.82501220703125,,754,False,False,0.8554366213853193,-1.0494394561690212,1.646170339979336,7.409796623994214,-5.582050265364047,37.890632166362394,333.8720011635432,298.5582069305785,273.70146011231117,273.70146011231117,89.94155574656466,25.759868809682146,69.62372544434857,-10.927567367179998,39.28529215234984,1563618.4,-71.51044014319606,401.7236328125,256.9007873535156
MRSH,Marsh McLennan,ok,Financials,Insurance Brokers,2026-10-02,170.658203125,,754,False,False,-0.6935134921076114,0.7238369427917224,0.31180795607619327,-8.617139499231097,-1.2049295350395561,-12.972828831105709,176.53910197908917,194.57272715777515,194.97071951706783,194.97071951706783,-4.412553633167127,20.413329966385056,28.490287402022034,-15.759954506596166,9.728336360669884,2762458.1,-47.11731555313003,202.58560180664062,155.52792358398438
MLM,Martin Marietta Materials,ok,Materials,Construction Materials,2026-10-02,484.1600036621094,,754,False,False,1.041381992725121,1.0582578143925492,-0.028904425849218818,-6.364709458283047,-19.88346533451487,-21.478041357358236,593.7761998252263,570.1704855991075,554.0712328033043,554.0712328033043,21.38682836320511,25.511108189966265,39.44050797049452,-31.333424283080397,1.0582578143925585,877903.3,-55.83044282895394,705.0883178710938,479.0899963378906
MRVL,Marvell Technology,ok,Information Technology,Semiconductors,2026-10-02,273.6700134277344,,754,False,False,2.0852085703763956,3.9503266031292394,4.4781289138729585,32.54069115191962,9.815670093245643,226.9198768931048,150.59043893359956,115.99984504122183,98.9496205428551,98.9496205428551,405.9892134179732,67.86198282482235,83.54741686803298,-13.491917642890309,271.4560282464381,17465426.55,-34.8173320164345,316.3519592285156,73.67494201660156
MAS,Masco,ok,Industrials,Building Products,2026-10-02,68.44999694824219,,754,False,False,0.24897213237335958,0.1170018991466959,-0.5809753591051403,-3.510016080448708,-15.165137579111809,-0.7075623087332894,68.43312691885328,69.24447524690058,68.24537923797688,68.24537923797688,37.208165832056416,30.83837474555999,45.47166905145088,-16.93829195883779,17.882888091196243,2374452.15,-71.73903883470551,82.40860748291016,58.06610107421875
MA,Mastercard,ok,Financials,Transaction & Payment Processing Services,2026-10-02,554.4550170898438,,754,False,False,0.8100031072443281,-1.619113475158107,-2.324496918297303,-5.727377277454771,4.180170104612624,-2.764162775192025,535.645999242389,539.3433144861958,505.74150911123746,505.74150911123746,42.58793385182828,20.46094836922526,32.91696260706078,-7.569261055995937,17.778493313611513,2700160.1,-48.62149099973738,599.8599853515625,470.7608337402344
MKC,McCormick & Company,ok,Consumer Staples,Packaged Foods & Meats,2026-10-02,44.69499969482422,,754,False,False,1.257363644880205,-7.65496221952321,-6.76887572974787,-16.923791210696294,-13.682887700849932,-31.908556529691378,56.83172434852237,64.55054377369672,65.29393292232281,65.29393292232281,-35.305285049256554,26.248197717954497,21.193713406285354,-36.494045472905164,1.257363644880199,3755982.5,-11.457255192216687,70.37922668457031,44.13999938964844
MCD,McDonald's,ok,Consumer Discretionary,Restaurants,2026-10-02,232.07119750976562,,754,False,False,0.10403988992189195,-0.8157954750953045,-1.8726437590843026,-11.066799519577675,-16.378988515196312,-20.79054783252593,288.6997181120373,290.0113018081483,279.82656753094824,279.82656753094824,-3.2033548153871383,18.304118334573587,11.926444049097029,-30.622079587132294,0.4898220561188312,5963711.15,-43.118925201466205,334.5029602050781,230.94000244140625
MCK,McKesson Corporation,ok,Health Care,Health Care Distributors,2026-10-02,888.77001953125,,754,False,False,-1.1181312955958256,2.7693637987323383,2.553540629183826,-3.893900022149477,13.45073252564708,16.624285574928678,839.0918256971571,741.9926318286425,665.645573664091,665.645573664091,105.89695302624848,26.660614323199834,43.17202468613414,-10.54460097069277,22.8261642461647,860530.3,-54.59706648330687,993.5342407226562,723.5999145507812
MDT,Medtronic,ok,Health Care,Health Care Equipment,2026-10-02,86.32499694824219,,754,False,False,-0.13304661026822817,-0.8784009895699163,-2.611690497909236,-5.583659853877676,4.783271482427898,-5.931606560849745,88.55923925127301,86.17310003455417,82.53320550286169,82.53320550286169,22.460745813312457,21.33176785515138,18.837200735082618,-15.34291655836494,19.075577508852696,13357778.15,84.45180570692439,101.97019958496094,72.4959716796875
MRK,Merck & Co.,ok,Health Care,Pharmaceuticals,2026-10-02,143.89999389648438,,754,False,False,0.06258002880081825,-3.6039690024157744,-3.280014062946457,-4.544047600490786,14.173692833355368,64.3464519396291,114.80731806679377,99.9604949191272,103.15505417841499,103.15505417841499,53.763702173899055,26.378294031315985,49.72002795448682,-7.478803956463984,79.56778845242994,9536029.1,-60.45542688203416,155.53192138671875,80.1368637084961
META,Meta Platforms,ok,Communication Services,Interactive Media & Services,2026-10-02,727.7349853515625,,754,False,False,0.24864555728412174,-1.4963647321393547,-3.1829535491799232,22.84884366685851,21.32625176865284,1.7932212526296176,635.3489997500465,640.7365974335081,573.7035690833783,573.7035690833783,139.45797454013902,38.36841732049437,62.22803954541026,-6.411481601110201,38.664001747254275,23413979.85,-66.04636609867075,777.5900268554688,524.8189697265625
MET,MetLife,ok,Financials,Life & Health Insurance,2026-10-02,94.62999725341797,,754,False,False,0.2967660665873506,-0.5987391944288767,-3.142272047818584,-1.8564622998549885,5.257868281181377,18.798240995628724,81.71332410782102,79.48937322608978,74.61349271779352,74.61349271779352,67.6593253476912,24.44581760410717,32.27267170728028,-5.322661187852874,41.72215478903773,3018248.1,-56.148005195464215,99.94999694824219,66.77149200439453
MTD,Mettler Toledo,ok,Health Care,Life Sciences Tools & Services,2026-10-02,1489.7149658203125,,754,False,False,0.5769035034113523,-3.097252482906876,-1.4504146897185821,8.917994389053142,14.986175742196428,15.49790109126219,1334.7366056896392,1286.430726556664,1281.9573406351024,1281.9573406351024,37.006706890119645,32.96811747796783,76.59915952768245,-3.5945435456999375,45.26292973026763,207756.0,-66.7783361250698,1545.260009765625,1025.530029296875
MGM,MGM Resorts,ok,Consumer Discretionary,Casinos & Gaming,2026-10-02,30.594999313354492,,754,False,False,0.4102395891594668,-2.934648258170769,-6.092702290176444,-26.17036600567031,-34.73763093797528,-11.804553114630611,38.412996042342414,36.704850542592816,38.15433018530079,38.15433018530079,-16.83881883122822,38.855885836745564,10.415772469468934,-39.64292731853867,0.4102395891594739,4830262.8,-49.970506780707666,50.689998626708984,30.469999313354492
MCHP,Microchip Technology,ok,Information Technology,Semiconductors,2026-10-02,81.63999938964844,,754,False,False,3.999999222482087,3.630363867310904,3.748884047168244,12.204503838237546,-6.232229132725598,30.679025549149387,74.3400298375932,66.9111037007366,71.27298304003808,71.27298304003808,12.354371730260926,48.981232079794886,75.8129976503171,-20.03583648709764,70.90644051245812,8201630.55,-48.49059617785393,102.09573364257812,47.76882553100586
MU,Micron Technology,ok,Information Technology,Semiconductors,2026-10-02,1076.6400146484375,,754,False,False,-1.8908500827436003,1.0853700257932974,-0.5211234149909982,12.609822964981454,9.331303848533889,492.02205155588257,586.5986399574886,346.7616271820676,263.6868174626277,263.6868174626277,1501.930525861241,64.22287821744767,75.3193625791065,-11.268863893247001,493.44333771695653,26070395.9,-17.472990887721807,1213.3734130859375,181.42254638671875
MSFT,Microsoft,ok,Information Technology,Systems Software,2026-10-02,514.8350219726562,,754,False,False,0.39684754838744674,1.1543206963639419,-0.2586281615938879,3.6260646477308978,33.37235126830163,-0.12296573702121893,445.6892608158172,443.06283739553504,427.05038286204046,427.05038286204046,63.73314879913661,26.233879961950844,56.30477448783238,-4.242814967490457,46.19058253043876,20866147.05,-51.68422336983387,537.6463623046875,352.1670227050781
MAA,Mid-America Apartment Communities,ok,Real Estate,Multi-Family Residential REITs,2026-10-02,114.95500183105469,,754,False,False,-1.2244332840637084,-2.9342214516309695,-2.86860725546082,-10.617369344913763,-17.39296912306748,-12.745019463500007,128.84700227162196,136.50625554118974,131.9190042935885,131.9190042935885,2.745745130185173,20.79507914194931,10.820767904086964,-18.217935453349472,0.0,1215840.25,-44.96768798368043,140.56260681152344,114.95500183105469
MRNA,Moderna,ok,Health Care,Biotechnology,2026-10-02,188.64999389648438,,754,False,False,-0.15349240032523914,-7.279078112982984,-5.1438107075449935,25.091172303208054,130.6234558171333,583.514461192332,59.68105176138499,47.03063751691841,64.94599470598945,64.94599470598945,82.60574809276208,122.78951285867402,73.42038912446485,-7.279078112982982,743.6940462745285,14455335.65,-42.935168025655635,203.4600067138672,22.360000610351562
MDLZ,Mondelez International,ok,Consumer Staples,Packaged Foods & Meats,2026-10-02,58.170101165771484,,754,False,False,0.7100118700754665,-1.071255237180424,-2.5982892902302046,-6.02957863946787,-0.8204634899698138,-4.640961465836934,58.06689883035327,59.71607001559193,61.379873468009485,61.379873468009485,-7.111732412565064,21.07192778677578,25.599240951324788,-9.702213378807885,15.878058651888367,8022699.45,-57.103104491842835,64.42029571533203,50.19940948486328
MPWR,Monolithic Power Systems,ok,Information Technology,Semiconductors,2026-10-02,1444.800048828125,,754,False,False,6.15958323325021,6.706848591844516,5.814125742649057,18.663412157528626,7.488444526461713,58.81021305224152,1214.009545462472,955.1007019286137,863.991079072421,863.991079072421,221.4325660278848,55.43237877723506,84.40010136440365,-14.246374519357596,69.72729174753918,724090.8,-40.18484974536343,1684.8267822265625,851.2479248046875
MNST,Monster Beverage,ok,Consumer Staples,Soft Drinks & Non-alcoholic Beverages,2026-10-02,42.70500183105469,,754,False,False,1.3407746786656016,2.3119312740366382,-0.9394543576035752,-3.8608653952840633,-12.283042772012742,26.664694165148163,40.938908849443706,34.81268928725406,32.086730810312126,32.086730810312126,62.56186176972036,24.61750541061184,38.21910206594454,-14.538721657342021,28.80411221043737,10051066.05,-62.56893566031238,49.970001220703125,33.154998779296875
MCO,Moody's Corporation,ok,Financials,Financial Exchanges & Data,2026-10-02,439.4200134277344,,754,False,False,-1.7748507206312603,-3.385953486761739,-6.247065930598583,-10.32244623923788,-11.714861415303924,-7.625481634690267,471.6692410423642,473.75405938501854,446.23667511067276,446.23667511067276,42.37973222089468,25.186345936572856,21.63795238645359,-18.023489634086214,7.307426225988434,790465.2,17.42503022270936,536.0316162109375,409.4963684082031
MS,Morgan Stanley,ok,Financials,Investment Banking & Brokerage,2026-10-02,191.08999633789062,,754,False,False,1.6382117552493636,-0.8663613906079948,-2.6590603054462814,-9.786616121959657,-13.488566482405883,24.559805649975996,186.10840316045852,156.39122886201775,132.58157424522017,132.58157424522017,160.5158154374346,28.96310206570334,24.95958370600519,-15.930039587807753,28.68555356183913,5430536.95,-36.07926744702474,227.2987823486328,148.49374389648438
MOS,Mosaic Company (The),ok,Materials,Fertilizers & Agricultural Chemicals,2026-10-02,21.270000457763672,,754,False,False,-1.2992983257992363,-5.129347076792556,-7.561928525903017,-16.795787473772062,1.275009508490066,-34.798314331874266,24.59348363724966,26.469302876537064,27.213927529534864,27.213927529534864,-33.323507690070585,38.75349035109388,24.664871473767803,-37.726040068275935,8.224256890296303,8260670.4,-41.78307852592691,34.1555290222168,19.653635025024414
MSI,Motorola Solutions,ok,Information Technology,Communications Equipment,2026-10-02,447.95001220703125,,754,False,False,-0.01785295013360111,0.41020736794437074,-1.954559748805762,-6.224768451600438,6.214880838799686,-0.827691121072649,423.2276372758169,431.5970401839906,402.27819342575276,402.27819342575276,69.4857392131485,22.301794041068355,22.799988558497006,-8.576591042223397,24.252266937048727,844479.5,-58.79236855364754,489.9729919433594,360.5165710449219
MSCI,MSCI,ok,Financials,Financial Exchanges & Data,2026-10-02,538.1849975585938,,754,False,False,-1.3210760916640862,-0.29179861022219367,-2.38954369976051,-4.003533012634664,-12.039966965196246,-1.2087599242217029,565.7966054280599,564.5617457538012,547.1279511388481,547.1279511388481,10.270784627435336,28.06580824961431,40.33980475180696,-16.109875834834234,6.321626300884377,572749.4,-64.54156041018987,641.5355834960938,506.1858215332031
NDAQ,"Nasdaq, Inc.",ok,Financials,Financial Exchanges & Data,2026-10-02,90.34500122070312,,754,False,False,-1.4453986851840628,-1.638538136548806,-3.425977259756452,-5.296258195716053,7.316707129709243,5.324341728423176,89.5432855515253,85.10939702189776,76.04635741539911,76.04635741539911,94.2676946064659,23.944288281329555,45.99281135368868,-9.62205308301015,17.95761407199661,3204874.25,-49.34949475786764,99.96354675292969,76.59107208251953
NTAP,NetApp,ok,Information Technology,"Technology Hardware, Storage & Peripherals",2026-10-02,228.2592010498047,,754,True,False,6.1423844736555155,9.120952788059068,13.477110601987508,26.270507083557337,39.98928687435295,95.99488577803052,133.1730668809679,120.2216703407318,112.93601549588718,112.93601549588718,219.27678635743953,38.312428026556155,89.61538822090705,0.0,144.52788335915372,2410448.0,28.937027473731014,228.2592010498047,93.3469009399414
NFLX,Netflix,ok,Communication Services,Movies & Entertainment,2026-10-02,67.11000061035156,,754,False,False,-1.09063799618474,-4.537698866183026,-5.678145929565304,-18.880698794596285,-11.720595140972689,-42.68511170101165,89.53421822805254,96.42321716551761,83.39439786207771,83.39439786207771,76.4520257172354,34.032831033478125,15.616866959795345,-45.937890638852615,0.0,35162830.45,-26.30624819339594,124.13500213623047,67.11000061035156
NEM,Newmont,ok,Materials,Gold,2026-10-02,115.2699966430664,,754,False,False,0.5232392811562736,-1.5543596820792316,-5.072884498582031,-7.710171949691446,17.62724402882099,35.37073030565389,106.17238550337534,79.43467092324063,66.04664833412879,66.04664833412879,243.63402822436888,41.60438283821372,35.693307062372995,-14.525713959853755,47.972968803943026,6527665.6,-65.61999131818273,134.85926818847656,77.89936065673828
NWSA,News Corp (Class A),ok,Communication Services,Publishing,2026-10-02,28.645000457763672,,754,False,False,0.01746183038342508,0.4382889130212897,0.544052958549468,-6.227133535749251,7.888079720728025,-0.3057297239311585,26.354332431914315,27.13171450170388,26.26857087972626,26.26857087972626,46.445208653923146,23.85455125865769,26.899883258258782,-7.850645228883453,28.84594051849359,4471819.5,-61.79877117133194,31.085405349731445,22.231977462768555
NWS,News Corp (Class B),ok,Communication Services,Publishing,2026-10-02,31.614999771118164,,754,False,False,0.5246391229762448,0.36507863847037303,-0.42519757128137714,-7.84623007368025,5.62994912412873,-1.9499724578657451,29.962414824773393,30.725809044097048,28.984185474304685,28.984185474304685,55.116751444800016,24.38826807235264,29.270547840259013,-10.22052495056144,24.082019140923677,1192461.15,-67.20035700953444,35.21406173706055,25.479114532470703
NEE,NextEra Energy,ok,Utilities,Multi-Utilities,2026-10-02,76.78500366210938,,754,False,False,0.5697514036437479,1.1793441555660644,0.9266585358662871,-7.599271874810354,-11.525139261110429,0.40895415146178227,85.27333568391346,77.43157956704675,72.16351622422114,72.16351622422114,60.961473319969414,26.054891645184124,26.873535574833994,-20.383058817498608,1.7154667306744822,12219625.45,-35.688626200895534,96.44304656982422,75.48999786376953
NKE,"Nike, Inc.",ok,Consumer Discretionary,"Apparel, Accessories & Luxury Goods",2026-10-02,33.775001525878906,,754,False,False,-3.9118063735720354,-5.761714893742475,-5.524471256282782,-11.676255116647027,-21.242992279443317,-52.98028445345502,51.14612718612429,59.81387845073563,69.61671333920101,69.61671333920101,-61.70491181014863,36.445251632518094,26.25092462833676,-53.213582756221264,0.0,42283595.75,172.96546793800053,72.18975830078125,33.775001525878906
NI,NiSource,ok,Utilities,Multi-Utilities,2026-10-02,39.474998474121094,,754,False,False,-0.06329500222508333,0.3941983227361945,0.1395238653742803,-4.070481141305471,-15.537688940959338,-5.892209962055439,43.93153650798495,40.64143658824176,35.80245602858162,35.80245602858162,86.95565768407072,18.611813527512172,31.34502162107175,-19.031143655419537,1.217944805438702,5602345.7,-55.99853825514551,48.75331115722656,39.0
NDSN,Nordson Corporation,ok,Industrials,Industrial Machinery & Supplies & Components,2026-10-02,333.0150146484375,,754,False,False,1.214219733804578,1.0575716572240657,2.2239696347417626,5.490674737095902,13.742121376020599,47.52173708496215,274.32942811269606,244.8198808464871,242.92810797248657,242.92810797248657,56.25775356127733,24.424430599244896,88.07213979483764,-0.20462547776047998,48.73217828502641,354984.35,-57.69193768683042,333.6978454589844,223.9024658203125
NSC,Norfolk Southern,ok,Industrials,Rail Transportation,2026-10-02,317.6449890136719,,754,False,False,2.3802549524915007,1.4840220490964562,1.4840220490964562,-3.761439931150068,-0.9313051673650041,8.224118924982115,304.3523978581504,275.5862166872063,257.32672404484026,257.32672404484026,76.74258711969834,24.545806363244928,46.65554209780737,-10.010488093623202,15.638303746399423,1023550.5,-39.94336381057896,352.9800109863281,274.6883850097656
NTRS,Northern Trust,ok,Financials,Asset Management & Custody Banks,2026-10-02,171.30999755859375,,754,False,False,1.247045300477767,-0.9425262286351321,-2.5152212350806114,-6.44742739783124,-4.9806689726283215,33.33642120685023,154.3936113024515,130.43243348930937,112.41256699195274,112.41256699195274,174.92775996128915,26.262285959537557,28.242667005466984,-10.107059900218347,42.54999816844317,1027552.3,-36.96223540154598,190.57113647460938,120.17537689208984
NOC,Northrop Grumman,ok,Industrials,Aerospace & Defense,2026-10-02,480.5299987792969,,754,False,False,-0.3049795063699401,-4.771999617781852,-5.8744007834670375,-8.26429077538604,-11.873040147056557,-19.334641724248158,589.4483905368381,543.8872303753735,512.4974449420797,512.4974449420797,14.233978303534034,25.340640631745494,18.148425186887067,-36.87144295636202,0.0,929478.6,106.98400156819102,761.1927490234375,480.5299987792969
NCLH,Norwegian Cruise Line Holdings,ok,Consumer Discretionary,"Hotels, Resorts & Cruise Lines",2026-10-02,15.005000114440918,,754,False,False,2.4931677770392957,1.385134601784599,2.703630849047589,-3.6287706580438672,-22.092419853973944,-37.970236530937406,19.70974211465745,21.31070716447564,20.034263954870898,20.034263954870898,-8.728712731145649,52.15186810899938,54.71074484384951,-40.02797825775064,6.267707054211455,19984520.45,9.333166410805728,25.020000457763672,14.119999885559082
NRG,NRG Energy,ok,Utilities,Independent Power Producers & Energy Traders,2026-10-02,95.08059692382812,,754,False,False,-1.9079783096306313,-2.1502534573319965,-5.269907022030074,-14.411198075269006,-32.33238609708549,-40.54997551856563,145.340579562717,132.0820431956257,108.81754740606252,108.81754740606252,167.46779925799515,46.29886099728102,22.231989944520194,-47.992006502833306,0.0,2825551.45,-40.02837923903315,182.81919860839844,95.08059692382812
NUE,Nucor,ok,Materials,Steel,2026-10-02,241.39999389648438,,754,False,False,2.2968040796149447,2.4270136495845973,-2.134037802425126,-8.332922908266227,8.062514877867443,80.38635250113421,199.69075151473757,164.973809474018,163.31869346962682,163.31869346962682,62.66510435243868,33.77303559410606,39.476273940797974,-11.926328579736273,85.32789811949536,1244359.65,-54.8689159118909,274.0887145996094,130.255615234375
NVDA,Nvidia,ok,Information Technology,Semiconductors,2026-10-02,234.54010009765625,,754,False,False,1.5940827677272784,3.226131405831989,4.207620946933011,4.631048536414295,20.07288980810533,25.561842933863478,197.46367542327397,169.57219310015796,141.18318393312651,141.18318393312651,425.301602981517,46.779117338464864,83.24879911494028,-0.2815840745534774,42.3237911109321,108367687.8,-4.561905767634178,235.202392578125,164.79331970214844
NVR,"NVR, Inc.",ok,Consumer Discretionary,Homebuilding,2026-10-02,5967.3251953125,,754,False,False,-2.596226328475426,-4.287418700457268,-5.244456574285605,-5.6840181904140525,-10.851088104007001,-25.74702842768185,6853.246051122272,7405.328831159736,7439.751927221486,7439.751927221486,0.1069460369760078,26.323314582222103,32.42057289311799,-27.031973644992664,7.256158213927076,40472.15,-39.3582994726003,8178.0,5563.6201171875
NXPI,NXP Semiconductors,ok,Information Technology,Semiconductors,2026-10-02,244.72500610351562,,754,False,False,2.3140614597657594,3.490931128768393,2.7910804021147317,7.5826012155172595,-12.364534469145383,10.732108739147318,236.50391630142454,223.00367399420873,223.62209356495177,223.62209356495177,28.914354408539023,43.72447523736632,70.45564221789782,-25.854415135441005,35.21233793452533,3530116.4,-59.07704346519564,330.06011962890625,180.99310302734375
ORLY,O'Reilly Automotive,ok,Consumer Discretionary,Automotive Retail,2026-10-02,85.08999633789062,,754,False,False,0.07056046037290375,-1.1386120139518563,-1.1960129770575145,-2.161670525957138,1.0090200565955554,-19.48334964782995,92.56436502365838,91.27687788579568,83.82337048072714,83.82337048072714,42.0344444718251,22.25763311471755,41.24895150663325,-18.93874883454949,2.8526446092054227,6047200.4,-72.65828994190436,104.97000122070312,82.7300033569336
OXY,Occidental Petroleum,ok,Energy,Oil & Gas Exploration & Production,2026-10-02,57.90999984741211,,754,False,False,0.12102298519978127,5.405899699566552,1.8466395107097355,-4.489036229309984,19.18813385210294,23.770098182774024,51.02345197162931,48.073201905208755,51.244558900989965,51.244558900989965,-1.7945597035611938,31.757204801164246,38.461541961100096,-11.76865363256097,50.87855529576631,9307837.0,-42.828392890851006,65.63426971435547,38.38186264038086
ODFL,Old Dominion,ok,Industrials,Cargo Ground Transportation,2026-10-02,181.0399932861328,,754,False,False,1.6507507478177086,2.017348380944184,4.466237794619876,-3.5019494178586186,-16.225661715721284,30.82814488946366,186.9704643431164,179.79511548228473,184.66319887075247,184.66319887075247,-8.603504325116173,36.76700784567745,48.73875001824949,-27.10120388994716,44.243505074876396,1800216.9,-56.436471627391114,248.3442840576172,125.50997924804688
OMC,Omnicom Group,ok,Communication Services,Advertising,2026-10-02,74.127197265625,,754,False,False,-0.766800141925128,-0.017267499499362682,-2.6563417199229833,-8.403342806617363,-6.271051270101536,-0.3207361902515582,75.94770140874954,76.96323429730784,78.51448743096714,78.51448743096714,12.335010843288385,29.68121863539233,23.30319800290455,-15.797807969777342,13.639460448824407,3226069.85,-71.43592535666889,88.03475952148438,65.23015594482422
ON,ON Semiconductor,ok,Information Technology,Semiconductors,2026-10-02,83.75,,754,False,False,4.582914691595463,10.269918848151228,8.484460246998694,15.772745700476332,-11.55349261731815,73.2161378346815,74.29607146126884,64.13071709895038,67.59026525381073,67.59026525381073,-10.30309785112884,57.43346071876177,69.96700725346905,-37.46733026205516,86.52560613328535,12033312.65,35.556629121574424,133.92999267578125,44.900001525878906
OKE,Oneok,ok,Energy,Oil & Gas Storage & Transportation,2026-10-02,87.63999938964844,,754,False,False,0.5507064104768089,0.8979953647431982,-1.1170008963656497,-8.717844558221833,1.4353886998902832,26.60647711469293,81.64441558292934,82.60022377682873,77.77657734999923,77.77657734999923,64.94817382269187,26.40939790821889,23.747913403676534,-10.122041360221413,41.46630179256042,3702515.6,-50.957343704372235,97.51000213623047,61.951148986816406
ORCL,Oracle Corporation,ok,Information Technology,Application Software,2026-10-02,142.0447998046875,,754,False,False,2.8788239803124283,3.087892246078572,3.606705675445676,-2.542161368996565,-0.8493531436206014,-50.29106994275787,179.16639882042296,183.2792891240215,162.22278742701684,162.22278742701684,37.896255267183165,50.545856780322175,47.033809581750155,-54.18054024255788,23.527961077945424,35602719.9,-38.48981745914306,310.009765625,114.98999786376953
OTIS,Otis Worldwide,ok,Industrials,Industrial Machinery & Supplies & Components,2026-10-02,63.85499954223633,,754,False,False,-0.9692986696007377,-2.7045524690909484,-3.1619697027197358,-9.847525213193265,-12.583950026978064,-29.373166790107753,79.54337814876011,86.43433002456726,86.86326727120883,86.86326727120883,-15.191233092918955,21.473880428963124,24.25723681942938,-30.9642313397023,0.0,4847592.45,-37.92075074297965,92.49552917480469,63.85499954223633
PCAR,Paccar,ok,Industrials,Construction Machinery & Heavy Transportation Equipment,2026-10-02,109.12000274658203,,754,False,False,-0.7458610847869029,-2.3971379535071002,-1.9674735963037815,-10.652579054628475,-13.105439640061311,14.430603503073748,115.71757900904096,106.76199112850357,102.42076139171813,102.42076139171813,43.69539051982236,26.805750145576123,7.749129259916685,-20.838621799661496,20.22594201698579,3564045.35,-29.613493835032155,137.84500122070312,90.76244354248047
PKG,Packaging Corporation of America,ok,Materials,Paper & Plastic Packaging Products & Materials,2026-10-02,229.4550018310547,,754,False,False,-0.111011656157467,-1.6396591942119176,-3.2570162253468093,-1.1132610917905073,-2.30547713317818,9.503183498166944,218.4509501381526,210.2345022680275,195.83131281197547,195.83131281197547,61.58301152078016,24.90083089519438,45.9568632153242,-10.29014149608989,22.73977538082636,604962.8,-55.988037611568856,255.77456665039062,186.9442901611328
PLTR,Palantir Technologies,ok,Information Technology,Application Software,2026-10-02,189.375,,754,False,False,-0.3499228107904484,1.2863019541075715,-0.15553233078146045,11.752031451148959,42.88140153377662,2.3925402134481466,157.79688465784466,132.57783855575013,96.0149402479278,96.0149402479278,1092.537774781164,65.10815491223624,76.65507467115224,-8.593973021151962,76.54051079178494,22766583.15,-44.48853867647679,207.17999267578125,107.2699966430664
PANW,Palo Alto Networks,ok,Information Technology,Systems Software,2026-10-02,401.0799865722656,,754,False,False,1.2189240560922743,3.2620125101562314,7.028872558121346,22.101794068972815,12.180792644438254,93.94583203747995,240.93809509277344,214.5585656641014,193.78496007135124,193.78496007135124,238.79290394464533,42.78424125567683,63.86391052248739,0.0,183.10862691899445,6179178.6,-49.8789046168693,401.0799865722656,141.6699981689453
PSKY,Paramount Skydance Corporation,ok,Communication Services,Movies & Entertainment,2026-10-02,9.194999694824219,,754,False,False,-1.5524674025138574,-7.957958903986661,-7.6807263091645535,-15.793162042024921,-8.449052434775217,-50.420566048466576,11.545751857379127,11.669968482507652,11.643262022686258,11.643262022686258,-23.132651531821125,55.40397331256812,31.6384228278322,-51.042573459070695,18.277725566503907,26398785.85,-6.112663132194774,18.78162384033203,7.774075508117676
PH,Parker Hannifin,ok,Industrials,Industrial Machinery & Supplies & Components,2026-10-02,970.1500244140625,,754,False,False,0.44208592264709523,-0.022668745347842467,-0.8361179288062348,2.1877456260324113,0.07658611776506508,29.528866755306748,912.7698572552393,788.7887410319659,690.9696642726423,690.9696642726423,159.5986209126736,28.409671890742132,68.96454933818895,-9.4765726506445,36.498185713483394,572754.65,-68.27734179024125,1071.7115478515625,710.7420654296875
PAYX,Paychex,ok,Industrials,Human Resource & Employment Services,2026-10-02,99.11000061035156,,754,False,False,-1.7155848773955373,-0.20138652014787262,-2.2294584936337847,-20.072580152942287,-4.979654139015432,-16.55894830411424,104.48214885166713,120.43513988783636,117.71130780895446,117.71130780895446,-3.5315260054782027,24.695174098648373,9.751006146890319,-22.168993670010885,18.534515088289446,3567892.9,-68.94082779222437,127.33999633789062,83.61277770996094
PYPL,PayPal,ok,Financials,Transaction & Payment Processing Services,2026-10-02,52.83000183105469,,754,False,False,-0.4334706677035727,-1.9669652451273945,-4.015259897732292,-3.126950706836129,17.455075074957914,-19.863259582510985,53.16882536146376,63.728723009269075,63.04556755551609,63.04556755551609,-8.77877317702035,38.65042623251852,43.135033214906116,-29.83165862066205,36.37653011716468,11847068.6,-52.934585016246125,75.29036712646484,38.738338470458984
PNR,Pentair,ok,Industrials,Industrial Machinery & Supplies & Components,2026-10-02,53.420101165771484,,754,False,False,1.021369301714925,-0.09332345949586429,-0.4470717151002668,-10.728440792857796,-28.96399786381062,-51.064197302040725,85.83779256305998,91.91072921448969,86.15501348156512,86.15501348156512,-12.963810992728087,29.311904258077636,30.780923175333825,-51.87427890936799,1.0213693017149184,2532594.85,-44.89063262526969,111.00114440917969,52.880001068115234
PEP,PepsiCo,ok,Consumer Staples,Soft Drinks & Non-alcoholic Beverages,2026-10-02,125.75,,754,False,False,0.11942796791499788,-2.284561648636896,-2.238983731234645,-9.554961769814652,-11.303384615914469,-8.589246739815371,143.94785330030652,141.3101380488787,145.68785232827264,145.68785232827264,-17.165094229626465,20.075721824423358,15.683830371737983,-23.996747441727535,0.11942796791499398,9079362.3,-63.44516398469968,165.4534454345703,125.5999984741211
PFE,Pfizer,ok,Health Care,Pharmaceuticals,2026-10-02,27.69499969482422,,754,False,False,-1.5113838254805945,-3.5689402612682497,-3.4007686741372334,-4.565819235144009,18.800568960248466,8.920664075852969,25.383543112921338,24.14792433582929,24.226424024971475,24.226424024971475,-1.0379184272231723,24.210577247029512,49.50884837365746,-4.565819235144009,22.316611293442147,31689552.2,-33.86418379241093,29.020000457763672,22.642059326171875
PCG,PG&E Corporation,ok,Utilities,Multi-Utilities,2026-10-02,12.335000038146973,,754,False,False,1.3557926114925234,1.6900240871556171,0.3715183012049206,-7.082932146008025,-26.362392956852077,-20.202028988940736,16.284922107817636,16.467185406095954,16.696988645852088,16.696988645852088,-17.201402626842988,29.011405188010315,27.896361979262906,-34.811589843655895,3.6472425291552786,40684263.1,-32.214915796275044,18.922075271606445,11.900943756103516
PM,Philip Morris International,ok,Consumer Staples,Tobacco,2026-10-02,187.6300048828125,,754,False,False,-0.2922668797826655,-3.233620016006389,-1.4962153027361258,-0.16494495826687716,1.5533721916572096,20.86614188707554,170.9404753427657,158.1226525933619,135.7183406941138,135.7183406941138,130.16630946475865,24.492005410767348,33.64994227057123,-6.264671729451156,33.4548152023091,4387375.2,-66.4673310821468,200.1699981689453,140.5944061279297
PSX,Phillips 66,ok,Energy,Oil & Gas Refining & Marketing,2026-10-02,265.8599853515625,,754,False,False,0.6168770758287145,5.395435223612477,3.953073451246336,3.8150607807347248,50.719588849376684,103.38263680007769,172.0710234869094,144.61620791309858,138.33379135334206,138.33379135334206,146.59995189267096,30.986604293145685,58.25205988136365,-3.0451137317086228,115.94563842398131,3269777.1,-61.77592656086557,274.2099914550781,123.11431121826172
PNW,Pinnacle West Capital,ok,Utilities,Multi-Utilities,2026-10-02,95.88999938964844,,754,False,False,1.331503934060363,2.66595056005392,4.5236555728304095,-1.5300861632723373,-9.49219469272663,12.953753061777462,95.59603106786334,90.31166397337894,83.26024540665928,83.26024540665928,52.44507165594956,18.041631489456012,52.029819782976,-11.52793307021765,13.897959124491885,1193573.75,-30.70599952453713,108.38449096679688,84.18939208984375
PNC,PNC Financial Services,ok,Financials,Diversified Banks,2026-10-02,221.22999572753906,,754,False,False,0.21743860817171612,-0.18948711053944356,-1.9544423302775837,-8.756087766417565,-11.922830982932798,15.153086542909278,217.4045037769136,198.58231299046977,179.23992549582564,179.23992549582564,105.96809784505679,24.411950663735862,16.200047134740558,-13.908240387354843,26.94486347796097,1761412.5,-57.84916934562461,256.9700012207031,174.2725067138672
PPG,PPG Industries,ok,Materials,Specialty Chemicals,2026-10-02,105.4800033569336,,754,False,False,0.7738656751296258,-0.509331544265923,-1.8973152435122986,-5.237619557570506,-14.434023255074147,3.9873510596905914,108.16397588215177,109.33644827428567,114.93999144253111,114.93999144253111,-12.536374445075804,26.45625835296016,50.95121410978639,-18.332344100767514,14.033320174931413,1744347.8,-69.91104640943739,129.15762329101562,92.49928283691406
PPL,PPL Corporation,ok,Utilities,Electric Utilities,2026-10-02,32.79249954223633,,754,False,False,0.09921008048940916,0.6522335765466236,2.380583178268214,-4.269677911357139,-8.431874695353692,-7.476853491226054,35.503511860257106,34.13740116666513,31.25522494632306,31.25522494632306,60.61788982156291,17.59444164988995,36.30746915778229,-16.274896007824406,2.572725200335746,7049341.85,-63.136459327759795,39.166866302490234,31.969999313354492
PFG,Principal Financial Group,ok,Financials,Life & Health Insurance,2026-10-02,111.97000122070312,,754,False,False,-0.24055296525763437,-1.754847748160493,-2.4396580153881464,1.3578346912509032,0.24114074976775424,39.486499271067,96.26411595420232,86.51755119414918,81.6398398300697,81.6398398300697,77.36923759106315,24.09299115755897,32.7017440537538,-5.518522316799417,47.76065486095561,1368453.85,-61.966053878981754,118.51000213623047,75.7779541015625
PG,Procter & Gamble,ok,Consumer Staples,Personal Care Products,2026-10-02,144.58140563964844,,754,False,False,0.4386305694978665,-2.5206320792568127,-1.1273952923874342,-2.0716565718263302,-2.4441052542167885,-2.8377789727428993,145.83769510662745,151.75915481749757,151.09463733703453,151.09463733703453,7.763943720151145,17.908006930660072,45.34435762144745,-12.22634671275161,7.070071877719399,7832541.35,-59.17382549151815,164.72073364257812,135.0343780517578
PGR,Progressive Corporation,ok,Financials,Property & Casualty Insurance,2026-10-02,209.26499938964844,,754,False,False,-0.8034732983857706,-0.5481732248565296,1.881265576769775,-5.426869933104895,-9.62748859157,-9.531508082067896,208.85278798663427,224.9013121707506,210.0164255501421,210.0164255501421,64.81576888858764,24.14774406523568,34.00828799070901,-10.710507681646266,10.00996350298508,2802422.25,-52.26825650559975,234.36688232421875,190.2236785888672
PLD,Prologis,ok,Real Estate,Industrial REITs,2026-10-02,129.0800018310547,,754,False,False,0.7021448016071519,-2.6619400973151963,-2.98384151044232,-4.7479065259280695,-7.20055227351537,14.296440245584918,132.74239415971059,119.2554469317554,116.16721104184259,116.16721104184259,29.832228796925907,25.605045921441366,31.22377102151472,-13.298130096666267,19.691185682991335,3518534.5,-43.53075122611417,148.87799072265625,107.84420013427734
PRU,Prudential Financial,ok,Financials,Life & Health Insurance,2026-10-02,112.58999633789062,,754,False,False,-0.47732778983252677,-2.1467071728776044,-5.742989355892581,-6.049733162172766,-0.3414515357215375,15.112302270850408,105.43762412903801,104.33807073646332,101.86227992738273,101.86227992738273,39.593206967838235,24.007915835534526,24.614241909534783,-8.982821978581532,25.48046410795537,1519718.55,-26.84362509097491,123.70191955566406,89.72711181640625
PEG,Public Service Enterprise Group,ok,Utilities,Electric Utilities,2026-10-02,68.03579711914062,,754,False,False,0.21475582678296412,0.5257045099889446,1.5156677513491257,-6.3619779725224035,-15.019934263672031,-14.75759660758178,77.93951676383851,78.923241178353,73.67595089272416,73.67595089272416,37.25224713225668,19.755601755399415,32.57449346655285,-19.713866374581375,2.2172470172459167,3402412.15,-28.528852684704876,84.74165344238281,66.55999755859375
PTC,PTC Inc.,ok,Information Technology,Application Software,2026-10-02,144.27000427246094,,754,False,False,-1.5020119682577215,4.8778764415207565,4.452656655580878,-3.2589019320227286,15.434469833095243,-28.727395723001038,153.87349258907258,167.9198605966758,169.2941513668637,169.2941513668637,2.4353933710288933,30.897022076883836,61.05631984852785,-29.921791570287827,28.434079872485263,1714031.55,-76.48053794575718,205.8699951171875,112.33000183105469
PSA,Public Storage,ok,Real Estate,Self-Storage REITs,2026-10-02,285.18499755859375,,754,False,False,0.4172526614766747,-0.13831116753412198,-0.9671158975948058,-4.386883865818314,-11.076856906597287,2.1699523794321385,289.78255765400235,287.15241481583433,278.3037616921989,278.3037616921989,23.425295765231358,23.11847285608128,41.35825618959267,-12.817811137857307,13.661739347992322,855311.6,-55.579697504394886,327.11383056640625,250.90676879882812
PHM,PulteGroup,ok,Consumer Discretionary,Homebuilding,2026-10-02,115.5999984741211,,754,False,False,-0.6446067983119197,-2.447258671627772,-3.546099335927566,-6.343365436483738,-11.818196738141317,-13.280129384506711,123.72786652095733,119.08618515136233,114.82690850619612,114.82690850619612,61.58002650855801,33.241617152720686,42.742686454687764,-18.38763592254973,5.439089723122864,1707665.6,-46.28269141218281,141.64520263671875,109.63675689697266
PWR,Quanta Services,ok,Industrials,Construction & Engineering,2026-10-02,678.72998046875,,754,False,False,2.4343503587588744,4.151062006636819,4.577851653144194,11.144135807127164,0.7130410038200141,61.47874366963364,571.6536309378488,451.72727446537095,378.8438188871591,378.8438188871591,285.551682715123,39.11263296214973,73.06141661278374,-13.536002264173536,64.78502122473772,806288.5,-38.35085084309152,784.9856567382812,411.8881530761719
QCOM,Qualcomm,ok,Information Technology,Semiconductors,2026-10-02,185.67999267578125,,754,False,False,1.971550557466606,0.8582219010776271,-8.06555847228071,9.84381406159085,0.11291650455915736,13.848721378475549,167.7927759866866,160.42350539553212,157.89262246453163,157.89262246453163,78.08919091611837,43.37764478973127,53.404750156984484,-25.352528517312024,51.027729215747556,14865042.8,-67.03974508569864,248.7425079345703,122.94430541992188
DGX,Quest Diagnostics,ok,Health Care,Health Care Services,2026-10-02,231.2899932861328,,754,False,False,0.0865450479949681,-0.2931447734585868,-2.128475745680314,-3.9493395536132514,8.798491015010468,29.26302915172416,200.15850563654823,182.0597184321795,165.0081233320565,165.0081233320565,102.87274844626455,22.36871045880374,41.33856911715233,-6.530613805378012,35.05604740685406,1115733.35,-44.50582659378247,247.4499969482422,171.25482177734375
Q,Qnity Electronics,ok,Information Technology,Semiconductor Materials & Equipment,2026-10-02,131.57000732421875,,235,True,False,2.428968820632771,4.744850477594875,5.517687663889115,11.793699205438358,-10.241614336238502,,119.66093831163772,119.66093831163772,119.66093831163772,119.66093831163772,38.41370946446501,55.07904653688891,79.00483410558245,,,1462487.75,-57.3702412208239,,
RL,Ralph Lauren Corporation,ok,Consumer Discretionary,"Apparel, Accessories & Luxury Goods",2026-10-02,359.69500732421875,,754,False,False,-0.817569157875242,1.0606298477370713,0.7266875318817201,7.197682893843371,-8.98259072310914,14.520884528046407,357.0589628673735,302.57648066790455,252.7587194771602,252.7587194771602,223.6474491641008,35.7879860322243,63.86408857813165,-12.709249209038878,17.531177234712928,668878.25,-57.441432727106914,412.0654296875,306.0422058105469
RJF,Raymond James Financial,ok,Financials,Investment Banking & Brokerage,2026-10-02,157.92999267578125,,754,False,False,-1.145469387817477,-0.8623455838193572,-0.8747455809718141,-9.933765844324938,-4.770422107696348,-3.4536668362818546,159.5311644417899,155.12893413832464,140.34417578902105,140.34417578902105,67.9029721621184,25.731661091800312,25.92484289197175,-12.53363936404542,13.302418310019352,1276874.7,-66.95885665210533,180.5608367919922,139.3880157470703
RDDT,Reddit,ok,Communication Services,Interactive Media & Services,2026-10-02,148.3000030517578,,636,False,False,-0.8225745586706745,2.0225663380995407,-1.0277584915713067,-6.198610166619023,-26.167478541710707,-26.80158016580414,176.36134925721183,164.31974105531,141.76077041985855,141.76077041985855,194.0127023977158,80.93093166722551,35.93686894780461,-42.72583043809397,21.71701207252784,4743916.25,-51.33503885107584,258.92999267578125,121.83999633789062
RTX,RTX Corporation,ok,Industrials,Aerospace & Defense,2026-10-02,184.82000732421875,,754,False,False,-0.10269022661376637,-1.1340510802935189,-2.4181556071056654,-7.948994696738598,-7.913800114937031,12.178991984611054,188.81460220094712,160.0955742915788,137.5517808221063,137.5517808221063,175.03812258515805,23.856877434668487,22.431875216926073,-18.03627530186843,19.46703836579684,3848360.85,-48.429550207070626,225.49000549316406,154.70376586914062
O,Realty Income,ok,Real Estate,Retail REITs,2026-10-02,53.95500183105469,,754,False,False,0.7939530383889837,-1.6639903020979063,-2.3722122650879807,-11.833375316015527,-13.450493936844843,-5.840161717620607,59.363863369775196,55.965593284819704,53.24536714123794,53.24536714123794,30.10517984739296,18.086799053207397,11.18329466357308,-17.624349028176773,0.96866233537334,8850921.5,-46.92722108087841,65.49872589111328,53.437374114990234
REG,Regency Centers,ok,Real Estate,Retail REITs,2026-10-02,71.76000213623047,,754,False,False,-0.05571157914646685,-1.2386477849136712,-2.0073756019621136,-4.383725771966763,-9.210042668464368,3.6448657552867747,73.4542471265036,70.63985954527836,66.14435680095966,66.14435680095966,39.398696363531414,18.43200459433481,23.314071175413034,-12.328625264368652,11.186862594180878,1327165.0,-70.03386918732788,81.85111999511719,64.54000091552734
REGN,Regeneron Pharmaceuticals,ok,Health Care,Biotechnology,2026-10-02,735.6400146484375,,754,False,False,0.11295669528197383,-1.9813186931152638,-6.649404197750997,-13.66031837451629,13.340668248375277,23.24768142250262,718.8090042840867,687.5237096049397,777.3074701041062,777.3074701041062,-9.223126463351871,31.62573338614037,29.834824821779776,-13.660318374516283,32.57530609169496,739675.35,-58.91346115562725,852.030029296875,554.8846435546875
RF,Regions Financial Corporation,ok,Financials,Regional Banks,2026-10-02,27.13990020751953,,754,False,False,0.6672890547332777,0.9293448253751002,-1.7382353987183796,-9.322085095915478,-10.055270425079165,7.734438475570604,27.39366322471982,24.906790710540406,22.362379252436305,22.362379252436305,87.3275078746906,28.49400423403237,16.31508862256547,-15.38533263401517,20.930170892585046,9136472.55,-26.97782471857807,32.07469940185547,22.4426212310791
RSG,Republic Services,ok,Industrials,Environmental & Facilities Services,2026-10-02,209.38499450683594,,754,False,False,1.1619474485170755,-1.1962078539130783,-1.2800620078033509,-5.902844469453661,-2.421011874307344,-6.815932699020721,214.2847012111119,219.56400563517414,205.06442388236047,205.06442388236047,52.975219077022075,17.33030719827118,14.10502658896776,-9.33276378293787,6.203551321320373,1548038.95,-65.5836179057381,230.93788146972656,197.1544189453125
RMD,ResMed|,ok,Health Care,Health Care Equipment,2026-10-02,219.25250244140625,,754,False,False,-0.8580110818209197,-1.6054837141548095,-1.2376115128800658,-5.0320496043170575,0.6784353113993946,-18.193770946257004,231.02560533796037,237.1484613608554,220.31180604889158,220.31180604889158,54.935766426191066,31.73739601098288,40.474047778129524,-21.783341716256558,20.272222132939056,1198862.9,-71.5014952919137,280.3143310546875,182.296875
RVTY,Revvity,ok,Health Care,Health Care Equipment,2026-10-02,151.2949981689453,,754,False,False,1.4993966503139111,-0.9655076665999185,0.12242575464662675,15.545284365370037,34.032649819158834,65.33709676935243,104.01039162893144,103.91876412197888,104.64200994759719,104.64200994759719,41.476160593844156,36.512047849088844,78.38915119069148,-1.0432345000134233,84.03825590293883,2226444.1,-67.98563233633398,152.88999938964844,82.20845031738281
HOOD,Robinhood Markets,ok,Financials,Investment Banking & Brokerage,2026-10-02,113.18499755859375,,754,False,False,1.8308556048386881,-2.611429728301129,-5.205195885980041,5.790260602409125,-3.7133180602659244,-18.653875193983694,102.1783332824707,82.53679271713196,60.37058347289695,60.37058347289695,1063.257994692356,68.77636417959769,48.724229222884745,-25.760860176914274,73.70317863320037,22208100.7,12.020448466356237,152.4600067138672,65.16000366210938
ROK,Rockwell Automation,ok,Industrials,Electrical Components & Equipment,2026-10-02,453.48638916015625,,754,False,False,2.494378268422537,5.088033379595669,4.453851326848635,6.6123765227580344,-5.7959021796055055,31.556324323252372,410.6429924132332,351.5465586080969,322.61225097818146,322.61225097818146,67.76556917163118,32.32743867859072,79.80940304238634,-8.119230107632728,37.693647650069835,670525.25,-46.72758408426827,493.55963134765625,329.3444519042969
ROL,"Rollins, Inc.",ok,Industrials,Environmental & Facilities Services,2026-10-02,30.135000228881836,,754,False,False,-1.42296195709819,-1.196720561043163,0.34964881730097375,-15.611870620335377,-29.132142733471976,-47.40622601361084,51.018032467554484,51.525838631557754,48.758919596988264,48.758919596988264,-14.300241161480553,23.89143050100687,18.502739824941898,-53.54069667052156,0.3496488173009665,7772590.8,-65.05520398680964,64.86322021484375,30.030000686645508
ROP,Roper Technologies,ok,Information Technology,Electronic Equipment & Instruments,2026-10-02,355.739990234375,,754,False,False,-1.889187835489048,1.7999650329436179,-0.786481298365671,-14.4423908887794,-2.0913774994467005,-27.93366643544879,387.53263079930866,466.2732605345221,487.07732421713104,487.07732421713104,-24.982468175805405,22.954049103662747,22.334499011707464,-31.101212623216057,13.31452095259768,875324.05,-61.03374515986394,516.3225708007812,313.9403381347656
ROST,Ross Stores,ok,Consumer Discretionary,Apparel Retail,2026-10-02,228.25999450683594,,754,False,False,-2.494665290225284,-2.6194537327334455,-3.3288161836741548,-0.9308400202863609,8.204560892686263,50.23475361867054,205.90404304625497,173.15252535086705,160.42016438653678,160.42016438653678,105.36329958007542,24.53683475714182,47.34328540403451,-10.394089977128377,55.8185913644448,1893981.25,-31.317957873131007,254.73765563964844,146.49085998535156
RCL,Royal Caribbean Group,ok,Consumer Discretionary,"Hotels, Resorts & Cruise Lines",2026-10-02,276.0899963378906,,754,False,False,2.2593452809936743,5.915518516068641,13.757725508653017,4.567263014912104,-3.492026951648175,-10.88683824842519,282.1858514452737,267.05269206377614,220.93739423068828,220.93739423068828,211.43916888664208,42.146858718618105,62.70353656843707,-19.358123279536528,19.882758436543284,3266665.45,-27.485411767525814,342.36553955078125,230.3000030517578
SPGI,S&P Global,ok,Financials,Financial Exchanges & Data,2026-10-02,383.3999938964844,,754,False,False,-1.2263009379422152,-2.3060308393550666,-4.934290726212442,-11.19038208862504,-14.077894632454901,-15.116621607688662,430.1244434175037,454.71727348418824,438.6664936662669,438.6664936662669,13.212692688875238,24.382470747360475,14.733029423547407,-25.312432487961235,4.4261055227031845,1879308.45,-20.00413769224525,513.3384399414062,367.1495666503906
CRM,Salesforce,ok,Information Technology,Application Software,2026-10-02,234.1999969482422,,754,False,False,-1.0520112668385595,3.9456746198474946,0.07691337171829016,-8.686396814200737,41.631163979092676,0.21063222311958896,208.74901314387245,245.98543095683672,248.9599061758512,248.9599061758512,17.16209602974843,38.847083405832166,28.424930854376,-11.427781168401886,56.28299439587837,11936480.05,-58.49696912952156,264.4169921875,149.85635375976562
SNDK,Sandisk,ok,Information Technology,"Technology Hardware, Storage & Peripherals",2026-10-02,1721.6949462890625,,411,False,False,-3.6916354222630954,-0.46625332017331544,-3.1558724827376095,10.833971882965576,-1.3032971642233826,1321.4786222316595,949.5578157636854,601.2346705090971,601.2346705090971,601.2346705090971,4682.4859619140625,104.94169602076337,60.440105261434624,-26.26574105828426,1372.6669167379944,9356360.95,-25.238893225896753,2335.0,116.91000366210938
SBAC,SBA Communications,ok,Real Estate,Telecom Tower REITs,2026-10-02,158.98500061035156,,754,False,False,0.6106798581189565,-2.3493624504635324,-4.31236445942742,-14.716767421985733,-11.346364778765416,-14.988171317024612,189.12628331260075,200.62603601706456,202.1706449675623,202.1706449675623,-14.659131769510447,29.614945970974354,7.648985921766126,-28.02261580861464,0.6106798581189512,953080.95,-53.706030951515714,220.8818817138672,158.02000427246094
SLB,Schlumberger,ok,Energy,Oil & Gas Equipment & Services,2026-10-02,48.98500061035156,,754,False,False,0.6679012822823571,-1.7746106687148377,-4.957315211079171,-15.731980543141223,7.697210802527277,43.011020573853884,46.968903692941815,41.768216022932194,43.22252818949975,43.22252818949975,-8.674975663015694,33.36200227537729,25.822659419383328,-18.071265252388276,58.204803695064754,13619341.9,-50.560474585045846,59.78976821899414,30.963029861450195
STX,Seagate Technology,ok,Information Technology,"Technology Hardware, Storage & Peripherals",2026-10-02,843.2200927734375,,754,False,False,-10.824149852258092,-7.688425036407609,-8.028742836109926,4.372830054573296,-2.806071515356001,230.24075108141497,567.8127270653134,343.04338737882944,257.02830797797486,257.02830797797486,1252.3180120648658,53.03097605806553,55.30740180987916,-22.80924953544139,300.78925961727026,4209285.6,181.77731632180055,1092.3848876953125,210.389892578125
SRE,Sempra,ok,Utilities,Multi-Utilities,2026-10-02,78.38999938964844,,754,False,False,0.43561348442890946,0.2686097258287612,0.5902721450933957,-5.658913112960928,-14.955990758560056,-9.53043805043129,88.77710684518965,82.63611353536051,77.95957260738949,77.95957260738949,31.949516284950263,23.88187267139803,29.79433469949234,-20.187140560958717,1.9508388761958324,3410726.75,-62.696073498118835,98.21725463867188,76.88999938964844
NOW,ServiceNow,ok,Information Technology,Systems Software,2026-10-02,134.94000244140625,,754,False,False,-2.0470326494458124,3.84792974146253,-0.5013955908151124,-1.3019300493008923,25.02548138595271,-26.054597044233486,127.9700316777305,160.23575282001875,155.91610072209284,155.91610072209284,21.517213887908504,44.70312903279924,39.42333660318053,-28.700501128256136,62.578316194465366,11642243.15,-53.84082834586735,189.25799560546875,83.0
SHW,Sherwin-Williams,ok,Materials,Specialty Chemicals,2026-10-02,319.9049987792969,,754,False,False,-0.2727726177847001,-3.188174429328494,-2.793985765325857,-3.4249060288915056,-8.159018250538164,-5.357370343221324,332.2611796061198,341.5468664891216,329.3583395677157,329.3583395677157,30.034181174490215,24.59271404277172,44.85038766848274,-13.530153239824848,9.434950877367342,1680180.45,-58.86697765112074,369.9613342285156,292.3243408203125
SPG,Simon Property Group,ok,Real Estate,Retail REITs,2026-10-02,201.01499938964844,,754,False,False,0.1020874625502044,-1.5982961666139106,-1.8577325449203763,-3.343226177566405,-9.701094926709574,13.225519551543808,194.42887842087518,176.4726416295268,159.95678337562623,159.95678337562623,122.55552202115942,22.71718264850781,34.16102534895914,-14.16454071576598,21.331251605435323,1231947.55,-64.60474311588996,234.18643188476562,165.67454528808594
SWKS,Skyworks Solutions,ok,Information Technology,Semiconductors,2026-10-02,85.25,,754,False,False,2.513222998862008,-3.1690150914517767,-4.578012654513608,18.947958947958952,37.69988727202933,15.291768793009798,66.07846915532672,69.5699047377385,77.62317184933933,77.62317184933933,-4.369904409170145,45.74699620852271,57.39323321142499,-6.779657906113644,63.79191914631511,7218422.6,-51.89043102020654,91.44999694824219,52.04774475097656
SJM,J.M. Smucker Company (The),ok,Consumer Staples,Packaged Foods & Meats,2026-10-02,117.16500091552734,,754,False,False,1.0478689083773807,-2.9287457515269844,-3.1694207309691413,-10.860469614067803,5.913508737990636,12.411582402423061,105.69294127206953,104.81997087942176,105.62863383811728,105.62863383811728,8.37591221559093,27.001225313361303,37.59376500755155,-11.466673600034314,33.55941038895168,1280343.4,-53.37438377860189,132.33999633789062,87.72500610351562
SW,Smurfit Westrock,ok,Materials,Paper & Plastic Packaging Products & Materials,2026-10-02,42.70500183105469,,754,False,False,-0.7783435811958839,-3.7742208128605625,-7.983189029387638,-5.853171833271498,-5.577524015195845,3.075908276302508,41.44735709447709,43.30183443700175,41.6527225534859,41.6527225534859,43.04366873074213,41.25884591696288,44.62725792849158,-15.920714984032248,34.102420432217684,4261161.2,-56.19212903750274,50.79134750366211,31.845064163208008
SNA,Snap-on,ok,Industrials,Industrial Machinery & Supplies & Components,2026-10-02,368.7049865722656,,754,False,False,0.2678628707420527,0.4426828101346425,-0.13408061170052665,-3.122785643339243,-10.305935585248527,9.690179473088389,366.5993316892594,342.35038769482617,314.2737866308076,314.2737866308076,58.54282416968326,22.71802748376567,33.76269520585345,-11.523074643870805,15.691946376012364,287364.75,-66.59471977686894,416.7244567871094,318.6954650878906
SOLV,Solventum,ok,Health Care,Health Care Technology,2026-10-02,88.46499633789062,,633,False,False,0.7918419977279489,-0.9572361843426358,-1.1564286727479,-3.7377640162726045,13.503969164482466,21.11855863775616,77.51680548228914,74.84152385058157,71.93648498318207,71.93648498318207,10.581245422363272,31.731014643209576,41.72263271760579,-4.30009303173181,41.56664100134671,844651.05,-59.17592241198304,92.44000244140625,62.4900016784668
SO,Southern Company,ok,Utilities,Electric Utilities,2026-10-02,83.67500305175781,,754,False,False,0.24559941063453383,0.26962985229967984,0.9592251745725644,-5.248550147179676,-12.109664559105449,-8.820746548453585,90.69415834214952,87.95184163553306,81.59762150286363,81.59762150286363,47.96115878770186,17.46811791257241,30.92373767173774,-14.171659810672029,1.9655382336020444,6318681.0,-53.90303767510973,97.4911117553711,82.06204223632812
LUV,Southwest Airlines,ok,Industrials,Passenger Airlines,2026-10-02,42.27000045776367,,754,False,False,1.027725391031531,0.45151762937607476,-0.960636936458481,9.992193916456248,-16.41806164416937,33.28495899477923,41.06728586318001,35.88695374902976,32.799581138145385,32.799581138145385,65.73350560553988,40.8541791413782,67.9738526240624,-21.829048231757596,45.00971839395402,6085395.35,-36.29161661616611,54.073795318603516,29.149770736694336
SWK,Stanley Black & Decker,ok,Industrials,Industrial Machinery & Supplies & Components,2026-10-02,91.25180053710938,,754,False,False,1.854899282450262,2.7726090733168673,-0.16214549922909383,-4.9995325654168195,-0.5553674657563845,29.267420677156863,79.22703019399492,76.35733140132342,78.29767325322888,78.29767325322888,27.517932974956373,38.14683370280709,58.176960837142275,-11.494279325721358,53.19812476792396,1695688.4,-51.248826140463066,103.10271453857422,59.56456756591797
SBUX,Starbucks,ok,Consumer Discretionary,Restaurants,2026-10-02,94.55000305175781,,754,False,False,-0.347801656000013,-0.9221390030428878,-0.3267948098241158,-11.403671317222964,-6.871858025787015,14.88486630170318,94.65526544480096,92.53550764289035,89.64855270992855,89.64855270992855,11.881928320174673,32.976643641201846,30.94432911700207,-12.849105988107878,23.582499568209187,6832813.15,-67.78394269423276,108.48999786376953,76.50759887695312
STT,State Street Corporation,ok,Financials,Asset Management & Custody Banks,2026-10-02,176.33999633789062,,754,False,False,0.9849967179009766,-0.2845397099726088,-2.242119009541288,-6.717460797154984,0.7468344598167143,59.218811448840555,145.40683307344952,120.1828556136781,103.34913436930123,103.34913436930123,191.5121858934036,24.780135311502494,25.738205632961126,-8.74387641062965,62.63266761783958,2101304.05,-70.08138826934636,193.23634338378906,108.42839813232422
STLD,Steel Dynamics,ok,Materials,Steel,2026-10-02,232.1699981689453,,754,False,False,2.652871755129116,4.878711338472308,-0.3997887745329165,-6.02251112561063,2.490799365958507,66.42666564287232,203.15666998000373,165.3170886856626,149.78215082507552,149.78215082507552,127.35616434262353,34.81884681692754,48.431066359851556,-17.50825758145843,66.15563588426114,995809.1,-69.52407846041977,281.44635009765625,139.73043823242188
STE,Steris,ok,Health Care,Health Care Equipment,2026-10-02,207.77000427246094,,754,False,False,-0.749972338250926,-1.367191885815433,-0.555204347860383,-9.527261124963927,-2.2862147316982218,-13.15554531119293,231.44064234173487,228.16645080444823,224.40707367105256,224.40707367105256,-0.8257952868196528,23.271717617814293,35.442410693072006,-21.996772497138554,4.5155224538416,650749.25,-51.919268443259824,266.36077880859375,198.79344177246094
SYK,Stryker Corporation,ok,Health Care,Health Care Equipment,2026-10-02,275.302490234375,,754,False,False,0.8581839290108473,-0.9311216827684987,1.400469104826274,-11.53646822388399,-14.9526409653552,-23.561014347405074,335.2855532207186,353.42728688517417,341.30529400650954,341.30529400650954,3.554036950229711,24.08397876578283,42.25189987706188,-28.33818870963552,2.3815763116873683,3128876.3,-66.59100904692205,384.1690368652344,268.8984680175781
SMCI,Supermicro,ok,Information Technology,"Technology Hardware, Storage & Peripherals",2026-10-02,43.73500061035156,,754,False,False,4.32968158560374,6.6187228724763125,1.0980173537869176,18.202704352301513,60.849576135793114,-16.520326169362363,34.322559386964826,37.269830677138856,45.41923473115309,45.41923473115309,51.40552896042103,100.19972495565474,71.33271953820642,-25.46864283759388,113.02970846367579,38118228.15,-4.078009984837127,58.68000030517578,20.530000686645508
SYF,Synchrony Financial,ok,Financials,Consumer Finance,2026-10-02,72.33000183105469,,754,False,False,1.1466923092269932,0.8505306748035624,-0.8363046201452784,-7.730574825586722,-5.720539750829312,5.290608644892503,74.1232558507768,67.82397992867398,58.22922459964094,58.22922459964094,153.15654672505195,35.35470148373941,36.16526576497558,-17.221657585917853,14.357265265115057,2859422.1,-55.60144827865743,87.3779296875,63.24915313720703
SNPS,Synopsys,ok,Information Technology,Application Software,2026-10-02,487.7900085449219,,754,False,False,-0.5606066685890254,17.514277108198996,14.569240265999506,17.265669907314507,10.292360020350122,-0.2025431148671042,443.4462711394779,476.9098812878369,498.21989521866453,498.21989521866453,5.167953266825687,45.82570788353569,83.10096273022336,-8.749249705791044,32.65977491191235,2278314.15,-34.777080676077965,534.5599975585938,367.70001220703125
SYY,Sysco,ok,Consumer Staples,Food Distributors,2026-10-02,77.5199966430664,,754,False,False,-0.32146073137614417,-1.2358278087695962,-1.1980658327490068,-5.1859165635774644,-7.966290450485703,-3.743713339755661,78.29676143706791,75.58392271672587,73.6155601015774,73.6155601015774,29.252291462126735,22.555384496029134,20.374005400648187,-13.753749140037359,13.451772087095026,4830640.95,-69.81934664384444,89.88216400146484,68.3285903930664
TMUS,T-Mobile US,ok,Communication Services,Wireless Telecommunication Services,2026-10-02,163.97999572753906,,754,False,False,1.391207604921041,0.6135722335345539,-0.8765018511993627,-12.450617695812094,-9.276409968643584,-28.215693991558965,193.67412458147322,213.40507677541785,195.8173719856404,195.8173719856404,23.843259914980862,25.175592608297954,23.56063878830318,-27.283591134392548,1.391207604921042,5084280.0,-60.19495385777337,225.5061798095703,161.72999572753906
TROW,T. Rowe Price,ok,Financials,Asset Management & Custody Banks,2026-10-02,105.69999694824219,,754,False,False,-0.12284312629988747,1.1386420320425694,0.18007279704761459,-2.1622547684770344,-10.16208526681439,10.08103257416677,100.81295976184663,98.6713363981817,97.79368209838867,97.79368209838867,16.96511775356353,25.957742091745107,55.21733448061507,-12.052169785156016,25.651483922248374,1530455.4,-51.242747746847115,120.18488311767578,84.12156677246094
TTWO,Take-Two Interactive,ok,Communication Services,Interactive Home Entertainment,2026-10-02,202.77999877929688,,754,False,False,-0.41253136137597846,0.0,0.6652086584840067,-6.181179165392104,-21.527806235997325,-20.602974304891642,229.60384925963388,219.46486046779677,196.89415117663478,196.89415117663478,45.88489120812724,29.252626089070304,26.467154909638893,-22.68863007621308,6.90073075513509,2414480.2,-68.35741291231132,262.2900085449219,189.69000244140625
TPR,"Tapestry, Inc.",ok,Consumer Discretionary,"Apparel, Accessories & Luxury Goods",2026-10-02,117.0199966430664,,754,False,False,-1.8617924022771737,2.5411793083498058,2.7572879042673026,-4.6097166329803985,-19.263461533400182,4.12624669565782,132.09715843200684,104.34198004885974,81.94954422361339,81.94954422361339,337.2576459996659,39.33598810772476,47.86773621965927,-28.714896674548996,19.954363043653547,3131448.7,-48.5166721715735,164.15771484375,97.55376434326172
TRGP,Targa Resources,ok,Energy,Oil & Gas Storage & Transportation,2026-10-02,279.739990234375,,754,False,False,0.1539481864379244,2.2852755944171355,0.6838446305526658,-4.6752544197505514,6.651941482284807,70.02157051808473,229.37003096323164,201.01685892538245,168.76700612278137,168.76700612278137,257.76637026874863,29.706928274520145,41.30987509057804,-7.4474804849048795,95.32143693106616,1107324.2,-53.357472003230846,302.25,143.22032165527344
TGT,Target Corporation,ok,Consumer Staples,Consumer Staples Merchandise Retail,2026-10-02,154.99000549316406,,754,False,False,-1.0912517475306194,-0.9205313878660859,-1.5623953653595701,-5.123650272964753,23.85379523082245,80.91328085161938,119.20874317108638,113.88878807888563,120.06163360838549,120.06163360838549,62.14387148309222,35.18794055562206,41.677904816408564,-8.770377273538472,90.31864438537117,3328233.6,-65.31277131509039,169.88999938964844,81.4371109008789
TEL,TE Connectivity,ok,Information Technology,Electronic Manufacturing Services,2026-10-02,221.08999633789062,,754,False,False,1.5292073452684463,3.9983066684333046,1.1436936922472718,9.336822608754058,10.893477741599945,0.8137612675185535,216.3987911769322,188.28316037303424,170.9401494843258,170.9401494843258,87.58975644352287,29.123598070194447,71.9090011757266,-10.243367159897947,13.7720760254352,1810544.9,-64.8836104534055,246.32162475585938,194.32711791992188
TDY,Teledyne Technologies,ok,Information Technology,Electronic Equipment & Instruments,2026-10-02,619.47998046875,,754,False,False,1.1065722419845159,2.2936232430056602,0.8678589665078285,2.163730363833394,-5.420012986441769,7.7225333574896915,603.9832928369916,551.3811748854192,504.19307670289703,504.19307670289703,53.99223982015962,23.61337068978061,69.43529416755577,-10.389123187099996,27.86756226554104,273767.7,-68.23803538547462,691.2999877929688,484.4700012207031
TER,Teradyne,ok,Information Technology,Semiconductor Materials & Equipment,2026-10-02,450.5,,754,False,False,8.34796188983653,11.78105609662885,13.082984707658497,31.92232356554201,18.74816994730091,219.85020195413907,300.22243166726736,202.75428928512025,173.24393567355938,173.24393567355938,352.3678742770192,59.56127682114965,91.11865694462433,-6.854939946231732,241.74186215023047,2495271.85,-4.217370143457522,483.6542053222656,131.82464599609375
TSLA,"Tesla, Inc.",ok,Consumer Discretionary,Automobile Manufacturers,2026-10-02,372.3349914550781,,754,False,False,5.146707762398095,5.525165888086692,0.06046763386449161,4.29259159974642,-11.300235557585037,-18.96247804386213,402.0975987267873,364.5298702346376,312.6629109471167,312.6629109471167,47.986876956548485,58.10023312437702,58.571137797679626,-23.994654253311097,24.810600131964584,37401942.85,9.716110643166754,489.8800048828125,298.32000732421875
TXN,Texas Instruments,ok,Information Technology,Semiconductors,2026-10-02,294.04998779296875,,754,False,False,4.528808199118983,4.3877969556741725,5.746747239128869,15.404232445491006,-2.617614681717828,67.22935198003472,230.54667590913317,206.74280292769353,192.99836949517936,192.99836949517936,100.31854112240737,36.87172561608353,81.6752938622043,-11.052262471905632,95.0018016876668,5743307.95,-53.47003811627409,330.5873718261719,150.79347229003906
TPL,Texas Pacific Land Corporation,ok,Energy,Oil & Gas Exploration & Production,2026-10-02,337.93499755859375,,754,False,False,0.4383897464708131,2.809548222878022,-0.9191689970689421,-7.999839153789412,-15.968833630272261,6.478078799971154,377.39825475783573,383.6783768855243,324.75501850239476,324.75501850239476,79.66617015634112,47.26019697562581,38.024103331622825,-37.19870879532519,24.060303854058272,392027.3,-65.98553213003278,538.1019897460938,272.395751953125
TXT,Textron,ok,Industrials,Aerospace & Defense,2026-10-02,77.41999816894531,,754,False,False,0.32396009580393237,-0.2705128067789664,1.083694830579418,-2.272138490196296,-17.477028371049443,-9.058969122277293,88.1028568328373,83.10580287796567,83.78585011004137,83.78585011004137,0.4563880266400311,25.927394908474348,33.36842849180765,-23.118976098954715,1.8416227146816073,1900354.5,-53.65127927447221,100.7010498046875,76.0199966430664
TMO,Thermo Fisher Scientific,ok,Health Care,Life Sciences Tools & Services,2026-10-02,653.8699951171875,,754,False,False,0.2084236764507308,-3.7874649856799447,-3.130371093749995,7.531334681631452,26.424111411761086,23.63494140990379,545.9549141535683,518.3149890671689,528.2890080621452,528.2890080621452,33.167130373008845,27.849644833020555,67.56383632963218,-3.78746498567994,49.43357759309412,2281300.7,-53.96862851091924,679.6099853515625,437.5656433105469
TJX,TJX Companies,ok,Consumer Discretionary,Apparel Retail,2026-10-02,132.6300048828125,,754,False,False,-0.7186102862447918,-0.8744380734376556,1.976016740320885,1.0052603371877522,-12.068946854461116,-6.9788447407865934,150.3517051272922,136.73752736855315,123.6453474029622,123.6453474029622,55.50540634635182,18.73990617272479,65.5722158942279,-20.997283816951583,7.969723898389678,9040634.75,-62.687409752949044,167.88031005859375,122.83999633789062
TKO,TKO Group Holdings,ok,Communication Services,Movies & Entertainment,2026-10-02,176.52999877929688,,754,False,False,0.2783489615155954,-0.5912845145461643,-3.3612522314527826,-6.605801368072628,-7.824834623105925,-9.774865905080365,193.49312833755735,173.64331360167242,146.56044525429803,146.56044525429803,112.83950353816627,31.87839992091044,23.02630885486336,-20.581292816697257,1.6099846114809542,1200376.85,-66.58241118195507,222.27760314941406,173.73292541503906
TSCO,Tractor Supply,ok,Consumer Discretionary,Other Specialty Retail,2026-10-02,31.30500030517578,,754,False,False,-1.3394240251873413,-0.6505868683496674,-2.9903939848123784,-10.197935292405402,4.305993742975978,-42.67045258065879,42.23674836991325,47.893153243805784,47.52498700321511,47.52498700321511,-18.50266655305687,28.8892441231713,30.288832917518604,-43.12811060776501,8.171829699339547,9402827.95,-52.08293692112063,55.044769287109375,28.940067291259766
TT,Trane Technologies,ok,Industrials,Building Products,2026-10-02,463.4949951171875,,754,False,False,0.9925028656360801,1.7351124569983112,1.99256065204092,5.824513406852638,-4.648478072633832,9.721962346415802,439.5820985824343,415.3835027930271,371.26114786082303,371.26114786082303,140.54510746192022,27.710470020760948,81.45504030254824,-7.720421349084335,23.99867410820714,1129947.0,-45.40097898397004,502.2725524902344,373.790283203125
TDG,TransDigm Group,ok,Industrials,Aerospace & Defense,2026-10-02,1087.380126953125,,754,False,False,-0.8986058992567214,-1.1283892078122193,-2.5819589212929706,-5.752535041982664,-19.22115926534006,-16.40681994648351,1261.1134517609128,1275.289634187858,1191.298452604987,1191.298452604987,54.31109808413348,26.336155592928005,41.933997019689215,-25.008267106681036,1.0566925106929648,394957.4,-62.11034405229526,1450.0,1076.010009765625
TRV,Travelers Companies (The),ok,Financials,Property & Casualty Insurance,2026-10-02,360.7900085449219,,754,False,False,-0.23504204985224098,-0.6662765251752578,-0.6197664023362304,-1.135079892702029,6.738076574924601,32.12531420976941,309.2631895277235,280.57357857996726,252.74265048484904,252.74265048484904,133.94916067753707,22.285926152790424,26.160197403639685,-8.860690697649678,40.040594164958954,1339639.7,-70.88067784196004,395.86651611328125,257.6324462890625
TRMB,Trimble Inc.,ok,Information Technology,Application Software,2026-10-02,57.79999923706055,,754,False,False,0.4693211602515124,0.8022306997707451,-0.08642910696516903,-2.2162093719579556,10.158181613028749,-27.213201647741613,66.16678561861553,69.21031863755914,64.31675061496563,64.31675061496563,9.386826400737114,31.55948440390282,43.04731357062726,-30.795017289001603,18.27297012554156,2334790.45,-54.79641438485412,83.5199966430664,48.869998931884766
TFC,Truist Financial,ok,Financials,Diversified Banks,2026-10-02,46.54499816894531,,754,False,False,0.5726002520271889,0.2260972121905791,-2.339491569527019,-8.39402300545432,-8.58366359065833,6.514996219616487,47.913307810586595,44.28330657776608,40.531303780148455,40.531303780148455,95.22932280269265,27.648004945297256,25.46584570411018,-14.026036215415388,18.128206679720495,7819064.85,-46.583164609512096,54.13848114013672,39.402103424072266
TYL,Tyler Technologies,ok,Information Technology,Application Software,2026-10-02,323.8500061035156,,754,False,False,-1.9171320833123007,2.399922881022931,-0.5283045679912002,-13.612355450979264,1.5171926239701872,-35.32571545725053,373.2077379983569,476.7213535992748,472.4111398954923,472.4111398954923,-15.302328038915903,31.787642142960642,23.161371872969013,-37.563861925389766,17.648134205952584,710425.35,-73.74713613471141,518.6900024414062,275.2699890136719
TSN,Tyson Foods,ok,Consumer Staples,Packaged Foods & Meats,2026-10-02,51.849998474121094,,754,False,False,2.7342920943934645,1.7065495090167415,1.8263950090692704,-7.0955076182188765,-10.920769278107246,-1.4627584957972117,57.72282041822161,56.32330213599946,54.603052538965365,54.603052538965365,16.877047655793387,23.713552681892168,38.06920789815804,-23.236161696826073,5.822634026481807,3698966.15,-49.8231958678508,67.5448226928711,48.99707794189453
USB,U.S. Bancorp,ok,Financials,Diversified Banks,2026-10-02,57.595001220703125,,754,False,False,0.40969422568164493,-0.00867578741380326,-2.0142326194525273,-7.384172738129213,-7.472619479013098,24.91763752169671,54.49358646453373,48.92215381485533,44.81583433125949,44.81583433125949,103.61743584874716,26.799084155679587,24.756588492123242,-11.135799888123584,32.090483590682666,7972524.35,-51.2677938700808,64.8123779296875,43.60268783569336
UBER,Uber,ok,Industrials,Passenger Ground Transportation,2026-10-02,68.15499877929688,,754,False,False,0.4051289584650952,-1.737315196728595,-2.104285994669941,-10.850226945805053,-5.889256417403955,-29.45347443461851,78.26970242697095,79.14008971894405,74.75000671366482,74.75000671366482,49.200959553353066,37.826892832217226,24.873650075608623,-31.9130870946846,3.359108668306242,18897283.25,-44.61867951309879,100.0999984741211,65.94000244140625
UDR,"UDR, Inc.",ok,Real Estate,Multi-Family Residential REITs,2026-10-02,33.33000183105469,,754,False,False,-1.0391878591144432,-1.8262118349097967,-1.5070872317776929,-8.534568915638763,-17.685293022027125,-5.316847518713097,35.946673499213325,37.56573028868413,36.53683204296729,36.53683204296729,8.389120373471727,21.58336623934387,22.09133259473829,-18.244172509113394,2.9271458410813045,4246887.8,-67.93755653257428,40.767738342285156,32.38212966918945
ULTA,Ulta Beauty,ok,Consumer Discretionary,Other Specialty Retail,2026-10-02,547.1699829101562,,754,False,False,1.7555283849297831,-0.1314190291902384,0.3613299081103083,-0.8282900288372197,20.924218152702135,-1.5952081626676384,552.1646814497691,488.87677263358677,468.81770535173087,468.81770535173087,35.79103271723601,35.4624526770518,49.24748774673334,-22.587083381870222,21.391011183617582,483133.35,-64.36449688269295,706.8200073242188,450.75
UNP,Union Pacific Corporation,ok,Industrials,Rail Transportation,2026-10-02,277.4700012207031,,754,False,False,1.8537506585610597,1.2110185657973505,1.344093122805634,-4.23152911356619,-1.3561480872310128,20.694340414107295,254.35282316662017,238.92933226201637,233.56419595166923,233.56419595166923,46.283443713297466,21.501866630131012,38.78573433014096,-10.257664799859446,30.941413097515607,2409693.35,-42.88621828167473,309.1851806640625,211.9039306640625
UAL,United Airlines Holdings,ok,Industrials,Passenger Airlines,2026-10-02,112.20999908447266,,754,False,False,0.3846844783249592,-0.3905924859709531,-1.5615394443854291,3.562529455202079,-15.313208238133846,20.461618085211207,106.96730141412644,97.19619519207107,79.6725728872284,79.6725728872284,169.60596339302026,49.82548574368877,56.27171257163418,-17.559328057236996,31.686422121931535,3846992.05,-33.34685991877732,136.11000061035156,85.20999908447266
UPS,United Parcel Service,ok,Industrials,Air Freight & Logistics,2026-10-02,92.97000122070312,,754,False,False,-0.9798681168665002,-1.0220367096280714,-1.053637583456657,-9.746627227761307,-14.149864296952252,17.417372885234684,99.27747977726044,99.32628244042871,107.66661879238463,107.66661879238463,-28.827009487345954,29.5288588732314,26.071607063367097,-19.765277616462434,19.556863801628698,4715689.25,-43.39353467788405,115.87252807617188,77.76216125488281
URI,United Rentals,ok,Industrials,Trading Companies & Distributors,2026-10-02,1074.219970703125,,754,False,False,3.878696262460557,5.882468307638522,2.593921130546417,9.634418839507287,-2.146666190744173,12.469606082042661,929.9400208488344,844.4559151090949,766.8472817823172,766.8472817823172,152.4261025217411,39.26328144618192,67.29461544055164,-7.778024052092782,51.77224944154774,480472.5,-41.02680174203518,1164.8199462890625,707.7841796875
UNH,UnitedHealth Group,ok,Health Care,Managed Health Care,2026-10-02,369.125,,754,False,False,1.0747501812085503,-1.5509154540838788,-1.9822609231480381,-7.071529063810511,-11.146691811493426,8.800993066971309,348.3346155560206,384.8738436147986,422.0677935451032,422.0677935451032,-23.612315332565426,36.72883695568951,31.99349343248103,-14.885320072820605,44.20475271104728,5006479.25,-64.94173025884407,433.6795959472656,255.97283935546875
UHS,Universal Health Services,ok,Health Care,Health Care Facilities,2026-10-02,173.9250030517578,,754,False,False,-0.6540265177121141,-1.0271397710495567,-2.759139853378789,3.8420188354799434,10.173652059680617,-14.16516126447609,188.48958575536335,186.94049376225567,181.8317892342727,181.8317892342727,39.598913420215624,30.963539920117583,50.99543249119373,-28.461596733710998,23.347355125402913,775315.5,-69.84324445983603,243.1211700439453,141.00424194335938
VLO,Valero Energy,ok,Energy,Oil & Gas Refining & Marketing,2026-10-02,407.0350036621094,,754,False,False,-0.348868389261936,4.981688429948061,5.128108725120617,11.184410318174255,51.15715026248488,147.90659277392476,240.02285270085412,185.4713112880509,168.59751869829012,168.59751869829012,220.09501293108232,34.37745854888213,61.38931661242955,-1.511080898091684,165.78741905451207,3937568.8,-53.45920050971553,413.2799987792969,153.14306640625
VEEV,Veeva Systems,ok,Health Care,Health Care Technology,2026-10-02,273.3900146484375,,754,False,False,-3.029112988756999,-1.8594940372573587,-2.5972560273523126,-2.6111379810456636,42.38322091025542,-6.775555635106101,216.2357545277429,230.57818752455995,220.35387283041877,220.35387283041877,35.89324217196332,36.84470203494591,57.76973339484359,-10.721045797594371,80.53888124645057,1486845.95,-57.76166320391161,306.2200012207031,151.42999267578125
VTR,Ventas,ok,Real Estate,Health Care REITs,2026-10-02,84.3499984741211,,754,False,False,0.7404694760903219,-2.36139411873435,-2.0005552395055415,-7.823463027246625,-7.973407325803961,22.90692692523102,82.42382664150662,72.334093458624,63.37092731991876,63.37092731991876,122.98419102472296,22.448433371974676,21.52736781264585,-15.589658744998216,28.13662825399879,3710074.95,-63.151714765223275,99.92851257324219,65.82817077636719
VLTO,Veralto,ok,Industrials,Environmental & Facilities Services,2026-10-02,94.80000305175781,,752,False,False,0.2114213328358927,-1.782015276178217,-2.277453717040745,-2.347817428460708,2.646714417357443,-10.096380507069934,94.32074238005139,97.80172772046579,94.84726358981843,94.84726358981843,23.543930406064707,22.823345301281766,42.43786946377919,-11.019416196471834,15.611835859747252,1693808.85,-70.9957236319789,106.54010009765625,81.99852752685547
VRSN,Verisign,ok,Information Technology,Internet Services & Infrastructure,2026-10-02,287.1099853515625,,754,False,False,0.07319325881682825,2.5979092012614835,-0.048743132615314266,-0.982896326218563,11.122909495850553,5.735307819125124,261.52333728850834,249.75040636404577,228.88297259586244,228.88297259586244,44.470276777926564,24.612983148965714,37.99871605498651,-7.111998916308957,36.51651598925254,708453.7,-60.09986255982571,309.0926513671875,210.31153869628906
VRSK,Verisk Analytics,ok,Industrials,Research & Consulting Services,2026-10-02,163.69000244140625,,754,False,False,-2.7853678022342065,-1.3559117553915145,-3.262220940511651,-12.77169635318347,-12.599828060769248,-33.74646624985286,196.29963018023778,238.94104839796088,240.478591028512,240.478591028512,-29.198829703050023,26.654228704312132,14.512150596268299,-33.61078670587874,4.932732092377217,1266842.55,-67.68730257757763,246.56114196777344,155.99517822265625
VZ,Verizon,ok,Communication Services,Integrated Telecommunication Services,2026-10-02,45.98500061035156,,754,False,False,0.010876616278876483,0.010876616278876483,-2.3258308796004434,-8.432896271228463,11.169269612609224,12.08346400773661,44.10538126930358,41.50655819410347,38.92468364422138,38.92468364422138,77.0661135932744,23.07409211746122,15.075711306570028,-10.621963210007273,25.770784374852628,20887214.4,-57.189657611787624,51.45000076293945,36.56254577636719
VRTX,Vertex Pharmaceuticals,ok,Health Care,Biotechnology,2026-10-02,504.1000061035156,,754,False,False,-0.5209741054062689,-4.2963140896395196,-4.198102631254463,-9.456667067172763,-4.813161022556345,24.712406115656037,463.8258332752046,457.6951590002295,447.4554511356101,447.4554511356101,44.92712691945642,29.852287983048193,37.207371035008315,-9.653024185983728,25.117898669671412,986103.3,-53.36533200933411,557.9600219726562,402.8999938964844
VRT,Vertiv,ok,Industrials,Electrical Components & Equipment,2026-10-02,252.25999450683594,,754,False,False,2.49471782523194,1.5784804005601227,-0.40271805013302187,-1.7055564883648011,-20.77060848933492,56.27735508874958,246.26343839130703,180.52308444292896,143.53197495943672,143.53197495943672,559.30021008772,63.18270734824342,60.73025926064581,-32.920198050446494,68.48054135169771,5264053.35,-57.38897669036731,376.0595397949219,149.7264862060547
VTRS,Viatris,ok,Health Care,Pharmaceuticals,2026-10-02,17.600000381469727,,754,False,False,0.8018402310317141,-2.869759567768715,-1.2899581784659997,2.9842025999315736,5.547619837414364,80.61410568118662,14.11797879612635,11.884554087878223,11.240908995231203,11.240908995231203,98.64295888265302,32.256404090905065,65.3594885312852,-3.6672143377491535,87.10434597560062,8870147.0,-50.6046517605627,18.270000457763672,9.406516075134277
VICI,Vici Properties,ok,Real Estate,Hotel & Resort REITs,2026-10-02,22.7549991607666,,754,False,False,0.10998512553341833,-1.918110291115649,-3.2114039164819808,-9.449948672603314,-13.146559161187021,-26.009259685932772,26.821276906936887,27.809439716111143,27.09038071417366,27.09038071417366,-5.0993598475884365,18.976091628758038,20.77003016932163,-25.647774245734716,0.10998512553341568,10833750.8,-62.5686793534147,30.604328155517578,22.729999542236328
V,Visa Inc.,ok,Financials,Transaction & Payment Processing Services,2026-10-02,361.1449890136719,,754,False,False,0.35986741369784525,-1.2941444752241127,-1.6971571087897042,-4.559990793111057,1.2780687432865978,4.658395639899382,336.4107911851671,333.1218022806236,309.28962165164694,309.28962165164694,59.75948055619362,20.219470322765858,30.038132934305168,-5.986105263157895,22.687469558804043,6038038.25,-64.06009849308259,384.1400146484375,294.36175537109375
VST,Vistra Corp.,ok,Utilities,Electric Utilities,2026-10-02,137.0500030517578,,754,False,False,-1.9320192831786653,-2.684086295639987,-1.0183472437808039,-4.311695733294785,-12.686400451688995,-31.59339692667552,160.68707935393803,159.2307845187852,126.92214923322359,126.92214923322359,332.2094796951025,56.20240204690883,41.983303690718316,-34.6236018627418,2.0463790937892505,4905768.0,35.30929306073993,209.63223266601562,134.3016815185547
VMRK,Vivmark Residential,ok,Real Estate,Multi-Family Residential REITs,2026-10-02,59.72999954223633,,754,False,False,-0.7312591658612977,-2.6405851217227383,-2.893836494665847,-7.980286285050431,-14.586015613365454,-3.650116487907884,62.45518337734162,63.98819715948219,62.06885427884777,62.06885427884777,15.59733262951568,21.605213130507504,16.411776348765713,-14.853887037762295,5.348987936296735,6165447.55,-69.9964846834193,70.1500015258789,56.697269439697266
VMC,Vulcan Materials Company,ok,Materials,Construction Materials,2026-10-02,243.75999450683594,,754,False,False,-0.09017182742671048,0.41606364854209765,-0.5061246910873729,-7.6421773684973715,-19.88816275580161,-18.584788847127886,284.95526328919425,274.28536531364773,261.77394081743074,261.77394081743074,24.049413972396437,25.61936110184598,40.00589299049024,-25.79168732259745,1.216622785161409,1255966.8,-63.25253183444022,328.480712890625,240.8300018310547
WRB,W. R. Berkley Corporation,ok,Financials,Property & Casualty Insurance,2026-10-02,69.0250015258789,,754,False,False,0.18142234721583161,1.1800062896092145,3.2999129618755285,1.4735188991133574,-2.532765157942307,-5.913049247730362,69.22830869281103,66.49698331156574,60.74347021472233,60.74347021472233,76.67253411111146,22.234891402136117,39.89970232413437,-9.570522087903829,9.768747523005528,3793191.35,-79.12768096974597,76.3302001953125,62.882198333740234
GWW,W. W. Grainger,ok,Industrials,Industrial Machinery & Supplies & Components,2026-10-02,1277.489990234375,,754,False,False,-0.3269196133957708,2.308051388660104,2.768954719568817,-0.572828383968027,-6.581367651466985,36.445589879044874,1151.450656224811,1094.890692235939,1024.7414120944804,1024.7414120944804,88.58346493981661,23.03775740730953,49.99365909108484,-8.704895488493284,39.95057223857103,272220.25,-50.33249730686824,1399.29736328125,912.8151245117188
WAB,Wabtec,ok,Industrials,Construction Machinery & Heavy Transportation Equipment,2026-10-02,287.802490234375,,754,False,False,-0.013030191770713184,-1.1769119330610534,-0.06857977973090401,2.8563999662333694,10.252020832434617,45.622108430404836,248.9440232534257,220.81728742987036,194.3537865595729,194.3537865595729,177.59066841832873,25.218359955708237,64.48917806450275,-5.785163432417947,51.362237539559054,753579.75,-39.21081345405049,305.4747009277344,190.14154052734375
WMT,Walmart,ok,Consumer Staples,Consumer Staples Merchandise Retail,2026-10-02,104.0,,754,False,False,-0.24937860243925414,-2.621725628978555,-3.685870747547104,-1.9700220662032142,-5.784927358293846,2.8595842255220827,115.30744231693329,104.03535909766696,89.4223459380375,89.4223459380375,101.11385438364482,23.165032435391055,33.759600149856,-22.31819598204954,4.239770878006058,21734053.1,-48.05772329690314,133.87948608398438,99.76998138427734
DIS,Walt Disney Company (The),ok,Communication Services,Movies & Entertainment,2026-10-02,102.33000183105469,,754,False,False,0.9868745504093335,-2.9219255517034193,-3.5986807724095238,-5.232451704231322,5.050814068349219,-8.090517621514415,104.27821165417868,105.49279286661945,102.10337556388713,102.10337556388713,29.23028451651848,27.602787191485923,32.513990768011126,-11.016480589361489,11.571203036145313,8504626.0,-58.33655706905865,114.99882507324219,91.71721649169922
WBD,Warner Bros. Discovery,ok,Communication Services,Broadcasting,2026-10-02,30.950000762939453,,754,False,False,0.0,0.3241503411124613,0.2916401516780853,9.017264629545728,18.491576449152248,59.948321203023404,26.575833381168426,18.68669325516993,15.466379317427819,15.466379317427819,194.48144708777272,50.06507845840748,84.67154842880366,0.0,80.99415247076932,48681729.8,-64.16212802692972,30.950000762939453,17.100000381469727
WM,Waste Management,ok,Industrials,Environmental & Facilities Services,2026-10-02,204.36500549316406,,754,False,False,1.220907217037115,-1.315848613122017,-1.1917982478693356,-6.287342107476423,-10.35540270530837,-5.4997253174865595,220.01664249480717,218.9825740069507,208.57704547102952,208.57704547102952,41.493825337130666,18.908485478184232,18.513482954915403,-16.036882606989106,5.594239476342407,2161318.4,-42.17566463136574,243.39854431152344,193.53802490234375
WAT,Waters Corporation,ok,Health Care,Life Sciences Tools & Services,2026-10-02,426.625,,754,False,False,0.25732644557241446,-3.752878536103632,-1.595010473919245,3.4995117335716364,12.59863905251095,33.39951948245028,364.0581558469742,356.5207277579137,341.80958261666945,341.80958261666945,57.705536494916345,35.755581470921406,60.57000854236235,-3.752878536103631,50.58061166565954,693274.9,-51.202906668047554,443.260009765625,283.32000732421875
WEC,WEC Energy Group,ok,Utilities,Electric Utilities,2026-10-02,101.51000213623047,,754,False,False,-0.21625991688137836,-1.0430880051907843,0.059147550313776165,-3.991299618573585,-12.205381745468092,-7.087890996390877,109.5401983715239,104.04795715818368,94.79441110019026,94.79441110019026,46.71314765198211,17.193639201200085,35.04907048135509,-13.845296416151795,0.7243534091841619,2832341.75,-58.34065574890459,117.82293701171875,100.77999877929688
WFC,Wells Fargo,ok,Financials,Diversified Banks,2026-10-02,80.28500366210938,,754,False,False,0.04361827054126799,-0.2422958333629599,-3.236106447017595,-10.064963950746264,-7.666168135571205,1.4414983601130693,84.01134557572622,77.99036611883764,68.61161174318835,68.61161174318835,117.9924100200827,28.069879745979982,19.683348478650586,-15.336969708379586,9.97812376023842,13440961.5,-67.0438011447321,94.8288803100586,73.00088500976562
WELL,Welltower,ok,Real Estate,Health Care REITs,2026-10-02,228.2449951171875,,754,False,False,0.5750386277175501,-1.9987114217640767,-1.3506505017719328,-4.335890598720892,-1.5399724332586073,29.114337713746362,207.04677848210412,175.54487032339392,148.29432108547707,148.29432108547707,196.10814110794513,21.202862600118568,40.21970225011171,-9.109920005016548,39.5717188908359,2578356.05,-51.27046165714777,251.12200927734375,163.53240966796875
WST,West Pharmaceutical Services,ok,Health Care,Health Care Supplies,2026-10-02,365.0299987792969,,754,False,False,0.005476291919959131,-3.0799474160655205,-1.4604264189759242,6.5376626615481825,2.1329893067479455,34.90852709471171,296.02665110996793,278.3757657358846,299.91174417591856,299.91174417591856,-0.6520370301617007,43.35090499860984,58.25356307713753,-3.0799474160655196,58.27829703694549,627462.05,-60.45322581660517,376.6300048828125,230.62542724609375
WDC,Western Digital,ok,Information Technology,"Technology Hardware, Storage & Peripherals",2026-10-02,416.3450012207031,,754,False,False,-9.99113554605129,-8.18889672443458,-8.858167849686849,-7.222399979326532,-27.877492752484677,219.4132474808921,347.56617870028055,202.90147082264204,150.47004764465817,150.47004764465817,1117.3388878664682,58.39799388396044,46.80324609877188,-44.188965782894684,268.7101341151775,7537441.7,172.2002347295104,745.990478515625,112.91932678222656
WY,Weyerhaeuser,ok,Real Estate,Timber REITs,2026-10-02,18.530000686645508,,754,False,True,-0.3227512934368071,-5.217384093199595,-7.396299476799307,-19.359868028197237,-20.08355517591468,-23.02451886446817,23.453188805353072,25.056976436143852,26.437418629067015,26.437418629067015,-32.060044162460514,25.958135898505713,12.090198774529256,-29.79999728306267,0.0,7198497.95,-39.125369897479786,26.396011352539062,18.530000686645508
WSM,"Williams-Sonoma, Inc.",ok,Consumer Discretionary,Homefurnishing Retail,2026-10-02,231.61000061035156,,754,False,False,-0.76267140149614,0.7175134146423234,-0.12505101067931124,4.460580613024523,3.8213466001755902,20.261936748283315,203.2848032996768,187.4549456440595,164.81475548782146,164.81475548782146,214.981889695071,42.795189761780314,52.37784558724892,-8.010961262505111,37.798464523424514,1128510.25,-54.53253526053486,251.77999877929688,168.07879638671875
WMB,Williams Companies,ok,Energy,Oil & Gas Storage & Transportation,2026-10-02,70.33999633789062,,754,False,False,1.618022388668372,2.4916205054743568,1.559333191379153,-5.733374722453643,-2.7042006785670925,13.80473724542195,67.89788380880205,61.23688554953769,52.62023397592398,52.62023397592398,138.966433558549,23.24084825957017,40.965192447660236,-10.10831535747422,28.264444229733716,7316048.3,-48.88133803053214,78.24972534179688,54.83982467651367
WTW,Willis Towers Watson,ok,Financials,Insurance Brokers,2026-10-02,288.45001220703125,,754,False,False,-1.080244797857155,0.2920715198541979,-1.5569161881955784,-14.306450092113089,0.6093338946436155,-15.071810317252087,301.88799800570047,306.1693879693628,287.44722875296594,287.44722875296594,43.864105556122524,24.14444847493146,10.14166100283606,-17.48743358876452,19.967898322518543,544706.8,-62.52369164475273,349.5831298828125,240.4393310546875
WDAY,"Workday, Inc.",ok,Information Technology,Application Software,2026-10-02,186.5,,754,False,False,-0.1338688085676054,-1.4114279192204537,-1.5571375010621558,-7.153878362372668,35.154715976324155,-19.684770419989594,172.09694396124945,209.01057779076564,222.56241379998406,222.56241379998406,-12.711786575208206,41.50832302729518,40.98667238439702,-24.08515431674916,65.77777777777779,2435049.95,-71.75421391253185,245.6699981689453,112.5
WYNN,Wynn Resorts,ok,Consumer Discretionary,Casinos & Gaming,2026-10-02,76.44999694824219,,754,False,False,-1.0996197541499275,-2.2753500349091405,-5.756910305993069,-16.466346424375576,-20.078051970840182,-41.55430962610568,106.74692771548317,100.41430697498093,96.50254460544738,96.50254460544738,-14.890216326187744,34.85806298244709,19.99998381030207,-42.13985975383647,0.0,2340634.1,-49.151300495878445,132.1289520263672,76.44999694824219
XEL,Xcel Energy,ok,Utilities,Multi-Utilities,2026-10-02,71.22000122070312,,754,False,False,0.9496784407702741,0.7497506874981186,2.0343812419211016,-4.921101389504113,-10.670550677256884,-8.563481686931373,77.05567199464828,71.52865437207468,65.3425889660256,65.3425889660256,43.189817528985564,20.562186372194525,37.78493040483286,-13.156698563035377,2.6372702797972445,5876775.75,-61.410557481285544,82.00978088378906,69.38999938964844
XYL,Xylem Inc.,ok,Industrials,Industrial Machinery & Supplies & Components,2026-10-02,101.87000274658203,,754,False,False,0.9813694687928143,0.9313409675656636,-0.7405188806147267,-4.562483806120166,-14.371393156896605,-30.14742156648048,124.93825216141958,125.0568749325209,123.02127796648668,123.02127796648668,15.152297335896204,23.979760576064805,26.186467526589723,-32.46289919549126,0.9813694687928034,2819877.65,-59.22330176275557,150.8356170654297,100.87999725341797
YUM,Yum! Brands,ok,Consumer Discretionary,Restaurants,2026-10-02,136.5449981689453,,754,False,False,-0.10608257361257589,-0.8603772564822698,-1.5040082524917286,-9.279159358874278,-17.32428988804343,-9.134642917922564,150.95741138761005,145.02053715983234,138.65428005795263,138.65428005795263,15.715972953955436,21.4951795282176,28.565201870226005,-18.06471455273522,0.7138511225313685,2281916.7,-60.67630339004049,166.64981079101562,135.57717895507812
ZBRA,Zebra Technologies,ok,Information Technology,Electronic Equipment & Instruments,2026-10-02,377.614990234375,,754,False,False,0.5766354925965222,0.43753198615072986,2.0470709962524314,7.548917999661375,39.70734333363857,29.41326953497798,267.92529732840404,298.84220068578225,294.0888922208184,294.0888922208184,61.62949207820483,42.405095410007085,69.3774932901163,-1.421450258163767,89.47063946421974,545108.85,-63.79126847784622,383.05999755859375,199.3000030517578
ZBH,Zimmer Biomet,ok,Health Care,Health Care Equipment,2026-10-02,87.91000366210938,,754,False,False,-0.17033147926738268,-3.5016409060839915,-3.1836565000826322,-11.41547470377622,-1.803034060529518,-10.151324995311661,91.63822125631665,96.18312817455762,101.75517365028118,101.75517365028118,-18.828594130219965,27.235214013192575,26.95078074057092,-14.549571199408387,11.052791263305567,2147457.45,-62.26472380162876,102.87836456298828,79.16055297851562
ZTS,Zoetis,ok,Health Care,Pharmaceuticals,2026-10-02,69.93000030517578,,754,False,False,1.201160418788616,-0.5263196735704523,-1.5763584777978679,-8.192199046571059,-6.632881111734967,-51.4984223790824,104.06061802213154,131.6780881235799,145.33852410759155,145.33852410759155,-57.82062115135109,30.28000124047368,32.717199772387374,-51.68910368210772,1.2011604187886267,4591080.7,-30.708819821006415,144.7499542236328,69.0999984741211
