ticker,company_name,status,sector,industry,last_date,last_close,pe_ratio,data_points,rising_7day,declining_7day,pct_1d,pct_3d,pct_5d,pct_21d,pct_63d,pct_252d,avg_1y,avg_2y,avg_5y,avg_max,cum_return_from_start_pct,ann_vol_pct,rsi,pct_from_52w_high,pct_from_52w_low,avg_volume_20d,volume_vs_avg,high_52w,low_52w
MMM,3M,ok,Industrials,Industrial Conglomerates,2026-10-02,161.13009643554688,28.682386,754,False,False,-1.1593103836234686,-4.368157645953541,-4.9660315332702325,-4.515498408564811,1.6873842155023189,5.195196164454741,159.86811471363856,149.92393002757038,130.28001756946352,130.28001756946352,131.94732949661966,29.813151068937056,48.37548223562346,-11.940656341701365,15.20710298673994,2971704.0,-54.282795325510214,182.97898864746094,139.8612518310547
AOS,A. O. Smith,ok,Industrials,Building Products,2026-10-02,56.7599983215332,15.806407,754,False,False,0.15881446178906966,-2.1716686078754877,-3.2225117735278364,-4.218697385773595,-8.56091766920537,-20.62174796442191,64.3017075402396,66.0907081132866,69.77571685750542,69.77571685750542,-8.95502323531705,25.41245121361928,44.69176091270489,-28.633821444272595,2.373090725100811,1470150.45,-68.34276383073583,79.5334701538086,55.44425582885742
ABT,Abbott Laboratories,ok,Health Care,Health Care Equipment,2026-10-02,97.33999633789062,31.491909,754,False,False,0.6722451960617937,-3.57602844921574,-3.89969843215906,-11.885584084117685,2.5141236105887366,-25.384061414736504,107.7103625706264,115.20436932081245,110.89134660513395,110.89134660513395,8.235917697746654,22.711110918941994,24.02888834059516,-26.004990939799484,18.7430418989136,8625504.65,-47.10346599836336,131.54940795898438,81.97532653808594
ABBV,AbbVie,ok,Health Care,Biotechnology,2026-10-02,262.0799865722656,74.09039,754,False,False,0.8271434451837756,-0.4595776267179552,-0.8549632280149377,0.13754598421347186,3.6055300199644646,10.569793517806513,227.93354827638657,205.92646826025975,188.8703619150015,188.8703619150015,96.07927616422567,24.653937575479297,50.968136694267805,-1.57729165776074,33.72450205441046,4124248.8,-31.72875506443743,266.2799987792969,195.98501586914062
ACN,Accenture,ok,Information Technology,IT Consulting & Other Services,2026-10-02,199.4550018310547,15.905651,754,False,False,-6.050400864841987,12.610098989156882,13.255920242913755,6.273982105069065,47.38119683406534,-16.472416244022657,204.22541557796418,256.76442470778505,276.4668609356058,276.4668609356058,-31.66138823418946,34.705323436365056,52.7116693647481,-29.449968647388204,62.20932829875494,6727553.85,7.755020050861439,282.7142639160156,122.96148681640625
ADBE,Adobe Inc.,ok,Information Technology,Application Software,2026-10-02,238.55999755859375,13.322347,754,False,False,-1.127321466538611,2.3116178890832506,1.3122675168266484,-14.73605551561661,9.396060689772522,-30.59467103707648,275.83551576402454,345.8561947583202,412.5074662631007,412.5074662631007,-54.22255573016963,36.29744807113766,26.689660071190104,-33.71676387673887,23.34418749888563,5573728.9,-67.24673853441276,359.9100036621094,193.41000366210938
AMD,Advanced Micro Devices,ok,Information Technology,Semiconductors,2026-10-02,633.3800048828125,160.29114,754,False,False,2.8665202237879717,4.248069728172199,0.4360718612669068,38.576993888338485,14.732364620637274,286.18378519390365,344.5541274055602,238.6259962743022,209.4133688220927,209.4133688220927,513.3243202011258,58.59127273764619,84.23755122527865,0.0,284.6359457859398,22439574.75,-34.799143196775596,633.3800048828125,164.6699981689453
AES,AES Corporation,ok,Utilities,Independent Power Producers & Energy Traders,2026-10-02,14.914999961853027,5.586142,754,False,False,-0.03351283120207604,0.3701231927758952,0.30262324573147037,0.7770254705142365,3.595684137746291,1.8704029869023309,14.257773198778667,12.948676574752625,13.772480510590247,13.772480510590247,22.013775505109145,40.23717775509163,75.55546136565931,-11.574087004998708,15.036650322223025,7929671.8,-48.6569418926014,16.86722755432129,12.965433120727539
AFL,Aflac,ok,Financials,Life & Health Insurance,2026-10-02,111.4124984741211,12.017798,754,False,False,0.20911869788373671,-1.977393203918687,-2.029108970992466,-4.970572753182645,-7.052706242802076,2.701337376574098,112.87394678025018,107.9511957662514,99.71146232949012,99.71146232949012,55.27971768830129,19.695792545691887,17.54134333772795,-13.567267986198281,7.608072982487581,2022014.5,-53.91773896774726,128.90081787109375,103.53544616699219
A,Agilent Technologies,ok,Health Care,Life Sciences Tools & Services,2026-10-02,167.82000732421875,33.100594,754,False,False,0.6839541027908513,-4.119288982095881,-2.876315848733191,10.852769668280837,28.499233906009124,21.826855859136018,134.95638502211798,129.69411331723884,130.06871504239757,130.06871504239757,54.50964156424853,30.731781656619866,74.98810968475699,-4.217795277935771,52.87233700975605,2416558.35,-51.12193338927653,175.2100067138672,109.77787780761719
APD,Air Products,ok,Materials,Industrial Gases,2026-10-02,277.75,19.238949,754,False,False,1.6170978834646688,0.13564773968661736,-0.7777142677104498,-9.65626384429844,-9.48366982652411,6.116624947080496,275.0467113918728,279.50694062130384,267.95773760646347,267.95773760646347,7.592525690809948,27.32047012110742,40.77869574045173,-11.019218837898629,23.563595293611645,1184022.15,-63.527455968623556,312.14605712890625,224.7830352783203
ABNB,Airbnb,ok,Consumer Discretionary,"Hotels, Resorts & Cruise Lines",2026-10-02,162.75,37.164383,754,False,False,1.4208255511639623,3.6888334852634097,3.3530188215955326,-11.19174676504253,10.226892467128756,33.05264912201149,139.1067260863289,135.14641450980744,136.94019239714038,136.94019239714038,19.178385258954698,36.67677525342168,39.92347246604724,-14.566929133858267,45.91177932951207,4942566.25,-61.794644634252506,190.5,111.54000091552734
AKAM,Akamai Technologies,ok,Information Technology,Internet Services & Infrastructure,2026-10-02,110.86499786376953,40.199276,754,False,False,3.6799752617257653,2.226833548626006,-2.698792795987559,5.4952913951113125,-1.6544002817590164,46.182757406569095,105.37021827697754,95.49783864724209,98.68389263203669,98.68389263203669,3.7770251460782944,44.618541680883546,56.039691294572386,-31.199579071804656,54.043345815419755,5818033.75,-37.02554578683907,161.13999938964844,71.97000122070312
ALB,Albemarle Corporation,ok,Materials,Specialty Chemicals,2026-10-02,104.18499755859375,385.87033,754,False,False,-0.804533210058167,-3.191790652595361,-5.053317806163604,-24.11180587718078,-21.871459589039134,24.753837995020156,144.60704061720105,111.15419563354249,111.41400415132154,111.41400415132154,-32.751042758182436,58.63347215228073,35.42535110988619,-51.39465441913566,20.282595575248365,2570459.7,-56.75505046821003,214.34884643554688,86.61685180664062
ARE,Alexandria Real Estate Equities,ok,Real Estate,Office REITs,2026-10-02,47.625,,754,False,False,1.2651525327384228,-0.2617801047120394,-3.17821947957182,-8.30213782081579,-3.061730457959,-39.50863675174292,50.542174581497434,66.10757497962253,77.8882992286581,77.8882992286581,-42.965478892133255,37.58397758065994,37.684964175304216,-39.7540672710269,21.201361148098833,1861672.2,-43.99422196882996,79.05097961425781,39.29411315917969
ALGN,Align Technology,ok,Health Care,Health Care Supplies,2026-10-02,144.46499633789062,25.080727,754,False,False,-0.6088818221271386,0.31595156475969777,-1.5771920293357944,-9.227143023420592,-23.315995113364487,13.2881117792482,164.12724186125257,175.88500997839697,204.258813023251,204.258813023251,-51.80644794786193,46.56040822667477,37.159609712738884,-26.85686782655922,14.846168444584269,892789.0,-70.03995344924725,197.50999450683594,125.79000091552734
ALLE,Allegion,ok,Industrials,Building Products,2026-10-02,155.0800018310547,20.351707,754,False,False,0.5185397057866581,-0.22517587416774898,0.3948990778345429,0.36167765264429885,11.053850390970776,-11.240904075627366,152.6724831414601,146.98789053989123,137.61987939121235,137.61987939121235,56.121378786155304,24.974013090941177,50.78025245475191,-12.741866826839448,24.371202281808014,1031920.65,-51.65199959900018,177.72555541992188,124.69124603271484
LNT,Alliant Energy,ok,Utilities,Electric Utilities,2026-10-02,64.3550033569336,20.357595,754,False,False,1.0124066578712787,0.023324556880854885,1.1871146240981734,-4.997039583088602,-15.32465908071099,-1.123098834244718,68.75654279618036,63.9717357833072,58.510312184098545,58.510312184098545,53.94422419822797,17.84547857525137,35.45095676904688,-16.898146095676196,1.952075095440255,2652742.4,6.491606572880948,77.44111633300781,63.122798919677734
ALL,Allstate,ok,Financials,Property & Casualty Insurance,2026-10-02,224.5749969482422,4.497797,754,False,False,0.07352314221305001,-0.37485636925159715,-1.3290901028788271,-13.405182340001875,-9.204148154874792,8.657480455639854,218.3451053074428,205.16527198700317,186.98465336159623,186.98465336159623,115.2498937296897,24.317408841089744,10.77171706614682,-18.029274712025398,20.483989180649765,2409563.8,-65.23536749680585,273.9697570800781,186.39405822753906
GOOGL,Alphabet Inc. (Class A),ok,Communication Services,Interactive Media & Services,2026-10-02,342.93499755859375,17.219378,754,False,False,1.3880698497435118,0.5910430750603268,-0.28640841785370075,1.7902919403618878,-6.359371446746942,40.39479302242266,326.62031234256807,254.57793098236934,220.37802290979684,220.37802290979684,158.02955034986462,30.610462444327112,44.48713618195124,-14.718495296283054,45.338305600422466,26957065.2,-42.19918272112203,402.1211853027344,235.9563751220703
GOOG,Alphabet Inc. (Class C),ok,Communication Services,Interactive Media & Services,2026-10-02,339.6900939941406,17.04867,754,False,False,1.4212227696691393,0.702622619014659,-0.4074975468636888,1.8367264224730562,-6.848275859183206,38.70524705867253,325.5344625806052,254.72062844204237,220.94424210808953,220.94424210808953,153.68610649972698,30.256635913873247,44.774397887506765,-14.766643184219797,43.40681210910779,17581149.8,-34.87913970222812,398.541259765625,236.8716583251953
MO,Altria,ok,Consumer Staples,Tobacco,2026-10-02,67.18099975585938,14.143158,754,False,False,0.3450378165002377,-2.239524792645231,-2.381575045383366,-1.877570887232305,-5.044574511322719,8.198097711976903,63.64936822558206,57.79844181471137,50.87124410674806,50.87124410674806,101.79148983319494,21.461809554396506,28.689554406993082,-8.8975436871427,28.719794300881958,7629254.75,-66.58920060311264,73.74224853515625,52.1916618347168
AMZN,Amazon,ok,Consumer Discretionary,Broadline Retail,2026-10-02,250.38499450683594,20.13103,754,False,False,0.8681460002369024,1.506059255469805,0.286376554305412,-1.8021026345977131,2.5495538791608485,13.48637491071434,238.78732136317663,225.2571813271815,206.27117381614462,206.27117381614462,93.40721575910113,32.08226705384791,45.980380721317594,-11.842474405988675,25.954526366142943,34522077.65,-41.167640007321516,284.0199890136719,198.7899932861328
AMCR,Amcor,ok,Materials,Paper & Plastic Packaging Products & Materials,2026-10-02,41.95500183105469,17.62815,754,False,False,0.34680806745033266,-1.1893482437747904,-1.3055669545801507,-8.830755113231547,-4.6216837867602,8.683126278835495,41.17323665013389,42.54162525465764,42.48320001253082,42.48320001253082,9.158710130516013,26.502835881353654,47.493644334220505,-13.336209977816848,17.925156661664417,3180709.15,-64.92973901747665,48.411224365234375,35.57765197753906
AEE,Ameren,ok,Utilities,Multi-Utilities,2026-10-02,99.93000030517578,17.58979,754,False,False,0.29104869259710675,-0.31920169059772574,0.5433151412048254,-4.958986521369857,-10.931120265810733,-0.6367263497577547,105.25394766671317,98.46027450257563,88.80753712439095,88.80753712439095,53.98319966320795,18.294786896795635,27.55560754833421,-14.94343794876537,4.922118025702425,1864643.05,-33.9251016434486,117.48652648925781,95.24207305908203
AEP,American Electric Power,ok,Utilities,Electric Utilities,2026-10-02,119.4800033569336,20.808363,754,False,False,-0.22546692531641988,0.15088038606141385,0.954799237331283,-3.309861898512201,-11.465172287079174,9.25635067834869,123.59973759121365,110.97460399490903,100.34802587089236,100.34802587089236,85.3192949421818,19.19184942821986,37.82108982000319,-13.19514493136808,8.57265609195141,4109080.45,-26.710877612532514,137.64207458496094,110.04612731933594
AXP,American Express,ok,Financials,Consumer Finance,2026-10-02,302.8299865722656,18.362038,754,False,False,0.24495688150736328,-0.8415217339820424,-1.9618724428722922,-8.22777850479779,-14.942564500024048,-6.845273885587099,335.32976895286924,313.56775513303234,278.04189253991734,278.04189253991734,109.76884408938278,27.372594311986447,22.357622969665,-20.679769183859882,4.225175036708869,3279036.1,-55.80341430214813,381.7815246582031,290.5535888671875
AIG,American International Group,ok,Financials,Multi-line Insurance,2026-10-02,75.16999816894531,13.720803,754,False,False,-0.34469327214443624,-0.13285303385264235,1.3482540443404023,-0.6069296345368458,-6.2935699507362,-3.2876582705904878,76.32181255401127,76.25580650116818,73.33850683014968,73.33850683014968,33.82995861229623,22.52930560707494,47.159551576803416,-11.51393294150813,6.579613202928377,4948341.95,-52.3994294695014,84.95122528076172,70.52943420410156
AMT,American Tower,ok,Real Estate,Telecom Tower REITs,2026-10-02,163.41000366210938,22.508265,754,False,False,1.459087383048474,-1.2986191883238352,-2.279620073358457,-4.477931181932893,1.891782656499208,-12.032689697013609,173.80019790407212,184.21537142445843,183.38998674144796,183.38998674144796,13.472736367760053,26.038594217464706,25.62940410318943,-14.09773341450913,1.8917826564992173,2620233.7,-41.88022236337163,190.22781372070312,160.37603759765625
AWK,American Water Works,ok,Utilities,Water Utilities,2026-10-02,129.6300048828125,22.466206,754,False,False,1.384329942133311,-0.13096931043794502,-0.9777700278740142,-7.068607227802259,-1.9518721854433818,-2.1338685303639138,130.6580547756619,131.67077202056035,128.38832279478524,128.38832279478524,16.457692057516347,22.581040998596652,20.09025552748784,-8.432609827855593,7.729089889552547,1825232.1,-42.58034361766923,141.56787109375,120.32962036132812
AMP,Ameriprise Financial,ok,Financials,Asset Management & Custody Banks,2026-10-02,492.0899963378906,11.877807,754,False,False,-0.5517179875346723,-1.0516389667223902,-0.1845849213203632,-10.82902634626296,-2.7335197373719033,2.470884095163517,485.51465303935703,495.98349789319286,460.2138394221703,460.2138394221703,57.198751636714704,25.321979936652074,18.951555521460236,-13.771289925445087,15.109231236647167,670947.25,-65.19174942590494,570.6799926757812,427.498291015625
AME,Ametek,ok,Industrials,Electrical Components & Equipment,2026-10-02,252.49000549316406,36.851093,754,False,False,1.3649721808423498,0.681875238133367,0.697934099729336,8.434308527840017,6.628133531701841,35.52837373994504,221.73283137972393,200.1160056429555,187.83326620005803,187.83326620005803,74.58075818076371,22.263055050015463,80.36734137729098,-2.190172051634405,41.69700540295679,1450717.1,-42.618584974286165,258.143798828125,178.19007873535156
AMGN,Amgen,ok,Health Care,Biotechnology,2026-10-02,403.3800048828125,25.075201,754,False,False,-0.9551364538988416,-4.782364522963678,-2.708564883990361,-8.910665653824513,10.724097632877116,38.88436960387036,349.8985228765579,314.42669629100783,301.43333046505876,301.43333046505876,65.71603626432585,27.17064119248478,63.26060901988636,-9.173194335378925,42.891075083250705,3212416.3,-62.30482331944337,444.1199951171875,282.2989501953125
APH,Amphenol,ok,Information Technology,Electronic Components,2026-10-02,86.97000122070312,43.48965,754,False,False,1.5174542775104882,3.1183364915928324,3.4249078466361826,8.826696409281865,4.4360530350025185,40.50579380010204,72.37849754757352,56.759108547195495,47.00160460636533,47.00160460636533,330.84135586160943,36.006708840221165,79.0628913315709,-1.1968193219035046,46.4310572781303,12049457.45,-51.36586834455355,88.02348327636719,59.39313888549805
ADI,Analog Devices,ok,Information Technology,Semiconductors,2026-10-02,416.6700134277344,49.489902,754,False,False,2.9831950425454723,4.633120423503234,5.861282257742495,17.137562462974778,7.486435719639006,76.31281343725288,334.2071955241854,275.83770329448805,248.84785366311314,248.84785366311314,148.8891088525943,35.471620784629735,87.50503895420104,-6.182208400394994,87.3362833072638,3174099.15,-51.54584254244232,444.1268615722656,222.418212890625
AON,Aon plc,ok,Financials,Insurance Brokers,2026-10-02,270.30499267578125,14.908991,754,False,False,-2.0456674330620483,-2.0279091498647595,-2.76448715010007,-18.307244715039538,-24.09259048342355,-24.57283420831423,333.98109024290056,349.67350507637417,335.83676952898344,335.83676952898344,-14.07728738373808,23.678148686953627,12.08272274757698,-28.940581473383066,0.0,2217841.1,-59.11239989194898,380.3929138183594,270.30499267578125
APA,APA Corporation,ok,Energy,Oil & Gas Exploration & Production,2026-10-02,43.44499969482422,9.169831,754,False,False,0.24226936286722012,2.9746411684420826,1.6495039510319165,-2.807608605581391,34.78367690676687,79.41037634233707,32.67160363424392,26.247537996664466,27.18715238697649,27.18715238697649,23.204280630454434,44.80611800345841,44.45610602484744,-8.363214860470668,105.27444766295963,6139496.65,-60.63792949540905,47.40999984741211,21.164348602294922
APO,Apollo Global Management,ok,Financials,Asset Management & Custody Banks,2026-10-02,115.01000213623047,40.957294,754,False,False,0.5859767533662463,-3.352939381318931,-5.489358345926732,-13.062205780392688,-5.463042352702718,-10.03217682800479,126.23425105261424,134.6756970075022,123.7479571941993,123.7479571941993,34.43553246699507,36.73374134368982,22.291685011645953,-23.73501927950075,15.635937049693197,2873587.8,-48.41097251317673,150.80316162109375,99.45870208740234
AAPL,Apple Inc.,ok,Information Technology,"Technology Hardware, Storage & Peripherals",2026-10-02,334.0,38.303898,754,False,False,1.1140689616688126,1.396480324453564,-2.0728903663165155,2.7818835495543093,6.917431542195196,31.232638179021286,284.28378653147865,253.5809134373152,233.11750746911653,233.11750746911653,94.83015731478784,26.795459452931986,51.08135233068069,-2.0728903663165115,36.67949309066532,41543302.6,-53.085453538303916,341.07000732421875,244.3673095703125
AMAT,Applied Materials,ok,Information Technology,Semiconductor Materials & Equipment,2026-10-02,537.1074829101562,46.353752,754,False,False,1.4750605133664552,4.901754392657232,10.743810909310557,22.49863006376145,-9.29640873326113,148.0381382529992,387.36592828659786,279.45399912799974,247.57601584679884,247.57601584679884,294.1276563821753,49.147260471303916,92.73911340680212,-25.631837933626013,157.24137759674025,6226395.2,-38.137495673258904,722.2277221679688,208.79513549804688
APP,AppLovin,ok,Communication Services,Advertising,2026-10-02,271.9849853515625,20.91234,754,False,True,-3.314852756020148,-11.017149089539624,-12.474662799175384,-14.751607660911958,-49.98345016614372,-61.37070900346755,488.68627069866847,418.73074748126635,300.7430971383416,300.7430971383416,566.3032518004867,76.33324215869351,20.765445658236487,-62.92461908353746,0.0,5141830.5,20.138343727977805,733.5999755859375,271.9849853515625
APTV,Aptiv,ok,Consumer Discretionary,Automotive Parts & Equipment,2026-10-02,43.45000076293945,19.665157,754,False,False,-1.182625524965486,0.18446353014749395,-2.9917395070276798,-3.508767619784714,-27.255983432219764,-50.11480881271291,66.93345227317205,66.27788843861615,70.28982751881729,70.28982751881729,-55.321335976411866,40.134844227216554,42.88746838800597,-50.99808090651698,0.9995357986989063,3842041.0,-63.58133606590872,88.66999816894531,43.02000045776367
ACGL,Arch Capital Group,ok,Financials,Property & Casualty Insurance,2026-10-02,93.20999908447266,7.2949924,754,False,False,-1.1139433778500019,-2.00799369949346,-1.531802790556125,-5.091131296823848,-8.447106060651477,3.2111633310557552,95.15559508308532,94.10681507976882,91.91528066336635,91.91528066336635,23.501418719249667,23.443115985329953,26.900634368951245,-12.462437879512747,10.021243793012152,4239930.0,-71.24009122792121,106.4800033569336,84.72000122070312
ADM,Archer Daniels Midland,ok,Consumer Staples,Agricultural Products & Services,2026-10-02,80.65499877929688,22.043715,754,False,False,1.427316629960429,1.5806010444583185,-0.5732297232999617,-5.534081314264672,4.153607579098373,40.103900954091955,70.57600013793461,60.3528709867561,59.68531136044773,59.68531136044773,20.169220659452236,29.67601767697477,30.528423675730863,-8.440229160726727,48.23492030818627,3580009.55,-62.525491028368904,88.08999633789062,54.410255432128906
ARES,Ares Management,ok,Financials,Asset Management & Custody Banks,2026-10-02,118.73999786376953,54.463303,754,False,False,1.861540854959487,-0.19332886826395335,-2.680111642658456,-13.085044976782822,-1.506374165673563,-19.779799556310618,131.3356365324959,146.25595342020588,137.3446307498517,137.3446307498517,27.259558905718293,37.99645747391984,30.712303279524036,-30.642016470878268,27.309536585924487,2211820.65,-40.699848335352144,171.19874572753906,93.26873779296875
ANET,Arista Networks,ok,Information Technology,Communications Equipment,2026-10-02,206.52499389648438,65.57619,754,False,False,0.9951529897085143,1.8066613798214615,-0.012108039169178575,10.975275187045197,19.18570830527935,38.35666107406048,154.83029734899128,130.16300266767402,110.23859731841151,110.23859731841151,339.8594251236319,50.74213198881121,80.90834039782229,-1.8883639446630047,77.8394891767776,4692204.95,-50.35172110289001,210.5,116.12999725341797
AJG,Arthur J. Gallagher & Co.,ok,Financials,Insurance Brokers,2026-10-02,226.42999267578125,37.493378,754,False,False,-2.3250860487201708,-0.5795860918633378,-2.02077598632453,-14.151484258509427,-9.102382631923389,-25.09353139704984,238.10317914448086,271.09254093854076,262.73785394319486,262.73785394319486,3.622984330072021,24.92721494671692,18.719449134974653,-26.21298955885566,18.64098008362656,1443178.2,-47.160787212556286,306.8697204589844,190.8531036376953
AIZ,Assurant,ok,Financials,Multi-line Insurance,2026-10-02,268.3599853515625,12.842824,754,False,False,0.7962722336795514,1.7864561214165464,1.2679190005896235,-5.530334624424416,-3.613118740309107,25.188711203115655,242.4958891490149,221.1138038179314,202.69822069567775,202.69822069567775,94.55750856508189,23.94499507992339,30.029454828163807,-10.737384309625746,31.08349122590348,395812.2,-63.38061333127175,300.6409606933594,204.72447204589844
T,AT&T,ok,Communication Services,Integrated Telecommunication Services,2026-10-02,24.3700008392334,8.039604,754,False,False,0.2880724459698447,-0.4493411154405602,-3.979504944564771,-6.088631511574116,20.001508366172693,-7.371434710880886,24.734991906181214,24.55389154289823,21.58277442663987,21.58277442663987,94.59419243609426,23.036577984191215,19.60231829275166,-14.244723746962684,20.587463882225972,37283191.2,-63.07552128209455,28.41807746887207,20.20939826965332
ATO,Atmos Energy,ok,Utilities,Gas Utilities,2026-10-02,156.94749450683594,18.728817,754,False,False,0.3628914223712254,-0.41403018490436816,-0.16698186872355913,-6.400583634147217,-9.16768111891323,-5.1919249197758806,172.30336803860135,159.3806245659452,143.30255450747057,143.30255450747057,64.26370351277244,16.05969339315143,19.250421719471788,-17.423245455581835,0.45282193343421867,1026292.8,-66.10557922651314,190.06256103515625,156.24000549316406
ADSK,Autodesk,ok,Information Technology,Application Software,2026-10-02,211.86500549316406,27.433937,754,False,False,0.2626510534204263,4.274541357643269,1.1771784472440094,-12.354689431276334,2.083941576054893,-32.896779488492044,252.2258528452071,272.2570417183804,260.26862727805224,260.26862727805224,1.375663871205579,31.941085271550623,28.5481040167722,-34.494323256672814,12.86224382881479,2261376.1,-66.89528999621072,323.42999267578125,187.72000122070312
ADP,Automatic Data Processing,ok,Industrials,Human Resource & Employment Services,2026-10-02,257.8399963378906,23.585545,754,False,False,-2.318531336302543,-1.512601848633277,-2.211103573763662,-7.707310881336149,8.35113077188292,-9.014360586053893,240.08124463520352,264.64513682939145,253.61272608506584,253.61272608506584,15.740248660200852,21.99515162280162,20.37215792892718,-9.736287772932343,38.49191860107262,2202880.6,-62.04914601363325,285.6518859863281,186.1769256591797
AZO,AutoZone,ok,Consumer Discretionary,Automotive Retail,2026-10-02,2805.8701171875,19.354935,754,False,False,-0.46682411938184787,-2.437433430450142,-2.308011982285152,-4.384018561382996,-5.13369619588635,-33.947821001395205,3409.791230701265,3496.599379824452,3285.324467747534,3285.324467747534,11.214746077505344,24.336550375466064,34.17709144933919,-34.037107772879324,0.09346712521180772,404618.65,-80.06196699039948,4253.7099609375,2803.25
AVY,Avery Dennison,ok,Materials,Paper & Plastic Packaging Products & Materials,2026-10-02,171.3699951171875,18.728962,754,False,False,-0.14567067189885652,0.34547156699133996,0.6046723032996582,-1.7486544454630382,3.8098858802466884,7.875466214068028,170.28410732935345,173.8914555705401,181.87779502969838,181.87779502969838,0.08267072145597965,22.20064269801756,51.13463667849357,-11.709221414269832,12.65011074028837,822819.55,-70.54141457868862,194.09727478027344,152.1259002685547
AXON,Axon Enterprise,ok,Industrials,Aerospace & Defense,2026-10-02,413.1000061035156,171.32571,754,False,False,-2.1576906127129813,-1.544396938873993,-3.9547975697758586,-18.51749632104217,-33.62255606829818,-41.9265062406716,523.9871039012122,583.7384864837525,484.6815123014172,484.6815123014172,110.60413915767127,53.11866579374315,25.724374208154984,-45.604655433542575,19.41377209577971,1049134.8,-44.878770583150995,759.4400024414062,345.94000244140625
BKR,Baker Hughes,ok,Energy,Oil & Gas Equipment & Services,2026-10-02,55.95000076293945,17.996786,754,False,False,0.5933150618338212,0.05365270918553655,-3.250909577363481,-13.430290668965593,5.456958845924897,17.503855719230742,56.61513623737154,48.676762622666075,42.98790425520677,42.98790425520677,72.43603083001146,31.775232209405313,45.15753981060058,-19.127867558771555,27.78248772767884,8349891.85,-78.20765786325723,69.18328857421875,43.785343170166016
BALL,Ball Corporation,ok,Materials,"Metal, Glass & Plastic Containers",2026-10-02,56.79010009765625,16.460897,754,False,False,0.5134515002765516,0.24730550397840112,-0.07021244433011997,-10.28420097609245,-9.497941980551083,14.094737237404086,57.277053257775684,55.54642212248419,56.58804379470785,56.58804379470785,20.14934588137458,25.903520487745723,25.50095842989157,-15.361443728193915,24.07587245421326,2038315.8,-66.06924206739701,67.09719848632812,45.77046203613281
BAC,Bank of America,ok,Financials,Diversified Banks,2026-10-02,53.670101165771484,12.3937645,754,False,False,-0.11148032193404322,-2.3469758737052038,-5.343738194706315,-13.827586390642244,-9.943359407754782,8.157315202583737,54.092664567251056,48.788102176559875,43.68263741197257,43.68263741197257,115.99313577184454,24.662481768242234,15.144398629809757,-16.76603576459285,16.062090637898326,38340256.55,-39.84539208828012,64.48101043701172,46.242576599121094
BAX,Baxter International,ok,Health Care,Health Care Equipment,2026-10-02,23.454999923706055,11.527696,754,False,False,-0.7825696730914045,-0.10647197196619329,0.3637102328638342,-8.735411566488317,3.9151813381570033,0.6001975816374072,20.666782061258953,25.294757881012572,28.82756363491797,28.82756363491797,-33.59946266924958,37.81203343761761,44.12190858793703,-17.23439750601585,48.583818924369716,6872804.75,-66.90877912689139,28.339067459106445,15.7857027053833
BDX,Becton Dickinson,ok,Health Care,Health Care Equipment,2026-10-02,176.44000244140625,30.47323,754,False,False,-0.9153730643952196,-3.0389617751278686,-4.014799580437279,-5.3538259755888,14.106031079640346,20.479752971730658,157.49756464882503,157.37410877425359,164.2290419621556,164.2290419621556,-7.399853305867355,25.53425521713677,37.69494272006835,-7.562236677604534,30.41784294374736,1792302.4,-58.045695860252145,190.87437438964844,135.28823852539062
BRK-B,Berkshire Hathaway,ok,Financials,Multi-Sector Holdings,2026-10-02,502.8399963378906,12.634456,754,False,False,0.4675317358422859,0.0975396095195924,-0.5222787431863218,-0.4750205729698975,-0.7382822720023663,0.9313496622178397,493.60281723264666,489.31354543982275,459.2061536065463,459.2061536065463,44.46104795901413,15.911254754527823,36.12825372765973,-5.020586194377992,8.04469336751512,4565491.45,-54.91111915235325,529.4199829101562,465.3999938964844
BBY,Best Buy,ok,Consumer Discretionary,Computer & Electronics Retail,2026-10-02,87.74369812011719,14.616472,754,False,False,0.049830300337161404,-1.133861273107395,-3.056351729999518,1.9130865063107239,13.672293444576077,19.478670277806344,71.86078427329896,71.92455060738492,71.23512905029783,71.23512905029783,46.96777441058704,37.90257226450004,31.697773473365075,-7.462878714914501,61.82327323018445,3301750.1,-71.99963740441774,94.81999969482422,54.221927642822266
TECH,Bio-Techne,ok,Health Care,Life Sciences Tools & Services,2026-10-02,72.41500091552734,62.426727,754,False,False,0.020717388580537843,0.04836096081466401,-0.26855762730350063,0.1590565130228372,2.221091886427895,21.537403668179977,61.71090198698498,61.173163668567916,64.34087471493991,64.34087471493991,9.540434873580317,41.7773523915183,58.01116150461129,-0.26855762730350236,67.73529023760108,3086230.95,-58.3595971649497,72.61000061035156,43.17219161987305
BIIB,Biogen,ok,Health Care,Biotechnology,2026-10-02,220.7899932861328,39.286476,754,False,False,-0.9110555476879223,-2.7656730680063357,-2.9920969397011055,-0.8443009378327204,5.914797167396135,43.16560208695748,188.17619075472393,165.60219130193096,185.8940320609419,185.8940320609419,-12.682910403704984,30.746758378371403,55.46699055288622,-3.45446196638943,55.20174456039595,1050603.9,-59.111326352395984,228.69000244140625,142.25999450683594
BLK,BlackRock,ok,Financials,Asset Management & Custody Banks,2026-10-02,1069.75,25.641178,754,False,False,0.5064089896856805,0.16949067298359655,-1.5244320406263445,-2.8760503142284177,6.331991290218442,-4.246792061372839,1055.6070847284227,1020.2120834289794,928.4313069553527,928.4313069553527,77.85598247132445,24.794795047917145,51.181198661097405,-9.145167149655881,17.163168451454432,509939.15,-55.096014887266456,1177.427734375,913.0429077148438
BX,Blackstone Inc.,ok,Financials,Asset Management & Custody Banks,2026-10-02,112.93499755859375,25.71982,754,False,False,0.6192085780933221,-0.9342126679002138,-4.631819536533277,-17.457249296168598,-7.561956577534257,-30.09149311877104,130.5523914155506,141.89417467459265,132.78462809150352,132.78462809150352,15.930418015849114,35.47899481696444,20.791355003874926,-30.2367440719724,12.75377016631365,4353627.15,-25.915957226608167,161.88320922851562,100.16072845458984
XYZ,"Block, Inc.",ok,Financials,Transaction & Payment Processing Services,2026-10-02,74.83000183105469,133.625,754,False,False,1.0669920391122911,1.0533406443639093,-2.0806024286673552,-9.252967909448728,-5.182458733887829,1.948229258103762,70.04710291302393,71.28651386428164,69.45279833239648,69.45279833239648,73.25770828985235,49.91193996992308,35.54593415726285,-11.809071093999448,52.43430759514849,3839389.35,-39.076587791232996,84.8499984741211,49.09000015258789
BE,Bloom Energy,ok,Industrials,Electrical Components & Equipment,2026-10-02,290.2300109863281,372.21796,754,False,False,4.557253774046566,-0.3502108201448473,0.5299614529284069,33.57419579200687,-1.6336136268620072,221.79842901643326,187.1361117892795,107.5000799832591,75.59180391498839,75.59180391498839,2280.886144191337,97.99139079457154,60.153002459895255,-16.08211482886023,277.0689962107771,17670301.1,-40.26178761605823,345.8500061035156,76.97000122070312
BNY,BNY Mellon,ok,Financials,Asset Management & Custody Banks,2026-10-02,145.61000061035156,17.167454,754,False,False,1.1742651910142454,-0.9320963103898183,-3.0236386751122724,-10.139467635479903,-2.514297692969436,38.792579662641735,130.27774365743002,107.69649932678952,89.54326268406066,89.54326268406066,272.6430035597069,21.23076498654573,17.48517559946079,-11.665855468791221,41.83289049091969,3941804.85,-66.56361615669533,164.83999633789062,102.66307067871094
BA,Boeing,ok,Industrials,Aerospace & Defense,2026-10-02,195.02499389648438,69.89785,754,False,False,1.4276030448378885,3.913577103230015,-1.5373420079447087,-6.628525659195484,-16.847872653190176,-9.375001551050255,217.23224228147475,201.9382968005906,198.59269906608117,198.59269906608117,3.830587230628524,34.839500854826646,36.14970287828088,-22.655166124434505,8.87952166863961,8238949.8,0.5382506396628406,252.14999389648438,179.1199951171875
BKNG,Booking Holdings,ok,Consumer Discretionary,"Hotels, Resorts & Cruise Lines",2026-10-02,159.14999389648438,17.654829,754,False,False,-0.7050192734082139,-1.9650132520433572,-2.9277237823146396,-20.072974605637274,-11.874082149659682,-24.95787986027417,185.9276460314554,193.25401868478235,175.2472727140634,175.2472727140634,31.654675487105564,30.864997261776,26.750861481485373,-27.031570820251144,3.766567619685859,8925574.95,-49.36573805814044,218.10801696777344,153.3730926513672
BSX,Boston Scientific,ok,Health Care,Health Care Equipment,2026-10-02,42.724998474121094,17.303644,754,False,False,-1.1681727352826798,-2.6321845165892865,-2.7208555205932905,-11.670458098857994,-4.204036018270174,-55.42514433565007,69.34251982068258,83.7904681475514,78.36655835827086,78.36655835827086,-19.096766970111222,28.091855863056615,30.83265981300771,-59.30177452094809,0.22284166930718638,21006483.55,-44.359697461120284,104.9800033569336,42.630001068115234
BMY,Bristol Myers Squibb,ok,Health Care,Pharmaceuticals,2026-10-02,60.724998474121094,13.376652,754,False,False,-1.1959007831115587,-3.396439891028069,-3.396439891028069,-10.249785416242874,7.098761299863132,34.17607655002308,55.94499780261327,52.513880513103835,49.507769374695634,49.507769374695634,20.885045293085234,27.81294686356305,31.80593291233889,-10.816563753684722,47.363604350323136,11677601.0,-68.38203326179753,68.08999633789062,41.20759582519531
AVGO,Broadcom,ok,Information Technology,Semiconductors,2026-10-02,355.659912109375,45.26497,754,False,False,3.497816595437664,0.1576755832823462,0.8077760183958338,-2.9769193696856155,-4.705117098273581,7.4730237662714805,364.64830719478545,296.7954502181703,240.01467763966528,240.01467763966528,340.0188327116802,49.97727106096593,57.210431574609814,-25.894168281667508,21.62894348442018,24619873.95,-33.54076859520233,479.93511962890625,292.41387939453125
BR,Broadridge Financial Solutions,ok,Industrials,Data Processing & Outsourced Services,2026-10-02,157.24000549316406,16.379166,754,False,False,-2.42630378616826,-2.3050584190263623,-3.9872984117610755,-11.148779788351447,9.282641580186922,-31.44347773790004,180.26125341748434,204.70799902805769,199.58555040435385,199.58555040435385,-6.213677289049779,23.522054866695548,13.68058724153397,-32.10907552377745,16.810751927598037,1024718.15,-64.10105549511347,231.6068115234375,134.61090087890625
BRO,Brown & Brown,ok,Financials,Insurance Brokers,2026-10-02,60.349998474121094,19.281149,754,False,False,-2.2988537690128874,-0.412541264513,-0.7727741253887643,-16.22709924048129,-11.60352285361379,-34.310330280513725,70.86791637965611,88.16354575290148,86.50609529935397,86.50609529935397,-11.27567516032516,25.065252320293386,16.805301224702234,-36.500897153576375,11.235210546469226,2307742.3,-30.939169421126433,95.04071044921875,54.25440216064453
BF-B,Brown–Forman,ok,Consumer Staples,Distillers & Vintners,2026-10-02,26.19499969482422,16.893549,754,False,False,0.8663857813582032,-0.3613587576827171,0.13379146642300555,-3.5139433022373656,2.593714451168627,-1.6154827417810158,26.70169292177473,29.788957318461748,35.74317635908051,35.74317635908051,-50.124640063276956,34.94512699291704,49.450548426867954,-12.90764562452637,16.877962963561835,2414009.5,-67.18778447226492,30.077266693115234,22.41226577758789
BG,Bunge Global,ok,Consumer Staples,Agricultural Products & Services,2026-10-02,107.16000366210938,23.144709,754,False,False,0.5159019309717738,-0.9062287156188731,-1.6880700347620459,-12.778770039269705,-0.8681051686202146,33.2388769390209,110.03439579312763,93.5909907124432,93.80764996151709,93.80764996151709,9.589864942941496,28.641882956779163,20.278841892360134,-17.939525304900314,36.0762083097145,1988243.4,-55.932558357794626,130.5866241455078,78.74999237060547
BXP,"BXP, Inc.",ok,Real Estate,Office REITs,2026-10-02,60.775001525878906,32.655914,754,False,False,0.8881139317818976,-0.38518374385043685,-3.0405314116797366,-8.387026954168908,-12.144773889093475,-16.648153104785013,62.82263374328613,64.8254258813136,62.08310838087168,62.08310838087168,23.570563531276733,32.636905182956745,33.63808445093713,-15.86546164569667,22.440760706879,1391515.55,-68.44368717259395,72.2354965209961,49.63624954223633
CHRW,C.H. Robinson,ok,Industrials,Air Freight & Logistics,2026-10-02,156.97500610351562,29.942749,754,False,False,2.5042488762909265,4.852714624169141,6.713120047765919,8.575815473185688,-16.395993221969295,20.13291850018737,165.236359520564,133.89870424004664,116.06273792782892,116.06273792782892,96.07256933716984,36.36438638910972,49.37838006195246,-24.719659319876435,28.119897394627053,1402156.4,-44.31947819800987,208.5205841064453,122.52195739746094
CDNS,Cadence Design Systems,ok,Information Technology,Application Software,2026-10-02,349.20001220703125,69.58765,754,False,False,-0.43623263803236334,7.72125666857113,7.073868389542515,13.868326512894914,-7.070808628539494,-0.7869957678395822,326.1465877956814,313.96908386959973,303.0475199165648,303.0475199165648,47.659522219058495,37.891998595075385,89.64503573722736,-16.136314531494104,31.446212223641943,2759732.65,-55.24012081387666,416.3900146484375,265.6600036621094
CPT,Camden Property Trust,ok,Real Estate,Multi-Family Residential REITs,2026-10-02,95.76000213623047,31.577559,754,False,False,-0.8900854749582243,-1.6837775810636835,-1.3430953831720105,-8.279179258853064,-17.227743653109574,-5.528195360399013,103.52761525956412,105.9569335724728,101.70525927758659,101.70525927758659,15.588843534608344,21.821280473020813,15.235645598054617,-17.67124527648432,2.2266704446784478,1180469.25,-57.16237419992092,116.31416320800781,93.67418670654297
COF,Capital One,ok,Financials,Consumer Finance,2026-10-02,195.72999572753906,10.782645,754,False,False,0.6427396274479635,-0.37158249077703376,-2.2327678765443504,-9.635276910381318,-4.880782869857403,-6.889530771138697,206.6120841616676,197.46306354781072,173.9003670993471,173.9003670993471,115.54887547046539,33.2587819691634,32.09028493562306,-23.230552027836595,12.018357324573554,3471484.0,-48.849541003213616,254.95819091796875,174.73028564453125
CAH,Cardinal Health,ok,Health Care,Health Care Distributors,2026-10-02,226.90499877929688,31.436983,754,False,False,-1.384239910159557,1.5731480618177418,3.2751046818402685,-7.355722546997024,-4.247041148455,45.03237089799654,210.12137446327816,172.54436435167534,148.22871389819076,148.22871389819076,174.19671484572103,25.15027356838302,39.200470957405194,-8.518386822121277,49.44189597990243,1830206.2,-70.4774248934355,248.033447265625,151.83493041992188
CCL,Carnival Corporation,ok,Consumer Discretionary,"Hotels, Resorts & Cruise Lines",2026-10-02,25.614999771118164,11.284141,754,False,False,2.1739133742648686,2.011147544769143,15.123594476935565,7.89806241818547,-6.400738610829537,-8.227701222866479,27.177496872250995,25.78719425201416,22.366984020809912,22.366984020809912,90.81102846514308,46.86074521104324,70.71187718892614,-23.428584363226758,17.553917828728327,26310042.15,-27.066087957597585,33.452430725097656,21.790000915527344
CARR,Carrier Global,ok,Industrials,Building Products,2026-10-02,55.255001068115234,39.464287,754,False,False,0.06338255457876141,-0.225713249528936,-1.977998731411812,-4.0378615647863825,-20.893440630896563,-5.642715034656742,60.09044686574784,64.02180122284301,62.104408501946324,62.104408501946324,5.488958838908009,32.9100220758707,38.6273486475235,-27.03460856825444,10.980801812988862,7168463.8,-55.14972119968018,75.7276840209961,49.78789138793945
CVNA,Carvana,ok,Consumer Discretionary,Automotive Retail,2026-10-02,64.04000091552734,33.857143,754,False,False,1.586294393205967,0.6601728869757739,-1.5677784834648767,-13.64617347201218,-9.008236125759051,-19.020762850689543,71.81842853909447,63.04692036602127,47.75492841242479,47.75492841242479,715.7961999175952,73.77944425180554,35.38723209767723,-33.07555723520763,13.83674688023257,7613192.8,-31.229168398309838,95.69000244140625,56.25600051879883
CASY,Casey's,ok,Consumer Staples,Food Retail,2026-10-02,616.594970703125,29.706528,754,False,False,-0.4689312827885428,2.782954760731826,3.0302690346285743,-18.1789900702359,-23.55393839451868,10.655612816883831,693.3875218951513,571.2100372314453,485.8151566482665,485.8151566482665,130.02895430247818,31.446860879033895,48.04764203935225,-32.656248885497135,20.43526636561502,801055.0,-62.38710200922532,915.5934448242188,511.97210693359375
CAT,Caterpillar Inc.,ok,Industrials,Construction Machinery & Heavy Transportation Equipment,2026-10-02,846.4349975585938,36.452843,754,False,False,2.4305708920018487,2.394631588040763,3.0252659450980657,6.835331733627026,-12.56956990353646,77.62452152427504,742.9082199581086,557.819871210957,474.4714614099153,474.4714614099153,224.9194495390489,32.4676630767335,73.9260094353524,-20.36762412391697,75.47497721152011,2283696.5,-34.39890107989394,1062.92822265625,482.367919921875
CBOE,Cboe Global Markets,ok,Financials,Financial Exchanges & Data,2026-10-02,273.2200012207031,21.288776,754,False,False,-1.4322310277198103,4.382044401414764,5.886913348551714,-7.1059411952448475,11.791651768497724,13.934336469424768,277.72388240269254,247.490836914792,224.45834571170553,224.45834571170553,79.21527697290233,26.42913963788283,42.539680937810324,-25.128653761817933,18.344340121144395,1123700.75,-43.42666408294201,364.9193115234375,230.86866760253906
CBRE,CBRE Group,ok,Real Estate,Real Estate Services,2026-10-02,130.77000427246094,29.9119,754,False,False,0.1838699880552852,-0.05349439574190429,-2.8093635775265025,-7.947341602252367,-6.958376781888342,-16.472913699734004,147.41694510929167,142.34235090278534,125.36127347465535,125.36127347465535,79.06340744665692,30.42577649020557,29.940602483830205,-23.798144742519828,4.918168254838428,2009473.35,-45.04694476291512,171.61000061035156,124.63999938964844
CDW,CDW Corporation,ok,Information Technology,Technology Distributors,2026-10-02,133.6750030517578,16.057623,754,False,False,-1.5865410809441483,3.0568160763704055,-1.2958648149859031,-10.086093564182008,0.09208834311247305,-14.2103506647418,133.72521503387935,153.70160782954608,174.83202575562171,174.83202575562171,-30.435756546409,35.4526133156632,27.42642528790104,-14.441748283956679,36.06241722297872,1483331.25,-60.56679854887437,156.23858642578125,98.24535369873047
COR,Cencora,ok,Health Care,Health Care Distributors,2026-10-02,308.2699890136719,22.88279,754,False,False,-0.48744585563149645,0.21780978441554577,0.4398460598449505,-8.351170638960237,3.455967419749717,-0.36914559468371744,321.705258990091,293.27363042337487,268.0467256500487,268.0467256500487,76.51154108566035,24.04174256555254,35.03830712408782,-17.249057506443037,22.489178176840802,1308350.1,-53.9341954420304,372.5274658203125,251.67120361328125
CNC,Centene Corporation,ok,Health Care,Managed Health Care,2026-10-02,62.70750045776367,11.723599,754,False,False,2.816033336662871,0.799712876728198,1.4356207818191802,-6.879263635362509,-5.060563875182423,75.45466567659587,49.517251938108416,51.04836156548732,58.65896229275974,58.65896229275974,-9.512990337201611,45.213772971591055,25.60506897560009,-9.65639367629737,97.1934023969495,4633619.25,-65.44634089216545,69.41000366210938,31.799999237060547
CNP,CenterPoint Energy,ok,Utilities,Multi-Utilities,2026-10-02,37.540000915527344,22.330357,754,False,False,0.8868633140934223,1.6242618059669756,1.9001106407169122,-4.98607311995809,-14.171945038359679,0.586281409557099,40.460953803289506,37.07133676901282,33.58412487121096,33.58412487121096,57.38048416209593,18.50468530049892,37.47179884612073,-16.153763901225414,2.512293857118437,6532278.25,-27.37809354645908,44.77243423461914,36.619998931884766
CF,CF Industries,ok,Materials,Fertilizers & Agricultural Chemicals,2026-10-02,115.86000061035156,8.597923,754,False,False,1.152435554630138,0.12963575064017796,1.0377626758596437,-16.809078009584322,2.877173234270658,36.82496740879439,105.49025069342719,94.5418062248078,87.7596665946495,87.7596665946495,48.252343691959275,35.12421325807236,26.30929000074272,-16.809078009584322,54.49684861467641,2538380.6,-61.42375182035349,139.27000427246094,74.9918212890625
CRL,Charles River Laboratories,ok,Health Care,Life Sciences Tools & Services,2026-10-02,288.9800109863281,22.688337,754,False,False,0.7495814645310128,-2.3584202832393486,-1.3181209533648208,-0.9528374987134436,24.867139148714745,69.50963058925439,203.30194479321676,183.32408380698396,194.6353715345145,194.6353715345145,49.42862190308084,45.80909608458239,63.10055780072039,-3.215210669725852,92.74329694075156,948596.6,-77.2261464989438,298.5799865722656,149.92999267578125
SCHW,Charles Schwab Corporation,ok,Financials,Investment Banking & Brokerage,2026-10-02,96.96499633789062,17.659073,754,False,False,-1.4282874549784719,-2.1543916943530528,-2.0852291900037456,-10.416668281968722,-3.351475374481405,6.454569379597519,96.82577266390362,89.27719428529777,80.72269121468541,80.72269121468541,88.70959635385636,26.59018975117316,22.287713676087094,-14.681042643179365,13.939946401751621,8374078.7,-50.39365942428986,113.6500015258789,85.10184478759766
CHTR,Charter Communications,ok,Communication Services,Cable & Satellite,2026-10-02,109.7699966430664,2.8521988,754,False,False,-1.4366580444075017,-0.8132299094330775,-2.7809821248785394,-30.949238346756246,-18.953045876859864,-60.09814823422368,185.76992092435322,267.79456118093543,290.1579307839472,290.1579307839472,-74.96693349074881,44.50862728396127,4.449283704629607,-61.17634560570174,0.0,2973225.05,-65.90903873892762,282.739990234375,109.7699966430664
CVX,Chevron Corporation,ok,Energy,Integrated Oil & Gas,2026-10-02,207.13999938964844,19.959057,754,False,False,0.019311098481011868,1.3504229576755566,1.3157263299383937,-2.190952600053575,24.299666065089376,39.28211335826606,176.59037586999318,159.55918566639204,152.17575410190247,152.17575410190247,41.004578892596236,23.134044862125354,42.254390837395924,-4.881298927428438,45.093197057804694,9673741.5,-62.1932217229497,217.77000427246094,142.76341247558594
CMG,Chipotle Mexican Grill,ok,Consumer Discretionary,Restaurants,2026-10-02,32.154998779296875,29.773146,754,False,False,-0.5105226394967022,0.8626086128280308,2.6332552109793683,-16.523887857804887,-5.370808674293892,-17.487816853815563,35.07906747999645,43.7805279697555,46.72688549203645,46.72688549203645,-13.891916337075205,35.00986723364516,15.253007304755627,-24.091127677087144,14.105743190467642,13934200.0,-45.00581303555281,42.36000061035156,28.18000030517578
CB,Chubb Limited,ok,Financials,Property & Casualty Insurance,2026-10-02,331.0799865722656,11.726178,754,False,False,-0.06640544183799113,-0.30113226946375526,-0.6869270115676951,-2.162478678587354,-6.857728238865568,18.72343755129735,319.3986526973664,298.47899205181227,279.8423998197763,279.8423998197763,65.73064320665512,18.995861946225418,28.502892173345217,-8.64370178961464,24.571061855002462,1617871.95,-26.227845164136752,362.40521240234375,265.7760009765625
CHD,Church & Dwight,ok,Consumer Staples,Household Products,2026-10-02,94.23500061035156,30.195513,754,False,False,0.13282329103103674,-0.753024076746811,-2.2255620504184392,-5.11981383416944,-3.0042708819395525,8.570780117705645,93.2633406018454,96.20533041175143,96.48655046012736,96.48655046012736,6.590595106379005,20.666568664850736,47.679883429791076,-9.9079208224106,16.693682307962437,1829464.25,-47.57016979151136,104.59854125976562,80.75415802001953
CIEN,Ciena,ok,Information Technology,Communications Equipment,2026-10-02,392.54998779296875,88.63883,754,False,False,3.536944829462496,10.602381647011928,9.98570613464793,10.839728860937603,-9.515247921300762,158.73318259596934,349.2275396074568,215.9286652903158,160.23242702534725,160.23242702534725,732.3791116689534,57.83027408043526,77.43246241047845,-37.39234644450259,159.1944507777852,2577755.3,-37.44534246520605,627.0,151.4499969482422
CI,Cigna,ok,Health Care,Health Care Services,2026-10-02,268.5299987792969,11.1079855,754,False,False,0.21272105627541116,-2.4449650321739513,-1.2793687222490968,-4.532249096092245,-4.241094772922249,-5.840551996310317,276.81395237029545,288.0117294493899,295.96282523886276,295.96282523886276,-1.0201486386600678,29.91435758490159,24.706213193701643,-11.699027767087584,12.35876130953407,1617235.3,-40.843116644807345,304.1076354980469,238.99337768554688
CINF,Cincinnati Financial,ok,Financials,Property & Casualty Insurance,2026-10-02,161.75999450683594,7.6373935,754,False,False,-0.2405176714945889,0.39098219135635937,-0.4798811440355988,-5.2465768301037885,-14.192653065188987,3.5104958974563782,163.9957965669178,152.28825962021057,137.70264276964912,137.70264276964912,73.85355509928301,22.318153436057674,19.58734547446474,-15.282948287778813,9.25387061132414,685569.35,-74.57777247480506,190.9414825439453,148.05882263183594
CTAS,Cintas,ok,Industrials,Diversified Support Services,2026-10-02,191.98989868164062,38.47996,754,False,False,-1.8456581335505984,-2.9079127398538573,-3.9618352435506043,-3.0794577056000305,7.9940625903365925,-4.772972590872948,187.0791120377798,196.9055944495942,184.51571863715782,184.51571863715782,62.60717893458227,22.50040647951323,36.19870393883919,-11.103020593209866,18.01406404804208,2081529.15,-52.45404081898156,215.96897888183594,162.6839141845703
CSCO,Cisco,ok,Information Technology,Communications Equipment,2026-10-02,111.77999877929688,33.56156,754,False,False,2.77675301926128,4.525898847386434,4.761014035941247,2.1194954451204007,-1.9301671458521574,65.95571834340008,92.19620707678416,76.33137383024057,66.32851342117755,66.32851342117755,122.44649224831359,26.43837897466883,54.66377709593176,-13.693720504429411,68.11408217806184,17921095.45,-52.9542765757659,129.51548767089844,66.49056243896484
C,Citigroup,ok,Financials,Diversified Banks,2026-10-02,128.50999450683594,13.845906,754,False,False,1.1889720526267133,-1.750771017960695,-4.29699458215258,-4.339736482045986,-10.215923406426452,32.94357006630737,119.76624270847866,97.66638603058469,82.49250518232189,82.49250518232189,247.8194306738894,29.042898991799593,32.52847554596234,-11.331520454580629,39.70893305284377,9657576.1,-48.047812949669634,144.93312072753906,91.98409271240234
CFG,Citizens Financial Group,ok,Financials,Regional Banks,2026-10-02,64.33999633789062,14.017428,754,False,False,1.0047026174032858,0.7043308069198284,-1.8159659141977813,-7.795933701019575,-10.195905877261513,25.66464332786209,61.83823588537791,52.23839773504857,45.18721745690869,45.18721745690869,180.1410210372215,31.280081804109276,21.97104002604756,-13.903394289194775,36.96122962138293,3970187.1,-42.5230614446357,74.7300033569336,46.9767951965332
CLX,Clorox,ok,Consumer Staples,Household Products,2026-10-02,80.05010223388672,16.64553,754,False,False,-0.7438304781676841,-1.8993826828635485,-4.474821815406171,-15.084220765404643,-16.724662073543673,-31.707701408976174,101.00089851258294,117.67314432151764,121.66823931018617,121.66823931018617,-31.108197008920392,25.5472889803742,28.954688474811263,-35.50949628720957,0.0,3146660.15,-61.43202817755835,124.12696075439453,80.05010223388672
CME,CME Group,ok,Financials,Financial Exchanges & Data,2026-10-02,263.9800109863281,22.358473,754,False,False,-0.42248023063046203,0.28873556800410594,-0.18905020388321203,-4.518403402241578,12.974624420725833,3.154470059393044,271.7591793726361,256.9585044830444,234.39255060251574,234.39255060251574,49.8721423038226,19.96603034869565,29.202445103784427,-16.385624017723345,21.33737253669485,1713113.85,-51.463996394635416,315.7112731933594,217.55870056152344
CMS,CMS Energy,ok,Utilities,Multi-Utilities,2026-10-02,63.709999084472656,19.176205,754,False,False,0.10999323616525114,0.4097688233363428,1.207304705833523,-6.391417323187709,-15.815766045451596,-9.215974541413097,71.84217045799134,69.59722416334418,64.94610228399382,64.94610228399382,38.55894398752759,17.200806275781513,27.753923027135116,-19.035568283137682,1.7731639575206026,3806138.05,-23.327505159724826,78.68887329101562,62.599998474121094
KO,Coca-Cola Company (The),ok,Consumer Staples,Soft Drinks & Non-alcoholic Beverages,2026-10-02,85.63999938964844,25.71021,754,False,False,-0.53426143162002,-1.381848225295923,-2.471242716408595,-2.367378875599846,3.846461631458964,31.651147281959435,76.82458838205488,71.0163288648385,66.5294958008379,66.5294958008379,68.28003281646279,16.555146666120706,27.220589344406548,-6.347398653338887,33.00550209994543,15319832.95,-34.73650115747509,91.4443359375,64.38831329345703
CTSH,Cognizant,ok,Information Technology,IT Consulting & Other Services,2026-10-02,58.75,12.741865,754,False,False,-3.4986876326301264,3.3603093636254133,2.4768849181793007,-7.334387088272932,42.84381336560041,-9.701362322157948,62.633191184392054,68.66114199209024,68.67108864113887,68.67108864113887,-8.471373472592392,30.44939441408096,32.05903949526298,-31.010373422050254,52.580636564383575,6777392.4,-45.38094031562936,85.15773010253906,38.50423049926758
COHR,Coherent Corp.,ok,Information Technology,Electronic Components,2026-10-02,335.8500061035156,81.47573,754,False,False,5.219462869977476,14.934470389300959,13.5280469687862,25.018607724182186,0.044680932686969044,192.93502104987522,258.84329414367676,174.24543838197016,134.94126005198027,134.94126005198027,938.8183949340635,71.59245180550047,70.79710517631214,-21.326338265348575,207.07689281283427,6785488.45,-15.81049703208912,426.8900146484375,109.37000274658203
COIN,Coinbase,ok,Financials,Financial Exchanges & Data,2026-10-02,181.38499450683594,64.01819,754,False,False,-4.176131364402124,-4.544263536192572,-7.034496468956208,3.672260828999785,7.4110260860513755,-47.602337732612,210.9734719291566,239.67363568796105,219.70116061304228,219.70116061304228,140.85114909970912,77.59372006429145,44.47615321460381,-53.1631679054706,28.559783978195362,9504999.65,5.429704040020655,387.2699890136719,141.08999633789062
CL,Colgate-Palmolive,ok,Consumer Staples,Household Products,2026-10-02,84.40499877929688,33.232285,754,False,False,-0.1478764956880818,-2.3768220297666454,-1.9230755591993498,-6.320754485317737,-9.102813654610753,9.499641208114152,85.53207945445227,86.38009921678034,85.54407500208848,85.54407500208848,27.971200056633784,19.636665501913537,30.476193732700295,-13.842595422879217,14.616548865715826,5265089.2,-57.150127674949935,97.9660415649414,73.64119720458984
CMCSA,Comcast,ok,Communication Services,Cable & Satellite,2026-10-02,21.545000076293945,6.905449,754,False,False,-0.7142888534374059,-0.2546310379835215,-1.6659049459613606,-19.63819281808169,-7.848584903082134,-22.918458514519802,26.137822945912678,29.097118541064017,31.111980430643502,31.111980430643502,-42.32143584776695,27.7811809281725,11.175779903864253,-31.981244145494504,0.0,31701414.5,-62.51369162092121,31.675086975097656,21.545000076293945
FIX,Comfort Systems USA,ok,Industrials,Construction & Engineering,2026-10-02,1737.9100341796875,41.926678,754,False,False,3.122310931503458,4.375843561149528,4.7621630089822675,11.395206087984233,-3.0239292566483833,108.72662173003303,1423.6745084732297,959.0516318515002,728.9906800571108,728.9906800571108,955.9607401314448,52.995504294122455,78.77200649410933,-15.857653931823524,120.23836613817247,307473.8,-44.49088019857301,2065.4404296875,789.1041259765625
COP,ConocoPhillips,ok,Energy,Oil & Gas Exploration & Production,2026-10-02,126.86000061035156,16.78176,754,False,False,-0.15740355114516325,1.13201382438477,-0.3456421295036094,-7.53644064714617,23.292273709569255,37.083036679152805,109.58533265855577,101.34362713939166,103.25839803073387,103.25839803073387,18.355046619070194,29.239681143927363,34.75288550837786,-10.168531713796897,52.76611335885837,6757634.6,-58.70016410771899,141.22000122070312,83.04197692871094
ED,Consolidated Edison,ok,Utilities,Multi-Utilities,2026-10-02,103.33999633789062,16.958128,754,False,False,-0.15459291025060606,0.009672415231620768,0.232781636587287,-4.021549089524889,-6.925546649163561,8.757762902909171,104.43728319803874,100.153912502456,95.2054397117554,95.2054397117554,40.224384191983354,17.845358349391642,38.57677608315176,-9.007223339060278,11.088848656085394,2122649.15,-43.51478198834696,113.56945037841797,93.0246353149414
STZ,Constellation Brands,ok,Consumer Staples,Distillers & Vintners,2026-10-02,113.04000091552734,10.767619,754,False,False,0.044254405436938704,0.23942917486778903,-0.519225866541928,-12.609203261216539,-12.817033430658476,-16.269590329385064,140.0540871393113,160.8006809736153,185.59999604566661,185.59999604566661,-51.4412208654778,27.44573180813027,2.6899033107570176,-31.19094942636287,0.2394291748677981,2231127.75,-70.9494447370842,164.2807159423828,112.7699966430664
CEG,Constellation Energy,ok,Utilities,Electric Utilities,2026-10-02,254.9600067138672,24.909182,754,False,False,-1.5294324534601667,-3.635943890930271,-3.156448758530217,-12.094883739331241,3.8564874864220666,-26.93495104059934,302.7160996331109,288.6438216859126,246.86076027139111,246.86076027139111,148.1763027297589,53.32519032632808,41.40275007815049,-36.53044799416184,7.971218977123481,2987097.75,-26.465245404171988,401.7044372558594,236.1370086669922
COO,Cooper Companies (The),ok,Health Care,Health Care Supplies,2026-10-02,57.34000015258789,19.714775,754,False,False,-0.12192944610741607,1.253750787711727,3.539182099440441,-17.768539520819782,-21.030161588494355,-15.763184354843174,71.79111108325776,78.14197215046066,83.06701929309956,83.06701929309956,-26.463608496743596,31.125551444331702,64.52512210394934,-31.99715327310708,7.640322244883797,5628166.2,-69.22756119035718,84.31999969482422,53.27000045776367
CPRT,Copart,ok,Industrials,Diversified Support Services,2026-10-02,27.30500030517578,17.616129,754,False,False,0.05496295033065035,0.6079621195211882,-1.032982406074312,-15.09639168305844,-6.617645284162011,-39.443335079233435,35.22343263171968,44.57473118086735,46.822301161384075,46.822301161384075,-37.40256539709189,26.444559091147816,4.80086440419079,-40.3299796618941,0.6079621195211866,10278518.9,-63.134007566012265,45.7599983215332,27.139999389648438
GLW,Corning Inc.,ok,Information Technology,Electronic Components,2026-10-02,163.5800018310547,72.38938,754,False,False,1.9698315036641656,3.0684864918236965,4.363912273940129,13.494759098951237,-15.868572521434121,98.51601562073226,136.68982805524553,94.27425066123446,73.77745742190739,73.77745742190739,476.5587797231392,48.43456260360794,69.46607078560382,-35.903624701247914,110.74657480118375,8250606.95,-40.91538926115006,255.20944213867188,77.61929321289062
CPAY,Corpay,ok,Financials,Transaction & Payment Processing Services,2026-10-02,396.30999755859375,24.090576,754,False,False,1.6883448507373,0.9192730428690066,-0.45213329461686325,-4.824686991442395,11.151314297256887,38.37156261697419,334.30313461545916,336.6770321059512,317.11283840108615,317.11283840108615,54.88119040020152,32.963871079761915,33.8757736891193,-6.803215440729414,55.41568531709559,470753.15,-32.71144335412307,425.239990234375,255.0
CTVA,Corteva,ok,Materials,Fertilizers & Agricultural Chemicals,2026-10-02,12.029999732971191,7.2939396,754,False,False,-4.295942521584751,-84.5511759231327,-84.67906234426275,-86.62887677031291,-86.04509614198352,-80.2455998024054,74.93505572137379,69.55276249319434,63.33607110167688,63.33607110167688,-75.18398020316356,55.92979966051473,3.6910517472377933,-86.6803220872953,0.0,11177339.8,385.92059445128433,90.31749725341797,12.029999732971191
CSGP,CoStar Group,ok,Real Estate,Real Estate Services,2026-10-02,27.19499969482422,151.05556,754,False,False,-1.8939380647002624,0.9090869200333307,-3.1861888675754124,-13.003840384818266,-5.243906021280164,-67.42333660607659,46.56716272566054,63.00238048507873,69.2904310201144,69.2904310201144,-64.2029758353971,35.77066357841035,16.237282099020206,-67.93042604228951,0.9090869200333316,6085764.7,-71.1508070629152,84.80000305175781,26.950000762939453
COST,Costco,ok,Consumer Staples,Consumer Staples Merchandise Retail,2026-10-02,918.3499755859375,44.207027,754,False,False,0.372699098895235,-0.6748992621901428,-0.4789973505595513,-1.0910310503085108,-3.2033593018918616,0.694193668589671,949.3762517051091,952.5279949537786,877.1705009804481,877.1705009804481,67.26300894407808,20.366942692649033,49.70439327969132,-15.94688260542304,8.51802046922494,2360113.5,-50.09265444225458,1092.5828857421875,846.2649536132812
CRH,CRH plc,ok,Materials,Construction Materials,2026-10-02,82.12000274658203,14.508835,754,False,False,0.5140830037067445,-2.8510541435203485,-3.4336760789147047,-11.384477857795726,-23.36017835956281,-30.713003850116895,109.43122461107042,102.9772206644613,92.88683036278034,92.88683036278034,60.63131572785525,31.070658232676045,27.434226641021212,-36.793672809782635,0.5140830037067466,5478455.35,-45.53378992127771,129.9237060546875,81.69999694824219
CRWD,CrowdStrike,ok,Information Technology,Systems Software,2026-10-02,268.32000732421875,,754,False,False,0.8380664500804436,2.1237791342178847,6.421291448009603,31.904438963455494,34.57718966449339,114.67318338277677,148.47109128558446,124.50921307142038,106.53005131992168,106.53005131992168,533.0541888635676,49.40136993534471,72.86865278135012,0.0,206.43255654443254,10493724.6,-62.146023919857775,268.32000732421875,87.5625
CCI,Crown Castle,ok,Real Estate,Telecom Tower REITs,2026-10-02,67.00050354003906,27.348978,754,False,False,1.3316708361790663,-0.10361734769848141,-1.2374599692934862,-9.823933697273246,-9.270272593452166,-26.391445006336266,82.4614391629658,87.45965778305236,88.82948339649474,88.82948339649474,-13.400490375125928,27.079243159781118,19.263151265280285,-28.744064737095815,1.3316708361790675,3546041.05,-57.80023471527493,94.02796173095703,66.12000274658203
CSX,CSX Corporation,ok,Industrials,Rail Transportation,2026-10-02,47.39799880981445,27.572674,754,False,False,1.8435708582052346,0.997226724047251,1.3210774832065342,-2.5734895720372464,-2.627011744850205,37.16359040028261,42.26046388111417,37.111665885286975,35.68766867893128,35.68766867893128,61.85989248031105,22.277760189878947,37.45851801412982,-10.712462764525203,42.539366643948505,10525973.55,-34.43009364202706,53.08467483520508,33.252567291259766
CMI,Cummins,ok,Industrials,Construction Machinery & Heavy Transportation Equipment,2026-10-02,528.655029296875,27.070368,754,False,False,2.254357697654741,1.3972868112692272,0.6846897030810428,-4.037936854485946,-21.764742809528435,26.31225573120224,569.6494634719122,455.8586991146741,388.7136976206651,388.7136976206651,149.0638772457737,30.39544475999736,41.5288586655765,-27.0711855250497,31.47334971155955,1117264.5,-48.19579428147945,724.891845703125,402.10052490234375
CVS,CVS Health,ok,Health Care,Health Care Services,2026-10-02,86.20999908447266,22.75198,754,False,False,1.1854485591637154,-1.0218133240414096,-3.2761115886081105,-11.33395442969003,-15.023787167307912,15.710026279121902,84.85982885814849,72.28581787960462,68.49663597329543,68.49663597329543,38.712710128165774,33.20777806878233,26.07580539568697,-21.569873137133722,24.864559997763433,7698852.0,-27.104196833501927,109.91949462890625,69.04280853271484
DHR,Danaher Corporation,ok,Health Care,Life Sciences Tools & Services,2026-10-02,215.72000122070312,38.443848,754,False,False,1.8700447754967042,-4.4260292466331785,-3.7363366164719802,2.9499736606893867,11.611563357962872,2.0822357856015605,204.0859996856205,207.86241660555046,218.56976160509834,218.56976160509834,2.842258463462044,28.85133863882355,63.78358280890676,-10.344046020776826,33.74752157804643,4303545.55,-52.1996229364878,240.60867309570312,161.28897094726562
DRI,Darden Restaurants,ok,Consumer Discretionary,Restaurants,2026-10-02,200.11500549316406,19.43301,754,False,False,1.3702455705763672,2.565222114271748,0.18273116053268978,-9.051035493623182,-0.7314682030801656,7.309006797791651,196.90683655511765,191.23883886451264,175.37899001144288,175.37899001144288,54.92387845975053,26.319316354024018,29.97721694428928,-12.106899187171894,21.035194214853913,1327527.0,-53.07515402699907,227.67999267578125,165.33621215820312
DDOG,Datadog,ok,Information Technology,Application Software,2026-10-02,277.739990234375,555.5998,754,False,False,0.46299602794599437,3.418227866858081,3.5840768196616413,32.74386842508481,8.75983692090454,81.88604832029907,180.16593297322592,154.33980108922222,141.70822959110654,141.70822959110654,202.41724881230988,54.41161298154743,89.65572194247645,-3.6127030652824126,170.66218000910487,3289620.2,-62.573065425607496,288.1499938964844,102.61499786376953
DVA,DaVita,ok,Health Care,Health Care Services,2026-10-02,178.16000366210938,15.093643,754,False,False,1.0263665982133796,1.69530291644151,-0.17369729168679182,-0.6856545692201177,-24.41559603433334,34.08595635529104,160.30150801037985,154.18002001697798,144.3465254098098,144.3465254098098,87.33964933826033,37.810979427329336,35.55153255509083,-26.062417538994737,71.52209391654411,704099.35,-70.17650989167934,240.9600067138672,103.87000274658203
DECK,Deckers Brands,ok,Consumer Discretionary,Footwear,2026-10-02,78.99500274658203,11.2325735,754,False,False,-0.7226303260619349,1.692845566735457,0.4131239166152767,-5.6888720966105755,-25.243679269980934,-21.926267534769806,99.31708332848928,119.68042829597138,125.39736961749252,125.39736961749252,-8.420437125178626,46.41039263699478,44.27990518199814,-34.68248623125834,1.915882556346143,3418944.95,-60.204126714587794,120.94000244140625,77.51000213623047
DE,Deere & Company,ok,Industrials,Agricultural & Farm Machinery,2026-10-02,682.211669921875,37.84825,754,False,False,2.2407547189141175,0.49075904653246294,-0.9588353831788354,-2.080613376166407,7.6505959985534,52.74519900383292,559.8867984347874,509.5546783204098,462.59737357789703,462.59737357789703,89.95346908532254,28.125044996279865,51.02521401787422,-3.613968691102655,57.135100954364646,1242534.45,-53.57158910161404,707.791015625,434.1561279296875
DELL,Dell Technologies,ok,Information Technology,"Technology Hardware, Storage & Peripherals",2026-10-02,565.5499877929688,32.89458,754,False,False,4.395096907705254,4.811052770709101,0.47255646312940325,14.902473337421362,37.56302610209432,282.6542207984948,261.57385650513663,188.00404367028955,158.62472223033956,158.62472223033956,776.549415438755,61.96303062151514,57.731284200792125,-3.883418707170884,411.6028787552319,8467991.35,-52.10638707135665,588.4000244140625,110.54472351074219
DAL,Delta Air Lines,ok,Industrials,Passenger Airlines,2026-10-02,83.70999908447266,13.885572,754,False,False,-0.49922522602751096,-1.3668005473890354,-1.4480849088532644,7.128231044703726,-8.46783158171175,50.82121821400622,72.41514800843738,63.467640044679676,56.16466791370503,56.16466791370503,137.42555996982202,41.00899435289671,61.11425568745427,-10.402853445546603,51.604554422010274,7176443.9,-39.77688587518953,93.42931365966797,55.21601867675781
DVN,Devon Energy,ok,Energy,Oil & Gas Exploration & Production,2026-10-02,47.47990036010742,10.322826,754,False,False,0.6783301817861798,1.8882015339012792,0.9137112221422772,-2.53436610111889,18.402867489620476,37.854252895459965,41.95451638812111,37.66623981825384,39.31045584843076,39.31045584843076,14.755733904670066,34.36594478137771,42.66116843671765,-7.571929592141048,53.40302830751323,12769726.8,-72.59740905341843,51.36956787109375,30.95108413696289
DXCM,Dexcom,ok,Health Care,Health Care Equipment,2026-10-02,85.11000061035156,33.651623,754,False,False,-1.2988550423058465,-1.7659265813426028,-1.7432487743600955,-5.1064797707489955,17.587736722844994,28.79842350481536,71.21813497089204,74.71334664090222,86.0692705210071,86.0692705210071,-9.984137637984713,47.13226084961178,52.205131495652026,-7.829755267785645,55.19693722381442,4157038.2,-70.62418141839544,92.33999633789062,54.84000015258789
FANG,Diamondback Energy,ok,Energy,Oil & Gas Exploration & Production,2026-10-02,184.5,35.211834,754,False,False,-0.5444420984006437,0.2989959559023925,-1.1624782719402815,-9.300952875455138,6.784136300572019,31.631644959017624,175.0731741284567,161.90578629391126,163.48353589814286,163.48353589814286,37.10583068120599,33.13389387157852,28.805431226933507,-12.778328811649569,37.624053687461824,3219988.9,-61.1744624337059,211.52999877929688,134.0608673095703
DLR,Digital Realty,ok,Real Estate,Data Center REITs,2026-10-02,179.6750030517578,87.65854,754,False,False,1.8046333840230577,1.7642759040763512,0.596272570274281,-1.552544758625185,4.149131480353452,7.798711818328963,175.36041501968626,168.41535399539538,156.14435371985803,156.14435371985803,66.37209015801643,27.043218269978077,53.17532886309224,-10.689420806853123,23.94590757429956,1828235.35,-65.15727583978726,201.1799774169922,144.96243286132812
DG,Dollar General,ok,Consumer Staples,Consumer Staples Merchandise Retail,2026-10-02,119.19000244140625,15.864181,754,False,False,0.21861778824796563,-2.8131090716014717,-4.525788258750152,-8.938801285659947,3.034234203812858,22.000913846857163,121.77659482804556,105.22425056548707,110.56299302685483,110.56299302685483,22.515451208217428,39.58411564453214,29.465006156896948,-22.960841698633022,25.99470873697145,2351557.5,-69.09495089956337,154.71353149414062,94.59921264648438
DLTR,Dollar Tree,ok,Consumer Staples,Consumer Staples Merchandise Retail,2026-10-02,112.15750122070312,13.731618,754,False,False,-1.9859294576702657,-1.0083864080151606,-1.6766007532547311,-14.974226285371618,-7.65889834833594,24.1779247117627,114.48772793724423,99.11372001617553,104.7167074218669,104.7167074218669,7.1636702620411885,41.26472277545813,36.0600293740631,-20.573970761174838,31.887935104930637,2838722.95,-69.63215448693222,141.2100067138672,85.04000091552734
D,Dominion Energy,ok,Utilities,Multi-Utilities,2026-10-02,61.220001220703125,21.183392,754,False,False,0.7570818167828897,0.9564674091235181,0.8899158088522263,-6.376267104747324,-10.715454433073157,4.82084459503811,62.20550720275394,57.60729807971483,53.05380519189,53.05380519189,66.65324658777101,22.567841979165763,28.3422699886477,-13.741843251324124,10.587394773378081,4883407.6,-56.70130013312835,70.9729995727539,55.35893249511719
DPZ,Domino's,ok,Consumer Discretionary,Restaurants,2026-10-02,297.3550109863281,16.85431,754,False,False,0.7983088089247969,-1.476089794341795,1.7851016897381777,-13.697371558383264,-2.1954342948640737,-29.047895895571674,361.28111339750745,400.2976673627755,406.7214067696893,406.7214067696893,-17.90375599077436,28.89458906060447,27.51540629466814,-30.987604479414344,5.7110393428721835,732834.65,-62.584602133646385,430.87188720703125,281.2904052734375
DASH,DoorDash,ok,Consumer Discretionary,Specialized Consumer Services,2026-10-02,188.43499755859375,98.59162,754,False,False,3.4362532740330964,0.7135175903412394,-2.547064044379277,-16.710133935933193,-0.013270271878640383,-29.59386218607284,196.64787698170497,199.13768929409315,170.05935670969023,170.05935670969023,137.20416889158656,42.33710103630138,37.08643620594786,-33.11741176613314,28.53682790813668,4258312.35,-42.4620178461075,281.739990234375,146.60000610351562
DOV,Dover Corporation,ok,Industrials,Industrial Machinery & Supplies & Components,2026-10-02,190.05499267578125,22.989721,754,False,False,1.0608290668332687,0.1871353364522932,-0.9511216179850734,0.6114339950322067,-11.260811741909905,15.384926791313758,202.60092072259812,192.45043820688923,182.07165994821239,182.07165994821239,42.73432548202203,24.671475017153842,52.183349849878596,-17.935660293285057,19.136573279867424,1335708.2,-70.9993544997328,231.59266662597656,159.52699279785156
DOW,Dow Inc.,ok,Materials,Commodity Chemicals,2026-10-02,28.065000534057617,16.00705,754,False,False,1.721639647853257,1.6479533272283353,0.16059984139464856,-10.278133254519018,3.881042465852458,27.766452419268205,29.459059094625808,30.505088992327806,35.88537312565811,35.88537312565811,-34.97082775665944,38.01518732756514,41.88532916150749,-31.50375403634669,42.61583037778774,8978700.45,-55.75853073481252,40.97304916381836,19.678741455078125
DHI,D. R. Horton,ok,Consumer Discretionary,Homebuilding,2026-10-02,135.34500122070312,12.858974,754,False,False,-1.2512741634607583,-2.908890138684228,-4.356577998337075,-4.860813688419285,-13.469945922923221,-20.56973275699181,148.56974647158668,145.88239710834398,145.69326712408497,145.69326712408497,31.510057106248546,35.3399047350526,42.01217106170566,-21.70931993237145,2.7383273749921093,2914964.95,-46.88447283045376,172.87498474121094,131.7375946044922
DTE,DTE Energy,ok,Utilities,Multi-Utilities,2026-10-02,124.21499633789062,19.643988,754,False,False,0.7666096540592138,1.4911324106081647,2.285073979493113,-7.863819769448865,-17.183355475613425,-8.323377974782764,137.44869728693885,130.76276406823877,121.01872469955161,121.01872469955161,44.16977013482055,18.06467239056651,30.642335947147373,-18.82970774102496,2.8014520032606303,1948668.7,-59.820055610273826,153.03012084960938,120.83000183105469
DUK,Duke Energy,ok,Utilities,Electric Utilities,2026-10-02,113.94999694824219,17.20997,754,False,False,0.1846308145039499,-0.22765269093310003,0.5293325824420547,-5.482747797119869,-8.746632601863869,-3.628488249158912,121.75728973509773,116.30946623661603,107.81569241592042,107.81569241592042,49.30764174732776,16.563827016878673,21.864555610407493,-13.12363707221736,2.572545522772237,4042580.8,-51.295568415107496,131.1634063720703,111.09210205078125
DD,DuPont,ok,Industrials,Industrial Conglomerates,2026-10-02,130.58999633789062,56.04721,754,False,False,1.0758509461925803,0.361205993191005,-0.8503608829128151,-1.760322325148933,-7.008492439122527,35.34505069185203,130.9583914015028,111.56218009735959,104.54786899677954,104.54786899677954,50.37027490661756,30.237964739530604,70.42799303954072,-14.474765579593413,43.64572133319592,1081240.15,-74.72319169797754,152.6917724609375,90.91116333007812
ETN,Eaton Corporation,ok,Industrials,Electrical Components & Equipment,2026-10-02,436.32501220703125,44.35569,754,False,False,-0.21839246591006667,0.7051084244985573,-0.8307192799743901,11.634899678489873,5.800040817842755,18.015649632597565,381.40002259754,355.0606082749082,327.54823133230843,327.54823133230843,115.44464443114882,34.825013451116476,77.54453201222184,-5.138485887278564,39.3119261451325,2063719.8,-47.5512131055776,459.9599914550781,313.2000427246094
EBAY,eBay Inc.,ok,Consumer Discretionary,Broadline Retail,2026-10-02,106.82499694824219,22.38889,754,False,False,0.8829894834102348,1.5350231706330986,-0.9962970921542413,0.11715089369743747,-5.7360840921967915,23.528637472767567,97.53281523689391,84.37510582365363,72.01576888086942,72.01576888086942,157.79519926206228,31.881683692528405,43.8336631219282,-9.67817554864394,35.75877157686225,5051201.7,-74.8270990643672,118.27152252197266,78.68736267089844
ECHO,EchoStar,ok,Communication Services,Wireless Telecommunication Services,2026-10-02,93.81999969482422,4.127365,754,False,False,6.31161438506993,4.372010603916365,4.117189057089488,8.224705332356086,-4.5477680120735275,18.0125782324833,102.03019838484506,66.15340637495794,49.40003979300947,49.40003979300947,484.18432636802686,83.60881918662616,49.82935229757835,-33.836390919837015,40.17630250566277,3257618.95,-24.605086178050385,141.8000030517578,66.93000030517578
ECL,Ecolab,ok,Materials,Specialty Chemicals,2026-10-02,274.6451110839844,36.91668,754,False,False,1.2479175685661037,-1.1605729621303906,-1.7334714371444182,-1.6167327742638071,-2.9413725002976565,2.9407455118269032,270.7047140938895,261.6778533753171,244.93685629766247,244.93685629766247,69.72492878285395,20.432395997403038,49.78340429076051,-10.210706606582129,12.369373740622642,1183253.5,-58.85328038328219,305.8773498535156,244.41278076171875
EIX,Edison International,ok,Utilities,Electric Utilities,2026-10-02,53.46889877319336,5.514964,754,False,False,-0.615428380227756,-0.17009446930874583,1.5553603486828882,-3.118499540390829,-27.707606298804865,0.24086612827938225,64.67536213284447,61.22677458045017,62.13141228349519,62.13141228349519,0.5290116929234756,31.094462209906187,36.17047934429557,-33.47984498603635,6.6061904152359325,5013639.1,-44.96249241394339,80.37999725341797,50.1555290222168
EW,Edwards Lifesciences,ok,Health Care,Health Care Equipment,2026-10-02,85.48999786376953,50.89881,754,False,False,0.35214862515071665,-2.9405130715744243,-0.927109796349368,-5.86875341220513,-10.180712765641076,12.0298789134766,84.35392855084132,79.01739039934014,78.87055694013439,78.87055694013439,23.576174453086107,31.715960491396295,49.89216820881852,-10.18071276564108,17.673772977577773,3430852.15,-68.4788806769187,95.18000030517578,72.6500015258789
ELV,Elevance Health,ok,Health Care,Managed Health Care,2026-10-02,386.55499267578125,17.113325,754,False,False,1.2798960034023699,-1.572331662415749,-2.407282120292531,-4.337307322882211,-4.883391868995856,18.51191440773019,356.12693956163196,363.3048011810181,403.59672679951717,403.59672679951717,-7.669923011095669,31.300375164909873,12.94856746454667,-9.033140198222565,39.70941543150357,1229562.85,-64.94225569681127,424.9404602050781,276.68499755859375
EME,Emcor,ok,Industrials,Construction & Engineering,2026-10-02,790.864990234375,24.624882,754,False,False,2.839285867349517,3.7839664880537693,3.75945834293252,7.709119346812621,0.505984231361678,20.997063768259938,747.5589912051246,618.8902425576016,514.2051683623215,514.2051683623215,284.8940415237489,39.171628329871815,66.62491009025237,-16.15644899448488,36.20484569550653,350563.4,-53.854851932631874,943.2627563476562,580.643798828125
EMR,Emerson Electric,ok,Industrials,Electrical Components & Equipment,2026-10-02,161.5800018310547,35.27251,754,False,False,1.8982117473713478,2.7601095053887637,2.117175121008086,8.45751541472659,14.529511395296524,25.099318110935755,141.08431086464535,130.85770066705834,120.18917813288438,120.18917813288438,77.9737297617265,29.403666060348787,74.77612841073946,-1.3700218639435684,32.07948562213228,2404076.6,-28.474325651686804,163.82443237304688,122.3354263305664
ETR,Entergy,ok,Utilities,Electric Utilities,2026-10-02,100.56999969482422,25.716112,754,False,False,0.1693208828303705,0.8119462121578769,2.0290149195415053,-5.789227452155298,-11.121528207609433,10.358415275275036,102.87722838871063,90.67199928162107,76.89523972124256,76.89523972124256,149.48793778619884,22.057908287283986,37.002530428777504,-13.79485246767661,12.283632995460838,3117327.45,-67.71436378940557,116.66356658935547,89.56781768798828
EOG,EOG Resources,ok,Energy,Oil & Gas Exploration & Production,2026-10-02,141.19349670410156,10.994163,754,False,False,-0.08244346224963728,1.0980187611209669,0.6009907829742644,-5.213822274245783,9.932263979798584,31.303807186714906,125.57373331463526,121.12459132585867,118.86146077932666,118.86146077932666,26.98115391553346,27.176633554017638,38.924835365444096,-8.160861415879403,42.18140755837681,3250777.0,-44.578173156756066,153.74000549316406,99.30517578125
EQT,EQT Corporation,ok,Energy,Oil & Gas Exploration & Production,2026-10-02,50.119998931884766,11.63341,754,False,False,0.059889756848652276,2.5368204514594206,-1.3580051618911404,-10.098656624421942,-2.770826283066019,-9.702955585532413,55.425988257877414,52.20192495855202,46.83334773541762,46.83334773541762,33.74806597731528,33.766307736505055,34.472350326703165,-25.778182882270134,3.2125154746222484,7666671.55,-44.937891593908176,67.52731323242188,48.560001373291016
EFX,Equifax,ok,Industrials,Research & Consulting Services,2026-10-02,140.72500610351562,24.731987,754,False,False,0.7120950450157704,-0.0745549429623793,-4.986155206537612,-24.129281138094427,-17.918078227151234,-43.9278657267964,188.62950933547248,220.33945604909465,226.76717261357396,226.76717261357396,-19.38330446533896,35.01794225630366,11.369489066743142,-40.61519528648711,2.539347472210026,1907424.7,23.62186564953259,236.97140502929688,137.24000549316406
EQIX,Equinix,ok,Real Estate,Data Center REITs,2026-10-02,1030.3299560546875,66.105194,754,False,False,1.7780702597941733,1.4833429761267558,2.207160005916542,1.0880622744955604,3.645525224052082,35.97494203056966,937.6932152642144,885.7849501651597,842.302054245845,842.302054245845,54.053084985639984,25.86088882376476,60.498182118926074,-7.230400117296548,44.06528393769587,496211.65,-69.58293905433297,1110.6331787109375,715.1826782226562
ERIE,Erie Indemnity,ok,Financials,Insurance Brokers,2026-10-02,220.50750732421875,20.00862,754,False,False,-0.7214863273734662,-0.8643103065532842,-1.0555924255990279,-14.66758089886141,-13.752067767076548,-27.838811559827725,257.3292356824118,319.1922679460381,333.67182406316704,333.67182406316704,-20.51044737467721,32.39333991687205,15.318258222067172,-32.04961317992564,7.010860530323254,186611.7,-76.61775762184257,324.51251220703125,206.0608673095703
ESS,Essex Property Trust,ok,Real Estate,Multi-Family Residential REITs,2026-10-02,268.20001220703125,41.862717,754,False,False,-0.48606638385452205,-1.157213891515374,-0.3129322413448543,-2.354925025518506,-9.140930746408028,4.593825540289931,260.24251725938586,263.8407567544762,252.12441356871426,252.12441356871426,43.577463882132996,22.44132785787707,37.52034608457782,-9.241423951963226,15.228152220750758,535957.1,-57.22754675700723,295.50927734375,232.75563049316406
EL,Estée Lauder Companies (The),ok,Consumer Staples,Personal Care Products,2026-10-02,91.51000213623047,183.09,754,False,False,1.4635765152371416,-3.0306246975871254,-3.1332688115007334,-9.53039964827096,8.151750414910563,7.670258817442144,92.04576368180533,83.31398760275061,95.28596398937924,95.28596398937924,-32.571998668349714,48.45556879385337,36.72338746369847,-22.694525015745455,37.10526394000033,2937231.8,-65.46966432816095,118.37454223632812,66.74433898925781
EG,Everest Group,ok,Financials,Reinsurance,2026-10-02,368.2550048828125,7.783872,754,False,False,-0.12611096125818566,-0.15048200413630974,-0.5871521842110705,-2.120835018460554,-0.7166726248829081,6.015965765580722,340.2864582122318,342.04968851401037,349.23983266815264,349.23983266815264,3.4074291166906745,24.49716181050454,30.532956683516232,-7.133858449509195,22.920937166995202,422239.35,-57.562695186983404,396.54388427734375,299.5868835449219
EVRG,Evergy,ok,Utilities,Electric Utilities,2026-10-02,79.12000274658203,20.124681,754,False,False,0.4188371966240778,0.49536310557529717,1.3839080194574915,-2.042830215501834,-7.522142517896913,7.410242257840305,78.78052460201202,70.92238793240125,63.36782575349277,63.36782575349277,85.90137297970351,16.858671399336643,37.20586073846022,-9.47391181454997,12.193747456944811,2338743.7,-38.62628042568325,87.40022277832031,70.52086639404297
P,Everpure,ok,Information Technology,"Technology Hardware, Storage & Peripherals",2026-10-02,140.19000244140625,194.77777,754,True,False,4.518002935948817,7.797000501117157,11.26190669952878,51.67153735642265,80.35507061238427,63.60135190481109,80.30567452264211,69.32067736591476,62.39316981540751,62.39316981540751,294.4569466236495,60.644432091320645,92.63273644741913,0.0,145.99052169246713,7612361.55,-64.08432544825725,140.19000244140625,56.9900016784668
ES,Eversource Energy,ok,Utilities,Electric Utilities,2026-10-02,64.51000213623047,16.70596,754,False,False,0.31100075451642173,0.9546175207906904,1.3193089232643729,-7.340312553731232,-10.870570055071749,-5.738652040500658,68.53203812856523,63.332395507994875,59.94430369470733,59.94430369470733,32.97120876119097,24.85561976434258,33.201480547477175,-13.424208278575769,6.201614453996703,2575296.05,-51.09218608089737,74.51274871826172,60.742958068847656
EXC,Exelon,ok,Utilities,Electric Utilities,2026-10-02,40.689998626708984,14.955882,754,False,False,0.5436061264394443,0.09839384828709274,0.8676214000922444,-6.578499312824693,-12.694081560090964,-6.382758187002624,44.84756848168752,42.47307733330594,39.60805729023658,39.60805729023658,24.46983298516696,19.764941727615803,27.087988688509483,-17.550726145520976,1.2189001354976647,8237087.05,-56.13205277465168,49.35155487060547,40.20000076293945
EXE,Expand Energy,ok,Energy,Oil & Gas Exploration & Production,2026-10-02,85.75,7.3943963,754,False,False,-0.2442986118069812,1.8650507117278892,-1.255177779659844,-13.662907507571587,-2.9528790495180646,-19.689648894304156,99.83410008748372,98.87599393381066,91.29853493971281,91.29853493971281,11.555720272996005,28.553039047198087,26.888249137372682,-28.99276188151279,1.9740798363685788,3476072.4,-47.51409665690507,120.76233673095703,84.08999633789062
EXPE,Expedia Group,ok,Consumer Discretionary,"Hotels, Resorts & Cruise Lines",2026-10-02,266.5299987792969,16.77187,754,False,False,1.4695188465524867,0.07509939440371038,0.8933585310991754,-13.48113974823939,0.05780989846149165,23.19740505039034,254.8711389208597,216.4452340479391,186.9842287665653,186.9842287665653,164.7966747209391,45.36874266781145,31.42307040107761,-21.294421767358784,42.2000076361848,2417707.0,-72.93964901454146,338.6418151855469,187.4331817626953
EXPD,Expeditors International,ok,Industrials,Air Freight & Logistics,2026-10-02,191.5800018310547,27.412607,754,False,False,2.045379900678901,1.8176010323037728,2.197799514365806,2.911472959993544,15.618591043726049,59.287386312211666,156.02232506161644,135.35108163537257,129.36378768394732,129.36378768394732,72.95112611061367,26.193411414296786,46.978268829093366,-1.1964889832169054,71.11461688781748,1043392.65,-10.642172915440796,193.89999389648438,111.96004486083984
EXR,Extra Space Storage,ok,Real Estate,Self-Storage REITs,2026-10-02,133.52000427246094,29.525442,754,False,False,0.330630023558931,0.022472678149987324,0.12748268553759434,-3.458927082000207,-7.5612956468267045,-0.9237706627548081,137.26926443311902,138.91940831948088,136.46741170908476,136.46741170908476,27.651289975242534,26.501831995897344,39.779319434020984,-11.619292891075297,10.368837183782894,1527601.3,-74.72337841032211,151.07369995117188,120.97618103027344
XOM,ExxonMobil,ok,Energy,Integrated Oil & Gas,2026-10-02,164.30499267578125,21.151867,754,False,False,0.29604769251576624,1.8314139823272235,2.313342314345701,0.09442508989345733,21.20265122202831,50.96616581278843,140.43469892229353,123.4592861920239,116.29237884804805,116.29237884804805,56.81243490809713,23.42703622921217,48.577702829472756,-2.9618559127714943,52.808212558809686,13836416.3,-58.65601412990154,169.32000732421875,107.52366638183594
FFIV,"F5, Inc.",ok,Information Technology,Communications Equipment,2026-10-02,453.8500061035156,36.188198,754,False,False,2.2921956355075324,3.6021636988304406,2.435338013898436,16.050430010856886,8.309669337673942,38.66906848799292,329.58003985692585,303.59265006015977,262.0395495063114,262.0395495063114,180.22350413045305,30.44753886648358,69.9849082269888,-0.46930506736769406,102.62065046351663,546446.05,-45.27895297257616,455.989990234375,223.99000549316406
FDS,FactSet,ok,Financials,Financial Exchanges & Data,2026-10-02,267.9800109863281,18.370625,754,False,False,-3.46888616165556,3.0811284871383515,-1.867575742167349,-12.444864059333337,6.6573635283291965,-4.865637351668928,252.83611691187298,339.32985200919956,368.6458584206174,368.6458584206174,-36.243447036502744,33.12661821322955,43.57132930318894,-14.533560382955471,42.9533618952376,906902.8,-72.61492631845441,313.54998779296875,187.45974731445312
FICO,Fair Isaac,ok,Information Technology,Application Software,2026-10-02,660.9949951171875,17.179108,754,False,False,-0.11409216211749618,6.979623600563545,-23.4152898828622,-39.87948297122118,-48.62107639274359,-56.30391732810851,1322.099858117482,1580.167200217684,1493.0945031446868,1493.0945031446868,-23.459630778272956,47.790730753184945,16.156961633385578,-64.8322748559258,11.565991156098447,967448.4,39.72507474300437,1879.550048828125,592.469970703125
FAST,Fastenal,ok,Industrials,Trading Companies & Distributors,2026-10-02,50.619998931884766,43.269234,754,False,False,0.7764272211878254,1.3210565642648886,0.37675713971685454,5.612348444776671,5.356607641677957,8.381295962938884,44.95896409049867,42.472851415079425,38.81691070576878,38.81691070576878,98.31201199042523,24.177745403360895,60.96652008241996,-3.3600651018348637,31.42294739062679,6795355.4,-60.60679916756083,52.380001068115234,38.51686477661133
FRT,Federal Realty Investment Trust,ok,Real Estate,Retail REITs,2026-10-02,107.33000183105469,21.67677,754,False,False,-0.6479653393982376,-0.8207621088496042,-1.83481110715773,-8.010715985834082,-10.009813360640074,12.331115556388816,106.79066815451971,100.94882875419708,97.78068603191831,97.78068603191831,37.7239685454277,20.202246441923574,20.160897513589163,-14.660453385590314,17.97904347794,967950.45,-43.30195311133953,125.7681884765625,90.97378540039062
FDX,FedEx,ok,Industrials,Air Freight & Logistics,2026-10-02,288.70001220703125,15.580097,754,False,False,0.5678074480875983,0.4278745542508844,0.9970285263816159,-8.437049299044318,-6.484245418157819,52.09986754941334,277.74535321432444,235.46793848774823,224.38828813871592,224.38828813871592,43.518798899683176,31.111870352645965,30.085100922401935,-14.591609609602019,62.20239202578058,1610804.1,-58.80430152865889,338.02301025390625,177.98751831054688
FDXF,FedEx Freight,ok,Industrials,Cargo Ground Transportation,2026-10-02,112.54499816894531,25.704336,90,False,False,1.694226105559049,0.4328044091719496,-0.5610550755595245,-11.101896109460718,-26.287003164889676,,143.46927795410156,143.46927795410156,143.46927795410156,143.46927795410156,-25.466888629837538,65.63646789665516,19.553076312615588,,,1807412.75,-62.81673900994667,,
FERG,Ferguson Enterprises,ok,Industrials,Trading Companies & Distributors,2026-10-02,223.85000610351562,21.991642,754,False,False,1.0655111074185264,-0.00892884893368695,0.498339132161707,1.184292558231248,-1.8499221602681581,0.8023242295238431,236.6371957082597,214.08572250913338,205.07783113676925,205.07783113676925,44.525639345812706,30.517376450980688,52.46322467022282,-15.748216268294751,4.475875964971015,1399196.35,-22.21770732892493,265.69171142578125,214.25999450683594
FIS,Fidelity National Information Services,ok,Financials,Transaction & Payment Processing Services,2026-10-02,32.55500030517578,4.9992313,754,False,False,-1.6465202237740728,-2.383802714600469,-8.062692896184753,-21.349032011608582,-20.20557067929675,-49.18240828792414,49.42813407050239,61.75933976192398,62.45962840113147,62.45962840113147,-34.905062328030326,28.59996788184805,12.524969629814123,-50.709084475942625,0.0,6324222.15,-34.69800867131146,66.0466537475586,32.55500030517578
FITB,Fifth Third Bancorp,ok,Financials,Regional Banks,2026-10-02,51.005001068115234,17.171717,754,False,False,1.1803237899308705,0.9001025478178493,-1.2883199607830353,-5.461798963227649,-11.161195197464636,18.838984885701528,48.9922392254784,44.45009203831038,40.27906372566122,40.27906372566122,131.72397047977768,27.922021408312826,32.824994101659186,-13.375804967890689,30.587417302756737,6276201.45,-49.79719779389809,58.88077926635742,39.058128356933594
FSLR,First Solar,ok,Information Technology,Semiconductors,2026-10-02,175.86000061035156,10.845059,754,False,False,2.1788391067929958,-0.6047544846680797,-1.0410252848025214,-13.198422846789859,-24.5430350757047,-21.77742421441198,229.49623132130458,201.92117596812457,197.29844854744422,197.29844854744422,12.485611314889145,56.69968198549956,32.18692443897075,-44.7415551892061,2.1788391067929935,2462195.15,-53.2407900324229,318.25,172.11000061035156
FE,FirstEnergy,ok,Utilities,Electric Utilities,2026-10-02,43.43000030517578,23.213903,754,False,False,0.0921892511869693,-0.48120780799659757,0.30023341895111244,-6.178441464217411,-8.068430872509447,-1.729742233915188,46.306425775800435,42.69949829435919,40.12001402624722,40.12001402624722,50.89525232368515,17.84153548027511,25.308590616459114,-14.63509658491319,1.60477861101961,4239341.9,-17.762282867536594,50.875709533691406,42.74405288696289
FISV,Fiserv,ok,Financials,Transaction & Payment Processing Services,2026-10-02,44.54999923706055,8.539272,753,False,False,-1.8290035511653202,-1.7857172892236872,-4.152324277503472,-14.293959928065291,-13.962919491467984,-65.44636487408333,62.83673313034483,124.41732531488536,131.76969457274257,131.76969457274257,-60.522818042149275,41.429679282783894,9.240498749841848,-65.0752586314555,0.0,7634005.65,-46.41721282980712,127.55999755859375,44.54999923706055
FLEX,Flex Ltd.,ok,Information Technology,Electronic Manufacturing Services,2026-10-02,116.86000061035156,45.292637,754,False,False,3.6176643688735854,2.661863068221648,1.9009420120112974,10.29731380496315,-15.715827079228827,101.44803308324413,91.76150803338913,67.10085661002839,53.62359102335153,53.62359102335153,481.0161835572873,51.75905669089958,66.64070014464937,-27.89535674137733,114.38268979764048,3180687.85,-70.92273609936291,162.07000732421875,54.5099983215332
F,Ford Motor Company,ok,Consumer Discretionary,Automobile Manufacturers,2026-10-02,12.095000267028809,6.182874,754,False,False,-1.426244370057328,-1.6666660205458705,-4.838707862095548,-14.462517868747039,-11.59802205831152,3.169604285924277,13.071063124944294,11.423721704824986,10.98724263163397,10.98724263163397,18.655472861518586,36.39764057921707,19.829042718779604,-29.896830685715596,10.945778269527727,47887639.7,-33.423125049113665,17.253143310546875,10.901721954345703
FTNT,Fortinet,ok,Information Technology,Systems Software,2026-10-02,180.28500366210938,63.955673,754,False,False,0.8756728014306603,2.4579431593652723,3.9346227857009364,16.659124818459993,11.047118499742004,111.65179973726151,111.30779753790961,103.18678289770605,89.79926397187008,89.79926397187008,207.49616301841377,41.42536802690216,66.78295555915983,0.0,139.6450825699629,3879155.6,-62.107423584658484,180.28500366210938,75.2300033569336
FTV,Fortive,ok,Industrials,Industrial Machinery & Supplies & Components,2026-10-02,56.7599983215332,30.037037,754,False,False,1.6475611863025375,2.4363805772220193,1.1945055573589602,0.40476921022429835,-10.646071609286667,13.840921175953014,56.680334938897026,55.3340690354427,55.54724867843507,55.54724867843507,3.5450484812880045,25.269358173991037,59.05421007150689,-11.329224963916193,19.270996740893413,2057131.15,-61.42088461399264,64.01206970214844,47.58910369873047
FOXA,Fox Corporation (Class A),ok,Communication Services,Broadcasting,2026-10-02,62.06999969482422,16.178387,754,False,False,1.2891660105486924,-0.656209747784886,-1.5855398839998203,-8.071678345976107,11.588023862736808,1.2280669010842349,62.903224475800045,57.17470751910571,48.82359435893496,48.82359435893496,108.221998660292,28.805113939111372,14.348841361028164,-17.68486088012913,27.78074452235116,4827002.75,-50.63696617947856,75.40532684326172,48.57539367675781
FOX,Fox Corporation (Class B),ok,Communication Services,Broadcasting,2026-10-02,55.68000030517578,14.5078125,754,False,False,1.3838349627990576,-0.26867548085135473,-1.5210481012132182,-7.615729413847438,12.134044797603828,0.5462122211479903,56.4275661801535,52.00407033517541,44.557823907159054,44.557823907159054,102.32384033577917,28.181579158915998,18.76429966243849,-16.978148387293466,26.052918953953156,1218243.45,-74.59711357364573,67.06668090820312,44.17192459106445
BEN,Franklin Resources,ok,Financials,Asset Management & Custody Banks,2026-10-02,33.185001373291016,22.591835,754,False,False,2.1076965332031294,2.6128791932185758,1.525203590194435,1.5559718023596902,-2.6607900038547405,54.50903844898607,27.423175365205797,23.69211291126996,22.864036807963323,22.864036807963323,60.69510883138341,30.084349444826724,50.536433118760094,-6.280058283753538,64.43028163762882,3908800.15,-46.36198015905213,35.408687591552734,20.181806564331055
FCX,Freeport-McMoRan,ok,Materials,Copper,2026-10-02,71.80000305175781,35.215687,754,False,False,3.637419625957028,1.4267581906598492,-0.7052890665950939,-2.8811000197829673,17.99061751566333,85.6532634617786,58.93634541829427,49.718252333986804,47.12981129451519,47.12981129451519,103.73251011657128,44.190956839766585,59.220417500714895,-10.148917830918647,87.09570320654151,11151708.05,-29.74295090158857,79.91000366210938,38.37608337402344
GRMN,Garmin,ok,Consumer Discretionary,Consumer Electronics,2026-10-02,281.54998779296875,29.02219,754,False,True,-0.32217081697890615,-2.9907393669802995,-4.280283616126357,2.3910515719247183,15.259871072974729,12.156998377364925,238.69559781513516,222.14681192223296,194.34624986117336,194.34624986117336,186.2925601740192,34.177910464344905,51.434152720917425,-9.745732824641806,52.96750997100925,805945.65,-51.11171578381247,311.9519958496094,184.05868530273438
IT,Gartner,ok,Information Technology,IT Consulting & Other Services,2026-10-02,186.30999755859375,16.754496,754,False,False,-3.366185368483521,0.24750682807184177,-0.8461928629793225,-0.23561041039156239,37.89504604910754,-25.772909339205675,186.53908735608297,306.6351789345304,353.40911139733595,353.40911139733595,-46.153179896360186,42.4440496646514,37.67749786635594,-27.834377399238626,48.1826076387513,1050831.45,-78.18594028566616,258.1700134277344,125.7300033569336
GE,GE Aerospace,ok,Industrials,Aerospace & Defense,2026-10-02,308.67999267578125,36.471073,754,False,False,-1.1876250195869686,-2.8972353796145045,-5.628421495071178,-6.3186668662272405,-18.48526496089079,2.9875454708271354,318.27258349221853,267.45106202387717,222.7009176461703,222.7009176461703,261.1106261708852,31.322274691388102,40.97560703293541,-19.028384741787363,13.106956739842479,4345783.45,-41.82708298546262,381.2200012207031,272.9098205566406
GEHC,GE HealthCare,ok,Health Care,Health Care Equipment,2026-10-02,64.37000274658203,14.843317,754,False,False,0.6095705019319997,-3.1447432541101605,-3.3918574215759945,-8.772668687908446,-0.6687615796213464,-14.590775250401201,72.37347549862332,75.4074306867987,76.73714750072368,76.73714750072368,-4.620657323594212,33.22467646191946,50.729056486234185,-26.879205725832065,8.273294718434867,3583684.6,-64.8911067675989,88.03241729736328,59.451412200927734
GEV,GE Vernova,ok,Industrials,Heavy Electrical Equipment,2026-10-02,990.2332153320312,28.405909,632,False,False,0.28185762221819566,2.88244297386413,3.404572776853265,7.407555015486533,-14.045243068300206,63.73533581022342,851.1913798498729,637.5455885807356,542.3246571866772,542.3246571866772,657.6516414170306,52.99609111752134,87.12648586361708,-15.71478919373392,81.04755505725758,2113670.9,-21.850747909714798,1174.8599853515625,546.9464721679688
GEN,Gen Digital,ok,Information Technology,Systems Software,2026-10-02,22.229999542236328,13.032164,754,False,False,-0.08988969781426048,6.61870088977583,2.8214555010376063,-27.471452466849,-16.060157937596887,-19.36845603707734,24.805903003329323,26.192851233767325,24.669240384898703,24.669240384898703,34.479041667435894,33.043300835585434,12.561168181188819,-29.226362145086505,25.4759964588725,11689681.05,-61.47011213791842,31.40999984741211,17.716535568237305
GNRC,Generac,ok,Industrials,Heavy Electrical Equipment,2026-10-02,216.8699951171875,49.86207,754,False,False,4.309552834042418,2.1911195314943566,4.194290262870659,19.976765715704836,-15.879912660137085,29.173861400680323,202.88142879425533,178.43669342709728,161.80592850095712,161.80592850095712,104.40150634882843,47.203884754566076,74.50547649941235,-26.619073950448435,59.03058068662651,1436546.85,-52.73130145389968,295.5400085449219,136.3699951171875
GD,General Dynamics,ok,Industrials,Aerospace & Defense,2026-10-02,329.30999755859375,20.07866,754,False,False,-1.0248868867511862,-0.911716559151754,-2.200642562142452,-9.547616960017757,-12.62205654529489,-1.6523503918291826,349.92579662989056,314.0874501870448,296.84839931660053,296.84839931660053,56.77168157021131,20.971033790638995,14.024101041684972,-16.83460955542308,5.832823089670775,1253250.6,-56.903112593762174,395.9700012207031,311.1605529785156
GIS,General Mills,ok,Consumer Staples,Packaged Foods & Meats,2026-10-02,32.1349983215332,10.21146,754,False,False,1.4682609539597768,-4.982263123878406,-4.473843922180176,-20.81075191834706,-9.492659115002489,-32.67381514783754,39.49586757781014,46.52194116600006,50.921004221989556,50.921004221989556,-41.06650770102351,23.74919691594919,19.916712022990893,-32.977857543844465,1.6203101242104865,10580519.25,-11.211493708118347,47.94683837890625,31.62261390686035
GM,General Motors,ok,Consumer Discretionary,Automobile Manufacturers,2026-10-02,78.52999877929688,35.05357,754,False,False,-0.9834810280010653,-2.410839333884751,-4.961876570740776,-7.278902568784929,1.082079097922728,29.12864717550483,77.74641587999132,64.22153745704438,55.91663829338013,55.91663829338013,149.24157857038733,34.50813938966054,33.51164408361841,-12.854488757279423,43.10300050884359,7679030.6,-32.04855831672294,90.1136474609375,54.876556396484375
GPC,Genuine Parts Company,ok,Consumer Discretionary,Distributors,2026-10-02,126.96499633789062,507.88,754,False,False,1.474579244571661,0.011815194965736353,-2.0407408841950803,-6.705550668893412,-0.5492585935274907,-4.77524653409157,119.62188024369497,119.10348468187796,123.20238673971566,123.20238673971566,-3.791553364448619,30.759513622882928,33.24387683580291,-12.547080375591987,39.88038991375129,917135.2,-62.97121732978954,145.18096923828125,90.76683044433594
GILD,Gilead Sciences,ok,Health Care,Biotechnology,2026-10-02,144.17999267578125,14.578663,754,False,False,-2.2508524231991567,-4.693288049184785,-4.472272131159471,-3.086659007805903,11.867948894625346,32.92235026738213,131.757173296005,115.62449986431228,100.00755708223944,100.00755708223944,113.86390585713117,26.17007565979803,46.81998412865562,-5.793460223799081,33.63170125720699,5772778.2,-63.609133640367475,153.04669189453125,107.8935546875
GPN,Global Payments,ok,Financials,Transaction & Payment Processing Services,2026-10-02,79.06500244140625,38.17633,754,False,False,-1.5257173497978949,-5.118203883272921,-8.584802411555614,-14.568622244505914,2.4271475219809213,-5.899124760473451,76.7320167299301,84.51786617263855,93.67806596022386,93.67806596022386,-29.51882036882212,36.798729461743726,16.420167943375304,-16.388426899553398,27.409839338716495,2440836.7,-39.48657032238167,94.56227111816406,62.05564880371094
GL,Globe Life,ok,Financials,Life & Health Insurance,2026-10-02,166.60000610351562,11.084498,754,False,False,0.46433351260852795,0.31310468854035545,-0.26340229903116796,-3.888306436349964,-5.865063778170409,19.130716478924704,152.1773415217324,136.44280335627704,125.04002782077941,125.04002782077941,57.54538919957568,41.934895334159414,21.98588563768267,-10.439736438507499,28.5765697442317,424785.25,-75.1627439982909,186.02000427246094,129.57260131835938
GDDY,GoDaddy,ok,Information Technology,Internet Services & Infrastructure,2026-10-02,96.69000244140625,14.131579,754,False,False,-0.29903166167153383,2.7960928674000574,-0.46324578038873243,-5.084912305403444,12.94241531603837,-26.84974444008853,100.97218253120543,138.5665537161656,132.9311804126365,132.9311804126365,30.50345150571654,37.05771765551514,39.70899715451864,-29.521101595794143,28.937198554209857,2643890.9,-74.64275095466306,137.19000244140625,74.98999786376953
GS,Goldman Sachs,ok,Financials,Investment Banking & Brokerage,2026-10-02,902.3300170898438,13.932386,754,False,False,0.6312282431176985,-1.518158265606051,-3.5405414169642935,-10.164071559440913,-14.075825053764458,17.131197494571193,917.8860708569723,761.341137160343,637.9966175271599,637.9966175271599,202.89193053416966,29.821826802070785,26.536636696760738,-21.293905508658654,23.56666257111836,2111336.15,-52.84393723851126,1146.455078125,730.2374267578125
HAL,Halliburton,ok,Energy,Oil & Gas Equipment & Services,2026-10-02,32.037498474121094,16.785341,754,False,False,0.4940380097259167,1.5773542934452767,-2.205433102654375,-14.861818855309028,-2.466115188037332,31.26986656359023,33.18854414470612,28.481394121846353,30.176373130130514,30.176373130130514,-13.743476535864785,35.08014305634137,23.495293444564552,-24.79499242079082,49.79926286838855,10317949.3,-64.49308003480886,42.6002197265625,21.386953353881836
HIG,Hartford (The),ok,Financials,Property & Casualty Insurance,2026-10-02,125.83499908447266,8.684956,754,False,False,0.07555369995000394,-0.011918466293447949,1.2919549900740401,-8.29021723839396,-8.175684410352147,-3.6188669348646396,133.5091102539547,125.67385004051178,113.89124688672133,113.89124688672133,87.51477265712053,20.361798494898657,23.673005873525938,-13.243416740070865,4.683310904218402,1798812.9,-62.8389367232134,145.0437469482422,120.20540618896484
HAS,Hasbro,ok,Consumer Discretionary,Leisure Products,2026-10-02,89.7300033569336,15.963523,754,False,False,-0.2778395095277997,1.6655349933417885,1.861740364651987,-4.032081971194012,15.931377356818555,22.99131255739846,86.43223450675843,74.96485691146546,67.13013624196344,67.13013624196344,58.058615491962875,33.042351416207616,45.63189977610105,-13.373532338689559,30.54934196359077,1719917.6,-51.61675187229899,103.5826644897461,68.73263549804688
HCA,HCA Healthcare,ok,Health Care,Health Care Facilities,2026-10-02,425.7900085449219,14.29319,754,False,False,0.5668517946690876,-1.353009816700812,-2.254304799444695,6.097370775383815,2.279011286086652,0.6178437373279166,447.6482597229973,399.700455137458,368.298953291592,368.298953291592,76.22240092777568,27.780876631727903,50.80759853949157,-21.474560577258167,18.296793529284933,1463680.65,-68.25038303266496,542.23193359375,359.9336853027344
DOC,Healthpeak Properties,ok,Real Estate,Health Care REITs,2026-10-02,19.584999084472656,55.95714,754,False,False,0.7458772964589633,-2.7074023796093916,-3.569672085346298,-6.400846570724051,-8.639111419715139,9.1115354735382,18.136317135795714,17.83821886564156,17.342353393291607,17.342353393291607,33.54057683757969,27.10650580366938,35.32703443289574,-13.317471642951235,30.304546004547255,5120045.7,-52.7384296589384,22.59394073486328,15.030173301696777
HSIC,Henry Schein,ok,Health Care,Health Care Distributors,2026-10-02,84.7300033569336,24.696793,754,False,False,-0.23548445487289182,-0.2824501121827194,-1.8988066892394961,-6.2617502720804685,-2.181943349941784,29.161593487474246,77.96543646615649,74.43328689484008,73.33303717150297,73.33303717150297,15.593451336018305,26.256049569765004,34.93545117407277,-6.746640119128049,36.59520397284462,1128194.85,-51.8436908305334,90.86000061035156,62.029998779296875
HSY,Hershey Company (The),ok,Consumer Staples,Packaged Foods & Meats,2026-10-02,160.60000610351562,21.933153,754,False,False,0.8160722076919535,-0.5018261199531193,-3.468166846796872,-9.485423697795635,-8.814845676501504,-12.38521303671235,186.32132672506665,175.64936041357032,176.59294994566739,176.59294994566739,-11.764415423476782,25.997716771046385,22.567138042138325,-30.968696761456894,1.930258359475053,1500856.55,-60.3872202176817,232.64808654785156,157.5587158203125
HPE,Hewlett Packard Enterprise,ok,Information Technology,"Technology Hardware, Storage & Peripherals",2026-10-02,70.1500015258789,36.110825,754,False,False,8.624960571224015,14.083590195192276,11.45535916187692,35.6886570850192,62.98361354309358,186.46183901240198,33.885030678340364,26.65533742296743,23.2685876955088,23.2685876955088,332.6923717195399,47.2190303658759,85.52993818456603,0.0,256.7179407995785,23202460.0,-11.090461959637043,70.1500015258789,19.66539764404297
HLT,Hilton Worldwide,ok,Consumer Discretionary,"Hotels, Resorts & Cruise Lines",2026-10-02,318.6099853515625,47.21926,754,False,False,1.0049400474326564,-1.4933270632530249,1.481078488674159,2.279212661987784,-6.085550727795219,24.33689230535807,306.0200472634936,278.1293745002899,250.1879101659638,250.1879101659638,115.09432951576119,22.793983051219165,59.40801457847797,-8.984336382877338,24.235290197749055,1649956.3,-66.87633484595925,350.06060791015625,256.4569091796875
HD,Home Depot (The),ok,Consumer Discretionary,Home Improvement Retail,2026-10-02,283.49749755859375,19.968662,754,False,False,0.367310817426203,-1.5770416787845964,-3.30917948311219,-10.336674006663326,-18.555064441706126,-26.571504769239983,339.7668947492327,356.24658026828234,345.39928252121496,345.39928252121496,2.120392548598904,22.98038209442708,21.408088113411083,-26.20721533467733,0.36731081742620103,5032003.4,-43.83612697876953,384.1805114746094,282.4599914550781
HONA,Honeywell Aerospace,ok,Industrials,Aerospace & Defense,2026-10-02,154.17999267578125,47.006096,77,False,False,0.07138660760304116,-0.8106084314428386,-2.897094179922244,1.0684953073848202,-35.136729215291886,,189.48792197487572,189.48792197487572,189.48792197487572,189.48792197487572,-22.91000366210938,91.81937392593606,39.02923285607854,,,3983264.8,-71.37785065155597,,
HON,Honeywell Technologies,ok,Industrials,Industrial Conglomerates,2026-10-02,213.94000244140625,8.228863,754,False,False,0.06548147224045842,1.8131620758865763,0.6539634766836278,3.819088095049805,-7.179710840336185,4.993498923875883,223.22576371450273,216.31137711118416,206.73991588319328,206.73991588319328,26.107240657470033,23.140351025173654,79.40072150587564,-17.058407069594693,9.891423532869599,2924037.45,-68.81883301460452,257.9405517578125,194.68307495117188
HRL,Hormel Foods,ok,Consumer Staples,Packaged Foods & Meats,2026-10-02,20.325000762939453,32.814514,754,False,False,1.828665807658969,2.392948979049625,3.1202521919510895,-7.823122602298338,-15.285432135040189,-13.744001789850858,22.698384141165114,25.223971940606713,26.582523586263076,26.582523586263076,-38.72131355314751,27.65554020213742,35.85749167817873,-22.411553288643926,4.198067337614558,4609946.5,-30.762103204451506,26.195911407470703,19.506120681762695
HST,Host Hotels & Resorts,ok,Real Estate,Hotel & Resort REITs,2026-10-02,22.565000534057617,15.144296,754,False,False,0.2443372039828473,1.461334380774204,1.5518413963945932,2.975682523302048,-2.0734450879405952,42.86722296510472,19.603174285283163,17.168217761583062,16.639577672083117,16.639577672083117,70.82949177667417,25.894455979131127,57.96509437523739,-10.853862098420523,53.975119811516294,8552248.35,-71.534187264335,25.31237030029297,14.6549654006958
HWM,Howmet Aerospace,ok,Industrials,Aerospace & Defense,2026-10-02,230.0,49.17308,754,False,False,0.7093419224764252,-0.4070331824148732,-1.0667566126616568,-9.076536252561906,-17.199388496460454,18.285269767096214,237.84088504125202,190.73339039775954,150.05054991441318,150.05054991441318,410.573204567264,33.91393898279279,53.757521515730254,-21.407823407864075,25.19901231417765,3412784.95,-64.30484141697823,292.6499938964844,183.70751953125
HPQ,HP Inc.,ok,Information Technology,"Technology Hardware, Storage & Peripherals",2026-10-02,32.279998779296875,12.314886,754,False,False,0.40434602565517785,5.043928604457593,3.1309890291497666,1.8871623019300676,44.21992170852895,27.06024875376116,23.500245154850067,25.622747964593042,26.408392650695315,26.408392650695315,42.28772107059386,37.84915455208427,40.70511605690585,-9.0191679938724,84.20773876398073,15644068.65,-62.994454131342614,35.47999954223633,17.523693084716797
HUBB,Hubbell Incorporated,ok,Industrials,Industrial Machinery & Supplies & Components,2026-10-02,473.3949890136719,28.064499,754,False,False,1.3737157643631148,3.1159451937290195,1.4519296145427463,5.180190885395608,-4.184432129856774,11.313392963755597,474.2406294080946,438.0849231248833,408.3237391707119,408.3237391707119,59.093293146198135,31.015987635584885,73.94795491380094,-14.620584046415136,17.628350784111557,473916.2,-54.75951233572518,554.4603271484375,402.4497375488281
HUM,Humana,ok,Health Care,Managed Health Care,2026-10-02,384.4849853515625,36.374172,754,False,False,1.2655374969637645,-0.6164886901871447,-3.378736856151787,-4.111284090818279,-2.131802757286516,57.50545680074674,285.8300287155878,271.7323254589066,307.5208107217237,307.5208107217237,-19.066124563790844,42.86334944267433,37.10885877419227,-6.177404391284513,136.66487992766383,1028231.05,-69.38227064821668,409.79998779296875,162.4596710205078
HBAN,Huntington Bancshares,ok,Financials,Regional Banks,2026-10-02,15.295000076293945,11.757692,754,False,False,0.6912475234446047,0.16371720878085583,-2.2058840118638567,-8.493244132242406,-13.65936396581512,-6.789403287170426,16.393911759058636,15.831092750883672,14.431985274550136,14.431985274550136,72.49536010490422,28.719356272313952,27.638560677995656,-18.29585351954591,4.769695357925579,30875127.35,-58.03402896733315,18.719980239868164,14.598687171936035
HII,Huntington Ingalls Industries,ok,Industrials,Aerospace & Defense,2026-10-02,267.57000732421875,15.953542,754,False,False,-2.4641780260744928,3.0542259391406867,1.3446020976703554,-7.325434264014463,-8.596447955210895,-4.892562650453947,332.81094142368863,275.75664881976,265.5172736979922,265.5172736979922,40.89602175212603,36.74415547942711,38.36949066270113,-40.497902704604385,4.092596783051768,503444.9,-42.83426051192494,449.681640625,257.04998779296875
IBM,IBM,ok,Information Technology,IT Consulting & Other Services,2026-10-02,222.0850067138672,19.726465,754,False,False,-1.566788617952164,0.9523165454751625,-1.5187742789222303,-4.149758463968745,-25.321133896787885,-20.46544331504958,260.90792677137586,249.3366994667813,220.84830610442225,220.84830610442225,73.01092384901489,35.19993580720779,20.915429884256554,-32.06022366324535,8.702982494597363,5731512.1,-35.47179286248039,326.8851013183594,204.30442810058594
IEX,IDEX Corporation,ok,Industrials,Industrial Machinery & Supplies & Components,2026-10-02,233.27999877929688,33.61383,754,False,False,1.4922743461823096,1.2368208107030654,1.390819246686159,3.860023215967945,3.9294269810269844,44.27041713582762,201.2301228841146,194.0251532930777,197.55699167833404,197.55699167833404,17.58641790337636,24.207794608597172,72.38746791697204,-3.010146916911987,46.56444128593148,590414.75,-53.33873349200711,240.52000427246094,159.1654815673828
IDXX,Idexx Laboratories,ok,Health Care,Health Care Equipment,2026-10-02,520.3699951171875,36.54284,754,False,False,0.506034788447618,-2.4501363348082172,0.21376291851620266,-3.454608704159934,-7.895852400743597,-16.084241923282182,606.9969438825335,549.2176085696277,532.9367632878553,532.9367632878553,20.74950234998445,34.783227434575224,57.330801859614965,-32.126832565298855,3.1048112801963477,470905.85,-73.96146172318734,766.6799926757812,504.70001220703125
ITW,Illinois Tool Works,ok,Industrials,Industrial Machinery & Supplies & Components,2026-10-02,262.5299987792969,23.814144,754,False,False,0.6479077078413331,-1.0627500506326104,-3.677561382358374,-1.805449622258537,-3.6599891728423373,3.5861660309168375,260.5309084937686,253.3360563787331,246.4830345740685,246.4830345740685,22.587835955474066,19.93534719167274,43.32118535382021,-11.1288444216571,11.685892834898166,1361580.3,-69.75529096594597,295.4051818847656,235.06101989746094
ILMN,"Illumina, Inc.",ok,Health Care,Life Sciences Tools & Services,2026-10-02,269.2799987792969,50.137802,754,False,False,1.3397552093328713,-1.0000004487879188,-0.26666711877894045,26.274325336129834,38.56841261875854,163.32876310775242,152.69480136084178,130.35852585750746,127.28881663921973,127.28881663921973,102.88759158090835,45.013268485791954,81.3147542466361,-1.6867452428398173,195.9120865706559,4103293.35,-63.34244540425071,273.8999938964844,91.0
INCY,Incyte,ok,Health Care,Biotechnology,2026-10-02,115.26499938964844,14.689172,754,False,False,-1.6006488046521938,-6.440744931127995,-6.961821004513347,-10.529381548247708,-0.3070432005711776,32.94694745890114,104.69414686778235,87.91367528543054,78.34852123513463,78.34852123513463,98.52737971631032,32.31866562111082,36.207926665459176,-11.286842232591262,37.54772695945696,1557654.6,-41.03365405912197,129.92999267578125,83.80000305175781
IR,Ingersoll Rand,ok,Industrials,Industrial Machinery & Supplies & Components,2026-10-02,76.22000122070312,31.508263,754,False,False,1.2890381670473516,-0.3399609372622958,0.18401601771689258,1.6266682942708277,-5.447110173246028,-8.627961725533806,80.9120267232259,83.81155609799572,84.06618518475196,84.06618518475196,20.18636131369629,30.455493230893588,66.06442611445766,-22.766276698639206,11.231384765778309,4961655.4,-54.93020333495955,98.68746185302734,68.5238265991211
PODD,Insulet Corporation,ok,Health Care,Health Care Equipment,2026-10-02,131.4499969482422,24.540186,754,False,False,0.5046285618085955,-1.046371144209346,-3.437895957323367,-11.266371344789206,-17.725484488267107,-57.03967833568198,219.06809597923643,250.15679299403948,228.7667240679106,228.7667240679106,-20.35264039283802,42.00731860938339,30.769223659889093,-62.048157261925695,0.751127246393829,1616008.6,-40.77556270430739,346.3599853515625,130.47000122070312
INTC,Intel,ok,Information Technology,Semiconductors,2026-10-02,120.02999877929688,58.135475,754,False,False,0.024998982747392873,3.5366155984889236,-2.414635138783028,33.29260934095419,-1.7757759600144807,233.97329817952746,72.28059521932451,47.447828649999614,43.35761830661278,43.35761830661278,244.15540068299194,64.36867272498856,73.19251290829794,-14.836102809635188,257.0196388836348,110888012.7,-36.093764984571685,140.94000244140625,33.619998931884766
IBKR,Interactive Brokers,ok,Financials,Investment Banking & Brokerage,2026-10-02,88.41000366210938,35.089287,754,False,False,3.0299570883220994,2.5876112195832413,-0.9300697238106115,-0.796677583697547,-7.813267563076254,29.08411588487261,78.26178630949958,64.35218757842166,51.6210181694132,51.6210181694132,319.33369694889507,37.1864975337928,44.49671857236366,-9.878764090391599,45.42843723498279,3673474.05,-28.103997359121124,98.10118865966797,60.792789459228516
ICE,Intercontinental Exchange,ok,Financials,Financial Exchanges & Data,2026-10-02,150.34500122070312,21.208744,754,False,True,-0.7427213249710074,-1.2123011966002517,-2.5695006160472933,-4.437803796161477,11.81151953664028,-6.328491282749815,153.86378385150243,159.40344397860218,149.5018231116176,149.5018231116176,42.89394830313065,20.220535168385474,32.0983214856975,-13.252844239402187,22.727953271500663,2860058.6,-65.82335760533017,173.3140411376953,122.50265502929688
IFF,International Flavors & Fragrances,ok,Materials,Specialty Chemicals,2026-10-02,83.27999877929688,21.041351,754,False,False,0.19248800219924256,-2.3108518717925186,-2.812467724875267,-3.7564150334191027,1.09239708153257,39.655504065975244,73.03631844596258,75.08083215842684,77.2662792357589,77.2662792357589,34.90906592102765,30.03730534052914,51.34670312666467,-4.9912826305140054,42.962221674769104,1687632.45,-68.1121917275293,87.65511322021484,58.253150939941406
IP,International Paper,ok,Materials,Paper & Plastic Packaging Products & Materials,2026-10-02,31.899999618530273,10.562272,754,False,False,-1.90652161902225,-4.2617049498788635,-8.90919702584332,-12.121211325090297,-16.373054429959478,-27.610001088136173,37.755076226733976,42.72290828598448,40.390181867766444,40.390181867766444,2.70412820586039,37.40290340619285,35.51170244966278,-32.76832953642078,11.451903942628828,5337243.5,-43.94728289987144,47.4478759765625,28.622211456298828
INTU,Intuit,ok,Information Technology,Application Software,2026-10-02,280.7900085449219,17.06197,754,False,False,-0.7037238287592396,4.760664785187707,1.8129735831911242,-18.122701771165683,3.635551838067297,-58.21273623775212,445.44961105831084,548.0710087810379,565.4395987715582,565.4395987715582,-44.475718630568814,37.39462680957748,17.476591390856413,-58.526401281008425,10.57114034288141,3640110.65,-57.83608940568881,677.0331420898438,253.9451141357422
ISRG,Intuitive Surgical,ok,Health Care,Health Care Equipment,2026-10-02,392.8500061035156,45.006863,754,False,False,-2.091013940549291,-4.689695500933855,-3.0430887001204665,5.638916033496133,-9.236878614942013,-10.316409816427063,463.5144448658777,490.84583632024635,455.7112995420906,455.7112995420906,33.17851768665221,32.837138357547836,60.97453155556035,-33.735342450634974,18.321191224224425,2375396.1,-57.28619744723837,592.8499755859375,332.0199890136719
IVZ,Invesco,ok,Financials,Asset Management & Custody Banks,2026-10-02,30.75,9.398577,754,False,False,1.0848123697515089,1.0848123697515089,-0.5498061962305179,-3.0580054676927815,11.231294233411049,37.40660068954491,26.65746407281785,21.673862337591164,19.13718608456518,19.13718608456518,146.7217824361813,35.36899755362098,42.43027441891391,-7.685383571745222,41.19797241333768,4342993.05,-56.78185577570749,33.310001373291016,21.77793312072754
INVH,Invitation Homes,ok,Real Estate,Single-Family Residential REITs,2026-10-02,26.024999618530273,23.894495,754,False,False,-1.4204545659795564,-2.051185858312643,-2.235166047877024,-8.744160656777977,-12.331165823855784,-6.203968463250254,27.163928660135422,28.768336277084046,29.501316892689672,29.501316892689672,-6.105265693169459,21.152346252299665,22.06972973247734,-13.964746378892848,10.338886696511748,5479598.6,-53.491629843105656,30.24922752380371,23.58642578125
IQV,IQVIA,ok,Health Care,Life Sciences Tools & Services,2026-10-02,258.80999755859375,32.186176,754,False,False,-0.7325880842155019,-3.784524720385052,-4.27562146960252,-1.9064580234662842,25.654219558541904,26.998383671964543,208.0130157470703,196.21521895815178,206.0035674198869,206.0035674198869,33.489782876283236,36.781167708265826,41.19607626576305,-5.894113919942121,65.20489691600264,1577519.55,-59.39885499358788,275.0199890136719,156.66000366210938
IRM,Iron Mountain,ok,Real Estate,Other Specialized REITs,2026-10-02,113.58499908447266,80.59929,754,False,False,2.20912615111144,1.8699543358499104,1.9797107967580052,2.3493977891482443,-1.6432677809542717,14.81204227492956,107.10955595591712,101.59150697320581,92.6680560023462,92.6680560023462,113.07064880598507,30.452658766099738,56.768090800587395,-13.972974184865203,47.33675183698223,1540793.65,-57.95848457708792,132.03408813476562,77.09210205078125
JBHT,J.B. Hunt,ok,Industrials,Cargo Ground Transportation,2026-10-02,234.51499938964844,33.3293,754,False,False,3.2196313994989456,2.2832347514929685,4.01623011005805,-9.878180658854596,-15.420692103896927,78.19899437964754,226.97109167916435,190.646229945331,185.77613161729565,185.77613161729565,28.799247510550675,34.579723825492195,23.197141641716982,-21.279264736523896,76.18064563756974,1216392.3,-56.04658135372939,297.90753173828125,133.11053466796875
JBL,Jabil,ok,Information Technology,Electronic Manufacturing Services,2026-10-02,306.1199951171875,31.444557,754,False,False,2.1114734953940673,-3.989462227700913,-3.352906309471415,2.2478974379465333,-9.47131055479139,42.65173832159008,282.68978736514134,224.82361447763634,190.5066040099774,190.5066040099774,138.90937966073759,42.04389663497095,54.6284656276544,-20.601057782923846,59.15192507391621,1455061.1,-47.38901342356002,385.54669189453125,192.34451293945312
JKHY,Jack Henry & Associates,ok,Financials,Transaction & Payment Processing Services,2026-10-02,142.75999450683594,20.482065,754,False,False,-0.7508355523853649,-2.3663019320077083,-3.4034772364854304,-14.219544672007489,-2.1183975902253183,-0.9304842800434421,157.4108910030789,163.76912274303663,162.17545471393777,162.17545471393777,-0.7369359616134274,23.52005633342977,16.93471827953006,-25.00194991808741,16.090656718221737,1041978.85,-68.71558381439316,190.3516082763672,122.97285461425781
J,Jacobs Solutions,ok,Industrials,Construction & Engineering,2026-10-02,138.1199951171875,45.89535,754,False,False,-1.194647864047771,1.2016408565270087,-0.18067500818242932,-6.091927252053764,7.347587788997112,-8.458585691261245,135.65561176481702,133.6217113206111,126.84114659559822,126.84114659559822,27.793299678026063,26.680303736733624,38.008826861408686,-15.110984694278992,29.4820436170333,788567.2,-55.69889287812122,162.70655822753906,106.67115783691406
JNJ,Johnson & Johnson,ok,Health Care,Pharmaceuticals,2026-10-02,255.35499572753906,29.665506,754,False,False,-1.277742166464857,-4.565164727853288,-5.8494968740354985,-7.214489424080361,-1.0471533889465756,40.343783437634784,229.85547244359577,191.74805651053015,176.01930165986482,176.01930165986482,79.23270371949513,17.993900703722815,27.4614327393121,-8.287539976022607,40.39661355711405,6248475.7,-31.831150435617438,278.42999267578125,181.88116455078125
JCI,Johnson Controls,ok,Industrials,Building Products,2026-10-02,155.0800018310547,43.712673,754,False,False,2.1809300029085987,3.7879826873707723,3.2490046484449087,11.679824131020023,8.964515128142626,43.65431506858029,131.9554961976551,110.73098821754,93.81911010135074,93.81911010135074,209.47342089795748,28.857340339545125,86.84680690794467,0.0,48.20007088238213,3278002.9,-51.6425687115774,155.0800018310547,104.64232635498047
JPM,JPMorgan Chase,ok,Financials,Diversified Banks,2026-10-02,331.5299987792969,14.194777,754,False,False,-0.4952259837792794,-1.0299158438955458,-3.3609277856208153,-6.931110649822569,-1.8328800245861143,8.742045349328965,316.55628894624255,285.32221191527833,248.75089820436835,248.75089820436835,146.3299896613998,23.102280986736286,29.479241369790145,-9.214632392623969,18.345295056690095,8232190.3,-61.440322874946176,365.17999267578125,280.13787841796875
KVUE,Kenvue,ok,Consumer Staples,Personal Care Products,2026-10-02,17.225000381469727,20.270588,754,False,False,0.029042208563589966,-3.8246760009959524,-3.2303307878443155,-8.883818168811997,-9.893579796295093,15.26375461346099,17.08222774096898,18.696839554851273,18.44098419599255,18.44098419599255,-2.8329091958430697,28.343279577362225,36.08572865661375,-11.120448752685078,29.477716901811913,26160673.7,-71.9553323276992,19.38016128540039,13.303447723388672
KDP,Keurig Dr Pepper,ok,Consumer Staples,Soft Drinks & Non-alcoholic Beverages,2026-10-02,30.549999237060547,30.883839,754,False,False,-0.4561788679074974,-1.5468947436779845,-3.6885307018176827,-5.579883543203001,-3.0818428768715656,23.137791490337257,28.482894935305158,29.837051121837113,29.959519894749164,29.959519894749164,6.828871558291749,23.63280431587079,43.83172476951801,-8.144730935197668,24.59793105331356,10546480.8,-65.21099246679518,33.25884246826172,24.51886558532715
KEY,KeyCorp,ok,Financials,Regional Banks,2026-10-02,20.06999969482422,11.733918,754,False,False,0.09975291034776124,-0.2485146238745628,-2.620091700803362,-7.935777994410598,-13.52021366361984,12.888086793647524,20.471776598975772,18.328561834130156,16.43439640986192,16.43439640986192,122.06471694264738,31.591647976887838,21.118082326153356,-15.538909159092631,24.52672858490116,15380293.9,-52.14605099321281,23.762420654296875,16.117021560668945
KEYS,Keysight Technologies,ok,Information Technology,Electronic Equipment & Instruments,2026-10-02,384.0450134277344,51.954052,754,False,False,2.7187890264706693,6.486904180557107,6.045842855242012,19.42441366494416,20.115409949476536,121.86308485631794,277.6449399675642,219.7658861927777,194.60214175722643,194.60214175722643,191.60593950405573,36.27165216957667,94.79928979038051,0.0,140.79566129565092,1028251.45,-30.56863668901221,384.0450134277344,159.49000549316406
KMB,Kimberly-Clark,ok,Consumer Staples,Household Products,2026-10-02,94.44999694824219,18.673912,754,False,False,0.11660018509813685,-4.586322874534565,-4.043486075986847,-12.541529483142499,-15.420442335424022,-19.431010042496123,101.46951172843812,113.04917390982943,114.31992102301722,114.31992102301722,-10.1985855483829,22.0782351139147,28.754607673540562,-19.030202932853296,4.13351094147343,4796490.1,-42.843580559042536,116.64842987060547,90.70086669921875
KIM,Kimco Realty,ok,Real Estate,Retail REITs,2026-10-02,22.219999313354492,25.843023,754,False,False,0.04502579601106671,-0.8920640600306062,-0.9803975733834069,-6.631307409302433,-10.246779619648505,8.182097867472438,22.227946130056228,21.415882452550637,20.18168958365443,20.18168958365443,49.8735366986723,22.321502624350714,19.135782119418934,-14.77186873277055,17.16550037685084,5567863.3,-64.0676163870618,26.071203231811523,18.96462631225586
KMI,Kinder Morgan,ok,Energy,Oil & Gas Storage & Transportation,2026-10-02,30.985000610351562,19.996775,754,False,False,1.4903370896584445,1.7569781083987879,0.7642296271595628,-3.081009459363604,-1.3107724593197867,13.88906960883729,30.04066792745439,27.83603213792778,24.142252880319045,24.142252880319045,121.81395446639654,21.40320795446784,50.30752165883395,-8.846935389368783,24.634969434823113,12787432.1,-56.474122744315494,33.99227523803711,24.860599517822266
KKR,KKR & Co.,ok,Financials,Asset Management & Custody Banks,2026-10-02,90.875,29.047922,754,False,False,-0.4000415084560949,-2.473707123445612,-5.994619094558873,-14.615240308722733,-5.129014277997457,-28.191920858014562,106.693695038084,120.59116538302357,111.61798947179982,111.61798947179982,52.02177105864612,38.97968590355441,23.41965503826441,-35.98617307942418,8.758173754048928,3958637.95,-29.61318930416459,141.96151733398438,83.55693817138672
KLAC,KLA Corporation,ok,Information Technology,Semiconductor Materials & Equipment,2026-10-02,206.47000122070312,56.23842,754,False,False,3.0649425116196616,5.057753270821963,9.871223516658855,19.85951921791662,-11.403984903497966,83.88638447970102,164.67796728346082,120.7823532606026,102.47806357831475,102.47806357831475,359.03655780032386,48.94150107944907,90.22813947958555,-31.489383936906645,111.22748651145888,9390808.95,-56.79308330513955,301.3693542480469,97.74769592285156
KHC,Kraft Heinz,ok,Consumer Staples,Packaged Foods & Meats,2026-10-02,22.184999465942383,10.636769,754,False,True,-1.2243972829027894,-5.39446164537567,-6.115106839374684,-14.16726895221796,-9.187447001158567,-9.803055023930863,23.300883558061386,24.961644693199858,26.749438247883035,26.749438247883035,-20.766212851314524,24.148742571346904,16.852115217252873,-18.393647078468558,8.195138286516919,21456503.4,-65.76204490056847,27.185382843017578,20.50461769104004
KR,Kroger,ok,Consumer Staples,Food Retail,2026-10-02,58.939998626708984,31.859459,754,False,False,-0.9078697371944222,-3.043267413976669,0.3404782814562024,1.2366839417891073,1.8788091387019312,-9.373021482513376,63.257844440520756,63.21474792662845,58.028806332251754,58.028806332251754,43.13435711777844,25.483283092851096,42.440516480196365,-21.088583346339878,6.869093657430107,8241445.45,-72.4828731348334,74.69134521484375,55.15158462524414
LHX,L3Harris,ok,Industrials,Aerospace & Defense,2026-10-02,236.8000030517578,23.961071,754,False,False,-0.6711371164805024,0.13955335955984083,-0.3744370316407508,-8.945476858345025,-21.02280817767761,-19.882532015392297,303.1802503797743,268.0382542097236,245.87898341414152,245.87898341414152,46.21290356072867,23.936289132480372,19.103423240788175,-36.65960513833937,0.1395533595598407,1622643.55,-46.08359919835752,373.8530578613281,236.47000122070312
LH,Labcorp,ok,Health Care,Health Care Services,2026-10-02,306.7300109863281,25.376665,754,False,False,0.6992793303125078,-0.6735489746801271,-0.9398021975336013,-7.51673171335413,8.086650596760613,11.02720832037216,276.37885320754276,259.4312480607356,242.054647956666,242.054647956666,59.16708988530419,22.81809724789379,40.05104189299462,-9.416031646121779,25.621365206798025,816205.85,-65.0067443157875,338.614013671875,244.17025756835938
LRCX,Lam Research,ok,Information Technology,Semiconductor Materials & Equipment,2026-10-02,347.8900146484375,60.509563,754,False,False,2.2905052646635005,7.41988216629772,10.367699019469923,20.78925630167867,-0.5540872791275353,144.76285797501433,249.27952787611218,167.22574788735682,139.068554799816,139.068554799816,465.3525506033521,51.8445104322812,90.76037174884635,-19.631784152170052,166.04013125037923,9433044.35,-48.578774571329134,432.8701477050781,130.7659912109375
LVS,Las Vegas Sands,ok,Consumer Discretionary,Casinos & Gaming,2026-10-02,36.435001373291016,14.129846,754,False,False,-0.6950048050215485,-4.919097955493468,-6.552962798631645,-18.197124776912155,-21.2802421523311,-32.035442096166925,52.88189533778599,49.22139157526996,47.54728589702981,47.54728589702981,-15.331727470981315,33.92295323405331,8.605122867170664,-46.64925140283419,0.0,5871276.1,-19.020636757314136,68.29332733154297,36.435001373291016
LDOS,Leidos,ok,Industrials,Diversified Support Services,2026-10-02,119.08000183105469,11.130252,754,False,False,-2.369434582868468,-3.265635006414336,-3.6647510370754866,-10.699100952234486,9.884788225753315,-37.13979653308329,154.9936235215929,154.86133032870958,144.82818123895862,144.82818123895862,32.126595938661914,29.099395752860737,20.91704014062077,-39.63467813304721,19.466742963461506,1246704.4,-66.52871362289248,197.2655792236328,99.67627716064453
LEN,Lennar,ok,Consumer Discretionary,Homebuilding,2026-10-02,79.90480041503906,15.073446,754,False,False,-2.6856657884794743,-3.740756103216758,-2.733050601505538,-4.39722581419002,-8.292898972282925,-36.42170367277552,99.31310447813972,112.8425100410127,122.56703413702765,122.56703413702765,-22.031050951146437,34.45670793531997,49.792658549274556,-39.030955350415,4.5463824362015215,5619608.8,22.132629588024,131.0579833984375,76.43000030517578
LII,Lennox International,ok,Industrials,Building Products,2026-10-02,356.6000061035156,15.863495,754,False,False,-1.0708498704615765,-0.6131583318725209,-4.232104602019748,-4.290997878196778,-36.980338952629666,-32.81705591531262,485.9012001885308,534.2259736080093,512.1317499297368,512.1317499297368,-0.44214163408370366,34.65367230328077,43.36749533213731,-37.52480012866019,0.4450501770994374,480626.8,-50.93157518473792,570.7864990234375,355.0199890136719
LLY,Lilly (Eli),ok,Health Care,Pharmaceuticals,2026-10-02,1146.6700439453125,38.525063,754,False,False,-0.276551872691444,-3.2043727392550014,-3.1086744128667965,-1.1559472292738127,-4.312025527601849,39.79573067010425,1042.0975286090186,914.7715088133793,855.5519306375114,855.5519306375114,117.45507410436132,35.525275921471476,53.296662711176644,-10.44018974986521,44.3152981478874,2205157.85,-52.72188791382894,1280.3399658203125,794.5588989257812
LIN,Linde plc,ok,Materials,Industrial Gases,2026-10-02,477.7799987792969,30.85862,754,False,False,1.7744139643545376,0.9316187564903933,1.6791129593938026,-1.6610141470650097,-11.316254384935354,3.7384318879341683,471.0063745407831,460.4348466120868,446.01763762213506,446.01763762213506,34.106285597594166,17.790307715541793,64.99217724461064,-12.309128526352191,23.910944031071022,2074258.7,-25.217910379259823,544.8457641601562,385.5833740234375
LYV,Live Nation Entertainment,ok,Communication Services,Movies & Entertainment,2026-10-02,168.66000366210938,86.44867,754,False,False,1.0848052096988248,-1.4203008520627836,-1.2933759690005542,-6.086081017128009,-7.981881259161083,6.155588166371495,159.66468326629155,149.76623510839454,130.804310229476,130.804310229476,99.81044466867948,29.355134326768688,42.84268786174012,-10.506209458975306,34.27275124796875,2015771.05,-56.745038083566094,188.4600067138672,125.61000061035156
LMT,Lockheed Martin,ok,Industrials,Aerospace & Defense,2026-10-02,505.6000061035156,18.680325,754,False,False,0.019783601091116765,-1.2904893667803896,-2.686887273977201,-4.881945684393518,-5.441031449794509,3.940771299136281,538.2416074238126,500.4691327463583,480.5595242123389,480.5595242123389,34.29462638333387,24.482538124458575,26.276948706504697,-24.330182278040695,17.20582877444485,1196620.75,-54.813168666847865,668.166015625,431.37786865234375
L,Loews Corporation,ok,Financials,Multi-line Insurance,2026-10-02,105.81999969482422,12.985277,754,False,False,0.7329810763423206,-0.10384273580161807,0.9540164118597927,-2.8639642708472857,-8.960177179931595,5.9046122054302375,107.56006201486738,97.49726857037183,89.37553629887832,89.37553629887832,71.31637178389,17.445018427230792,30.02365473288549,-11.323854410673228,8.44934526726277,1056646.85,-68.2640420496214,119.3331069946289,97.57550811767578
LOW,Lowe's,ok,Consumer Discretionary,Home Improvement Retail,2026-10-02,181.43069458007812,15.337838,754,False,False,-0.5205122696122055,-3.112944621252256,-4.146927435460912,-9.212020664114673,-18.423468534706057,-25.336534482578898,230.9608844575428,234.71220838691133,228.27387152552922,228.27387152552922,-6.364936374733599,24.66511464454258,20.83673385838327,-36.17445522866042,0.0,3249318.45,-51.80930942610442,284.26031494140625,181.43069458007812
LULU,Lululemon Athletica,ok,Consumer Discretionary,"Apparel, Accessories & Luxury Goods",2026-10-02,94.64510345458984,7.787243,754,False,True,-1.2673661047635454,-2.2967887157107514,-6.56949594934142,-21.17506146818984,-18.155392637383528,-46.699836937112515,151.16196435595316,220.74204178160406,271.2780306585904,271.2780306585904,-75.27944755896033,44.33934645472665,38.12739330577578,-56.158467058602,0.0,7314902.55,-40.19536186439011,215.8800048828125,94.64510345458984
LITE,Lumentum,ok,Information Technology,Communications Equipment,2026-10-02,1087.4661865234375,31.301435,754,False,False,3.986130549326905,11.707998791196793,15.485175843340349,24.91283571596281,48.71332465277778,534.4610415681834,640.2034972054618,365.39140692175147,259.48650700091054,259.48650700091054,2280.6177304255007,74.97182204584105,81.55165989898987,0.0,626.867309729959,4843036.35,-23.995470321010494,1087.4661865234375,149.61000061035156
LYB,LyondellBasell,ok,Materials,Specialty Chemicals,2026-10-02,58.720001220703125,9.447373,754,False,False,1.6268647650838242,0.9281555735559222,0.9975951791254323,-11.792096304803534,11.99957391969435,28.914096663948776,57.3157872548179,59.16617597146813,66.55731942356424,66.55731942356424,-23.55949048718119,35.12584560157703,35.63792184628102,-27.23138441226839,47.28693474577877,3601222.9,-60.27021820837582,80.69412994384766,39.867759704589844
MTB,M&T Bank,ok,Financials,Regional Banks,2026-10-02,218.61500549316406,11.578613,754,False,False,0.5820102848517861,0.5126462037535973,-1.1641561190923633,-7.161963028863205,-8.29201706760343,15.151471555310291,213.5182589576358,197.97258208377428,176.589708778523,176.589708778523,96.44781121466852,26.324015422880333,17.55365579140198,-13.406356414470332,25.89111584802582,1061074.3,-63.434605851823946,252.46080017089844,173.65403747558594
MPC,Marathon Petroleum,ok,Energy,Oil & Gas Refining & Marketing,2026-10-02,422.9700012207031,14.682512,754,False,False,0.6711906141104285,7.892253791227,7.483739842757542,9.294573958838015,57.67432918154831,123.61546393266178,245.63796149359808,199.3181422260178,186.37334247862313,186.37334247862313,199.12662261669195,32.96454632593299,62.311974708659086,-0.45188480819513555,163.10058539433726,2982097.2,-50.84519713173668,424.8900146484375,160.76361083984375
MAR,Marriott International,ok,Consumer Discretionary,"Hotels, Resorts & Cruise Lines",2026-10-02,357.7550048828125,37.661053,754,False,False,0.8357045763635718,-1.0687988182518815,1.6262835904234718,7.388782239308944,-5.600522836575239,37.863654303263175,333.8717231144981,298.5580654980177,273.70136550377157,273.70136550377157,89.90439428601236,25.759659104355798,69.5755859138875,-10.944994104991917,39.25804142846536,1562692.15,-72.67900782633355,401.7236328125,256.9007873535156
MRSH,Marsh McLennan,ok,Financials,Insurance Brokers,2026-10-02,170.51499938964844,20.79878,754,False,False,-0.7768441469027554,0.6393169523955633,0.22763370991554233,-8.693821233429578,-1.2878310473362742,-13.045862359231887,176.53853480021158,194.57244246889397,194.97052967263787,194.97052967263787,-4.492771707312904,20.414337677779784,28.290546062490392,-15.830648858661721,9.636260460695413,2759852.3,-48.95574665354374,202.5856170654297,155.52792358398438
MLM,Martin Marietta Materials,ok,Materials,Construction Materials,2026-10-02,484.260009765625,31.492847,754,False,False,1.0622526859473957,1.0791319934152943,-0.008254806597440822,-6.345368536918617,-19.866916791887512,-21.461822183810508,593.7765976436555,570.1706865166288,554.0713660849816,554.0713660849816,21.41191081787417,25.51137789661928,39.516726497200374,-31.319240796986403,1.0791319934153019,877099.6,-57.622600671577096,705.0883178710938,479.0899963378906
MRVL,Marvell Technology,ok,Information Technology,Semiconductors,2026-10-02,273.44500732421875,89.85526,754,False,False,2.0012761193222817,3.8648606887048187,4.392229050767482,32.431718801972195,9.725381808741428,226.65108979896837,150.58954611278716,115.99939689028311,98.94932225275419,98.94932225275419,405.573234694716,67.86125890461662,83.50200830273151,-13.563042887084888,271.1506244044304,17451785.15,-36.32970550293532,316.3519592285156,73.67494201660156
MAS,Masco,ok,Industrials,Building Products,2026-10-02,68.37999725341797,15.872391,754,False,False,0.14645353823792284,0.014618263031196399,-0.6826452158597895,-3.6086905834303407,-15.251893090356127,-0.8091027126283734,68.43284914228651,69.24433620042535,68.24528696176544,68.24528696176544,37.06785129350505,30.838230702275638,45.10918432185737,-17.023234171747692,17.762336351835014,2373284.1,-72.70946196454103,82.40860748291016,58.06610107421875
MA,Mastercard,ok,Financials,Transaction & Payment Processing Services,2026-10-02,553.6649780273438,30.424173,754,False,False,0.6663596413352346,-1.7592957098972795,-2.4636740571189697,-5.861705675935225,4.031724511401946,-2.902703044068833,535.6428639245412,539.3417386362752,505.7404600188966,505.7404600188966,42.38476130561277,20.459341774523498,31.997573206163125,-7.700964967207313,17.610671565097924,2697114.6,-50.821815283636816,599.8599853515625,470.7608337402344
MKC,McCormick & Company,ok,Consumer Staples,Packaged Foods & Meats,2026-10-02,44.66999816894531,7.43594,754,False,False,1.2007222170944853,-7.706618263099029,-6.821027433116877,-16.970262449048445,-13.731171838486688,-31.946645577631394,56.831624848502024,64.55049381788034,65.29389955636994,65.29389955636994,-35.341466891935845,26.247279765945148,20.993887968529123,-36.52956948624927,1.2007222170944762,3751526.7,-13.72754990654872,70.37922668457031,44.13999938964844
MCD,McDonald's,ok,Consumer Discretionary,Restaurants,2026-10-02,231.86000061035156,18.83834,754,False,False,0.012939990104787746,-0.9060582767324021,-1.9619447736357043,-11.147733372627854,-16.455087999065753,-20.86262432417625,288.6988800291031,290.0108804284814,279.82628734801114,279.82628734801114,-3.2914509683821147,18.30401631592934,11.365669853212793,-30.685210791140072,0.39837107440004166,5954728.9,-46.04997046968838,334.5029296875,230.94000244140625
MCK,McKesson Corporation,ok,Health Care,Health Care Distributors,2026-10-02,887.3400268554688,23.800053,754,False,False,-1.2772279627960015,2.6040123193874276,2.3885364000217013,-4.048530597040734,13.268195184143083,16.436642123275867,839.0861503964379,741.9897822041911,665.6436770006579,665.6436770006579,105.5656446318836,26.66322066551789,42.79524294491599,-10.688536340865063,22.628531895256383,859845.85,-56.152954625529674,993.5343017578125,723.5999755859375
MDT,Medtronic,ok,Health Care,Health Care Equipment,2026-10-02,86.25,21.199017,754,False,False,-0.2198084637203057,-0.9645152982113103,-2.6962989689816586,-5.665686354028043,4.692238457628295,-6.013338587626138,88.5589414626833,86.17295042547097,82.53310590081253,82.53310590081253,22.354381536187695,21.332059448214448,18.70692542135346,-15.416458137507963,18.97212769432569,13309063.25,77.80639069395062,101.9701919555664,72.4959716796875
MRK,Merck & Co.,ok,Health Care,Pharmaceuticals,2026-10-02,143.51499938964844,115.80646,754,False,False,-0.20513050132353605,-3.861869933541273,-3.538781713164707,-4.799433416177756,13.86822899436706,63.906754344782435,114.80579009888665,99.95972805859083,103.15454357562078,103.15454357562078,53.352305494181905,26.378783177421244,48.657624868127535,-7.726338033972533,79.08735017184421,9529764.25,-61.744226778747446,155.53192138671875,80.13687133789062
META,Meta Platforms,ok,Communication Services,Interactive Media & Services,2026-10-02,728.4099731445312,27.3997,754,False,False,0.3416280486784551,-1.4050007703851564,-3.093153930058934,22.96278826417013,21.438784133536902,1.8876363668340002,635.3516789996435,640.7379399029857,573.7044629165285,573.7044629165285,139.68007628458867,38.368541688431186,62.32728720752811,-6.324676502066125,38.79259905787372,23402943.15,-66.97354281271242,777.5900268554688,524.8190307617188
MET,MetLife,ok,Financials,Life & Health Insurance,2026-10-02,94.56999969482422,18.08604,754,False,False,0.23317564839544502,-0.6617618420308169,-3.203682038062017,-1.9186875225609912,5.19113241197553,18.722908852680085,81.71308617364792,79.4892536634468,74.61341336298368,74.61341336298368,67.55303686761059,24.44564654065042,31.807742366880333,-5.3826887620656265,41.632283554356476,3015818.45,-57.723947209090134,99.94999694824219,66.77149963378906
MTD,Mettler Toledo,ok,Health Care,Life Sciences Tools & Services,2026-10-02,1489.2099609375,34.102245,754,False,False,0.5428085063597488,-3.1301019620199044,-1.4838224374573827,8.881071809731168,14.947196083981229,15.45874796107023,1334.7346017020088,1286.4297205708417,1281.9566708673533,1281.9566708673533,36.96026239735089,32.96794562753584,76.56829626909163,-3.627224445976979,45.21368642501222,207666.2,-67.62881971163338,1545.260009765625,1025.530029296875
MGM,MGM Resorts,ok,Consumer Discretionary,Casinos & Gaming,2026-10-02,30.530000686645508,18.527273,754,False,False,0.196919509823279,-3.140862172399872,-6.292206964995173,-26.327215978795294,-34.87627988257438,-11.991923046259668,38.41273811128404,36.70472106325674,38.15424398022558,38.15424398022558,-17.015493539277905,38.85533721437463,9.913802671372338,-39.77115503301869,0.19691950982328385,4825743.35,-51.79671127765217,50.689998626708984,30.469999313354492
MCHP,Microchip Technology,ok,Information Technology,Semiconductors,2026-10-02,81.69999694824219,118.376816,754,False,False,4.076429233429546,3.7065222317732127,3.825129512579717,12.28696337209163,-6.163318826884412,30.775078052590388,74.34026786259243,66.91122283023667,71.27306202046118,71.27306202046118,12.43692959707705,48.98330091985836,75.88651139133657,-19.977070506920843,71.03201301548684,8195850.05,-49.86485874030846,102.09573364257812,47.76883316040039
MU,Micron Technology,ok,Information Technology,Semiconductors,2026-10-02,1077.5,14.487144,754,False,False,-1.8124836551214218,1.1661137621366224,-0.4416628938427758,12.699772062984804,9.418634171109419,492.49493969417665,586.6020525977725,346.76334011792187,263.6879577535533,263.6879577535533,1503.209732361865,64.22193680067406,75.53490788572003,-11.19798832087268,493.91736113283855,26049710.55,-18.995602812945656,1213.3734130859375,181.42254638671875
MSFT,Microsoft,ok,Information Technology,Systems Software,2026-10-02,515.0999755859375,28.438707,754,False,False,0.44851557092808747,1.2063785432928853,-0.20729747169451196,3.6793945477701984,33.440989734746566,-0.0715770623281653,445.69031100802954,443.0633637325697,427.05073288328134,427.05073288328134,63.817396183267675,26.23410638544874,56.459116597753635,-4.19354556733557,46.26581774447047,20841830.15,-53.96132234577298,537.6464233398438,352.1670227050781
MAA,Mid-America Apartment Communities,ok,Real Estate,Multi-Family Residential REITs,2026-10-02,114.69000244140625,33.5307,754,False,False,-1.452135119346798,-3.157981807086152,-3.0925188676830917,-10.823418165682618,-17.583398529481908,-12.946163530462318,128.84595080784388,136.5057283530672,131.91865380689384,131.91865380689384,2.5088910628129124,20.800035700625525,10.613728394626477,-18.406463110640125,0.0,1214401.55,-47.2718887751749,140.56260681152344,114.69000244140625
MRNA,Moderna,ok,Health Care,Biotechnology,2026-10-02,188.58009338378906,,754,False,False,-0.1904885429059977,-7.313434011139231,-5.178957786677718,25.04482225093905,130.53800287081606,583.2611984686755,59.680774378398105,47.03049827286922,64.94590199973918,64.94590199973918,82.53808715544027,122.78955756239287,73.36314288004746,-7.313434011139231,743.3814321833512,14445965.25,-44.19545623647405,203.4600067138672,22.360000610351562
MDLZ,Mondelez International,ok,Consumer Staples,Packaged Foods & Meats,2026-10-02,58.20500183105469,21.331501,754,False,False,0.7704354613105702,-1.0119003634796675,-2.5398506003299515,-5.9731986408655064,-0.7609581472368565,-4.583748330241299,58.06703732505677,59.716139797195495,61.37992023599559,61.37992023599559,-7.055996018624022,21.072641468521773,25.942653034969695,-9.648036872947952,15.947582707333135,8016730.5,-58.56028838689289,64.42029571533203,50.19940948486328
MPWR,Monolithic Power Systems,ok,Information Technology,Semiconductors,2026-10-02,1440.9549560546875,88.23821,754,False,False,5.877057324801926,6.422866228520552,5.532519211315767,18.34760940757132,7.202382076773972,58.38756633164477,1213.9942859468006,955.0930397064087,863.9859736111183,863.9859736111183,220.57714898158127,55.4224733442843,84.26281474594019,-14.474593397048755,69.27559105478042,723502.15,-41.763407337490285,1684.8267822265625,851.2479248046875
MNST,Monster Beverage,ok,Consumer Staples,Soft Drinks & Non-alcoholic Beverages,2026-10-02,42.689998626708984,39.532406,754,False,False,1.3051714404999526,2.2759868472460587,-0.974256501266968,-3.894641183136738,-12.313859664120164,26.62019407830907,40.93884931291853,34.81265940039281,32.08671091216313,32.08671091216313,62.50475022010382,24.616902106303627,38.072670778257354,-14.568746079953975,28.758860499087373,10029128.95,-66.86173827688195,49.970001220703125,33.154998779296875
MCO,Moody's Corporation,ok,Financials,Financial Exchanges & Data,2026-10-02,439.9800109863281,27.945713,754,False,False,-1.6496724353732173,-3.2628283934114433,-6.127587043462057,-10.208161023198336,-11.60235069536223,-7.507759402702419,471.6714639815073,473.75517510037974,446.2374167606748,446.2374167606748,42.56120936988748,25.183399423313457,21.817919755025343,-17.91901863990266,7.444178979320673,789456.0,15.018443079791655,536.0316162109375,409.4963684082031
MS,Morgan Stanley,ok,Financials,Investment Banking & Brokerage,2026-10-02,191.33999633789062,15.441841,754,False,False,1.7711834095785806,-0.7366664294519598,-2.531710703740242,-9.668591388055582,-13.375384951222246,24.722765260679182,186.1093954661536,156.3917273107278,132.58190632625346,132.58190632625346,160.85667126368014,28.96549652624933,25.561254626450946,-15.820052197018942,28.853897582197206,5422791.35,-38.84465055067995,227.2987823486328,148.49375915527344
MOS,Mosaic Company (The),ok,Materials,Fertilizers & Agricultural Chemicals,2026-10-02,21.299999237060547,13.637205,754,False,False,-1.1600928484956197,-4.9955434229353335,-7.431555735818374,-16.67843793195607,1.4178457375990883,-34.706347555312014,24.593602710300022,26.469362608465065,27.213967214528697,27.213967214528697,-33.229492464850416,38.752047485453694,24.764456451590547,-37.638203167283656,8.376894197637558,8254493.2,-43.23620013400702,34.15552520751953,19.653635025024414
MSI,Motorola Solutions,ok,Information Technology,Communications Equipment,2026-10-02,448.1700134277344,35.381702,754,False,False,0.03125117711291203,0.4595217280069175,-1.9064067943424634,-6.178712720268454,6.267046042069224,-0.7789847287995144,423.22851005433097,431.59747733917845,402.2784841117555,402.2784841117555,69.56899814631052,22.30173197454117,23.074991396869393,-8.531690359059098,24.313290822876077,843743.55,-60.50091286623762,489.9729919433594,360.5165710449219
MSCI,MSCI,ok,Financials,Financial Exchanges & Data,2026-10-02,538.6849975585938,29.055285,754,False,False,-1.2293985789537887,-0.19916484874417106,-2.2988588453488945,-3.9143476326790383,-11.958247822676638,-1.1169780643371596,565.7985911293636,564.5627424384493,547.1286141069245,547.1286141069245,10.373224640232138,28.06437731879757,40.59337035312027,-16.03193783531202,6.420404255289645,572359.35,-65.88035121641676,641.5355834960938,506.1858215332031
NDAQ,"Nasdaq, Inc.",ok,Financials,Financial Exchanges & Data,2026-10-02,90.38009643554688,26.355684,754,False,False,-1.4071143876551395,-1.6003288655343506,-3.388462333301201,-5.259469794363236,7.358395135046036,5.365255784002243,89.54342472742475,85.10946740382221,76.04640413279242,76.04640413279242,94.34314345436927,23.943464811995018,46.098656368678384,-9.586938169671086,18.003435619977996,3202672.3,-50.68974118894399,99.96353912353516,76.59107208251953
NTAP,NetApp,ok,Information Technology,"Technology Hardware, Storage & Peripherals",2026-10-02,227.69000244140625,32.148304,754,True,False,5.877702492571579,8.848843299423281,13.194138379432353,25.955632604968226,39.640202557431216,95.50614308671742,133.17080845908512,120.22053663094205,112.93526051974106,112.93526051974106,218.48055375294658,38.29895018316532,89.4969093984261,0.0,143.91811634742973,2407192.05,26.40624166235512,227.69000244140625,93.3469009399414
NFLX,Netflix,ok,Communication Services,Movies & Entertainment,2026-10-02,67.18000030517578,21.136791,754,False,False,-0.9874696890389112,-4.438126047142498,-5.579762664178078,-18.79608657172207,-11.628514507040432,-42.62532888692545,89.5344960046193,96.42335660714078,83.39449069986925,83.39449069986925,76.63607560307932,34.03167719865052,15.673981691046976,-45.881500665340226,0.0,35133994.0,-27.887276351217004,124.13500213623047,67.18000030517578
NEM,Newmont,ok,Materials,Gold,2026-10-02,115.21900177001953,14.512595,754,False,False,0.4787683002012155,-1.5979115435890034,-5.11487978221764,-7.751000510479178,17.57520632125795,35.310842968035814,106.17218302166651,79.43456949180816,66.04658069914153,66.04658069914153,243.4820062398611,41.60427745712562,35.57278394408155,-14.563527358763503,47.90750629870941,6524117.6,-66.68895116176323,134.85926818847656,77.89936065673828
NWSA,News Corp (Class A),ok,Communication Services,Publishing,2026-10-02,28.684999465942383,27.868933,754,False,False,0.157123174765883,0.5785378875539093,0.6844496187813354,-6.096191954576113,8.038731356761254,-0.16651967441404514,26.354491158137247,27.131794181003038,26.268623926279083,26.268623926279083,46.64970029312971,23.854595363254205,27.598553239896745,-7.721970670103552,29.0258570744801,4467660.25,-63.625143608446955,31.085405349731445,22.231977462768555
NWS,News Corp (Class B),ok,Communication Services,Publishing,2026-10-02,31.679800033569336,30.757282,754,False,False,0.730681287933943,0.5707937573629751,-0.22110225647453685,-7.657345413856664,5.846455481095436,-1.749002425790036,29.962672014085072,30.72593816248069,28.984271444123365,28.984271444123365,55.434689331150366,24.38983932312219,30.10694414713565,-10.036506807652996,24.336346120648937,1191738.7,-68.39290357861165,35.21406173706055,25.479114532470703
NEE,NextEra Energy,ok,Utilities,Multi-Utilities,2026-10-02,76.82009887695312,17.260674,754,False,False,0.6157176322555857,1.22558900353813,0.9727878918061927,-7.557039365197637,-11.484701101342075,0.45484688637247306,85.27347495063903,77.43164965261026,72.16356281007316,72.16356281007316,61.035067834405645,26.055183001963783,27.117718838629216,-20.34666924241572,1.7619566178607073,12210692.35,-37.104737554050324,96.44304656982422,75.48999786376953
NKE,"Nike, Inc.",ok,Consumer Discretionary,"Apparel, Accessories & Luxury Goods",2026-10-02,33.775001525878906,15.866196,754,False,False,-3.9118063735720354,-5.761714893742475,-5.524471256282782,-11.676255116647027,-21.242992279443317,-52.98028445345502,51.1461274131896,59.81387850392862,69.61671343532734,69.61671343532734,-61.70491181014863,36.445256532273234,26.25092462833676,-53.213587700856166,0.0,42160776.6,167.9344194053579,72.18976593017578,33.775001525878906
NI,NiSource,ok,Utilities,Multi-Utilities,2026-10-02,39.494998931884766,21.01064,754,False,False,-0.012660931937302777,0.44506418722984886,0.19026069615228902,-4.02187735753381,-15.494895148679245,-5.844529177947999,43.9316157991924,40.641476395595596,35.80248246332062,35.80248246332062,87.05038089824997,18.611698969073977,31.492357607831295,-18.990119861775714,1.269228030473758,5598637.1,-57.29421362209741,48.75331115722656,39.0
NDSN,Nordson Corporation,ok,Industrials,Industrial Machinery & Supplies & Components,2026-10-02,332.8599853515625,33.767986,754,False,False,1.16710122974657,1.01052607792953,2.1763810593347976,5.441565404447246,13.689170727171884,47.45306092872874,274.32881194826155,244.8195712328907,242.92790238357665,242.92790238357665,56.184988140950544,24.423710511389878,88.01487224949389,-0.2510834633257644,48.662928497861444,354603.5,-59.794531074848386,333.6978454589844,223.90248107910156
NSC,Norfolk Southern,ok,Industrials,Rail Transportation,2026-10-02,317.6199951171875,27.123825,754,False,False,2.372199161961719,1.476036778654155,1.476036778654155,-3.7690124624077948,-0.9391003877812776,8.2155920582073,304.35229843381853,275.5861667465879,257.3266897833948,257.3266897833948,76.72866512427568,24.545557568931482,46.61843421774589,-10.017568918515959,15.629204746278436,1022960.25,-41.06271480245689,352.9800109863281,274.6883850097656
NTRS,Northern Trust,ok,Financials,Asset Management & Custody Banks,2026-10-02,171.45509338378906,14.432247,754,False,False,1.3327993358278167,-0.8586267125330282,-2.432653757289127,-6.368190412749774,-4.900189675206068,33.44933839348649,154.3941876547677,130.4327232239256,112.4127600338478,112.4127600338478,175.160600921991,26.263538054432146,28.675673617545144,-10.030922543911695,42.67073490249611,1027165.35,-37.69192077984328,190.57113647460938,120.17537689208984
NOC,Northrop Grumman,ok,Industrials,Aerospace & Defense,2026-10-02,481.4700012207031,15.32061,754,False,False,-0.10995825296615802,-4.585716652978578,-5.690274312097654,-8.084839355382446,-11.700648084904518,-19.17685416750128,589.4521233694894,543.889102950989,512.4986905368633,512.4986905368633,14.457432049644225,25.340044762102558,18.383340806543586,-36.74795223175747,0.0,927641.05,103.43224353859716,761.1927490234375,481.4700012207031
NCLH,Norwegian Cruise Line Holdings,ok,Consumer Discretionary,"Hotels, Resorts & Cruise Lines",2026-10-02,14.970000267028809,9.075758,754,False,False,2.2540977866613687,1.1486491493450712,2.4640699439512304,-3.853560947691359,-22.2741428394162,-38.114923784510765,19.709603226374067,21.310637443664064,20.034217535975124,20.034217535975124,-8.941607173208476,52.1482903086801,54.18060499355711,-40.16786573485598,6.019832778745598,19962603.35,7.257388350603078,25.020000457763672,14.119999885559082
NRG,NRG Energy,ok,Utilities,Independent Power Producers & Energy Traders,2026-10-02,95.08499908447266,24.75065,754,False,False,-1.903436722267926,-2.1457230871277377,-5.265521089456526,-14.407235377645765,-32.3292531370866,-40.5472230268212,145.34059727381145,132.08205188888002,108.8175533102425,108.8175533102425,167.48021152066048,46.29879301877598,22.236050047301916,-47.989598571566766,0.0,2822652.55,-42.02081301150579,182.81919860839844,95.08499908447266
NUE,Nucor,ok,Materials,Steel,2026-10-02,240.99000549316406,19.26278,754,False,False,2.1230654531452453,2.2530538780650033,-2.3002511851727414,-8.488608241837515,7.878983895871827,80.07998831508363,199.6891246371799,164.9729927640512,163.31814996127426,163.31814996127426,62.38883754176929,33.76937930995006,39.05979329271853,-12.0759109526987,85.0131196484527,1243388.05,-56.39647654648121,274.0887145996094,130.25563049316406
NVDA,Nvidia,ok,Information Technology,Semiconductors,2026-10-02,234.36000061035156,29.594696,754,False,False,1.5160703416558174,3.146865756440298,4.127601627857214,4.550704074253176,19.980687809877185,25.465436307838687,197.46296080331953,169.57183488336693,141.18294532735405,141.18294532735405,424.8982773622447,46.77838626411697,83.16328649007745,-0.3581562068904669,42.21450301137187,108300831.55,-5.7376295833252104,235.202392578125,164.79331970214844
NVR,"NVR, Inc.",ok,Consumer Discretionary,Homebuilding,2026-10-02,5949.375,15.475061,754,False,False,-2.8892247330121523,-4.575329861984024,-5.52948888872521,-5.967728268071992,-11.119255218761692,-25.970387352934267,6853.174820188492,7405.293073798556,7439.728120596403,7439.728120596403,-0.19418372798354344,26.333580275542513,31.816197242735512,-27.25146735143067,6.933523042322763,40408.65,-42.405895767366644,8178.0,5563.6201171875
NXPI,NXP Semiconductors,ok,Information Technology,Semiconductors,2026-10-02,245.10000610351562,20.898037,754,False,False,2.470840587727796,3.6495136119857774,2.9485904815484743,7.747453496443368,-12.230247825956297,10.901787111775963,236.5054043361119,223.00442070220097,223.62259008270993,223.62259008270993,29.111883643261628,43.72726244387183,70.66497260849785,-25.740799470385312,35.419528149913454,3528174.3,-60.15542656155054,330.06011962890625,180.99310302734375
ORLY,O'Reilly Automotive,ok,Consumer Discretionary,Automotive Retail,2026-10-02,84.95500183105469,26.948603,754,False,False,-0.08820057546613524,-1.2954547086359347,-1.3527646056346376,-2.3168901475981274,0.8487701631254119,-19.611088582771387,92.56382933117095,91.27660897243545,83.82319144291966,83.82319144291966,41.80910811490421,22.257788605335264,40.70578644453238,-19.067351773737904,2.68946982211698,6043610.55,-73.83003112270363,104.97000122070312,82.7300033569336
OXY,Occidental Petroleum,ok,Energy,Oil & Gas Exploration & Production,2026-10-02,57.8650016784668,17.08112,754,False,False,0.04322532125338174,5.323995494852141,1.7675009801745745,-4.563251710145888,19.09552035188733,23.67392433019102,51.02327325608995,48.07311212304104,51.244499100298086,51.244499100298086,-1.8708625422786285,31.75715533194326,38.29597439443257,-11.837212586810248,50.76131718940623,9299518.85,-44.56619656187911,65.63426971435547,38.38186264038086
ODFL,Old Dominion,ok,Industrials,Cargo Ground Transportation,2026-10-02,180.73500061035156,34.70769,754,False,False,1.4795027605470246,1.8454827975775467,4.290246640314943,-3.6645168048790366,-16.36679384421592,30.607742616722344,186.96925405472044,179.79450768398573,184.6627937033575,184.6627937033575,-8.757477274777392,36.76460562266907,48.28140615591588,-27.22401431698743,44.000502345046854,1798565.1,-58.233260503053245,248.3442840576172,125.50997924804688
OMC,Omnicom Group,ok,Communication Services,Advertising,2026-10-02,74.0999984741211,200.48648,754,False,False,-0.8032108415437,-0.05395321804241293,-2.6920591079189093,-8.436951501851453,-6.305442346904966,-0.35730033726394383,75.94759311373272,76.96318007085428,78.51445109521678,78.51445109521678,12.293805803313361,29.68155882623032,23.248010756331098,-15.828703483835364,13.59777708276851,3224036.3,-72.67940190375649,88.03475952148438,65.23014831542969
ON,ON Semiconductor,ok,Information Technology,Semiconductors,2026-10-02,83.58499908447266,54.61438,754,False,False,4.37686959699688,10.052669444389206,8.27072848268533,15.544654846342688,-11.7277464047013,72.87487429645067,74.29541669573102,64.13038841186767,67.59004641970526,67.59004641970526,-10.479815116496361,57.4281439723921,69.80256475432498,-37.590529638259696,86.15812081052374,12015807.65,32.84045038786885,133.92999267578125,44.900001525878906
OKE,Oneok,ok,Energy,Oil & Gas Storage & Transportation,2026-10-02,87.4800033569336,15.11399,754,False,False,0.36714052475805836,0.7137954665270119,-1.2975222070652048,-8.884489729719503,1.2502077336431716,26.375343680240327,81.64378052666073,82.5999049076521,77.77636507778016,77.77636507778016,64.64705541106844,26.408519449783164,23.05512435983141,-10.286123022830049,41.2080314908945,3699421.55,-52.589047333629765,97.51000213623047,61.95115280151367
ORCL,Oracle Corporation,ok,Information Technology,Application Software,2026-10-02,141.89999389648438,22.236675,754,False,False,2.7739453676365544,2.9828005012067837,3.501085032297202,-2.6415136216230706,-0.9504311097742968,-50.34174512954852,179.16582401215084,183.27900045326507,162.22259569041609,162.22259569041609,37.75568874711395,50.543958265172094,46.8675440456395,-54.22725035438651,23.402031944200523,35589469.0,-39.211568455826075,310.009765625,114.98999786376953
OTIS,Otis Worldwide,ok,Industrials,Industrial Machinery & Supplies & Components,2026-10-02,63.869998931884766,16.439589,754,False,False,-0.9460365900915146,-2.6816979966299503,-3.1392226764942466,-9.826348608279122,-12.563416201835597,-29.356582673851083,79.5434377912491,86.43436025338345,86.8632873767883,86.8632873767883,-15.171328903748748,21.473539822580083,24.286889916987647,-30.948014999537264,0.0,4843829.55,-39.42621288149992,92.49552917480469,63.869998931884766
PCAR,Paccar,ok,Industrials,Construction Machinery & Heavy Transportation Equipment,2026-10-02,109.06999969482422,23.00421,754,False,False,-0.7913432119902919,-2.44186340108572,-2.0123959328903873,-10.693521536313844,-13.14525812512166,14.378148624308151,115.7173807053339,106.76189152083074,102.42069489253927,102.42069489253927,43.62954367351859,26.806226606351935,7.725372078696324,-20.87489663829547,20.170859891056246,3560118.9,-31.741661774273886,137.84500122070312,90.76243591308594
PKG,Packaging Corporation of America,ok,Materials,Paper & Plastic Packaging Products & Materials,2026-10-02,229.21499633789062,29.768183,754,False,False,-0.21549360563694053,-1.7425422079378916,-3.358207514905598,-1.216694707748578,-2.4076637142200763,9.388637320885241,218.4499976748512,210.23402429101952,195.83099521060205,195.83099521060205,61.413998816513505,24.90115744601517,45.57314793827266,-10.383976272669578,22.61139195014913,604428.55,-57.71692121426098,255.77456665039062,186.9442901611328
PLTR,Palantir Technologies,ok,Information Technology,Application Software,2026-10-02,189.6300048828125,162.14531,754,False,False,-0.21573795927418704,1.4226900811587617,-0.021085720735436464,11.90251231548829,43.07379997630709,2.530417957173592,157.7978965819828,132.57834653360436,96.01527845069015,96.01527845069015,1094.1435989686624,65.10767656518553,77.30927263312385,-8.470889281492042,76.7782332591968,22759068.05,-45.13061355339636,207.17999267578125,107.2699966430664
PANW,Palo Alto Networks,ok,Information Technology,Systems Software,2026-10-02,400.7749938964844,,754,False,False,1.1419542956427442,3.183489126899963,6.9474847469111145,22.008944377795125,12.095487166066476,93.79835008811803,240.93688480437748,214.55795810897038,193.78455557178123,193.78455557178123,238.53527614528082,42.78365067586817,63.750959001193806,0.0,182.89334303410473,6173662.4,-51.621131728874595,400.7749938964844,141.6699981689453
PSKY,Paramount Skydance Corporation,ok,Communication Services,Movies & Entertainment,2026-10-02,9.204999923706055,308.16666,754,False,False,-1.445398572551737,-7.857856510483641,-7.580322405112994,-15.7015810000517,-8.349484141095276,-50.366644819124254,11.545791514336116,11.669988424179563,11.643275290648564,11.643275290648564,-23.049071121399788,55.40298685817591,31.710085660024575,-50.989328707888106,18.406361169173238,26364607.45,-8.583698635725368,18.78162384033203,7.774075508117676
PH,Parker Hannifin,ok,Industrials,Industrial Machinery & Supplies & Components,2026-10-02,969.89501953125,34.0172,754,False,False,0.41568462212080437,-0.04894788465508171,-0.8621832521999662,2.1608854771456576,0.05028088921998908,29.494830518605664,912.7688441200862,788.7882297105523,690.9693238437966,690.9693238437966,159.5304275481721,28.409574004044313,68.89173172078125,-9.50036682206345,36.46231875059737,572396.45,-69.50907015583343,1071.7115478515625,710.7420043945312
PAYX,Paychex,ok,Industrials,Human Resource & Employment Services,2026-10-02,99.05500030517578,19.656746,754,False,False,-1.770127030482771,-0.25676896554902573,-2.283715476652004,-20.116935237761467,-5.032384922872546,-16.60525325093293,104.48193059648786,120.4350300215155,117.71123462140719,117.71123462140719,-3.5850675763283046,24.696467780207787,9.728803344996678,-22.212185366852022,18.468735303569737,3565701.4,-70.15094982434591,127.33999633789062,83.61277770996094
PYPL,PayPal,ok,Financials,Transaction & Payment Processing Services,2026-10-02,52.75,9.977316,754,False,False,-0.5842468248541399,-2.1154191919835474,-4.160612059294699,-3.273648057861933,17.277209832728467,-19.984603450313088,53.16850781819177,63.72856358227977,63.04546145229188,63.04546145229188,-8.916905828388334,38.65111969034518,42.74377711806349,-29.937916345399014,36.169998219600465,11838028.9,-54.42587574693284,75.29036712646484,38.73834228515625
PNR,Pentair,ok,Industrials,Industrial Machinery & Supplies & Components,2026-10-02,53.3224983215332,13.764174,754,False,False,0.8367950916793321,-0.2758610357255997,-0.6289629646638595,-10.891547149791958,-29.09378638349712,-51.153610384240686,85.83740570431664,91.91053507527508,86.15488402976281,86.15488402976281,-13.122838547151904,29.309946504876685,29.82702577512542,-51.96220519135804,0.8367950916793361,2529051.35,-47.6156543836091,111.00113677978516,52.880001068115234
PEP,PepsiCo,ok,Consumer Staples,Soft Drinks & Non-alcoholic Beverages,2026-10-02,125.72000122070312,16.507874,754,False,False,0.09554358920376149,-2.3078725342750683,-2.262305489889793,-9.576538236934852,-11.324543981236834,-8.611063723681767,143.94773456028528,141.310079278224,145.687813260511,145.687813260511,-17.18484690800086,20.075661331031718,15.519585199805405,-24.01487869261692,0.09554358920375057,9073027.8,-64.81597907150687,165.4534454345703,125.5999984741211
PFE,Pfizer,ok,Health Care,Pharmaceuticals,2026-10-02,27.579999923706055,36.30921,754,False,False,-1.9203445925006113,-3.9693573011972516,-3.801884024022617,-4.9620968688592,18.307265534009765,8.46837749273346,25.38308678732978,24.14769525261989,24.226271482614372,24.226271482614372,-1.4488451957969661,24.22032774405419,47.36843237444841,-4.962096868859202,21.80869771200495,31627592.25,-37.65271524897694,29.020000457763672,22.642061233520508
PCG,PG&E Corporation,ok,Utilities,Multi-Utilities,2026-10-02,12.324999809265137,8.866906,754,False,False,1.2736214626088316,1.607581970193639,0.2901451230026275,-7.158261853563386,-26.422092423610476,-20.266727703978095,16.284882416800848,16.467165546113275,16.69697539939172,16.69697539939172,-17.268544978178458,29.010149507965693,27.631777862075054,-34.8644393791233,3.563213656430733,40653284.35,-33.687308587651664,18.922075271606445,11.900943756103516
PM,Philip Morris International,ok,Consumer Staples,Tobacco,2026-10-02,187.5050048828125,25.780218,754,False,False,-0.35869264493579855,-3.2980862377365083,-1.56183899173431,-0.2314555458885703,1.485716852992769,20.78562028955535,170.9399787660629,158.12240357417986,135.7181750532803,135.7181750532803,130.01303615748472,24.492414193838826,33.46077012447904,-6.327118650140289,33.36590697086335,4385102.55,-67.48648443808914,200.1699981689453,140.5944061279297
PSX,Phillips 66,ok,Energy,Oil & Gas Refining & Marketing,2026-10-02,265.8999938964844,15.181507,754,False,False,0.6320186355526003,5.411295895533952,3.9687170660740456,3.830683626411635,50.74227022970217,103.41324329902105,172.0711818271213,144.61628756580126,138.33384481981514,138.33384481981514,146.63704459389152,30.98668691453766,58.28336190069311,-3.03052325500514,115.97814887898113,3267755.4,-62.989641146335494,274.2099914550781,123.11430358886719
PNW,Pinnacle West Capital,ok,Utilities,Multi-Utilities,2026-10-02,95.7699966430664,18.38004,754,False,False,1.204691348130904,2.5374679640993714,4.3928481285570475,-1.6533175762592833,-9.605461824785422,12.81239566590262,95.59555483621264,90.31142480249899,83.26008617593375,83.26008617593375,52.25431081953724,18.03880028359077,51.54809909672938,-11.638652551862668,13.755420090056322,1191522.9,-34.029131962130144,108.38449096679688,84.18939208984375
PNC,PNC Financial Services,ok,Financials,Diversified Banks,2026-10-02,221.2100067138672,12.175839,754,False,False,0.2083835623407415,-0.19850538900654247,-1.9633011379916243,-8.764332018301735,-11.930789106919882,15.142682001636775,217.40442427377852,198.58227350607336,179.23989908638305,179.23989908638305,105.94950243354705,24.41194119814107,16.147321979617487,-13.916019121672823,26.933393502547865,1759856.75,-59.57994876571631,256.9700012207031,174.2725067138672
PPG,PPG Industries,ok,Materials,Specialty Chemicals,2026-10-02,105.44000244140625,15.127691,754,False,False,0.7356494563208971,-0.5470611394308933,-1.9345184771211499,-5.273556056002537,-14.46647222453622,3.9479083805578963,108.16381717863537,109.33636853039502,114.9399385426974,114.9399385426974,-12.569554117272242,26.45589126859412,50.788392671721695,-18.363314719851466,13.99007560664879,1743158.45,-71.25510879403993,129.15762329101562,92.49928283691406
PPL,PPL Corporation,ok,Utilities,Electric Utilities,2026-10-02,32.814998626708984,19.414673,754,False,False,0.16788860803949035,0.7212915360560235,2.450826966373487,-4.20399689791402,-8.369049384230998,-7.413372935671103,35.50360117261372,34.13744592856601,31.25525479354656,31.25525479354656,60.728090493099415,17.59452172419723,36.698471415278355,-16.217451829628242,2.6431008179644206,7046288.45,-63.987154116576086,39.166866302490234,31.969999313354492
PFG,Principal Financial Group,ok,Financials,Life & Health Insurance,2026-10-02,111.87999725341797,15.938035,754,False,False,-0.32074181860597406,-1.8338193778184353,-2.5180791793837143,1.2763610184975738,0.1605647003410482,39.37436368654639,96.26375882587736,86.51737172100174,81.63972056765772,81.63972056765772,77.22664285006418,24.09341536312562,32.49649388264989,-5.5944686214680255,47.641866708737865,1366727.65,-64.44404999050103,118.51000213623047,75.77796173095703
PG,Procter & Gamble,ok,Consumer Staples,Personal Care Products,2026-10-02,144.52499389648438,21.832327,754,False,False,0.39944213993206024,-2.558665884797795,-1.165972701135487,-2.1098655554332546,-2.4821689184493456,-2.87569899556287,145.83746991838728,151.75904186598333,151.09456193352253,151.09456193352253,7.721933906229861,17.907716412091233,45.15834146521091,-12.260593611679628,7.028296039612128,7827813.05,-60.35724179692819,164.72073364257812,135.0343780517578
PGR,Progressive Corporation,ok,Financials,Property & Casualty Insurance,2026-10-02,209.27000427246094,10.494483,754,False,False,-0.8011008663355135,-0.545794686926393,1.8837022183318508,-5.4246080764419276,-9.625327198932009,-9.529344393913675,208.8528077867296,224.90132125915284,210.01643247123738,210.01643247123738,64.81970079834338,24.147718231656935,34.012962083788835,-10.708372191015991,10.012594554413393,2799248.25,-54.48188634216346,234.36688232421875,190.2236785888672
PLD,Prologis,ok,Real Estate,Industrial REITs,2026-10-02,129.2375030517578,28.76949,754,False,False,0.8250198442836698,-2.543169853760252,-2.8654640455114455,-4.631681543096644,-7.087319967269923,14.43590281612519,132.74301858932253,119.25576026886108,116.16741970679487,116.16741970679487,29.990637896872595,25.60619014522037,32.020714220763836,-13.192337951072004,19.837222352235063,3513767.45,-46.16749608742605,148.87799072265625,107.84420776367188
PRU,Prudential Financial,ok,Financials,Life & Health Insurance,2026-10-02,112.50499725341797,10.209882,754,False,False,-0.5524617830582668,-2.2205808790102366,-5.814148072212588,-6.120660304253944,-0.41668810784039056,15.025390015600614,105.4372868916345,104.33790162834988,101.8621675708882,101.8621675708882,39.48782198536378,24.00851087766538,24.461471696031992,-9.051534804363033,25.385733448791196,1518303.35,-28.639622641944385,123.70191955566406,89.72711181640625
PEG,Public Service Enterprise Group,ok,Utilities,Electric Utilities,2026-10-02,68.06999969482422,16.933382,754,False,False,0.26513522874360707,0.5762402303337577,1.5667011404818298,-6.3149047894207495,-14.97721355996875,-14.714735870618256,77.93965273054819,78.92330928057788,73.67599616316332,73.67599616316332,37.321266950218515,19.75576505881226,32.85200544615404,-19.67350537819505,2.2686331003861464,3395519.55,-32.443593205051634,84.74165344238281,66.55999755859375
PTC,PTC Inc.,ok,Information Technology,Application Software,2026-10-02,144.25,13.99418,754,False,False,-1.5156695584087498,4.863334225167204,4.4381733995946915,-3.272315914324042,15.418463854599796,-28.73727828037773,153.873413207039,167.91982074752747,169.29412483599836,169.29412483599836,2.4211898258846842,30.89724854815115,61.02089676414359,-29.93150851444452,28.41627138665347,1713267.8,-77.36162437652771,205.8699951171875,112.33000183105469
PSA,Public Storage,ok,Real Estate,Self-Storage REITs,2026-10-02,284.8999938964844,27.194658,754,False,False,0.316899259325476,-0.2381093591126593,-1.0660858114404315,-4.482436186161987,-11.165723507732883,2.0678473920206164,289.7814266870892,287.1518477785635,278.3033843710821,278.3033843710821,23.30195709236973,23.117994190178692,40.95514227543536,-12.904937891750862,13.548149880687882,854662.15,-57.065724742812115,327.11383056640625,250.90676879882812
PHM,PulteGroup,ok,Consumer Discretionary,Homebuilding,2026-10-02,115.38999938964844,11.792645,754,False,False,-0.8250959149657233,-2.6244730889042667,-3.721317598043772,-6.513502181922637,-11.9783878990113,-13.43766479692211,123.7270332518078,119.08576664411689,114.82662954760484,114.82662954760484,61.28651725413199,33.243113909115536,42.323837584566895,-18.535893032966133,5.247548956671704,1705614.95,-48.62269470609413,141.64520263671875,109.63675689697266
PWR,Quanta Services,ok,Industrials,Construction & Engineering,2026-10-02,677.3250122070312,77.46971,754,False,False,2.222311675769739,3.935469737613184,4.361375931311584,10.914067904163272,0.5045654241000452,61.14448333588298,571.6480557880705,451.7244775475734,378.8419566673056,378.8419566673056,284.75359232121866,39.10879261055973,72.7506282433344,-13.714982383065971,64.4439169100771,805703.0,-39.759439892863746,784.9856567382812,411.8881530761719
QCOM,Qualcomm,ok,Information Technology,Semiconductors,2026-10-02,185.60369873046875,21.180365,754,False,False,1.9296515257532398,0.8167803243350313,-8.103333362042253,9.798680400057558,0.07178116592194694,13.801952790016792,167.7924734145876,160.42335311160144,157.89252076288116,157.89252076288116,78.01598989834389,43.37704432258905,53.36093441977348,-25.3832003739022,50.96567351902218,14860386.8,-67.6560505141091,248.7425079345703,122.94430541992188
DGX,Quest Diagnostics,ok,Health Care,Health Care Services,2026-10-02,231.375,24.77302,754,False,False,0.12333015994887564,-0.2564992100582142,-2.092504727047706,-3.9140377625875633,8.83847805493161,29.310537585515828,200.15884393358988,182.05988792024286,165.0082361337677,165.0082361337677,102.94727014001835,22.36871043617227,41.46916012884762,-6.496260717919713,35.10568496624361,1114815.55,-46.10669002598681,247.4499969482422,171.25482177734375
Q,Qnity Electronics,ok,Information Technology,Semiconductor Materials & Equipment,2026-10-02,131.6699981689453,47.053574,235,True,False,2.5068129989918253,4.824454684457935,5.597879213146273,11.878660410852838,-10.173399573722797,,119.66136383705951,119.66136383705951,119.66136383705951,119.66136383705951,38.518901400017505,55.08250186829954,79.08941601969009,,,1461507.6,-58.6829380839347,,
RL,Ralph Lauren Corporation,ok,Consumer Discretionary,"Apparel, Accessories & Luxury Goods",2026-10-02,360.6300048828125,22.779951,754,False,False,-0.5597525943854098,1.3233286349137563,0.9885182635011258,7.476334445162536,-8.745998460968806,14.818560983008355,357.0626747494652,302.5783458268975,252.7599617125817,252.7599617125817,224.48869951198148,35.78588687949467,64.73661984580733,-12.482344088824638,17.836689853835974,667515.55,-61.43745265559731,412.0654296875,306.0422058105469
RJF,Raymond James Financial,ok,Financials,Investment Banking & Brokerage,2026-10-02,158.1699981689453,13.792501,754,False,False,-0.9952406062599062,-0.7116865403017036,-0.7241053816735565,-9.796892597009965,-4.625702150336696,-3.306954831495179,159.5321172683958,155.12941248008454,140.3444946552145,140.3444946552145,68.15811990734765,25.729408311765738,26.171003448175938,-12.400717132719835,13.474591058895443,1276332.35,-67.79467354251423,180.5608367919922,139.38803100585938
RDDT,Reddit,ok,Communication Services,Interactive Media & Services,2026-10-02,148.58999633789062,32.847347,636,False,False,-0.6286380318866192,2.2220663965166754,-0.8342231917713328,-6.015186210301815,-26.023102715139167,-26.658444293446536,176.3625000242203,164.3203187311788,141.76122638414492,141.76122638414492,194.58762962616194,80.92996024812356,36.14626121262179,-42.613833645781106,21.95502364085438,4741396.6,-52.372007859456424,258.92999267578125,121.83999633789062
RTX,RTX Corporation,ok,Industrials,Aerospace & Defense,2026-10-02,184.7550048828125,32.52521,754,False,False,-0.13782478330597314,-1.1688229004268913,-2.452475799028042,-7.981369655300929,-7.946187451670827,12.139537877563523,188.8143445575048,160.09544556454358,137.5516947738688,137.5516947738688,174.94142104074015,23.85701121777549,22.35571290346749,-18.065102495900415,19.4250327829157,3845919.4,-49.6664438677524,225.49000549316406,154.70375061035156
O,Realty Income,ok,Real Estate,Retail REITs,2026-10-02,53.994998931884766,40.003704,754,False,False,0.8686720776981183,-1.5910933479391431,-2.299840319256574,-11.768016975590012,-13.386334374184816,-5.770360579299516,59.364022194393094,55.965672914725374,53.24542012202012,53.24542012202012,30.201591509008384,18.087882883210625,11.729007834887213,-17.563283564252224,1.0435181006441474,8844582.5,-48.32260313022124,65.49872589111328,53.43737030029297
REG,Regency Centers,ok,Real Estate,Retail REITs,2026-10-02,71.72000122070312,24.148148,754,False,False,-0.1114231582929337,-1.2936999642575553,-2.0619992721705893,-4.437024801991507,-9.260651382313846,3.587091376851692,73.4540881807842,70.63977979378872,66.1443036886362,66.1443036886362,39.32099185807063,18.4321317709288,23.135756652749933,-12.377495598127958,11.124884108032887,1326365.95,-71.22068762395476,81.85111999511719,64.54000091552734
REGN,Regeneron Pharmaceuticals,ok,Health Care,Biotechnology,2026-10-02,735.8743286132812,18.225935,754,False,False,0.1448443894644491,-1.9500980615720587,-6.619670431523772,-13.632817704729195,13.376769195613726,23.28695053036163,718.8099345858135,687.52417527157,777.3077803796419,777.3077803796419,-9.194219310989949,31.625769682480094,29.948763197822785,-13.632817704729197,32.61754818847925,738762.0,-61.33531502703171,852.030029296875,554.8845825195312
RF,Regions Financial Corporation,ok,Financials,Regional Banks,2026-10-02,27.1200008392334,11.0264225,754,False,False,0.5934783389992537,0.855341966550971,-1.810282349049619,-9.388571457703765,-10.121219204754938,7.655446023426982,27.393584205990745,24.906751043768043,22.36235282022694,22.36235282022694,87.1901319864584,28.49354949408227,15.925094429296848,-15.447373334808088,20.841503138131408,9122130.75,-30.007416304573354,32.07469940185547,22.4426212310791
RSG,Republic Services,ok,Industrials,Environmental & Facilities Services,2026-10-02,208.92660522460938,29.5134,754,False,False,0.9404819486191984,-1.4125108390901198,-1.49618141800405,-6.108843603655223,-2.634633497158978,-7.0199328845433335,214.28288250877745,219.56309241792596,205.06381670802594,205.06381670802594,52.64030604282066,17.32607527677057,12.353278217763972,-9.531254077951099,5.971048654284687,1546579.3,-67.43872105361814,230.93788146972656,197.1544189453125
RMD,ResMed|,ok,Health Care,Health Care Equipment,2026-10-02,219.41000366210938,20.979406,754,False,False,-0.7867918979864164,-1.5348014813275856,-1.1666650170678472,-4.963828863625663,0.7507582098085663,-18.135004999261582,231.02623058500745,237.14877425721917,220.31201487574083,220.31201487574083,55.04706537179476,31.736717420600918,40.80162844254306,-21.727154356833825,20.358620334061882,1198103.3,-72.7514313665608,280.3143310546875,182.296875
RVTY,Revvity,ok,Health Care,Health Care Equipment,2026-10-02,151.27000427246094,72.35886,754,False,False,1.4826289749524824,-0.9818681403744645,0.10588555453847626,15.526196312812868,34.01050765837592,65.30978312163312,104.01029232570103,103.91871436373646,104.64197679919336,104.64197679919336,41.45279885851876,36.511813835294745,78.37569479976918,-1.0595821333342117,84.00785282833047,2225306.1,-68.99204113986835,152.88999938964844,82.20845031738281
HOOD,Robinhood Markets,ok,Financials,Investment Banking & Brokerage,2026-10-02,113.16000366210938,50.026546,754,False,False,1.808368968634233,-2.632935403935144,-5.226128797340978,5.766899636913836,-3.734580413167232,-18.671838322195576,102.1782341003418,82.53674292849354,60.370550324493124,60.370550324493124,1063.001120101809,68.77621098530967,48.6956543927275,-25.777253916507426,73.66482090594488,22190904.05,10.557374970939936,152.4600067138672,65.16000366210938
ROK,Rockwell Automation,ok,Industrials,Electrical Components & Equipment,2026-10-02,451.5150146484375,42.403847,754,False,False,2.0488195708681767,4.631199667618424,3.999774500997355,6.148916258603343,-6.205421763393937,30.98442891288169,410.63517192053416,351.54263296545264,322.60963715166247,322.60963715166247,67.03624779212656,32.3173785022,79.10021450651269,-8.518649830501055,37.09508506241407,669800.25,-48.834745881328054,493.55963134765625,329.34442138671875
ROL,"Rollins, Inc.",ok,Industrials,Environmental & Facilities Services,2026-10-02,30.204999923706055,27.468182,754,False,False,-1.1939802903562446,-0.9672133648981784,0.582748028834934,-15.415847947081785,-28.967525897771786,-47.28405399222755,51.01831001705594,51.525977898403944,48.75901228553104,48.75901228553104,-14.101190380620643,23.887263258276448,18.661755879584874,-53.43277226067901,0.5827480288349441,7765571.0,-66.83154400365407,64.86321258544922,30.030000686645508
ROP,Roper Technologies,ok,Information Technology,Electronic Equipment & Instruments,2026-10-02,355.760009765625,14.817291,754,False,False,-1.8836665769181637,1.8056939013226803,-0.7808979841682384,-14.437576071001534,-2.0858676192488046,-27.92961530479243,387.532709757487,466.2732997453545,487.0773508087077,487.0773508087077,-24.978236852674673,22.953902169046234,22.34086561734398,-31.097335292961265,13.320886795413095,874883.95,-62.020219938884466,516.3225708007812,313.94036865234375
ROST,Ross Stores,ok,Consumer Discretionary,Apparel Retail,2026-10-02,228.30499267578125,27.641647,754,False,False,-2.475443518430287,-2.600256561181824,-3.309758852708611,-0.9113099628723642,8.225891862759326,50.26438532658675,205.90422112601144,173.15261454791187,160.4202234080995,160.4202234080995,105.40379809463771,24.536177396396315,47.4069638090095,-10.376425463088504,55.84930875456035,1892762.75,-32.561278480358936,254.73765563964844,146.49085998535156
RCL,Royal Caribbean Group,ok,Consumer Discretionary,"Hotels, Resorts & Cruise Lines",2026-10-02,275.5299987792969,17.028103,754,False,False,2.051931088301706,5.700688451332803,13.52698897563478,4.355167637412372,-3.6877755481520724,-11.067579076228661,282.18362886943515,267.05157631801893,220.9366512753919,220.9366512753919,210.80752555876776,42.143624600141585,62.4635980810954,-19.52169043040356,19.63959840563877,3264480.85,-28.775290564194922,342.36553955078125,230.3000030517578
SPGI,S&P Global,ok,Financials,Financial Exchanges & Data,2026-10-02,383.3299865722656,23.684063,754,False,False,-1.2443366251738364,-2.3238693721722936,-4.951649349157572,-11.20659837400282,-14.09358366944964,-15.132126711323856,430.12416597396606,454.71713433132703,438.6664004540886,438.6664004540886,13.19203069865611,24.382787520912352,14.712355547725835,-25.326070142726913,4.407037728382345,1877009.5,-22.355747267128912,513.3384399414062,367.1495666503906
CRM,Salesforce,ok,Information Technology,Application Software,2026-10-02,234.3800048828125,21.432753,754,False,False,-0.9759590750630043,4.025568071767438,0.15383326372921946,-8.616212470384198,41.74002279049694,0.287654892477085,208.74972637115962,245.9857894167957,248.96014483221646,248.96014483221646,17.252147725696588,38.84638085473544,28.514330107275185,-11.359703873867552,56.40311471780939,11931601.3,-59.29778511791204,264.4169921875,149.85635375976562
SNDK,Sandisk,ok,Information Technology,"Technology Hardware, Storage & Peripherals",2026-10-02,1722.4266357421875,23.321955,411,False,False,-3.6507060957519544,-0.4239532641543198,-3.1147154665924326,10.88107433189216,-1.2613528368157878,1322.0827251350056,949.5607192932613,601.2364507754064,601.2364507754064,601.2364507754064,4684.5184326171875,104.94053730405106,60.49456599762931,-26.23440532153373,1373.2927737478358,9352938.6,-25.94336073156729,2335.0,116.91000366210938
SBAC,SBA Communications,ok,Real Estate,Telecom Tower REITs,2026-10-02,159.77000427246094,17.224678,754,False,False,1.1074547226201936,-1.8672030782622806,-3.839897597587838,-14.295673295915655,-10.908628966954204,-14.5684312145981,189.129397922092,200.62759946541956,202.171685317467,202.171685317467,-14.237753061888103,29.61979418809615,10.13002353572736,-27.667220582886582,1.1074547226201934,951587.05,-56.77316121525613,220.8818817138672,158.02000427246094
SLB,Schlumberger,ok,Energy,Oil & Gas Equipment & Services,2026-10-02,48.93000030517578,24.4925,754,False,False,0.5548714726887338,-1.8848980285579908,-5.0640290337388265,-15.826596583335906,7.576288491882899,42.85044795617385,46.968685195559544,41.768106426375795,43.222455237209005,43.222455237209005,-8.777515300580962,33.36132108180333,25.364772248538344,-18.16325474626678,58.0271715142934,13613190.65,-51.44185393451461,59.78976821899414,30.963029861450195
STX,Seagate Technology,ok,Information Technology,"Technology Hardware, Storage & Peripherals",2026-10-02,843.6699829101562,60.621586,754,False,False,-10.776571129029355,-7.63917328418181,-7.979672656432912,4.428516947219019,-2.7542148409848255,230.41696688542973,567.8145137968518,343.0442839846668,257.0289047757258,257.0289047757258,1253.0395253928202,53.02761050667257,55.376421182013736,-22.7680653208128,301.0030960003806,4200832.8,178.31995598587022,1092.3848876953125,210.389892578125
SRE,Sempra,ok,Utilities,Multi-Utilities,2026-10-02,78.43000030517578,22.730434,754,False,False,0.48686385465734894,0.319774877237311,0.6416014346746879,-5.610772662945507,-14.91259442922901,-9.484265195495055,88.77726579090906,82.63619340083514,77.95962575512793,77.95962575512793,32.01684759628953,23.88216353523693,30.08347793572976,-20.146413587195806,2.0028624369252777,3408897.6,-63.74921910238665,98.21725463867188,76.88999938964844
NOW,ServiceNow,ok,Information Technology,Systems Software,2026-10-02,134.875,84.325,754,False,False,-2.094217931093756,3.797904775951566,-0.5493254269355763,-1.3494742570436258,24.965254904694078,-26.090217554355977,127.96977373153445,160.23562333308368,155.91601451195837,155.91601451195837,21.458677386999312,44.70388361757825,39.35031721959804,-28.734847070258894,62.5,11635583.35,-54.959138340064406,189.25799560546875,83.0
SHW,Sherwin-Williams,ok,Materials,Specialty Chemicals,2026-10-02,319.5849914550781,29.497232,754,False,False,-0.37253174411318035,-3.2850172213193085,-2.8912228720666233,-3.521512013561323,-8.250888608723915,-5.452043245454985,332.2599085247706,341.54622805166053,329.35791489173624,329.35791489173624,29.904113457441216,24.593207069460757,44.5309831156774,-13.616650744999564,9.325480922412256,1677979.25,-61.4366506618005,369.9613342285156,292.3243408203125
SPG,Simon Property Group,ok,Real Estate,Retail REITs,2026-10-02,200.94000244140625,14.175599,754,False,False,0.06474024420750624,-1.6350089866111417,-1.8943485714609243,-3.379287979350487,-9.734784662951501,13.183295550572872,194.42858184330046,176.4724915948997,159.95668327270832,159.95668327270832,122.47246969909935,22.71719973183833,33.76314391666584,-14.196565179198211,21.285983970560103,1231114.35,-65.9343585752209,234.18643188476562,165.67454528808594
SWKS,Skyworks Solutions,ok,Information Technology,Semiconductors,2026-10-02,85.16000366210938,45.33511,754,False,False,2.4050022990935283,-3.2712371915821215,-4.678747310412012,18.822388499807865,37.554520872235365,15.170058095293616,66.07811190590026,69.56972534818003,77.62305245538606,77.62305245538606,-4.470850584124864,45.745074422549116,57.29836798554002,-6.878068339021105,63.61900802726238,7212181.45,-53.57952343253927,91.44999694824219,52.04774475097656
SJM,J.M. Smucker Company (The),ok,Consumer Staples,Packaged Foods & Meats,2026-10-02,117.2249984741211,54.817753,754,False,False,1.099613246603215,-2.8790377481212492,-3.119835971800744,-10.814823267841888,5.967744660806518,12.469145842435903,105.69317932734414,104.82009033567877,105.62871321822351,105.62871321822351,8.431416731868202,27.001893636426576,37.81763458400562,-11.421337677218837,33.62780315545996,1279215.0,-55.09746211543798,132.33999633789062,87.72500610351562
SW,Smurfit Westrock,ok,Materials,Paper & Plastic Packaging Products & Materials,2026-10-02,42.650001525878906,45.37766,754,False,False,-0.906132391618375,-3.8981511955826553,-8.101698629380339,-5.974424709011606,-5.699131901203247,2.943155526779262,41.44713883929782,43.301725019021816,41.652649689732556,41.652649689732556,42.85943187637806,41.259792125766154,44.376285217695205,-16.02900174522088,33.92970825021705,4258300.65,-57.50621788529657,50.79134750366211,31.845064163208008
SNA,Snap-on,ok,Industrials,Industrial Machinery & Supplies & Components,2026-10-02,368.20001220703125,18.791327,754,False,False,0.13053708928931762,0.30511759718208076,-0.2708558957032925,-3.255467629227815,-10.428779606600692,9.539958933789272,366.59732733832465,342.34937994603615,314.2731170654297,314.2731170654297,58.32568563097826,22.717763100275718,32.54373838490223,-11.64425168472117,15.53348487323679,287181.5,-67.84960033985476,416.7244567871094,318.69549560546875
SOLV,Solventum,ok,Health Care,Health Care Technology,2026-10-02,88.47000122070312,10.863192,633,False,False,0.7975442684399647,-0.951632867247254,-1.15083662491271,-3.732318006773805,13.510390620289137,21.125410886865925,77.51682534293523,74.84153382046765,71.93649288978999,71.93649288978999,10.587501525878906,31.731069018518703,41.758245852969644,-4.294678835842241,41.574650095086625,843362.35,-62.16964155442795,92.44000244140625,62.4900016784668
SO,Southern Company,ok,Utilities,Electric Utilities,2026-10-02,83.63999938964844,20.15424,754,False,False,0.20366379113356814,0.22768418017329317,0.9169910248749691,-5.288187405788081,-12.146431616078834,-8.85889703162086,90.6940193781777,87.95177180073651,81.59757490689306,81.59757490689306,47.89925239986861,17.46797989123291,30.64517546712419,-14.207570989570176,1.9228925900668787,6313774.2,-55.4215290119181,97.49111938476562,82.0620346069336
LUV,Southwest Airlines,ok,Industrials,Passenger Airlines,2026-10-02,42.23500061035156,26.39375,754,False,False,0.9440737483822348,0.36834309066613447,-1.0426422015987091,9.90111963299496,-16.487268056688464,33.174606153071885,41.06714689163935,35.88688403201768,32.79953459529725,32.79953459529725,65.59628952142785,40.85357059885914,67.8266549846285,-21.893768800546308,44.88964936243999,6079331.05,-38.223120782343315,54.07379150390625,29.149770736694336
SWK,Stanley Black & Decker,ok,Industrials,Industrial Machinery & Supplies & Components,2026-10-02,90.88999938964844,22.262835,754,False,False,1.4510582708975983,2.3651294655565813,-0.5579891988142571,-5.376196674232725,-0.9496520929960339,28.754892695735922,79.2255940815759,76.35661045393621,78.29719346145103,78.29719346145103,27.012341477576275,38.1412040188158,57.10227180364715,-11.845192634919997,52.59072452752709,1693238.7,-54.07180334349788,103.10271453857422,59.5645637512207
SBUX,Starbucks,ok,Consumer Discretionary,Restaurants,2026-10-02,94.62000274658203,54.702312,754,False,False,-0.27402457247285295,-0.8487871277412351,-0.2530021739672428,-11.338079400034484,-6.802910999797252,14.969920826520466,94.65554325164311,92.53564679575156,89.64864540606025,89.64864540606025,11.96476974066709,32.976386039091636,31.128052410608447,-12.784584192363981,23.67399334902539,6829638.7,-68.69857844749532,108.48999786376953,76.50759887695312
STT,State Street Corporation,ok,Financials,Asset Management & Custody Banks,2026-10-02,176.46499633789062,15.578994,754,False,False,1.056580730897938,-0.21385561790554508,-2.1728225630312625,-6.651336732039248,0.8182496496148772,59.331674961625104,145.40732889326793,120.18310464805816,103.34930029851373,103.34930029851373,191.71884500646192,24.780962480585515,26.1518565082672,-8.679188786236065,62.74797397256178,2100355.0,-70.97157385299153,193.23634338378906,108.42838287353516
STLD,Steel Dynamics,ok,Materials,Steel,2026-10-02,231.99000549316406,21.048094,754,False,False,2.57328884084409,4.797402814394336,-0.477005075813175,-6.095368341526164,2.4113421003069124,66.29764130248957,203.15595578390455,165.3167298913477,149.78191183479774,149.78191183479774,127.17988667825053,34.8169441878987,48.268732250335844,-17.572210329724236,66.02682166306629,995169.2,-70.79049472190256,281.44635009765625,139.73043823242188
STE,Steris,ok,Health Care,Health Care Equipment,2026-10-02,207.5399932861328,25.357754,754,False,False,-0.8598467007004618,-1.4763829577321697,-0.6652943274666367,-9.627418623527406,-2.3943884028983398,-13.25168613166432,231.4397300235809,228.1659932231523,224.4067693654675,224.4067693654675,-0.9355784944770518,23.27300127730333,35.04396782082041,-22.083125670964275,4.399818945578287,650203.15,-53.55866854843752,266.36077880859375,198.79344177246094
SYK,Stryker Corporation,ok,Health Care,Health Care Equipment,2026-10-02,275.27508544921875,28.511904,754,False,False,0.8481440748145719,-0.9409834218455537,1.3903752692485671,-11.545274261491656,-14.961106942544388,-23.568616934064245,335.28544459267266,353.4272324155526,341.3052564261763,341.3052564261763,3.543740625180436,24.083862788129096,42.20867445857568,-28.345322232258756,2.3713848125098953,3126981.8,-67.78247957823099,384.1690368652344,268.8984680175781
SMCI,Supermicro,ok,Information Technology,"Technology Hardware, Storage & Peripherals",2026-10-02,43.71009826660156,13.400308,754,False,False,4.270277137040468,6.558015062939249,1.0404529878225155,18.13540072054476,60.75798973174429,-16.567858797803126,34.32246056814042,37.269781070876405,45.41920170417199,45.41920170417199,51.319319917887476,100.19892227829794,71.28911060761448,-25.511080369326137,112.90841112847308,38085638.3,-5.707328003479983,58.68000030517578,20.530000686645508
SYF,Synchrony Financial,ok,Financials,Consumer Finance,2026-10-02,72.32499694824219,7.4210258,754,False,False,1.1396934521958224,0.8435523107108045,-0.8431662634753923,-7.736959419095424,-5.727063428946655,5.283323049092914,74.12323592957996,67.82396959403597,58.229217693723484,58.229217693723484,153.13901262967082,35.35464056620184,36.14035463435731,-17.22739267014244,14.349345404302083,2856448.45,-57.63728906082657,87.37793731689453,63.2491569519043
SNPS,Synopsys,ok,Information Technology,Application Software,2026-10-02,489.125,85.110634,754,False,False,-0.28845935505223963,17.83589205118872,14.882795185310282,17.586604458162046,10.594209905768604,0.07058415269953766,443.4515687246171,476.912540633365,498.2216657643609,498.2216657643609,5.455778594322824,45.82476237892706,83.79726944074447,-8.499513200782213,33.022840294223634,2276787.8,-36.07414797285895,534.5599975585938,367.70001220703125
SYY,Sysco,ok,Consumer Staples,Food Distributors,2026-10-02,77.43000030517578,21.150274,754,False,False,-0.4371818857741183,-1.3504874346327855,-1.3127692981336203,-5.295990359491354,-8.07313638934819,-3.8554705603055184,78.29640394543844,75.58374401867627,73.61544170936159,73.61544170936159,29.102236851712824,22.556115759058372,20.195118973894807,-13.85387616622818,13.320073640313874,4827833.55,-70.96480262870703,89.88216400146484,68.32858276367188
TMUS,T-Mobile US,ok,Communication Services,Wireless Telecommunication Services,2026-10-02,164.0540008544922,17.172594,754,False,False,1.4369660473300794,0.6589797245722062,-0.8317668392730959,-12.411106149764406,-9.235465884164707,-28.183292519086155,193.6744175260029,213.40522398321752,195.81746946785114,195.81746946785114,23.899151099339267,25.17643378224707,23.718414947779053,-27.250768873083636,1.4369660473300798,5080522.85,-61.644557902145834,225.50616455078125,161.72999572753906
TROW,T. Rowe Price,ok,Financials,Asset Management & Custody Banks,2026-10-02,105.69999694824219,10.61245,754,False,False,-0.12284312629988747,1.1386420320425694,0.18007279704761459,-2.1622547684770344,-10.16208526681439,10.081023827550894,100.81295921688988,98.6713363829837,97.79368219957428,97.79368219957428,16.96512762835336,25.95774946934463,55.21733448061507,-12.052169785156016,25.651483922248374,1529111.9,-52.95713806164218,120.18488311767578,84.12156677246094
TTWO,Take-Two Interactive,ok,Communication Services,Interactive Home Entertainment,2026-10-02,203.02000427246094,19.733944,754,False,False,-0.2946620465152483,0.11835757698435145,0.7843535603184293,-6.070137482296978,-21.434928448851785,-20.50900190908127,229.60480166238452,219.46533856638874,196.8944694863074,196.8944694863074,46.057557030547436,29.252058674926406,26.61651443162374,-22.597126212037878,7.027255869835428,2413007.7,-69.55857206754872,262.2900085449219,189.69000244140625
TPR,"Tapestry, Inc.",ok,Consumer Discretionary,"Apparel, Accessories & Luxury Goods",2026-10-02,116.91000366210938,16.07978,754,False,False,-1.9540374399554694,2.4447956960909734,2.660701160668899,-4.699378758453521,-19.339349866957235,4.028373198832691,132.09672225467742,104.34176139527582,81.94939852899202,81.94939852899202,336.8466455441074,39.33766637394761,47.61677739836867,-28.781901128809174,19.841621276580437,3124306.05,-52.97128461534682,164.15771484375,97.55375671386719
TRGP,Targa Resources,ok,Energy,Oil & Gas Storage & Transportation,2026-10-02,279.32489013671875,26.737322,754,False,False,0.005331917315953838,2.133496694830894,0.5344420596026467,-4.816704739979228,6.493682981998772,69.76927920118507,229.3683837406219,201.01603175919368,168.76645534930242,168.76645534930242,257.23541880598077,29.707116218420023,40.74059547715759,-7.584817159067411,95.03160369171945,1106317.55,-55.13485255657385,302.25,143.22032165527344
TGT,Target Corporation,ok,Consumer Staples,Consumer Staples Merchandise Retail,2026-10-02,155.13510131835938,16.096037,754,False,False,-0.9986570902102199,-0.8277769085533904,-1.470241775008596,-5.034830595777439,23.96974250474766,81.08264507410865,119.20931894817049,113.88907635449414,120.0618261747082,120.0618261747082,62.2956385816926,35.1869403949522,41.95098288486993,-8.684971525279842,90.4968135561463,3324236.15,-67.67609304772165,169.88999938964844,81.4371109008789
TEL,TE Connectivity,ok,Information Technology,Electronic Manufacturing Services,2026-10-02,220.7949981689453,20.96964,754,False,False,1.3937379402414019,3.8595427688957074,1.008738674228371,9.190935580837213,10.74551368432186,0.679246475031281,216.39762054927766,188.28257268168537,170.93975868528653,170.93975868528653,87.33946943649029,29.12147081458267,71.70257964539711,-10.363128536609269,13.620271083282518,1809013.1,-66.54739537264823,246.32162475585938,194.32711791992188
TDY,Teledyne Technologies,ok,Information Technology,Electronic Equipment & Instruments,2026-10-02,619.5700073242188,30.011621,754,False,False,1.1212657059432418,2.3084892169280113,0.8825177391024619,2.178577460878661,-5.406268008251091,7.7381882959010495,603.983650086418,551.3813542217847,504.1931961019096,504.1931961019096,54.014618972924346,23.613588403117166,69.48303265764693,-10.376100352287548,27.886144810433787,273556.6,-69.75689857236127,691.2999877929688,484.4700012207031
TER,Teradyne,ok,Information Technology,Semiconductor Materials & Equipment,2026-10-02,450.79998779296875,59.614925,754,False,False,8.420110759892019,11.855491062919965,13.158286627757864,32.01017059482001,18.827244312276648,220.06319009212984,300.2236222161187,202.75488688556322,173.24433359606513,173.24433359606513,352.6691405659263,59.56456018180699,91.13668330336635,-6.792914683209597,241.969427937115,2492699.15,-6.182701590763562,483.6542053222656,131.82464599609375
TSLA,"Tesla, Inc.",ok,Consumer Discretionary,Automobile Manufacturers,2026-10-02,371.42999267578125,350.3538,754,False,False,4.891137793537048,5.268676037534092,-0.18273970131137407,4.03909764872501,-11.515829526421006,-19.159448138348655,402.09400746179006,364.5280674482247,312.66171068348365,312.66171068348365,47.627179517223084,58.09301840895029,58.0845945020108,-24.17939312207006,24.50723503506268,37356002.7,7.391452779823249,489.8800048828125,298.32000732421875
TXN,Texas Instruments,ok,Information Technology,Semiconductors,2026-10-02,294.25,44.69453,754,False,False,4.599908483064485,4.458801324057049,5.8186759627463225,15.482730171015202,-2.5513753801634564,67.34310104705894,230.54747075883168,206.7432019055127,192.99863535023493,192.99863535023493,100.45479738896903,36.874609989915974,81.75078651191004,-10.991760400720523,95.13444151881714,5740203.05,-54.52667828536135,330.5873718261719,150.79347229003906
TPL,Texas Pacific Land Corporation,ok,Energy,Oil & Gas Exploration & Production,2026-10-02,337.6300048828125,43.080357,754,False,False,0.34774221525550875,2.716760676649055,-1.0085913060470908,-8.08287102510048,-16.04467333455053,6.381980336065762,377.3970449538458,383.6777691480173,324.7546130719172,324.7546130719172,79.50403262901386,47.260020533321175,37.85803244536023,-37.25539525585894,23.948337102156163,391653.25,-67.86315446124857,538.10205078125,272.395751953125
TXT,Textron,ok,Industrials,Aerospace & Defense,2026-10-02,77.16000366210938,14.54143,754,False,False,-0.012951285568330029,-0.605427808755854,0.7442320818296766,-2.6003315637988744,-17.754159859279206,-9.36437042728132,88.10182510860382,83.1052848922304,83.78550479899035,83.78550479899035,0.11904183253739209,25.926783790545414,31.533506683540296,-23.377160603823537,1.49961466638258,1897900.3,-56.17757160373493,100.7010498046875,76.0199966430664
TMO,Thermo Fisher Scientific,ok,Health Care,Life Sciences Tools & Services,2026-10-02,654.780029296875,35.482635,754,False,False,0.3478903767415664,-3.653559628298131,-2.995551215277781,7.680993162183314,26.600064221005226,23.807026634645247,545.9585233415876,518.3167999997082,528.2902135064811,528.2902135064811,33.35245960021545,27.850008587352214,67.81649428307827,-3.653559628298127,49.641554200398645,2280692.3,-54.48987134301282,679.6099853515625,437.5656433105469
TJX,TJX Companies,ok,Consumer Discretionary,Apparel Retail,2026-10-02,132.77000427246094,24.588888,754,False,False,-0.6138124769130671,-0.7698047502274319,2.0836588995369665,1.1118778013956554,-11.976130045908661,-6.8806649718460395,150.35226116483173,136.7378068749173,123.64553379696308,123.64553379696308,55.669524324260486,18.738532222917325,66.00564602784254,-20.913891434843418,8.083692795998033,9033263.8,-64.28892068888767,167.88031005859375,122.83999633789062
TKO,TKO Group Holdings,ok,Communication Services,Movies & Entertainment,2026-10-02,176.22999572753906,61.218746,754,False,False,0.10793140686924385,-0.7602241747919236,-3.5254844834728183,-6.764519686770876,-7.981481261640844,-9.928205596934381,193.4919379098075,173.64271648756537,146.56004744309647,146.56004744309647,112.47781401941484,31.878275372012883,22.259121560309723,-20.716265996740894,1.4373040150763747,1198748.15,-69.2543425405912,222.27761840820312,173.73292541503906
TSCO,Tractor Supply,ok,Consumer Discretionary,Other Specialty Retail,2026-10-02,31.325000762939453,16.416231,754,False,False,-1.2763907505191519,-0.5871135023757135,-2.928415498664383,-10.14056163373217,4.372633819705474,-42.633825294902735,42.23682761570764,47.89319312335011,47.52501378198517,47.52501378198517,-18.45061490298082,28.888293555593076,30.383710023360152,-43.09177965907298,8.240939620758812,9393832.15,-53.9523068868119,55.04477310180664,28.940067291259766
TT,Trane Technologies,ok,Industrials,Building Products,2026-10-02,463.364990234375,34.55336,754,False,False,0.9641756590031969,1.7065769571283695,1.9639529409868572,5.794830878218926,-4.675223050605015,9.691186629294645,439.5815816001287,415.38324284648513,371.2609751977086,371.2609751977086,140.47763739463542,27.710175384104453,81.414489724477,-7.7463046831761435,23.963883820863867,1128403.85,-48.06141435976136,502.2725524902344,373.7903137207031
TDG,TransDigm Group,ok,Industrials,Aerospace & Defense,2026-10-02,1089.4150390625,33.037212,754,False,False,-0.7131485583389607,-0.9433618810408606,-2.399651790098545,-5.576161294691229,-19.069990564425122,-16.250384519593087,1261.1215268089659,1275.2936877976376,1191.3011506179284,1191.3011506179284,54.59987430352442,26.33408769614038,42.51948587117297,-24.867928340517242,1.2458089771669378,394642.35,-63.676731602677705,1450.0,1076.010009765625
TRV,Travelers Companies (The),ok,Financials,Property & Casualty Insurance,2026-10-02,361.239990234375,9.710025,754,False,False,-0.11061398016238844,-0.5423862963711334,-0.4958181655408733,-1.011774361163198,6.871201603025767,32.29008772503323,309.2649758959573,280.5744764776344,252.74324847153073,252.74324847153073,134.24092174127793,22.28537856560282,26.489473765081684,-8.747020641927067,40.21525449828834,1338886.05,-71.99007338974067,395.86651611328125,257.6324462890625
TRMB,Trimble Inc.,ok,Information Technology,Application Software,2026-10-02,57.755001068115234,13.966575,754,False,False,0.39110428227460137,0.7237546467090628,-0.1642133249983635,-2.292335524014588,10.072421811430798,-27.269867265258497,66.16660705445305,69.2102289997724,64.31669093569647,64.31669093569647,9.301667110776158,31.55915375817791,42.66566531992347,-30.848894409157175,18.180892839008298,2333122.55,-56.19385702649866,83.5199966430664,48.869998931884766
TFC,Truist Financial,ok,Financials,Diversified Banks,2026-10-02,46.45500183105469,10.679311,754,False,False,0.37813970694420274,0.03230664252662496,-2.528321485974261,-8.571146279333885,-8.760420188012919,6.309045849709838,47.91295056116013,44.2831273021926,40.531184613862784,40.531184613862784,94.85182467479896,27.64712374120991,24.5283481602566,-14.192275846266075,17.8998017721905,7796700.85,-52.16672959819921,54.138484954833984,39.402103424072266
TYL,Tyler Technologies,ok,Information Technology,Application Software,2026-10-02,323.5299987792969,42.60013,754,False,False,-2.014051136954964,2.2987379969600097,-0.6265959698462997,-13.697718052358553,1.4168799960204037,-35.38962234115428,373.2064681280227,476.7207161344855,472.41071548259544,472.41071548259544,-15.386020720283833,31.789645699750235,23.050433257355323,-37.62555721982623,17.531882040082497,709851.05,-75.343982374894,518.6900024414062,275.2699890136719
TSN,Tyson Foods,ok,Consumer Staples,Packaged Foods & Meats,2026-10-02,51.80500030517578,31.993828,754,False,False,2.645133846212455,1.6182831901674577,1.7380246819612255,-7.176135046704923,-10.99807694235998,-1.5482743216621686,57.72264200543601,56.32321261979669,54.6029928596962,54.6029928596962,16.775625618257628,23.710201664690196,37.557404326123134,-23.302781412670058,5.730787320218765,3696102.85,-51.333686507127375,67.5448226928711,48.9970817565918
USB,U.S. Bancorp,ok,Financials,Diversified Banks,2026-10-02,57.57500076293945,11.5885315,754,False,False,0.37482592451207886,-0.043398805284466935,-2.048259187043455,-7.416334538669855,-7.504750565511409,24.874268916337307,54.49350674947103,48.922113775732036,44.81580747912986,44.81580747912986,103.54671387023275,26.79896607963147,24.587475935292474,-11.166658897471104,32.04460225662159,7967821.2,-52.41956483662058,64.8123779296875,43.602691650390625
UBER,Uber,ok,Industrials,Passenger Ground Transportation,2026-10-02,68.16000366210938,14.958333,754,False,False,0.41250209195804466,-1.7300993911224083,-2.097097137136117,-10.843680336240258,-5.882345504756836,-29.448293932826896,78.26972228761703,79.14009968883013,74.75001335144043,74.75001335144043,49.211915951731044,37.8269141962374,24.915849710279815,-31.908087211678808,3.3666987238524904,18886412.45,-45.737979475292036,100.0999984741211,65.94000244140625
UDR,"UDR, Inc.",ok,Real Estate,Multi-Family Residential REITs,2026-10-02,33.31999969482422,21.101202,754,False,False,-1.068885412973819,-1.8556732075333482,-1.5366443718053735,-8.562017150016954,-17.709995178274763,-5.34527162969145,35.94663352058048,37.56571024252599,36.53681860804874,36.53681860804874,8.35662704528508,21.58386642267283,22.026439614609004,-18.268714596652256,2.8962580139598373,4244640.1,-68.97965507134516,40.76774215698242,32.38212966918945
ULTA,Ulta Beauty,ok,Consumer Discretionary,Other Specialty Retail,2026-10-02,547.094970703125,19.927765,754,False,False,1.741578594187998,-0.14511013598644817,0.3475712497552408,-0.8418856007295861,20.907640502665647,-1.6086985968082446,552.1643837822808,488.8766232068795,468.81760586604514,468.81760586604514,35.772416957276,35.46223110984907,49.20874498594387,-22.597696013976552,21.374369540349416,482615.05,-66.47410809091014,706.8200073242188,450.75
UNP,Union Pacific Corporation,ok,Industrials,Rail Transportation,2026-10-02,277.5150146484375,22.433306,754,False,False,1.8702741977709714,1.2274378358088534,1.3605339812480688,-4.215992777657762,-1.3401452837568328,20.71392843830344,254.3530026390439,238.92942217336707,233.5642557523611,233.5642557523611,46.30719853602896,21.50232269084444,38.86683715219112,-10.24310607242054,30.96264604221817,2407221.8,-44.881024257922554,309.1851806640625,211.90394592285156
UAL,United Airlines Holdings,ok,Industrials,Passenger Airlines,2026-10-02,112.07499694824219,10.501406,754,False,False,0.26390961904354526,-0.5104345937399946,-1.6799727620102067,3.4379312658788796,-15.41509664283609,20.316688258030304,106.96676569136362,97.19592626351285,79.67239383930237,79.67239383930237,169.28159496511276,49.82536872508602,56.04267608814761,-17.658514109419116,31.52798750430334,3844056.95,-34.82305198418042,136.11000061035156,85.20999908447266
UPS,United Parcel Service,ok,Industrials,Air Freight & Logistics,2026-10-02,93.00499725341797,17.286245,754,False,False,-0.9425946767319338,-0.9847791427153307,-1.0163919118348574,-9.71265379606624,-14.117548344298825,17.461594103539934,99.27761862013075,99.32635206245331,107.66666496337567,107.66666496337567,-28.80021834749773,29.528462635324626,26.117699657361328,-19.735075433688067,19.60187947126699,4711273.3,-45.2151077713959,115.87252807617188,77.76215362548828
URI,United Rentals,ok,Industrials,Trading Companies & Distributors,2026-10-02,1077.8599853515625,25.873947,754,False,False,4.23069118563113,6.24125305020875,2.9415625689302116,10.005917137279141,-1.8150883219851366,12.850711465304766,929.9544665624225,844.463166377459,766.8521072832912,766.8521072832912,153.28145313510353,39.274983570280796,67.79875722391706,-7.465528145748284,52.28653257373709,479647.1,-44.3670148323632,1164.8199462890625,707.7841796875
UNH,UnitedHealth Group,ok,Health Care,Managed Health Care,2026-10-02,369.885009765625,23.76992,754,False,False,1.2828579961650766,-1.3482137522979332,-1.780447339936686,-6.880194027126185,-10.963747329457929,9.025008826512359,348.3376296512664,384.8753594934228,422.0687989050261,422.0687989050261,-23.455032106796736,36.731081694574215,33.25983382981015,-14.710073237892866,44.50166302682088,5003166.4,-66.2428177483763,433.6795959472656,255.97283935546875
UHS,Universal Health Services,ok,Health Care,Health Care Facilities,2026-10-02,174.00999450683594,7.10449,754,False,False,-0.6054793928349622,-0.9787749744044283,-2.7116214284720996,3.892763030530788,10.227490316604705,-14.123216588825526,188.48992278083924,186.9406624296272,181.83190214728802,181.83190214728802,39.667113733609916,30.96317922478931,51.12358663417597,-28.426633765948157,23.40763093973782,774822.8,-71.0958428172222,243.12115478515625,141.00424194335938
VLO,Valero Energy,ok,Energy,Oil & Gas Refining & Marketing,2026-10-02,407.1499938964844,16.995203,754,False,False,-0.32071624785748876,5.01134649092323,5.157808150852894,11.215820691450018,51.199853214269766,147.976628119656,240.02330870855423,185.47154030666883,168.5976713165364,168.5976713165364,220.1854804312397,34.37731530196713,61.456152156758954,-1.483257089846754,165.86247936881654,3935607.9,-54.432503298918576,413.2799987792969,153.14308166503906
VEEV,Veeva Systems,ok,Health Care,Health Care Technology,2026-10-02,273.7300109863281,44.92611,754,False,False,-2.9085169731774774,-1.7374434471179478,-2.476122941003911,-2.4900221587272786,42.56029311879532,-6.659618812297441,216.23710371955994,230.57886480810157,220.35432375394382,220.35432375394382,36.062243240791545,36.84137602230704,58.16781834420685,-10.610015709247666,80.76340502267406,1485507.9,-59.52508902847302,306.2200012207031,151.42999267578125
VTR,Ventas,ok,Real Estate,Health Care REITs,2026-10-02,84.3949966430664,153.5091,754,False,False,0.7942114647935705,-2.309306880293227,-1.948275504453345,-7.774289637104048,-7.924313926402348,22.972494047488023,82.42400505429222,72.33418324079172,63.37098724203337,63.37098724203337,123.10307884003882,22.44894998265629,22.001333321044655,-15.544628385007286,28.20498526348973,3706505.3,-65.0423810266776,99.92851257324219,65.82817077636719
VLTO,Veralto,ok,Industrials,Environmental & Facilities Services,2026-10-02,94.87000274658203,23.909319,752,False,False,0.2854167831036536,-1.7094917663090903,-2.2052960356373275,-2.2757117031560914,2.7225080719209593,-10.029996269459085,94.32102015661815,97.80186702530698,94.84735672524634,94.84735672524634,23.635166719246836,22.823565222911455,42.87912866495777,-10.953713522304966,15.69720287417479,1692623.65,-72.37584385637055,106.54010009765625,81.99852752685547
VRSN,Verisign,ok,Information Technology,Internet Services & Infrastructure,2026-10-02,286.75,31.134636,754,False,False,-0.052280899154877325,2.4692694941883753,-0.17406440382942145,-1.107046333864803,10.983580939957506,5.602722498260793,261.521908654107,249.7496904167996,228.88249605214247,228.88249605214247,44.289125418520236,24.6130616626203,37.60718022107228,-7.228464108855659,36.3453483235153,706856.95,-64.5276176459749,309.0926513671875,210.31153869628906
VRSK,Verisk Analytics,ok,Industrials,Research & Consulting Services,2026-10-02,163.93499755859375,25.128069,754,False,False,-2.6398664896775226,-1.2082709734323793,-3.1174333348933936,-12.641141596293725,-12.469016068301197,-33.647308566234734,196.30060226198228,238.94153628406298,240.47891615809434,240.47891615809434,-29.09285210617839,26.649337910518877,14.623483081321837,-33.51142185250718,5.089785098745024,1265393.95,-69.9398752459659,246.56114196777344,155.99517822265625
VZ,Verizon,ok,Communication Services,Integrated Telecommunication Services,2026-10-02,46.005001068115234,11.984375,754,False,False,0.05437478496697068,0.05437478496697068,-2.28334902534002,-8.39307058967227,11.217620950045216,12.132223385701035,44.105460848127095,41.50659821802876,38.92471044828784,38.92471044828784,77.14313874363121,23.07406796219601,15.298761112839372,-10.583089628924496,25.82549954088052,20871026.4,-58.70769441410892,51.45000076293945,36.56254196166992
VRTX,Vertex Pharmaceuticals,ok,Health Care,Biotechnology,2026-10-02,503.55499267578125,29.353645,754,False,False,-0.6285269803002258,-4.399785212974727,-4.30167993701962,-9.554559016473952,-4.916073350979621,24.577571886108075,463.82367052350725,457.6940733161106,447.45472830613033,447.45472830613033,44.77043731569186,29.853062150804178,36.87370573383761,-9.75070384156326,24.982626037258715,985656.35,-54.25109370015219,557.9600219726562,402.8999938964844
VRT,Vertiv,ok,Industrials,Electrical Components & Equipment,2026-10-02,252.3000030517578,57.063206,754,False,False,2.5109735320886006,1.5945907917624513,-0.3869218778672745,-1.6899669468424028,-20.7580426733577,56.30215552046196,246.2635980030847,180.52316456676954,143.53202836013915,143.53202836013915,559.4047753879922,63.18289018710441,60.7529208039771,-32.90955916466163,68.50726243888519,5261553.2,-58.31907581966481,376.0595397949219,149.7264862060547
VTRS,Viatris,ok,Health Care,Pharmaceuticals,2026-10-02,17.530000686645508,6.566815,754,False,False,0.4009255775683451,-3.2560713314671808,-1.6825532156154455,2.574608134166634,5.127830006851619,79.89573966586427,14.117701015775166,11.884414682350311,11.240816193487031,11.240816193487031,97.85286252884531,32.254362831511784,64.5485101309564,-4.050354420235977,86.36018422362892,8863063.4,-52.163627758772435,18.270000457763672,9.406516075134277
VICI,Vici Properties,ok,Real Estate,Hotel & Resort REITs,2026-10-02,22.78499984741211,8.835272,754,False,False,0.24197231096982907,-1.788796990861663,-3.0837957227200286,-9.330565512163924,-13.032049692552016,-25.911704086958764,26.821395896729967,27.809499463237138,27.090420523119857,27.090420523119857,-4.974233217067803,18.976497816220455,21.528122914604722,-25.549746651424993,0.241972310969831,10826245.65,-63.92920384177686,30.604328155517578,22.729999542236328
V,Visa Inc.,ok,Financials,Transaction & Payment Processing Services,2026-10-02,360.79730224609375,30.818104,754,False,False,0.26324749937773895,-1.3891720151109843,-1.7917966544800157,-4.651874189830474,1.1805648447995143,4.557628136888647,336.40941147577195,333.12111004225284,309.28916093335545,309.28916093335545,59.60570690080424,20.21907548756087,29.344274995886863,-6.076615690168818,22.56934138269833,6035217.15,-64.9781781257034,384.1400146484375,294.3617858886719
VST,Vistra Corp.,ok,Utilities,Electric Utilities,2026-10-02,137.02999877929688,23.150488,754,False,False,-1.9463336105210227,-2.698290848789764,-1.0327949337208042,-4.325662715179146,-12.69914503392917,-31.603381781075633,160.6869997902522,159.23074580948665,126.92212351184308,126.92212351184308,332.1463929676344,56.20260359133255,41.94430805919899,-34.63314441839106,2.031484066240267,4901453.9,33.66805306482632,209.63223266601562,134.3016815185547
VMRK,Vivmark Residential,ok,Real Estate,Multi-Family Residential REITs,2026-10-02,59.78499984741211,23.174032,754,False,False,-0.6398509776453842,-2.5509350703067035,-2.8044196410215383,-7.895553112853914,-14.50736509865681,-3.56139602855029,62.45540163252089,63.98830697261005,62.068927370268725,62.068927370268725,15.70380206320008,21.604208887159242,16.50430879579355,-14.775483183194321,5.445994909858802,6161564.95,-71.23784274967353,70.1500015258789,56.697269439697266
VMC,Vulcan Materials Company,ok,Materials,Construction Materials,2026-10-02,244.2509002685547,29.085339,754,False,False,0.11103555445510782,0.6182905328752542,-0.3057549924266545,-7.456178893393483,-19.72682634551567,-18.42081927025102,284.9572107224237,274.2863426360476,261.7745920884514,261.7745920884514,24.29922616733775,25.619281039866653,40.74340749471324,-25.642239960102774,1.4204619073581222,1255066.85,-64.66028881250429,328.480712890625,240.8300018310547
WRB,W. R. Berkley Corporation,ok,Financials,Property & Casualty Insurance,2026-10-02,68.94499969482422,14.195473,754,False,False,0.06530938744377934,1.062735944221993,3.180185587706008,1.35590836472681,-2.6457323014820067,-6.022098551202115,69.2279910738506,66.49682368700248,60.743363893949066,60.743363893949066,76.46780035817847,22.234824774024954,39.33748815732426,-9.675332282099546,9.641522595801032,3790663.1,-80.44769528581952,76.3302001953125,62.882198333740234
GWW,W. W. Grainger,ok,Industrials,Industrial Machinery & Supplies & Components,2026-10-02,1275.199951171875,32.524487,754,False,False,-0.5055943970026067,2.1246531343651176,2.5847302461724064,-0.7510623494903945,-6.748830660084549,36.20097863457921,1151.4415709480406,1094.886132107313,1024.7383753121374,1024.7383753121374,88.24540866966568,23.039087308682962,49.27878349022448,-8.868551843646417,39.69969569183052,271947.25,-52.29037984388516,1399.29736328125,912.8151245117188
WAB,Wabtec,ok,Industrials,Construction Machinery & Heavy Transportation Equipment,2026-10-02,287.2699890136719,38.676987,754,False,False,-0.19802922855433058,-1.3597575192352496,-0.2534760369194866,2.6660918195090533,10.048029075342967,45.35267382461874,248.94190954783605,220.81622557621077,194.3530797781299,194.3530797781299,177.07704104234335,25.218977777074958,63.4457101102007,-5.95948268670837,51.0821823663306,752515.9,-41.95232286786232,305.4747009277344,190.14154052734375
WMT,Walmart,ok,Consumer Staples,Consumer Staples Merchandise Retail,2026-10-02,104.0999984741211,37.579422,754,False,False,-0.15346600693553203,-2.5280941015780933,-3.593262420993759,-1.8757639103233692,-5.694337324607512,2.958493931720163,115.30783910599966,104.0355577658847,89.42247811173254,89.42247811173254,101.30721528900284,23.164613771259972,33.97683985308768,-22.243503079465224,4.340007876394141,21714508.75,-49.81109116732839,133.87948608398438,99.76997375488281
DIS,Walt Disney Company (The),ok,Communication Services,Movies & Entertainment,2026-10-02,102.3949966430664,21.107218,754,False,False,1.051016276292338,-2.860266496818975,-3.537451558017213,-5.1722601780309745,5.117537001896344,-8.032141393405412,104.27846957009936,105.49292238395053,102.10346177402162,102.10346177402162,29.31237747901161,27.603539442202536,32.75814548634247,-10.959962784096676,11.642067389096539,8499088.3,-59.61253867664842,114.99882507324219,91.71721649169922
WBD,Warner Bros. Discovery,ok,Communication Services,Broadcasting,2026-10-02,30.940000534057617,497.26776,754,False,False,-0.03231091643076667,0.2917346887358452,0.25923500364164465,8.982040152276172,18.45329073490827,59.89664043462708,26.57579369772048,18.68667333439527,15.466366054524794,15.466366054524794,194.38629743350003,50.06512345810312,84.46603020463263,-0.03231091643076965,80.93567160141991,48642296.55,-65.75443146916959,30.950000762939453,17.100000381469727
WM,Waste Management,ok,Industrials,Environmental & Facilities Services,2026-10-02,203.81500244140625,28.851328,754,False,False,0.9484936120917942,-1.581435102804707,-1.4577185915760849,-6.539548925883731,-10.596661241556793,-5.7540451818545835,220.01446024576822,218.98147865690558,208.57631669183624,208.57631669183624,41.11302611197705,18.90351342203849,16.403914634198898,-16.262855950662036,5.310047715538097,2158737.5,-44.49765198408792,243.3985595703125,193.5380401611328
WAT,Waters Corporation,ok,Health Care,Life Sciences Tools & Services,2026-10-02,427.0899963378906,107.73232,754,False,False,0.36660107702601863,-3.6479747939103135,-1.4877547815435155,3.6123201576667485,12.721364994054184,33.54491716902679,364.0600010705373,356.52165404543933,341.8101993226879,341.8101993226879,57.877426320724055,35.75581279456977,60.80191860148682,-3.6479747939103095,50.74473573945236,692655.4,-52.948031589734235,443.260009765625,283.32000732421875
WEC,WEC Energy Group,ok,Utilities,Electric Utilities,2026-10-02,101.62000274658203,19.736893,754,False,False,-0.10812995844068363,-0.9358540332780829,0.1675759521477138,-3.8872604557446455,-12.110243715812452,-6.987213928604197,109.54063488188244,104.04817614612351,94.79455688840831,94.79455688840831,46.87216472837188,17.1931783652453,35.366911397962284,-13.751935468664445,0.833502656737199,2830643.1,-59.51584288390155,117.82293701171875,100.77999877929688
WFC,Wells Fargo,ok,Financials,Diversified Banks,2026-10-02,80.36000061035156,11.678052,754,False,False,0.13707241165303863,-0.14910877432473546,-3.1457160081375335,-9.980952579555048,-7.5799159677506385,1.5362680964527087,84.01164321293906,77.99051562913385,68.6117112946447,68.6117112946447,118.19606673316368,28.069853218049317,20.11452288955941,-15.257883096793565,10.080858060284445,13434045.8,-68.0564138020134,94.8288803100586,73.00088500976562
WELL,Welltower,ok,Real Estate,Health Care REITs,2026-10-02,228.35499572753906,102.4574,754,False,False,0.623509857632154,-1.9514805873998453,-1.3031073403106386,-4.28978614671538,-1.4925205137892972,29.176563200646342,207.04721511356414,175.5450891897498,148.29446676239095,148.29446676239095,196.25084774751556,21.203212494295883,40.434564538033996,-9.066116353290395,39.638971188627394,2576653.2,-52.56001079229444,251.12200927734375,163.5324249267578
WST,West Pharmaceutical Services,ok,Health Care,Health Care Supplies,2026-10-02,365.3550109863281,46.81923,754,False,False,0.09451829031337233,-2.9936525901574362,-1.372689618174383,6.632520730718872,2.2239255815097225,35.028660994733826,296.0279413253542,278.37641271462,299.91217609678716,299.91217609678716,-0.5635804627100782,43.3509214102306,58.48017031747982,-2.993652590157431,58.41923395954299,627105.7,-61.567244564991185,376.6300048828125,230.6254119873047
WDC,Western Digital,ok,Information Technology,"Technology Hardware, Storage & Peripherals",2026-10-02,415.7900085449219,15.450594,754,False,False,-10.111118397726859,-8.311281981190245,-8.979660960334023,-7.346073587360891,-27.97363288425999,218.98746594783742,347.5639766208709,202.90036541152284,150.4693117419984,150.4693117419984,1115.7160255289882,58.405180389537946,46.64702152125374,-44.26336253349204,268.21861438649324,7519621.4,168.1056256369503,745.990478515625,112.9193344116211
WY,Weyerhaeuser,ok,Real Estate,Timber REITs,2026-10-02,18.600000381469727,28.151514,754,False,False,0.05379359225257119,-4.859329374243282,-7.0464759184608035,-19.055238539830345,-19.781659517963945,-22.733733112241083,23.453466619764054,25.057115991751985,26.437511585751643,26.437511585751643,-31.803400921586157,25.957663778365013,12.422398021097706,-29.53480685754982,0.05379359225257358,7189976.7,-41.42353757558074,26.396011352539062,18.59000015258789
WSM,"Williams-Sonoma, Inc.",ok,Consumer Discretionary,Homefurnishing Retail,2026-10-02,231.8249969482422,23.75256,754,False,False,-0.6705524853245493,0.8110063402005263,-0.0323402113911464,4.557548111088283,3.9177207172477857,20.373581689510466,203.2856564597478,187.45537311812322,164.81504001162097,164.81504001162097,215.27424484461525,42.794533277649265,52.62466309418581,-7.925570707682253,37.926378539060345,1127634.75,-56.050041912950974,251.77999877929688,168.07879638671875
WMB,Williams Companies,ok,Energy,Oil & Gas Storage & Transportation,2026-10-02,70.1449966430664,27.976097,754,False,False,1.3363123462162285,2.207488635114263,1.2777858497537986,-5.994704891891367,-2.973928460243669,13.489235640654652,67.89711009131537,61.236497050737476,52.619975353109425,52.619975353109425,138.30394464449887,23.235364028419227,39.64427628336388,-10.357517120128918,27.908863780717923,7297737.4,-53.77131547649277,78.24972534179688,54.83982467651367
WTW,Willis Towers Watson,ok,Financials,Insurance Brokers,2026-10-02,287.4649963378906,17.790222,754,False,False,-1.4180417280777124,-0.05041167590014162,-1.8930853532437286,-14.599081407662073,0.2657672928895405,-15.361820431241124,301.88408897036595,306.1674260295245,287.44592250753146,287.44592250753146,43.37283004572041,24.150571756455538,9.913927446375098,-17.76920229696014,19.558224969652414,544304.25,-63.97511134627371,349.5831298828125,240.4393310546875
WDAY,"Workday, Inc.",ok,Information Technology,Application Software,2026-10-02,186.5500030517578,38.016296,754,False,False,-0.10709341271335493,-1.3849950534162492,-1.530743701873294,-7.128985121483877,35.19095269620769,-19.663236872635014,172.097142386058,209.01067739843847,222.56248011702885,222.56248011702885,-12.68838348108634,41.508293573054075,41.034646569275274,-24.064800568985696,65.82222493489583,2433767.6,-72.7931294672507,245.6699981689453,112.5
WYNN,Wynn Resorts,ok,Consumer Discretionary,Casinos & Gaming,2026-10-02,76.6050033569336,18.387291,754,False,False,-0.8990940069677156,-2.077208143000775,-5.565827461511863,-16.29697752754756,-19.916005997862463,-41.435807900402786,106.74754282027956,100.41461581347949,96.50275044732132,96.50275044732132,-14.717644498750671,34.8561254908582,20.1658103403948,-42.02254526196002,0.0,2339252.85,-50.30220867316674,132.1289520263672,76.6050033569336
XEL,Xcel Energy,ok,Utilities,Multi-Utilities,2026-10-02,71.21499633789062,19.517807,754,False,False,0.9425843477922413,0.7426706441544306,2.027210923018985,-4.927782921901336,-10.676828175402097,-8.569916211954832,77.0556522551037,71.52864468335156,65.34258246990983,65.34258246990983,43.1797550711873,20.562078888763814,37.75250187715277,-13.16280942921544,2.6300575937379813,5874336.6,-62.22497702974664,82.0097885131836,69.38999938964844
XYL,Xylem Inc.,ok,Industrials,Industrial Machinery & Supplies & Components,2026-10-02,101.79499816894531,24.251787,754,False,False,0.9070191717281517,0.8570275053543019,-0.8136013902551698,-4.6327522894795585,-14.43443956228313,-30.198852439171,124.9379553113665,125.0567263113075,123.02117856174945,123.02117856174945,15.067533152536594,23.978814809189664,25.71428385515796,-32.51262523440433,0.9070191717281615,2817517.4,-60.86455402192015,150.8356170654297,100.87999725341797
YUM,Yum! Brands,ok,Consumer Discretionary,Restaurants,2026-10-02,136.50999450683594,17.201887,754,False,False,-0.1316906367365589,-0.8857919542207493,-1.5292579537659723,-9.302415880128546,-17.34548401935706,-9.157936486338835,150.9572723630875,145.02046656513593,138.65423321913661,138.65423321913661,15.686293906545856,21.495241149932045,28.52146238442458,-18.08571887427824,0.6880328672916921,2277143.45,-64.78618859079783,166.64981079101562,135.57717895507812
ZBRA,Zebra Technologies,ok,Information Technology,Electronic Equipment & Instruments,2026-10-02,377.88250732421875,34.604626,754,False,False,0.6478878780395769,0.5086858252802307,2.1193650951785603,7.625109820174791,39.80631742864262,29.50495090925729,267.9263589041574,298.8427335883517,294.08924701801976,294.08924701801976,61.743996672757206,42.40538406687597,69.50003241088604,-1.3516133940827477,89.60486780629071,544699.5,-65.26708763272227,383.05999755859375,199.3000030517578
ZBH,Zimmer Biomet,ok,Health Care,Health Care Equipment,2026-10-02,87.93000030517578,21.331312,754,False,False,-0.14762350331826157,-3.47969069378834,-3.1616339567620444,-11.395324629157134,-1.7806974708776346,-10.130894375761923,91.63830006311811,96.18316738539008,101.75520005972379,101.75520005972379,-18.810107419243604,27.235183904190784,26.98047269725282,-14.530140367358785,11.078052131647194,2145656.0,-63.91220214237511,102.87837219238281,79.16055297851562
ZTS,Zoetis,ok,Health Care,Pharmaceuticals,2026-10-02,69.89640045166016,11.4061985,754,False,False,1.152535448806602,-0.5741146267099095,-1.6236489099898943,-8.23631071038008,-6.677741994104924,-51.521731469200205,104.06048502240863,131.6780216019467,145.33848000078683,145.33848000078683,-57.840887431123875,30.279302455854733,32.50761248978813,-51.71232111372001,1.152535448806596,4586000.3,-32.847671204905936,144.74996948242188,69.0999984741211
